network_id,iteration,num_agents,skill_type,source,target,weight
1,1,50,S,S_1,S_33,10
1,1,50,S,S_1,S_49,10
1,1,50,S,S_1,S_3,10
1,1,50,S,S_1,S_19,10
1,1,50,S,S_1,S_32,10
1,1,50,S,S_2,S_32,10
1,1,50,S,S_2,S_47,10
1,1,50,S,S_2,S_19,10
1,1,50,S,S_2,S_26,10
1,1,50,S,S_2,S_44,10
1,1,50,S,S_3,S_6,10
1,1,50,S,S_3,S_50,10
1,1,50,S,S_3,S_16,10
1,1,50,S,S_3,S_42,10
1,1,50,S,S_3,S_49,10
1,1,50,S,S_4,S_26,10
1,1,50,S,S_4,S_34,10
1,1,50,S,S_4,S_40,10
1,1,50,S,S_4,S_41,10
1,1,50,S,S_4,S_43,10
1,1,50,S,S_4,S_18,10
1,1,50,S,S_5,S_13,10
1,1,50,S,S_5,S_33,10
1,1,50,S,S_5,S_43,10
1,1,50,S,S_5,S_38,10
1,1,50,S,S_5,S_50,10
1,1,50,S,S_6,S_27,10
1,1,50,S,S_6,S_19,10
1,1,50,S,S_6,S_34,10
1,1,50,S,S_7,S_40,10
1,1,50,S,S_7,S_23,10
1,1,50,S,S_7,S_41,10
1,1,50,S,S_7,S_42,10
1,1,50,S,S_7,S_45,10
1,1,50,S,S_7,S_48,10
1,1,50,S,S_8,S_14,10
1,1,50,S,S_8,S_35,10
1,1,50,S,S_8,S_45,10
1,1,50,S,S_8,S_12,10
1,1,50,S,S_8,S_37,10
1,1,50,S,S_8,S_43,10
1,1,50,S,S_9,S_33,10
1,1,50,S,S_10,S_15,10
1,1,50,S,S_10,S_25,10
1,1,50,S,S_10,S_30,10
1,1,50,S,S_10,S_22,10
1,1,50,S,S_10,S_36,10
1,1,50,S,S_10,S_38,10
1,1,50,S,S_11,S_15,10
1,1,50,S,S_11,S_19,10
1,1,50,S,S_11,S_27,10
1,1,50,S,S_11,S_34,10
1,1,50,S,S_11,S_50,10
1,1,50,S,S_11,S_24,10
1,1,50,S,S_11,S_30,10
1,1,50,S,S_12,S_49,10
1,1,50,S,S_12,S_27,10
1,1,50,S,S_12,S_28,10
1,1,50,S,S_12,S_43,10
1,1,50,S,S_12,S_50,10
1,1,50,S,S_13,S_30,9.7
1,1,50,S,S_13,S_26,10
1,1,50,S,S_13,S_41,10
1,1,50,S,S_13,S_20,10
1,1,50,S,S_14,S_22,10
1,1,50,S,S_15,S_19,10
1,1,50,S,S_15,S_21,10
1,1,50,S,S_15,S_26,10
1,1,50,S,S_15,S_31,10
1,1,50,S,S_15,S_46,10
1,1,50,S,S_15,S_47,10
1,1,50,S,S_15,S_27,10
1,1,50,S,S_15,S_30,10
1,1,50,S,S_16,S_17,10
1,1,50,S,S_16,S_34,10
1,1,50,S,S_17,S_27,10
1,1,50,S,S_17,S_39,10
1,1,50,S,S_17,S_42,10
1,1,50,S,S_17,S_34,10
1,1,50,S,S_17,S_46,10
1,1,50,S,S_18,S_45,10
1,1,50,S,S_18,S_26,10
1,1,50,S,S_18,S_28,10
1,1,50,S,S_18,S_40,10
1,1,50,S,S_19,S_23,10
1,1,50,S,S_19,S_43,10
1,1,50,S,S_19,S_44,10
1,1,50,S,S_19,S_49,10
1,1,50,S,S_19,S_20,10
1,1,50,S,S_19,S_31,10
1,1,50,S,S_20,S_28,10
1,1,50,S,S_20,S_48,10
1,1,50,S,S_21,S_30,10
1,1,50,S,S_21,S_38,10
1,1,50,S,S_21,S_24,10
1,1,50,S,S_21,S_35,10
1,1,50,S,S_22,S_24,10
1,1,50,S,S_22,S_25,10
1,1,50,S,S_22,S_37,10
1,1,50,S,S_22,S_42,10
1,1,50,S,S_22,S_38,10
1,1,50,S,S_23,S_27,10
1,1,50,S,S_23,S_31,10
1,1,50,S,S_23,S_36,10
1,1,50,S,S_23,S_38,10
1,1,50,S,S_24,S_27,10
1,1,50,S,S_24,S_29,10
1,1,50,S,S_24,S_39,10
1,1,50,S,S_25,S_44,10
1,1,50,S,S_25,S_49,10
1,1,50,S,S_25,S_31,10
1,1,50,S,S_25,S_36,10
1,1,50,S,S_25,S_38,10
1,1,50,S,S_26,S_32,10
1,1,50,S,S_27,S_29,10
1,1,50,S,S_27,S_46,10
1,1,50,S,S_27,S_50,10
1,1,50,S,S_28,S_48,10
1,1,50,S,S_28,S_37,10
1,1,50,S,S_28,S_38,10
1,1,50,S,S_28,S_45,10
1,1,50,S,S_28,S_46,10
1,1,50,S,S_30,S_34,10
1,1,50,S,S_30,S_39,10
1,1,50,S,S_31,S_44,10
1,1,50,S,S_31,S_46,10
1,1,50,S,S_31,S_48,10
1,1,50,S,S_31,S_49,10
1,1,50,S,S_32,S_47,10
1,1,50,S,S_33,S_50,10
1,1,50,S,S_34,S_49,10
1,1,50,S,S_34,S_36,10
1,1,50,S,S_34,S_41,10
1,1,50,S,S_35,S_41,10
1,1,50,S,S_35,S_48,10
1,1,50,S,S_35,S_44,10
1,1,50,S,S_36,S_44,10
1,1,50,S,S_36,S_47,10
1,1,50,S,S_37,S_39,9.7
1,1,50,S,S_37,S_40,10
1,1,50,S,S_37,S_41,10
1,1,50,S,S_37,S_49,10
1,1,50,S,S_38,S_40,10
1,1,50,S,S_39,S_47,10
1,1,50,S,S_40,S_45,10
1,1,50,S,S_43,S_49,10
1,1,50,S,S_46,S_48,10
1,1,50,S,S_47,S_49,10
1,2,50,S,S_1,S_33,9.7
1,2,50,S,S_1,S_49,9.7
1,2,50,S,S_1,S_3,9.7
1,2,50,S,S_1,S_19,9.7
1,2,50,S,S_1,S_32,9.7
1,2,50,S,S_1,S_20,10
1,2,50,S,S_1,S_6,10
1,2,50,S,S_1,S_16,10
1,2,50,S,S_1,S_34,10
1,2,50,S,S_2,S_32,9.7
1,2,50,S,S_2,S_47,9.7
1,2,50,S,S_2,S_19,9.7
1,2,50,S,S_2,S_26,9.7
1,2,50,S,S_2,S_44,9.7
1,2,50,S,S_2,S_29,10
1,2,50,S,S_2,S_33,10
1,2,50,S,S_2,S_14,10
1,2,50,S,S_2,S_20,10
1,2,50,S,S_2,S_22,10
1,2,50,S,S_2,S_49,10
1,2,50,S,S_3,S_6,9.7
1,2,50,S,S_3,S_50,9.7
1,2,50,S,S_3,S_16,9.7
1,2,50,S,S_3,S_42,9.7
1,2,50,S,S_3,S_49,9.7
1,2,50,S,S_3,S_10,10
1,2,50,S,S_3,S_12,10
1,2,50,S,S_3,S_41,10
1,2,50,S,S_3,S_43,10
1,2,50,S,S_3,S_22,10
1,2,50,S,S_3,S_32,10
1,2,50,S,S_4,S_26,9.7
1,2,50,S,S_4,S_34,9.7
1,2,50,S,S_4,S_40,9.7
1,2,50,S,S_4,S_41,9.7
1,2,50,S,S_4,S_43,9.7
1,2,50,S,S_4,S_18,9.7
1,2,50,S,S_4,S_13,10
1,2,50,S,S_4,S_36,10
1,2,50,S,S_4,S_37,10
1,2,50,S,S_4,S_46,10
1,2,50,S,S_5,S_13,9.7
1,2,50,S,S_5,S_33,9.7
1,2,50,S,S_5,S_43,9.7
1,2,50,S,S_5,S_38,9.7
1,2,50,S,S_5,S_50,9.7
1,2,50,S,S_5,S_7,10
1,2,50,S,S_5,S_41,10
1,2,50,S,S_5,S_26,10
1,2,50,S,S_5,S_32,10
1,2,50,S,S_5,S_37,10
1,2,50,S,S_6,S_27,9.7
1,2,50,S,S_6,S_19,9.7
1,2,50,S,S_6,S_34,9.7
1,2,50,S,S_6,S_12,10
1,2,50,S,S_6,S_20,10
1,2,50,S,S_6,S_31,10
1,2,50,S,S_6,S_40,10
1,2,50,S,S_6,S_45,10
1,2,50,S,S_7,S_40,9.7
1,2,50,S,S_7,S_23,9.7
1,2,50,S,S_7,S_41,9.7
1,2,50,S,S_7,S_42,9.7
1,2,50,S,S_7,S_45,9.7
1,2,50,S,S_7,S_48,9.7
1,2,50,S,S_7,S_26,10
1,2,50,S,S_7,S_31,10
1,2,50,S,S_7,S_36,10
1,2,50,S,S_7,S_50,10
1,2,50,S,S_7,S_12,10
1,2,50,S,S_8,S_14,9.7
1,2,50,S,S_8,S_35,9.7
1,2,50,S,S_8,S_45,9.7
1,2,50,S,S_8,S_12,9.7
1,2,50,S,S_8,S_37,9.7
1,2,50,S,S_8,S_43,9.7
1,2,50,S,S_8,S_11,10
1,2,50,S,S_8,S_15,10
1,2,50,S,S_8,S_24,10
1,2,50,S,S_8,S_9,10
1,2,50,S,S_8,S_26,10
1,2,50,S,S_9,S_33,9.7
1,2,50,S,S_9,S_18,10
1,2,50,S,S_9,S_28,10
1,2,50,S,S_9,S_45,10
1,2,50,S,S_9,S_35,10
1,2,50,S,S_9,S_49,10
1,2,50,S,S_10,S_15,9.7
1,2,50,S,S_10,S_25,9.7
1,2,50,S,S_10,S_30,9.7
1,2,50,S,S_10,S_22,9.7
1,2,50,S,S_10,S_36,9.7
1,2,50,S,S_10,S_38,9.7
1,2,50,S,S_10,S_21,10
1,2,50,S,S_10,S_23,10
1,2,50,S,S_10,S_29,10
1,2,50,S,S_10,S_24,10
1,2,50,S,S_10,S_39,10
1,2,50,S,S_10,S_45,10
1,2,50,S,S_11,S_15,9.7
1,2,50,S,S_11,S_19,9.7
1,2,50,S,S_11,S_27,9.7
1,2,50,S,S_11,S_34,9.7
1,2,50,S,S_11,S_50,9.7
1,2,50,S,S_11,S_24,9.7
1,2,50,S,S_11,S_30,9.7
1,2,50,S,S_11,S_22,10
1,2,50,S,S_11,S_42,10
1,2,50,S,S_11,S_44,10
1,2,50,S,S_11,S_12,10
1,2,50,S,S_11,S_33,10
1,2,50,S,S_12,S_49,9.7
1,2,50,S,S_12,S_27,9.7
1,2,50,S,S_12,S_28,9.7
1,2,50,S,S_12,S_43,9.7
1,2,50,S,S_12,S_50,9.7
1,2,50,S,S_12,S_47,10
1,2,50,S,S_12,S_31,10
1,2,50,S,S_12,S_33,10
1,2,50,S,S_13,S_30,9.4
1,2,50,S,S_13,S_26,9.7
1,2,50,S,S_13,S_41,9.7
1,2,50,S,S_13,S_20,9.7
1,2,50,S,S_13,S_17,10
1,2,50,S,S_13,S_29,10
1,2,50,S,S_13,S_42,10
1,2,50,S,S_13,S_34,10
1,2,50,S,S_14,S_22,9.7
1,2,50,S,S_14,S_18,10
1,2,50,S,S_14,S_33,10
1,2,50,S,S_14,S_41,10
1,2,50,S,S_14,S_43,10
1,2,50,S,S_15,S_19,9.7
1,2,50,S,S_15,S_21,9.7
1,2,50,S,S_15,S_26,9.7
1,2,50,S,S_15,S_31,9.7
1,2,50,S,S_15,S_46,9.7
1,2,50,S,S_15,S_47,9.7
1,2,50,S,S_15,S_27,9.7
1,2,50,S,S_15,S_30,9.7
1,2,50,S,S_15,S_28,10
1,2,50,S,S_15,S_29,10
1,2,50,S,S_15,S_32,10
1,2,50,S,S_15,S_36,10
1,2,50,S,S_15,S_23,10
1,2,50,S,S_15,S_25,10
1,2,50,S,S_15,S_44,10
1,2,50,S,S_16,S_17,9.7
1,2,50,S,S_16,S_34,9.7
1,2,50,S,S_16,S_29,10
1,2,50,S,S_16,S_32,10
1,2,50,S,S_16,S_47,10
1,2,50,S,S_16,S_21,10
1,2,50,S,S_16,S_46,10
1,2,50,S,S_17,S_27,9.7
1,2,50,S,S_17,S_39,9.7
1,2,50,S,S_17,S_42,9.7
1,2,50,S,S_17,S_34,9.7
1,2,50,S,S_17,S_46,9.7
1,2,50,S,S_17,S_40,10
1,2,50,S,S_17,S_29,10
1,2,50,S,S_18,S_45,9.7
1,2,50,S,S_18,S_26,9.7
1,2,50,S,S_18,S_28,9.7
1,2,50,S,S_18,S_40,9.7
1,2,50,S,S_18,S_20,10
1,2,50,S,S_19,S_23,9.7
1,2,50,S,S_19,S_43,9.7
1,2,50,S,S_19,S_44,9.7
1,2,50,S,S_19,S_49,9.7
1,2,50,S,S_19,S_20,9.7
1,2,50,S,S_19,S_31,9.7
1,2,50,S,S_19,S_39,10
1,2,50,S,S_19,S_47,10
1,2,50,S,S_20,S_28,9.7
1,2,50,S,S_20,S_48,9.7
1,2,50,S,S_20,S_34,10
1,2,50,S,S_20,S_35,10
1,2,50,S,S_20,S_36,10
1,2,50,S,S_20,S_45,10
1,2,50,S,S_20,S_33,10
1,2,50,S,S_20,S_39,10
1,2,50,S,S_21,S_30,9.7
1,2,50,S,S_21,S_38,9.7
1,2,50,S,S_21,S_24,9.7
1,2,50,S,S_21,S_35,9.7
1,2,50,S,S_21,S_22,10
1,2,50,S,S_21,S_42,10
1,2,50,S,S_21,S_47,10
1,2,50,S,S_22,S_24,9.7
1,2,50,S,S_22,S_25,9.7
1,2,50,S,S_22,S_37,9.7
1,2,50,S,S_22,S_42,9.7
1,2,50,S,S_22,S_38,9.7
1,2,50,S,S_22,S_29,10
1,2,50,S,S_22,S_43,10
1,2,50,S,S_23,S_27,9.7
1,2,50,S,S_23,S_31,9.7
1,2,50,S,S_23,S_36,9.7
1,2,50,S,S_23,S_38,9.7
1,2,50,S,S_23,S_30,10
1,2,50,S,S_23,S_44,10
1,2,50,S,S_23,S_46,10
1,2,50,S,S_23,S_47,10
1,2,50,S,S_23,S_50,10
1,2,50,S,S_24,S_27,9.7
1,2,50,S,S_24,S_29,9.7
1,2,50,S,S_24,S_39,9.7
1,2,50,S,S_24,S_42,10
1,2,50,S,S_25,S_44,9.7
1,2,50,S,S_25,S_49,9.7
1,2,50,S,S_25,S_31,9.7
1,2,50,S,S_25,S_36,9.7
1,2,50,S,S_25,S_38,9.7
1,2,50,S,S_26,S_32,9.7
1,2,50,S,S_26,S_40,10
1,2,50,S,S_27,S_29,9.7
1,2,50,S,S_27,S_46,9.7
1,2,50,S,S_27,S_50,9.7
1,2,50,S,S_27,S_38,10
1,2,50,S,S_27,S_45,10
1,2,50,S,S_27,S_30,10
1,2,50,S,S_27,S_43,10
1,2,50,S,S_27,S_44,10
1,2,50,S,S_28,S_48,9.7
1,2,50,S,S_28,S_37,9.7
1,2,50,S,S_28,S_38,9.7
1,2,50,S,S_28,S_45,9.7
1,2,50,S,S_28,S_46,9.7
1,2,50,S,S_28,S_35,10
1,2,50,S,S_29,S_30,10
1,2,50,S,S_29,S_36,10
1,2,50,S,S_30,S_34,9.7
1,2,50,S,S_30,S_39,9.7
1,2,50,S,S_31,S_44,9.7
1,2,50,S,S_31,S_46,9.7
1,2,50,S,S_31,S_48,9.7
1,2,50,S,S_31,S_49,9.7
1,2,50,S,S_31,S_39,10
1,2,50,S,S_31,S_36,10
1,2,50,S,S_31,S_42,10
1,2,50,S,S_32,S_47,9.7
1,2,50,S,S_32,S_44,10
1,2,50,S,S_32,S_35,10
1,2,50,S,S_32,S_49,10
1,2,50,S,S_33,S_50,9.7
1,2,50,S,S_33,S_40,10
1,2,50,S,S_33,S_49,10
1,2,50,S,S_34,S_49,9.7
1,2,50,S,S_34,S_36,9.7
1,2,50,S,S_34,S_41,9.7
1,2,50,S,S_34,S_46,10
1,2,50,S,S_35,S_41,9.7
1,2,50,S,S_35,S_48,9.7
1,2,50,S,S_35,S_44,9.7
1,2,50,S,S_36,S_44,9.7
1,2,50,S,S_36,S_47,9.7
1,2,50,S,S_36,S_38,10
1,2,50,S,S_36,S_49,10
1,2,50,S,S_37,S_39,9.4
1,2,50,S,S_37,S_40,9.7
1,2,50,S,S_37,S_41,9.7
1,2,50,S,S_37,S_49,9.7
1,2,50,S,S_37,S_45,10
1,2,50,S,S_38,S_40,9.7
1,2,50,S,S_38,S_49,10
1,2,50,S,S_38,S_50,10
1,2,50,S,S_39,S_47,9.7
1,2,50,S,S_39,S_41,10
1,2,50,S,S_39,S_48,10
1,2,50,S,S_39,S_46,10
1,2,50,S,S_39,S_49,10
1,2,50,S,S_40,S_45,9.7
1,2,50,S,S_40,S_46,10
1,2,50,S,S_41,S_42,10
1,2,50,S,S_42,S_50,10
1,2,50,S,S_43,S_49,9.7
1,2,50,S,S_44,S_49,10
1,2,50,S,S_44,S_47,10
1,2,50,S,S_45,S_48,10
1,2,50,S,S_46,S_48,9.7
1,2,50,S,S_47,S_49,9.7
1,3,50,S,S_1,S_33,9.4
1,3,50,S,S_1,S_49,9.4
1,3,50,S,S_1,S_3,9.4
1,3,50,S,S_1,S_19,9.4
1,3,50,S,S_1,S_32,9.4
1,3,50,S,S_1,S_20,9.7
1,3,50,S,S_1,S_6,9.7
1,3,50,S,S_1,S_16,9.7
1,3,50,S,S_1,S_34,9.7
1,3,50,S,S_1,S_28,10
1,3,50,S,S_1,S_41,10
1,3,50,S,S_1,S_27,10
1,3,50,S,S_1,S_31,10
1,3,50,S,S_2,S_32,9.4
1,3,50,S,S_2,S_47,9.4
1,3,50,S,S_2,S_19,9.4
1,3,50,S,S_2,S_26,9.4
1,3,50,S,S_2,S_44,9.4
1,3,50,S,S_2,S_29,9.7
1,3,50,S,S_2,S_33,9.7
1,3,50,S,S_2,S_14,9.7
1,3,50,S,S_2,S_20,9.7
1,3,50,S,S_2,S_22,9.7
1,3,50,S,S_2,S_49,9.7
1,3,50,S,S_2,S_35,10
1,3,50,S,S_2,S_39,10
1,3,50,S,S_2,S_5,10
1,3,50,S,S_2,S_11,10
1,3,50,S,S_3,S_6,9.4
1,3,50,S,S_3,S_50,9.4
1,3,50,S,S_3,S_16,9.4
1,3,50,S,S_3,S_42,9.4
1,3,50,S,S_3,S_49,9.4
1,3,50,S,S_3,S_10,9.7
1,3,50,S,S_3,S_12,9.7
1,3,50,S,S_3,S_41,9.7
1,3,50,S,S_3,S_43,9.7
1,3,50,S,S_3,S_22,9.7
1,3,50,S,S_3,S_32,9.7
1,3,50,S,S_3,S_8,10
1,3,50,S,S_3,S_24,10
1,3,50,S,S_3,S_25,10
1,3,50,S,S_3,S_37,10
1,3,50,S,S_3,S_48,10
1,3,50,S,S_4,S_26,9.4
1,3,50,S,S_4,S_34,9.4
1,3,50,S,S_4,S_40,9.4
1,3,50,S,S_4,S_41,9.4
1,3,50,S,S_4,S_43,9.4
1,3,50,S,S_4,S_18,9.4
1,3,50,S,S_4,S_13,9.7
1,3,50,S,S_4,S_36,9.7
1,3,50,S,S_4,S_37,9.7
1,3,50,S,S_4,S_46,9.7
1,3,50,S,S_4,S_48,10
1,3,50,S,S_4,S_19,10
1,3,50,S,S_4,S_20,10
1,3,50,S,S_5,S_13,9.4
1,3,50,S,S_5,S_33,9.4
1,3,50,S,S_5,S_43,9.4
1,3,50,S,S_5,S_38,9.4
1,3,50,S,S_5,S_50,9.4
1,3,50,S,S_5,S_7,9.7
1,3,50,S,S_5,S_41,10.3
1,3,50,S,S_5,S_26,10.3
1,3,50,S,S_5,S_32,10.3
1,3,50,S,S_5,S_37,10.3
1,3,50,S,S_5,S_8,10
1,3,50,S,S_5,S_19,10
1,3,50,S,S_5,S_48,10
1,3,50,S,S_5,S_30,10
1,3,50,S,S_5,S_46,10
1,3,50,S,S_6,S_27,10
1,3,50,S,S_6,S_19,10
1,3,50,S,S_6,S_34,10
1,3,50,S,S_6,S_12,10.3
1,3,50,S,S_6,S_20,10.3
1,3,50,S,S_6,S_31,10.3
1,3,50,S,S_6,S_40,10.3
1,3,50,S,S_6,S_45,10.3
1,3,50,S,S_6,S_43,10
1,3,50,S,S_7,S_40,10
1,3,50,S,S_7,S_23,10
1,3,50,S,S_7,S_41,10
1,3,50,S,S_7,S_42,10
1,3,50,S,S_7,S_45,10
1,3,50,S,S_7,S_48,10
1,3,50,S,S_7,S_26,10.3
1,3,50,S,S_7,S_31,10.3
1,3,50,S,S_7,S_36,10.3
1,3,50,S,S_7,S_50,10.3
1,3,50,S,S_7,S_12,10.3
1,3,50,S,S_8,S_14,10
1,3,50,S,S_8,S_35,10
1,3,50,S,S_8,S_45,10
1,3,50,S,S_8,S_12,10
1,3,50,S,S_8,S_37,10
1,3,50,S,S_8,S_43,10
1,3,50,S,S_8,S_11,10.3
1,3,50,S,S_8,S_15,10.3
1,3,50,S,S_8,S_24,10.3
1,3,50,S,S_8,S_9,10.3
1,3,50,S,S_8,S_26,10.3
1,3,50,S,S_8,S_29,10
1,3,50,S,S_8,S_33,10
1,3,50,S,S_8,S_39,10
1,3,50,S,S_8,S_28,10
1,3,50,S,S_8,S_44,10
1,3,50,S,S_9,S_33,10
1,3,50,S,S_9,S_18,10.3
1,3,50,S,S_9,S_28,10.3
1,3,50,S,S_9,S_45,10.3
1,3,50,S,S_9,S_35,10.3
1,3,50,S,S_9,S_49,10.3
1,3,50,S,S_9,S_25,10
1,3,50,S,S_9,S_17,10
1,3,50,S,S_10,S_15,10
1,3,50,S,S_10,S_25,10
1,3,50,S,S_10,S_30,10
1,3,50,S,S_10,S_22,10
1,3,50,S,S_10,S_36,10
1,3,50,S,S_10,S_38,10
1,3,50,S,S_10,S_21,10.3
1,3,50,S,S_10,S_23,10.3
1,3,50,S,S_10,S_29,10.3
1,3,50,S,S_10,S_24,10.3
1,3,50,S,S_10,S_39,10.3
1,3,50,S,S_10,S_45,10.3
1,3,50,S,S_10,S_18,10
1,3,50,S,S_10,S_27,10
1,3,50,S,S_10,S_28,10
1,3,50,S,S_10,S_32,10
1,3,50,S,S_10,S_42,10
1,3,50,S,S_11,S_15,10
1,3,50,S,S_11,S_19,10
1,3,50,S,S_11,S_27,10
1,3,50,S,S_11,S_34,10
1,3,50,S,S_11,S_50,10
1,3,50,S,S_11,S_24,10
1,3,50,S,S_11,S_30,10
1,3,50,S,S_11,S_22,10.3
1,3,50,S,S_11,S_42,10.3
1,3,50,S,S_11,S_44,10.3
1,3,50,S,S_11,S_12,10.3
1,3,50,S,S_11,S_33,10.3
1,3,50,S,S_11,S_29,10
1,3,50,S,S_12,S_49,10
1,3,50,S,S_12,S_27,10
1,3,50,S,S_12,S_28,10
1,3,50,S,S_12,S_43,10
1,3,50,S,S_12,S_50,10
1,3,50,S,S_12,S_47,10.3
1,3,50,S,S_12,S_31,10.3
1,3,50,S,S_12,S_33,10.3
1,3,50,S,S_12,S_17,10
1,3,50,S,S_12,S_22,10
1,3,50,S,S_12,S_24,10
1,3,50,S,S_12,S_40,10
1,3,50,S,S_12,S_35,10
1,3,50,S,S_13,S_30,9.7
1,3,50,S,S_13,S_26,10
1,3,50,S,S_13,S_41,10
1,3,50,S,S_13,S_20,9.4
1,3,50,S,S_13,S_17,9.7
1,3,50,S,S_13,S_29,9.7
1,3,50,S,S_13,S_42,9.7
1,3,50,S,S_13,S_34,9.7
1,3,50,S,S_13,S_33,10
1,3,50,S,S_13,S_35,10
1,3,50,S,S_13,S_31,10
1,3,50,S,S_14,S_22,9.4
1,3,50,S,S_14,S_18,9.7
1,3,50,S,S_14,S_33,9.7
1,3,50,S,S_14,S_41,9.7
1,3,50,S,S_14,S_43,9.7
1,3,50,S,S_14,S_17,10
1,3,50,S,S_14,S_48,10
1,3,50,S,S_14,S_26,10
1,3,50,S,S_14,S_35,10
1,3,50,S,S_14,S_50,10
1,3,50,S,S_15,S_19,9.4
1,3,50,S,S_15,S_21,9.4
1,3,50,S,S_15,S_26,9.4
1,3,50,S,S_15,S_31,9.4
1,3,50,S,S_15,S_46,9.4
1,3,50,S,S_15,S_47,9.4
1,3,50,S,S_15,S_27,9.4
1,3,50,S,S_15,S_30,9.4
1,3,50,S,S_15,S_28,9.7
1,3,50,S,S_15,S_29,9.7
1,3,50,S,S_15,S_32,9.7
1,3,50,S,S_15,S_36,9.7
1,3,50,S,S_15,S_23,9.7
1,3,50,S,S_15,S_25,9.7
1,3,50,S,S_15,S_44,9.7
1,3,50,S,S_15,S_48,10
1,3,50,S,S_15,S_50,10
1,3,50,S,S_16,S_17,9.4
1,3,50,S,S_16,S_34,9.4
1,3,50,S,S_16,S_29,9.7
1,3,50,S,S_16,S_32,9.7
1,3,50,S,S_16,S_47,9.7
1,3,50,S,S_16,S_21,9.7
1,3,50,S,S_16,S_46,9.7
1,3,50,S,S_16,S_45,10
1,3,50,S,S_17,S_27,9.4
1,3,50,S,S_17,S_39,9.4
1,3,50,S,S_17,S_42,9.4
1,3,50,S,S_17,S_34,9.4
1,3,50,S,S_17,S_46,9.4
1,3,50,S,S_17,S_40,9.7
1,3,50,S,S_17,S_29,9.7
1,3,50,S,S_17,S_43,10
1,3,50,S,S_18,S_45,9.4
1,3,50,S,S_18,S_26,9.4
1,3,50,S,S_18,S_28,9.4
1,3,50,S,S_18,S_40,9.4
1,3,50,S,S_18,S_20,9.7
1,3,50,S,S_18,S_19,10
1,3,50,S,S_18,S_35,10
1,3,50,S,S_18,S_37,10
1,3,50,S,S_18,S_36,10
1,3,50,S,S_18,S_48,10
1,3,50,S,S_19,S_23,9.4
1,3,50,S,S_19,S_43,9.4
1,3,50,S,S_19,S_44,9.4
1,3,50,S,S_19,S_49,9.4
1,3,50,S,S_19,S_20,9.4
1,3,50,S,S_19,S_31,9.4
1,3,50,S,S_19,S_39,9.7
1,3,50,S,S_19,S_47,9.7
1,3,50,S,S_20,S_28,9.4
1,3,50,S,S_20,S_48,9.4
1,3,50,S,S_20,S_34,9.7
1,3,50,S,S_20,S_35,9.7
1,3,50,S,S_20,S_36,9.7
1,3,50,S,S_20,S_45,9.7
1,3,50,S,S_20,S_33,9.7
1,3,50,S,S_20,S_39,9.7
1,3,50,S,S_20,S_25,10
1,3,50,S,S_20,S_37,10
1,3,50,S,S_21,S_30,9.4
1,3,50,S,S_21,S_38,9.4
1,3,50,S,S_21,S_24,9.4
1,3,50,S,S_21,S_35,9.4
1,3,50,S,S_21,S_22,9.7
1,3,50,S,S_21,S_42,9.7
1,3,50,S,S_21,S_47,9.7
1,3,50,S,S_21,S_27,10
1,3,50,S,S_21,S_29,10
1,3,50,S,S_21,S_32,10
1,3,50,S,S_21,S_26,10
1,3,50,S,S_21,S_39,10
1,3,50,S,S_22,S_24,9.4
1,3,50,S,S_22,S_25,9.4
1,3,50,S,S_22,S_37,9.4
1,3,50,S,S_22,S_42,9.4
1,3,50,S,S_22,S_38,9.4
1,3,50,S,S_22,S_29,9.7
1,3,50,S,S_22,S_43,9.7
1,3,50,S,S_23,S_27,9.4
1,3,50,S,S_23,S_31,9.4
1,3,50,S,S_23,S_36,9.4
1,3,50,S,S_23,S_38,9.4
1,3,50,S,S_23,S_30,9.7
1,3,50,S,S_23,S_44,9.7
1,3,50,S,S_23,S_46,9.7
1,3,50,S,S_23,S_47,9.7
1,3,50,S,S_23,S_50,9.7
1,3,50,S,S_23,S_25,10
1,3,50,S,S_24,S_27,9.4
1,3,50,S,S_24,S_29,9.4
1,3,50,S,S_24,S_39,9.4
1,3,50,S,S_24,S_42,9.7
1,3,50,S,S_24,S_40,10
1,3,50,S,S_24,S_43,10
1,3,50,S,S_24,S_50,10
1,3,50,S,S_25,S_44,9.4
1,3,50,S,S_25,S_49,9.4
1,3,50,S,S_25,S_31,9.4
1,3,50,S,S_25,S_36,9.4
1,3,50,S,S_25,S_38,9.4
1,3,50,S,S_25,S_30,10
1,3,50,S,S_25,S_42,10
1,3,50,S,S_26,S_32,9.4
1,3,50,S,S_26,S_40,9.7
1,3,50,S,S_26,S_33,10
1,3,50,S,S_26,S_37,10
1,3,50,S,S_26,S_41,10
1,3,50,S,S_26,S_46,10
1,3,50,S,S_26,S_31,10
1,3,50,S,S_27,S_29,9.4
1,3,50,S,S_27,S_46,9.4
1,3,50,S,S_27,S_50,9.4
1,3,50,S,S_27,S_38,9.7
1,3,50,S,S_27,S_45,9.7
1,3,50,S,S_27,S_30,9.7
1,3,50,S,S_27,S_43,9.7
1,3,50,S,S_27,S_44,9.7
1,3,50,S,S_27,S_47,10
1,3,50,S,S_28,S_48,9.4
1,3,50,S,S_28,S_37,9.4
1,3,50,S,S_28,S_38,9.4
1,3,50,S,S_28,S_45,9.4
1,3,50,S,S_28,S_46,9.4
1,3,50,S,S_28,S_35,9.7
1,3,50,S,S_29,S_30,9.7
1,3,50,S,S_29,S_36,9.7
1,3,50,S,S_29,S_42,10
1,3,50,S,S_30,S_34,9.4
1,3,50,S,S_30,S_39,9.4
1,3,50,S,S_30,S_38,10
1,3,50,S,S_30,S_36,10
1,3,50,S,S_31,S_44,9.4
1,3,50,S,S_31,S_46,9.4
1,3,50,S,S_31,S_48,9.4
1,3,50,S,S_31,S_49,9.4
1,3,50,S,S_31,S_39,9.7
1,3,50,S,S_31,S_36,9.7
1,3,50,S,S_31,S_42,9.7
1,3,50,S,S_31,S_45,10
1,3,50,S,S_31,S_32,10
1,3,50,S,S_31,S_47,10
1,3,50,S,S_32,S_47,9.4
1,3,50,S,S_32,S_44,9.7
1,3,50,S,S_32,S_35,9.7
1,3,50,S,S_32,S_49,9.7
1,3,50,S,S_32,S_50,10
1,3,50,S,S_33,S_50,9.4
1,3,50,S,S_33,S_40,9.7
1,3,50,S,S_33,S_49,9.7
1,3,50,S,S_34,S_49,9.4
1,3,50,S,S_34,S_36,9.4
1,3,50,S,S_34,S_41,9.4
1,3,50,S,S_34,S_46,9.7
1,3,50,S,S_34,S_45,10
1,3,50,S,S_34,S_47,10
1,3,50,S,S_34,S_35,10
1,3,50,S,S_35,S_41,9.4
1,3,50,S,S_35,S_48,9.4
1,3,50,S,S_35,S_44,9.4
1,3,50,S,S_35,S_37,10
1,3,50,S,S_36,S_44,9.4
1,3,50,S,S_36,S_47,9.4
1,3,50,S,S_36,S_38,9.7
1,3,50,S,S_36,S_49,9.7
1,3,50,S,S_37,S_40,9.4
1,3,50,S,S_37,S_41,9.4
1,3,50,S,S_37,S_49,9.4
1,3,50,S,S_37,S_45,9.7
1,3,50,S,S_37,S_43,10
1,3,50,S,S_37,S_47,10
1,3,50,S,S_38,S_40,9.4
1,3,50,S,S_38,S_49,9.7
1,3,50,S,S_38,S_50,9.7
1,3,50,S,S_38,S_48,10
1,3,50,S,S_39,S_47,9.4
1,3,50,S,S_39,S_41,9.7
1,3,50,S,S_39,S_48,9.7
1,3,50,S,S_39,S_46,9.7
1,3,50,S,S_39,S_49,9.7
1,3,50,S,S_39,S_42,10
1,3,50,S,S_40,S_45,9.4
1,3,50,S,S_40,S_46,9.7
1,3,50,S,S_41,S_42,9.7
1,3,50,S,S_42,S_50,9.7
1,3,50,S,S_42,S_45,10
1,3,50,S,S_42,S_46,10
1,3,50,S,S_43,S_49,9.4
1,3,50,S,S_43,S_50,10
1,3,50,S,S_44,S_49,9.7
1,3,50,S,S_44,S_47,9.7
1,3,50,S,S_45,S_48,9.7
1,3,50,S,S_46,S_48,9.4
1,3,50,S,S_46,S_49,10
1,3,50,S,S_47,S_49,9.4
1,4,50,S,S_1,S_20,9.4
1,4,50,S,S_1,S_6,9.4
1,4,50,S,S_1,S_16,9.4
1,4,50,S,S_1,S_34,9.4
1,4,50,S,S_1,S_28,9.7
1,4,50,S,S_1,S_41,9.7
1,4,50,S,S_1,S_27,9.7
1,4,50,S,S_1,S_31,9.7
1,4,50,S,S_1,S_11,10
1,4,50,S,S_1,S_17,10
1,4,50,S,S_1,S_45,10
1,4,50,S,S_1,S_18,10
1,4,50,S,S_1,S_43,10
1,4,50,S,S_2,S_29,9.4
1,4,50,S,S_2,S_33,9.4
1,4,50,S,S_2,S_14,9.4
1,4,50,S,S_2,S_20,9.4
1,4,50,S,S_2,S_22,9.4
1,4,50,S,S_2,S_49,9.4
1,4,50,S,S_2,S_35,9.7
1,4,50,S,S_2,S_39,9.7
1,4,50,S,S_2,S_5,9.7
1,4,50,S,S_2,S_11,9.7
1,4,50,S,S_2,S_6,10
1,4,50,S,S_2,S_27,10
1,4,50,S,S_2,S_28,10
1,4,50,S,S_2,S_12,10
1,4,50,S,S_2,S_41,10
1,4,50,S,S_3,S_10,9.4
1,4,50,S,S_3,S_12,9.4
1,4,50,S,S_3,S_41,9.4
1,4,50,S,S_3,S_43,9.4
1,4,50,S,S_3,S_22,9.4
1,4,50,S,S_3,S_32,9.4
1,4,50,S,S_3,S_8,9.7
1,4,50,S,S_3,S_24,9.7
1,4,50,S,S_3,S_25,9.7
1,4,50,S,S_3,S_37,9.7
1,4,50,S,S_3,S_48,9.7
1,4,50,S,S_3,S_33,10
1,4,50,S,S_3,S_11,10
1,4,50,S,S_3,S_18,10
1,4,50,S,S_4,S_13,9.4
1,4,50,S,S_4,S_36,9.4
1,4,50,S,S_4,S_37,9.4
1,4,50,S,S_4,S_46,9.4
1,4,50,S,S_4,S_48,9.7
1,4,50,S,S_4,S_19,9.7
1,4,50,S,S_4,S_20,9.7
1,4,50,S,S_4,S_22,10
1,4,50,S,S_4,S_31,10
1,4,50,S,S_4,S_17,10
1,4,50,S,S_4,S_26,10
1,4,50,S,S_4,S_28,10
1,4,50,S,S_5,S_7,9.4
1,4,50,S,S_5,S_41,10
1,4,50,S,S_5,S_26,10
1,4,50,S,S_5,S_32,10
1,4,50,S,S_5,S_37,10
1,4,50,S,S_5,S_8,9.7
1,4,50,S,S_5,S_19,9.7
1,4,50,S,S_5,S_48,9.7
1,4,50,S,S_5,S_30,9.7
1,4,50,S,S_5,S_46,9.7
1,4,50,S,S_5,S_16,10
1,4,50,S,S_5,S_24,10
1,4,50,S,S_5,S_35,10
1,4,50,S,S_5,S_40,10
1,4,50,S,S_5,S_43,10
1,4,50,S,S_6,S_27,9.7
1,4,50,S,S_6,S_19,9.7
1,4,50,S,S_6,S_34,9.7
1,4,50,S,S_6,S_12,10
1,4,50,S,S_6,S_20,10
1,4,50,S,S_6,S_31,10
1,4,50,S,S_6,S_40,10
1,4,50,S,S_6,S_45,10
1,4,50,S,S_6,S_43,9.7
1,4,50,S,S_6,S_18,10
1,4,50,S,S_6,S_41,10
1,4,50,S,S_6,S_47,10
1,4,50,S,S_6,S_24,10
1,4,50,S,S_6,S_26,10
1,4,50,S,S_6,S_48,10
1,4,50,S,S_7,S_40,9.7
1,4,50,S,S_7,S_23,9.7
1,4,50,S,S_7,S_41,9.7
1,4,50,S,S_7,S_42,9.7
1,4,50,S,S_7,S_45,9.7
1,4,50,S,S_7,S_48,9.7
1,4,50,S,S_7,S_26,10
1,4,50,S,S_7,S_31,10
1,4,50,S,S_7,S_36,10
1,4,50,S,S_7,S_50,10
1,4,50,S,S_7,S_12,10
1,4,50,S,S_7,S_8,10
1,4,50,S,S_7,S_33,10
1,4,50,S,S_7,S_43,10
1,4,50,S,S_7,S_10,10
1,4,50,S,S_7,S_34,10
1,4,50,S,S_7,S_38,10
1,4,50,S,S_8,S_14,9.7
1,4,50,S,S_8,S_35,9.7
1,4,50,S,S_8,S_45,9.7
1,4,50,S,S_8,S_12,9.7
1,4,50,S,S_8,S_37,9.7
1,4,50,S,S_8,S_43,9.7
1,4,50,S,S_8,S_11,10
1,4,50,S,S_8,S_15,10
1,4,50,S,S_8,S_24,10
1,4,50,S,S_8,S_9,10
1,4,50,S,S_8,S_26,10.6
1,4,50,S,S_8,S_29,10.3
1,4,50,S,S_8,S_33,10.3
1,4,50,S,S_8,S_39,10.3
1,4,50,S,S_8,S_28,10.3
1,4,50,S,S_8,S_44,10.3
1,4,50,S,S_9,S_33,10.3
1,4,50,S,S_9,S_18,10.6
1,4,50,S,S_9,S_28,10.6
1,4,50,S,S_9,S_45,10.6
1,4,50,S,S_9,S_35,10.6
1,4,50,S,S_9,S_49,10.6
1,4,50,S,S_9,S_25,10.3
1,4,50,S,S_9,S_17,10.3
1,4,50,S,S_9,S_12,10
1,4,50,S,S_9,S_14,10
1,4,50,S,S_9,S_19,10
1,4,50,S,S_9,S_11,10
1,4,50,S,S_10,S_15,10.3
1,4,50,S,S_10,S_25,10.3
1,4,50,S,S_10,S_30,10.3
1,4,50,S,S_10,S_22,10.3
1,4,50,S,S_10,S_36,10.3
1,4,50,S,S_10,S_38,10.3
1,4,50,S,S_10,S_21,10.6
1,4,50,S,S_10,S_23,10.6
1,4,50,S,S_10,S_29,10.6
1,4,50,S,S_10,S_24,10.6
1,4,50,S,S_10,S_39,10.6
1,4,50,S,S_10,S_45,10.6
1,4,50,S,S_10,S_18,10.3
1,4,50,S,S_10,S_27,10.3
1,4,50,S,S_10,S_28,10.3
1,4,50,S,S_10,S_32,10.3
1,4,50,S,S_10,S_42,10.3
1,4,50,S,S_10,S_34,10
1,4,50,S,S_11,S_15,10.3
1,4,50,S,S_11,S_19,10.3
1,4,50,S,S_11,S_27,10.3
1,4,50,S,S_11,S_34,10.3
1,4,50,S,S_11,S_50,10.3
1,4,50,S,S_11,S_24,10.3
1,4,50,S,S_11,S_30,10.3
1,4,50,S,S_11,S_22,10.6
1,4,50,S,S_11,S_42,10.6
1,4,50,S,S_11,S_44,10.6
1,4,50,S,S_11,S_12,10.6
1,4,50,S,S_11,S_33,10.6
1,4,50,S,S_11,S_29,10.3
1,4,50,S,S_11,S_32,10
1,4,50,S,S_11,S_43,10
1,4,50,S,S_11,S_45,10
1,4,50,S,S_11,S_21,10
1,4,50,S,S_12,S_49,10.3
1,4,50,S,S_12,S_27,10.3
1,4,50,S,S_12,S_28,10.3
1,4,50,S,S_12,S_43,10.3
1,4,50,S,S_12,S_50,10.3
1,4,50,S,S_12,S_47,10.6
1,4,50,S,S_12,S_31,10.6
1,4,50,S,S_12,S_33,10.6
1,4,50,S,S_12,S_17,10.3
1,4,50,S,S_12,S_22,10.3
1,4,50,S,S_12,S_24,10.3
1,4,50,S,S_12,S_40,10.3
1,4,50,S,S_12,S_35,10.3
1,4,50,S,S_12,S_34,10
1,4,50,S,S_12,S_30,10
1,4,50,S,S_12,S_38,10
1,4,50,S,S_13,S_30,10
1,4,50,S,S_13,S_26,10.3
1,4,50,S,S_13,S_41,10.3
1,4,50,S,S_13,S_20,9.7
1,4,50,S,S_13,S_17,10
1,4,50,S,S_13,S_29,10
1,4,50,S,S_13,S_42,10
1,4,50,S,S_13,S_34,10
1,4,50,S,S_13,S_33,10.3
1,4,50,S,S_13,S_35,10.3
1,4,50,S,S_13,S_31,10.3
1,4,50,S,S_13,S_22,10
1,4,50,S,S_13,S_28,10
1,4,50,S,S_14,S_22,9.7
1,4,50,S,S_14,S_18,10
1,4,50,S,S_14,S_33,10
1,4,50,S,S_14,S_41,10
1,4,50,S,S_14,S_43,10
1,4,50,S,S_14,S_17,10.3
1,4,50,S,S_14,S_48,9.7
1,4,50,S,S_14,S_26,9.7
1,4,50,S,S_14,S_35,9.7
1,4,50,S,S_14,S_50,9.7
1,4,50,S,S_14,S_15,10
1,4,50,S,S_14,S_36,10
1,4,50,S,S_14,S_25,10
1,4,50,S,S_14,S_30,10
1,4,50,S,S_15,S_28,9.4
1,4,50,S,S_15,S_29,9.4
1,4,50,S,S_15,S_32,9.4
1,4,50,S,S_15,S_36,9.4
1,4,50,S,S_15,S_23,9.4
1,4,50,S,S_15,S_25,9.4
1,4,50,S,S_15,S_44,9.4
1,4,50,S,S_15,S_48,9.7
1,4,50,S,S_15,S_50,9.7
1,4,50,S,S_15,S_34,10
1,4,50,S,S_15,S_41,10
1,4,50,S,S_15,S_20,10
1,4,50,S,S_16,S_29,9.4
1,4,50,S,S_16,S_32,9.4
1,4,50,S,S_16,S_47,9.4
1,4,50,S,S_16,S_21,9.4
1,4,50,S,S_16,S_46,9.4
1,4,50,S,S_16,S_45,9.7
1,4,50,S,S_16,S_31,10
1,4,50,S,S_16,S_39,10
1,4,50,S,S_17,S_40,9.4
1,4,50,S,S_17,S_29,9.4
1,4,50,S,S_17,S_43,9.7
1,4,50,S,S_18,S_20,9.4
1,4,50,S,S_18,S_19,9.7
1,4,50,S,S_18,S_35,9.7
1,4,50,S,S_18,S_37,9.7
1,4,50,S,S_18,S_36,9.7
1,4,50,S,S_18,S_48,9.7
1,4,50,S,S_18,S_42,10
1,4,50,S,S_19,S_39,9.4
1,4,50,S,S_19,S_47,9.4
1,4,50,S,S_19,S_27,10
1,4,50,S,S_19,S_34,10
1,4,50,S,S_19,S_49,10
1,4,50,S,S_19,S_50,10
1,4,50,S,S_20,S_34,9.4
1,4,50,S,S_20,S_35,9.4
1,4,50,S,S_20,S_36,9.4
1,4,50,S,S_20,S_45,9.4
1,4,50,S,S_20,S_33,9.4
1,4,50,S,S_20,S_39,9.4
1,4,50,S,S_20,S_25,9.7
1,4,50,S,S_20,S_37,9.7
1,4,50,S,S_20,S_40,10
1,4,50,S,S_21,S_22,9.4
1,4,50,S,S_21,S_42,9.4
1,4,50,S,S_21,S_47,9.4
1,4,50,S,S_21,S_27,9.7
1,4,50,S,S_21,S_29,9.7
1,4,50,S,S_21,S_32,9.7
1,4,50,S,S_21,S_26,9.7
1,4,50,S,S_21,S_39,9.7
1,4,50,S,S_21,S_24,10
1,4,50,S,S_22,S_29,9.4
1,4,50,S,S_22,S_43,9.4
1,4,50,S,S_22,S_50,10
1,4,50,S,S_22,S_24,10
1,4,50,S,S_22,S_30,10
1,4,50,S,S_22,S_42,10
1,4,50,S,S_23,S_30,9.4
1,4,50,S,S_23,S_44,9.4
1,4,50,S,S_23,S_46,9.4
1,4,50,S,S_23,S_47,9.4
1,4,50,S,S_23,S_50,9.4
1,4,50,S,S_23,S_25,9.7
1,4,50,S,S_24,S_42,9.4
1,4,50,S,S_24,S_40,9.7
1,4,50,S,S_24,S_43,9.7
1,4,50,S,S_24,S_50,9.7
1,4,50,S,S_24,S_45,10
1,4,50,S,S_24,S_25,10
1,4,50,S,S_25,S_30,9.7
1,4,50,S,S_25,S_42,9.7
1,4,50,S,S_25,S_27,10
1,4,50,S,S_26,S_40,9.4
1,4,50,S,S_26,S_33,9.7
1,4,50,S,S_26,S_37,9.7
1,4,50,S,S_26,S_41,9.7
1,4,50,S,S_26,S_46,9.7
1,4,50,S,S_26,S_31,9.7
1,4,50,S,S_26,S_35,10
1,4,50,S,S_26,S_43,10
1,4,50,S,S_26,S_50,10
1,4,50,S,S_27,S_38,9.4
1,4,50,S,S_27,S_45,9.4
1,4,50,S,S_27,S_30,9.4
1,4,50,S,S_27,S_43,9.4
1,4,50,S,S_27,S_44,9.4
1,4,50,S,S_27,S_47,9.7
1,4,50,S,S_27,S_28,10
1,4,50,S,S_27,S_29,10
1,4,50,S,S_27,S_36,10
1,4,50,S,S_28,S_35,9.4
1,4,50,S,S_28,S_32,10
1,4,50,S,S_28,S_33,10
1,4,50,S,S_28,S_37,10
1,4,50,S,S_28,S_50,10
1,4,50,S,S_29,S_30,9.4
1,4,50,S,S_29,S_36,9.4
1,4,50,S,S_29,S_42,9.7
1,4,50,S,S_29,S_33,10
1,4,50,S,S_29,S_48,10
1,4,50,S,S_30,S_38,9.7
1,4,50,S,S_30,S_36,9.7
1,4,50,S,S_30,S_32,10
1,4,50,S,S_30,S_48,10
1,4,50,S,S_31,S_39,9.4
1,4,50,S,S_31,S_36,9.4
1,4,50,S,S_31,S_42,9.4
1,4,50,S,S_31,S_45,9.7
1,4,50,S,S_31,S_32,9.7
1,4,50,S,S_31,S_47,9.7
1,4,50,S,S_31,S_34,10
1,4,50,S,S_31,S_44,10
1,4,50,S,S_32,S_44,9.4
1,4,50,S,S_32,S_35,9.4
1,4,50,S,S_32,S_49,9.4
1,4,50,S,S_32,S_50,9.7
1,4,50,S,S_32,S_38,10
1,4,50,S,S_33,S_40,9.4
1,4,50,S,S_33,S_49,9.4
1,4,50,S,S_33,S_37,10
1,4,50,S,S_33,S_43,10
1,4,50,S,S_34,S_46,9.4
1,4,50,S,S_34,S_45,9.7
1,4,50,S,S_34,S_47,9.7
1,4,50,S,S_34,S_35,9.7
1,4,50,S,S_34,S_38,10
1,4,50,S,S_34,S_39,10
1,4,50,S,S_35,S_37,9.7
1,4,50,S,S_36,S_38,9.4
1,4,50,S,S_36,S_49,9.4
1,4,50,S,S_37,S_45,9.4
1,4,50,S,S_37,S_43,9.7
1,4,50,S,S_37,S_47,9.7
1,4,50,S,S_38,S_49,9.4
1,4,50,S,S_38,S_50,9.4
1,4,50,S,S_38,S_48,9.7
1,4,50,S,S_39,S_41,9.4
1,4,50,S,S_39,S_48,9.4
1,4,50,S,S_39,S_46,9.4
1,4,50,S,S_39,S_49,9.4
1,4,50,S,S_39,S_42,9.7
1,4,50,S,S_39,S_44,10
1,4,50,S,S_40,S_46,9.4
1,4,50,S,S_40,S_41,10
1,4,50,S,S_41,S_42,9.4
1,4,50,S,S_41,S_45,10
1,4,50,S,S_42,S_50,9.4
1,4,50,S,S_42,S_45,9.7
1,4,50,S,S_42,S_46,9.7
1,4,50,S,S_43,S_50,9.7
1,4,50,S,S_43,S_45,10
1,4,50,S,S_43,S_44,10
1,4,50,S,S_44,S_49,9.4
1,4,50,S,S_44,S_47,9.4
1,4,50,S,S_45,S_48,9.4
1,4,50,S,S_46,S_49,9.7
1,5,50,S,S_1,S_20,9.7
1,5,50,S,S_1,S_6,9.7
1,5,50,S,S_1,S_16,9.7
1,5,50,S,S_1,S_34,9.7
1,5,50,S,S_1,S_28,10
1,5,50,S,S_1,S_41,10
1,5,50,S,S_1,S_27,10
1,5,50,S,S_1,S_31,10
1,5,50,S,S_1,S_11,10.3
1,5,50,S,S_1,S_17,10.3
1,5,50,S,S_1,S_45,10.3
1,5,50,S,S_1,S_18,10.3
1,5,50,S,S_1,S_43,10.3
1,5,50,S,S_1,S_35,10
1,5,50,S,S_1,S_48,10
1,5,50,S,S_2,S_29,9.7
1,5,50,S,S_2,S_33,9.7
1,5,50,S,S_2,S_14,9.7
1,5,50,S,S_2,S_20,9.7
1,5,50,S,S_2,S_22,9.7
1,5,50,S,S_2,S_49,9.7
1,5,50,S,S_2,S_35,10
1,5,50,S,S_2,S_39,10
1,5,50,S,S_2,S_5,10
1,5,50,S,S_2,S_11,10
1,5,50,S,S_2,S_6,10.3
1,5,50,S,S_2,S_27,10.3
1,5,50,S,S_2,S_28,10.3
1,5,50,S,S_2,S_12,10.3
1,5,50,S,S_2,S_41,10.3
1,5,50,S,S_2,S_43,10
1,5,50,S,S_2,S_13,10
1,5,50,S,S_3,S_10,9.7
1,5,50,S,S_3,S_12,9.7
1,5,50,S,S_3,S_41,9.7
1,5,50,S,S_3,S_43,9.7
1,5,50,S,S_3,S_22,9.7
1,5,50,S,S_3,S_32,9.7
1,5,50,S,S_3,S_8,10
1,5,50,S,S_3,S_24,10
1,5,50,S,S_3,S_25,10
1,5,50,S,S_3,S_37,10
1,5,50,S,S_3,S_48,10
1,5,50,S,S_3,S_33,10.3
1,5,50,S,S_3,S_11,10.3
1,5,50,S,S_3,S_18,10.3
1,5,50,S,S_3,S_7,10
1,5,50,S,S_3,S_39,10
1,5,50,S,S_3,S_17,10
1,5,50,S,S_3,S_20,10
1,5,50,S,S_3,S_26,10
1,5,50,S,S_3,S_45,10
1,5,50,S,S_4,S_13,9.7
1,5,50,S,S_4,S_36,9.7
1,5,50,S,S_4,S_37,9.7
1,5,50,S,S_4,S_46,9.7
1,5,50,S,S_4,S_48,10
1,5,50,S,S_4,S_19,10
1,5,50,S,S_4,S_20,10
1,5,50,S,S_4,S_22,10.3
1,5,50,S,S_4,S_31,10.3
1,5,50,S,S_4,S_17,10.3
1,5,50,S,S_4,S_26,10.3
1,5,50,S,S_4,S_28,10.3
1,5,50,S,S_4,S_14,10
1,5,50,S,S_4,S_35,10
1,5,50,S,S_4,S_41,10
1,5,50,S,S_4,S_9,10
1,5,50,S,S_4,S_11,10
1,5,50,S,S_4,S_29,10
1,5,50,S,S_4,S_43,10
1,5,50,S,S_5,S_7,9.7
1,5,50,S,S_5,S_41,9.7
1,5,50,S,S_5,S_26,9.7
1,5,50,S,S_5,S_32,9.7
1,5,50,S,S_5,S_37,9.7
1,5,50,S,S_5,S_8,9.4
1,5,50,S,S_5,S_19,9.4
1,5,50,S,S_5,S_48,9.4
1,5,50,S,S_5,S_30,9.4
1,5,50,S,S_5,S_46,9.4
1,5,50,S,S_5,S_16,9.7
1,5,50,S,S_5,S_24,9.7
1,5,50,S,S_5,S_35,9.7
1,5,50,S,S_5,S_40,9.7
1,5,50,S,S_5,S_43,9.7
1,5,50,S,S_5,S_14,10
1,5,50,S,S_5,S_33,10
1,5,50,S,S_5,S_9,10
1,5,50,S,S_5,S_47,10
1,5,50,S,S_6,S_27,9.4
1,5,50,S,S_6,S_19,9.4
1,5,50,S,S_6,S_34,9.4
1,5,50,S,S_6,S_12,9.7
1,5,50,S,S_6,S_20,9.7
1,5,50,S,S_6,S_31,9.7
1,5,50,S,S_6,S_40,9.7
1,5,50,S,S_6,S_45,9.7
1,5,50,S,S_6,S_43,9.4
1,5,50,S,S_6,S_18,9.7
1,5,50,S,S_6,S_41,9.7
1,5,50,S,S_6,S_47,9.7
1,5,50,S,S_6,S_24,9.7
1,5,50,S,S_6,S_26,9.7
1,5,50,S,S_6,S_48,9.7
1,5,50,S,S_6,S_9,10
1,5,50,S,S_6,S_39,10
1,5,50,S,S_6,S_46,10
1,5,50,S,S_6,S_28,10
1,5,50,S,S_6,S_35,10
1,5,50,S,S_7,S_40,9.4
1,5,50,S,S_7,S_23,9.4
1,5,50,S,S_7,S_41,9.4
1,5,50,S,S_7,S_42,9.4
1,5,50,S,S_7,S_45,9.4
1,5,50,S,S_7,S_48,9.4
1,5,50,S,S_7,S_26,9.7
1,5,50,S,S_7,S_31,9.7
1,5,50,S,S_7,S_36,9.7
1,5,50,S,S_7,S_50,9.7
1,5,50,S,S_7,S_12,9.7
1,5,50,S,S_7,S_8,9.7
1,5,50,S,S_7,S_33,9.7
1,5,50,S,S_7,S_43,9.7
1,5,50,S,S_7,S_10,9.7
1,5,50,S,S_7,S_34,9.7
1,5,50,S,S_7,S_38,9.7
1,5,50,S,S_7,S_11,10
1,5,50,S,S_7,S_15,10
1,5,50,S,S_7,S_17,10
1,5,50,S,S_8,S_14,9.4
1,5,50,S,S_8,S_35,9.4
1,5,50,S,S_8,S_45,9.4
1,5,50,S,S_8,S_12,9.4
1,5,50,S,S_8,S_37,9.4
1,5,50,S,S_8,S_43,9.4
1,5,50,S,S_8,S_11,9.7
1,5,50,S,S_8,S_15,9.7
1,5,50,S,S_8,S_24,9.7
1,5,50,S,S_8,S_9,9.7
1,5,50,S,S_8,S_26,10.3
1,5,50,S,S_8,S_29,10
1,5,50,S,S_8,S_33,10
1,5,50,S,S_8,S_39,10
1,5,50,S,S_8,S_28,10
1,5,50,S,S_8,S_44,10
1,5,50,S,S_8,S_10,10
1,5,50,S,S_8,S_13,10
1,5,50,S,S_9,S_33,10
1,5,50,S,S_9,S_18,10.3
1,5,50,S,S_9,S_28,10.3
1,5,50,S,S_9,S_45,10.3
1,5,50,S,S_9,S_35,10.3
1,5,50,S,S_9,S_49,10.3
1,5,50,S,S_9,S_25,10
1,5,50,S,S_9,S_17,10
1,5,50,S,S_9,S_12,9.7
1,5,50,S,S_9,S_14,9.7
1,5,50,S,S_9,S_19,9.7
1,5,50,S,S_9,S_11,9.7
1,5,50,S,S_9,S_34,10
1,5,50,S,S_9,S_41,10
1,5,50,S,S_9,S_50,10
1,5,50,S,S_9,S_21,10
1,5,50,S,S_10,S_15,10
1,5,50,S,S_10,S_25,10
1,5,50,S,S_10,S_30,10
1,5,50,S,S_10,S_22,10
1,5,50,S,S_10,S_36,10
1,5,50,S,S_10,S_38,10
1,5,50,S,S_10,S_21,10.3
1,5,50,S,S_10,S_23,10.3
1,5,50,S,S_10,S_29,10.3
1,5,50,S,S_10,S_24,10.3
1,5,50,S,S_10,S_39,10.3
1,5,50,S,S_10,S_45,10.3
1,5,50,S,S_10,S_18,10
1,5,50,S,S_10,S_27,10
1,5,50,S,S_10,S_28,10
1,5,50,S,S_10,S_32,10
1,5,50,S,S_10,S_42,10
1,5,50,S,S_10,S_34,9.7
1,5,50,S,S_10,S_40,10
1,5,50,S,S_10,S_26,10
1,5,50,S,S_10,S_44,10
1,5,50,S,S_11,S_15,10
1,5,50,S,S_11,S_19,10
1,5,50,S,S_11,S_27,10
1,5,50,S,S_11,S_34,10
1,5,50,S,S_11,S_50,10
1,5,50,S,S_11,S_24,10
1,5,50,S,S_11,S_30,10
1,5,50,S,S_11,S_22,10.3
1,5,50,S,S_11,S_42,10.3
1,5,50,S,S_11,S_44,10.3
1,5,50,S,S_11,S_12,10.3
1,5,50,S,S_11,S_33,10.3
1,5,50,S,S_11,S_29,10
1,5,50,S,S_11,S_32,9.7
1,5,50,S,S_11,S_43,9.7
1,5,50,S,S_11,S_45,9.7
1,5,50,S,S_11,S_21,9.7
1,5,50,S,S_11,S_36,10
1,5,50,S,S_11,S_41,10
1,5,50,S,S_12,S_49,10
1,5,50,S,S_12,S_27,10
1,5,50,S,S_12,S_28,10
1,5,50,S,S_12,S_43,10
1,5,50,S,S_12,S_50,10
1,5,50,S,S_12,S_47,10.3
1,5,50,S,S_12,S_31,10.3
1,5,50,S,S_12,S_33,10.3
1,5,50,S,S_12,S_17,10
1,5,50,S,S_12,S_22,10
1,5,50,S,S_12,S_24,10
1,5,50,S,S_12,S_40,10
1,5,50,S,S_12,S_35,10
1,5,50,S,S_12,S_34,9.7
1,5,50,S,S_12,S_30,9.7
1,5,50,S,S_12,S_38,9.7
1,5,50,S,S_12,S_32,10
1,5,50,S,S_12,S_41,10
1,5,50,S,S_13,S_30,9.7
1,5,50,S,S_13,S_26,10
1,5,50,S,S_13,S_41,10
1,5,50,S,S_13,S_20,9.4
1,5,50,S,S_13,S_17,9.7
1,5,50,S,S_13,S_29,9.7
1,5,50,S,S_13,S_42,9.7
1,5,50,S,S_13,S_34,9.7
1,5,50,S,S_13,S_33,10
1,5,50,S,S_13,S_35,10
1,5,50,S,S_13,S_31,10
1,5,50,S,S_13,S_22,9.7
1,5,50,S,S_13,S_28,9.7
1,5,50,S,S_13,S_50,10
1,5,50,S,S_14,S_22,9.4
1,5,50,S,S_14,S_18,9.7
1,5,50,S,S_14,S_33,9.7
1,5,50,S,S_14,S_41,9.7
1,5,50,S,S_14,S_43,9.7
1,5,50,S,S_14,S_17,10
1,5,50,S,S_14,S_48,9.4
1,5,50,S,S_14,S_26,9.4
1,5,50,S,S_14,S_35,9.4
1,5,50,S,S_14,S_50,9.4
1,5,50,S,S_14,S_15,9.7
1,5,50,S,S_14,S_36,9.7
1,5,50,S,S_14,S_25,9.7
1,5,50,S,S_14,S_30,9.7
1,5,50,S,S_14,S_24,10
1,5,50,S,S_15,S_48,9.4
1,5,50,S,S_15,S_50,9.4
1,5,50,S,S_15,S_34,9.7
1,5,50,S,S_15,S_41,9.7
1,5,50,S,S_15,S_20,9.7
1,5,50,S,S_15,S_39,10
1,5,50,S,S_16,S_45,9.4
1,5,50,S,S_16,S_31,9.7
1,5,50,S,S_16,S_39,9.7
1,5,50,S,S_16,S_20,10
1,5,50,S,S_16,S_18,10
1,5,50,S,S_16,S_48,10
1,5,50,S,S_17,S_43,9.4
1,5,50,S,S_17,S_25,10
1,5,50,S,S_17,S_34,10
1,5,50,S,S_17,S_39,10
1,5,50,S,S_17,S_44,10
1,5,50,S,S_18,S_19,9.4
1,5,50,S,S_18,S_35,9.4
1,5,50,S,S_18,S_37,9.4
1,5,50,S,S_18,S_36,9.4
1,5,50,S,S_18,S_48,9.4
1,5,50,S,S_18,S_42,9.7
1,5,50,S,S_18,S_25,10
1,5,50,S,S_18,S_45,10
1,5,50,S,S_19,S_27,9.7
1,5,50,S,S_19,S_34,9.7
1,5,50,S,S_19,S_49,9.7
1,5,50,S,S_19,S_50,9.7
1,5,50,S,S_19,S_30,10
1,5,50,S,S_19,S_32,10
1,5,50,S,S_20,S_25,9.4
1,5,50,S,S_20,S_37,9.4
1,5,50,S,S_20,S_40,9.7
1,5,50,S,S_20,S_24,10
1,5,50,S,S_20,S_29,10
1,5,50,S,S_20,S_50,10
1,5,50,S,S_21,S_27,9.4
1,5,50,S,S_21,S_29,9.4
1,5,50,S,S_21,S_32,9.4
1,5,50,S,S_21,S_26,9.4
1,5,50,S,S_21,S_39,9.4
1,5,50,S,S_21,S_24,9.7
1,5,50,S,S_21,S_41,10
1,5,50,S,S_22,S_50,9.7
1,5,50,S,S_22,S_24,9.7
1,5,50,S,S_22,S_30,9.7
1,5,50,S,S_22,S_42,9.7
1,5,50,S,S_22,S_33,10
1,5,50,S,S_22,S_34,10
1,5,50,S,S_23,S_25,10
1,5,50,S,S_23,S_32,10
1,5,50,S,S_23,S_34,10
1,5,50,S,S_23,S_49,10
1,5,50,S,S_23,S_26,10
1,5,50,S,S_23,S_31,10
1,5,50,S,S_23,S_33,10
1,5,50,S,S_24,S_42,9.7
1,5,50,S,S_24,S_40,10
1,5,50,S,S_24,S_43,10
1,5,50,S,S_24,S_50,10
1,5,50,S,S_24,S_45,10.3
1,5,50,S,S_24,S_25,10.3
1,5,50,S,S_24,S_46,10
1,5,50,S,S_25,S_30,10
1,5,50,S,S_25,S_42,10
1,5,50,S,S_25,S_27,10.3
1,5,50,S,S_25,S_31,10
1,5,50,S,S_25,S_45,10
1,5,50,S,S_25,S_38,10
1,5,50,S,S_25,S_47,10
1,5,50,S,S_26,S_40,9.7
1,5,50,S,S_26,S_33,10
1,5,50,S,S_26,S_37,10
1,5,50,S,S_26,S_41,10
1,5,50,S,S_26,S_46,10
1,5,50,S,S_26,S_31,10
1,5,50,S,S_26,S_35,10.3
1,5,50,S,S_26,S_43,10.3
1,5,50,S,S_26,S_50,10.3
1,5,50,S,S_26,S_48,10
1,5,50,S,S_26,S_32,10
1,5,50,S,S_27,S_38,9.7
1,5,50,S,S_27,S_45,9.7
1,5,50,S,S_27,S_30,9.7
1,5,50,S,S_27,S_43,9.7
1,5,50,S,S_27,S_44,9.7
1,5,50,S,S_27,S_47,10
1,5,50,S,S_27,S_28,10.3
1,5,50,S,S_27,S_29,10.3
1,5,50,S,S_27,S_36,10.3
1,5,50,S,S_27,S_34,10
1,5,50,S,S_28,S_35,9.7
1,5,50,S,S_28,S_32,10.3
1,5,50,S,S_28,S_33,10.3
1,5,50,S,S_28,S_37,10.3
1,5,50,S,S_28,S_50,10.3
1,5,50,S,S_28,S_48,10
1,5,50,S,S_28,S_39,10
1,5,50,S,S_28,S_44,10
1,5,50,S,S_29,S_30,9.7
1,5,50,S,S_29,S_36,9.7
1,5,50,S,S_29,S_42,10
1,5,50,S,S_29,S_33,10.3
1,5,50,S,S_29,S_48,10.3
1,5,50,S,S_29,S_44,10
1,5,50,S,S_29,S_39,10
1,5,50,S,S_30,S_38,10
1,5,50,S,S_30,S_36,10
1,5,50,S,S_30,S_32,10.3
1,5,50,S,S_30,S_48,10.3
1,5,50,S,S_30,S_31,10
1,5,50,S,S_30,S_33,10
1,5,50,S,S_31,S_39,9.7
1,5,50,S,S_31,S_36,9.7
1,5,50,S,S_31,S_42,9.7
1,5,50,S,S_31,S_45,10
1,5,50,S,S_31,S_32,10
1,5,50,S,S_31,S_47,10
1,5,50,S,S_31,S_34,10.3
1,5,50,S,S_31,S_44,10.3
1,5,50,S,S_32,S_44,9.7
1,5,50,S,S_32,S_35,9.7
1,5,50,S,S_32,S_49,9.7
1,5,50,S,S_32,S_50,10
1,5,50,S,S_32,S_38,10.3
1,5,50,S,S_33,S_40,9.7
1,5,50,S,S_33,S_49,9.7
1,5,50,S,S_33,S_37,10.3
1,5,50,S,S_33,S_43,10.3
1,5,50,S,S_33,S_42,10
1,5,50,S,S_34,S_46,9.7
1,5,50,S,S_34,S_45,10
1,5,50,S,S_34,S_47,10
1,5,50,S,S_34,S_35,10
1,5,50,S,S_34,S_38,10.3
1,5,50,S,S_34,S_39,10.3
1,5,50,S,S_34,S_48,10
1,5,50,S,S_35,S_37,10
1,5,50,S,S_35,S_45,10
1,5,50,S,S_35,S_46,10
1,5,50,S,S_36,S_38,9.7
1,5,50,S,S_36,S_49,9.7
1,5,50,S,S_37,S_45,9.7
1,5,50,S,S_37,S_43,10
1,5,50,S,S_37,S_47,10
1,5,50,S,S_37,S_50,10
1,5,50,S,S_38,S_49,9.7
1,5,50,S,S_38,S_48,9.4
1,5,50,S,S_39,S_42,9.4
1,5,50,S,S_39,S_44,9.7
1,5,50,S,S_39,S_50,10
1,5,50,S,S_40,S_41,9.7
1,5,50,S,S_41,S_45,9.7
1,5,50,S,S_41,S_48,10
1,5,50,S,S_42,S_45,9.4
1,5,50,S,S_42,S_46,9.4
1,5,50,S,S_43,S_50,9.4
1,5,50,S,S_43,S_45,9.7
1,5,50,S,S_43,S_44,9.7
1,5,50,S,S_46,S_49,9.4
1,5,50,S,S_48,S_50,10
1,6,50,S,S_1,S_20,9.4
1,6,50,S,S_1,S_6,9.4
1,6,50,S,S_1,S_16,9.4
1,6,50,S,S_1,S_34,9.4
1,6,50,S,S_1,S_28,9.7
1,6,50,S,S_1,S_41,9.7
1,6,50,S,S_1,S_27,9.7
1,6,50,S,S_1,S_31,9.7
1,6,50,S,S_1,S_11,10
1,6,50,S,S_1,S_17,10
1,6,50,S,S_1,S_45,10
1,6,50,S,S_1,S_18,10
1,6,50,S,S_1,S_43,10
1,6,50,S,S_1,S_35,9.7
1,6,50,S,S_1,S_48,9.7
1,6,50,S,S_1,S_42,10
1,6,50,S,S_1,S_46,10
1,6,50,S,S_1,S_50,10
1,6,50,S,S_1,S_9,10
1,6,50,S,S_1,S_39,10
1,6,50,S,S_1,S_40,10
1,6,50,S,S_1,S_44,10
1,6,50,S,S_2,S_29,9.4
1,6,50,S,S_2,S_33,9.4
1,6,50,S,S_2,S_14,9.4
1,6,50,S,S_2,S_20,9.4
1,6,50,S,S_2,S_22,9.4
1,6,50,S,S_2,S_49,9.4
1,6,50,S,S_2,S_35,9.7
1,6,50,S,S_2,S_39,9.7
1,6,50,S,S_2,S_5,9.7
1,6,50,S,S_2,S_11,9.7
1,6,50,S,S_2,S_6,10
1,6,50,S,S_2,S_27,10
1,6,50,S,S_2,S_28,10
1,6,50,S,S_2,S_12,10
1,6,50,S,S_2,S_41,10
1,6,50,S,S_2,S_43,9.7
1,6,50,S,S_2,S_13,9.7
1,6,50,S,S_2,S_31,10
1,6,50,S,S_3,S_10,9.4
1,6,50,S,S_3,S_12,9.4
1,6,50,S,S_3,S_41,9.4
1,6,50,S,S_3,S_43,9.4
1,6,50,S,S_3,S_22,9.4
1,6,50,S,S_3,S_32,9.4
1,6,50,S,S_3,S_8,9.7
1,6,50,S,S_3,S_24,9.7
1,6,50,S,S_3,S_25,9.7
1,6,50,S,S_3,S_37,9.7
1,6,50,S,S_3,S_48,9.7
1,6,50,S,S_3,S_33,10
1,6,50,S,S_3,S_11,10
1,6,50,S,S_3,S_18,10
1,6,50,S,S_3,S_7,9.7
1,6,50,S,S_3,S_39,9.7
1,6,50,S,S_3,S_17,9.7
1,6,50,S,S_3,S_20,9.7
1,6,50,S,S_3,S_26,9.7
1,6,50,S,S_3,S_45,9.7
1,6,50,S,S_4,S_13,9.4
1,6,50,S,S_4,S_36,9.4
1,6,50,S,S_4,S_37,9.4
1,6,50,S,S_4,S_46,9.4
1,6,50,S,S_4,S_48,9.7
1,6,50,S,S_4,S_19,9.7
1,6,50,S,S_4,S_20,9.7
1,6,50,S,S_4,S_22,10
1,6,50,S,S_4,S_31,10
1,6,50,S,S_4,S_17,10
1,6,50,S,S_4,S_26,10
1,6,50,S,S_4,S_28,10
1,6,50,S,S_4,S_14,9.7
1,6,50,S,S_4,S_35,9.7
1,6,50,S,S_4,S_41,9.7
1,6,50,S,S_4,S_9,9.7
1,6,50,S,S_4,S_11,9.7
1,6,50,S,S_4,S_29,9.7
1,6,50,S,S_4,S_43,9.7
1,6,50,S,S_4,S_16,10
1,6,50,S,S_4,S_18,10
1,6,50,S,S_4,S_30,10
1,6,50,S,S_4,S_44,10
1,6,50,S,S_4,S_15,10
1,6,50,S,S_4,S_45,10
1,6,50,S,S_5,S_7,9.4
1,6,50,S,S_5,S_41,9.4
1,6,50,S,S_5,S_26,9.4
1,6,50,S,S_5,S_32,9.4
1,6,50,S,S_5,S_37,9.4
1,6,50,S,S_5,S_16,9.4
1,6,50,S,S_5,S_24,9.4
1,6,50,S,S_5,S_35,9.4
1,6,50,S,S_5,S_40,9.4
1,6,50,S,S_5,S_43,9.4
1,6,50,S,S_5,S_14,9.7
1,6,50,S,S_5,S_33,9.7
1,6,50,S,S_5,S_9,9.7
1,6,50,S,S_5,S_47,9.7
1,6,50,S,S_5,S_21,10
1,6,50,S,S_5,S_45,10
1,6,50,S,S_5,S_50,10
1,6,50,S,S_6,S_12,9.4
1,6,50,S,S_6,S_20,9.4
1,6,50,S,S_6,S_31,9.4
1,6,50,S,S_6,S_40,9.4
1,6,50,S,S_6,S_45,9.4
1,6,50,S,S_6,S_18,9.4
1,6,50,S,S_6,S_41,9.4
1,6,50,S,S_6,S_47,9.4
1,6,50,S,S_6,S_24,9.4
1,6,50,S,S_6,S_26,9.4
1,6,50,S,S_6,S_48,9.4
1,6,50,S,S_6,S_9,9.7
1,6,50,S,S_6,S_39,9.7
1,6,50,S,S_6,S_46,9.7
1,6,50,S,S_6,S_28,9.7
1,6,50,S,S_6,S_35,9.7
1,6,50,S,S_6,S_17,10
1,6,50,S,S_7,S_26,9.4
1,6,50,S,S_7,S_31,9.4
1,6,50,S,S_7,S_36,9.4
1,6,50,S,S_7,S_50,9.4
1,6,50,S,S_7,S_12,9.4
1,6,50,S,S_7,S_8,9.4
1,6,50,S,S_7,S_33,9.4
1,6,50,S,S_7,S_43,9.4
1,6,50,S,S_7,S_10,9.4
1,6,50,S,S_7,S_34,9.4
1,6,50,S,S_7,S_38,9.4
1,6,50,S,S_7,S_11,9.7
1,6,50,S,S_7,S_15,9.7
1,6,50,S,S_7,S_17,9.7
1,6,50,S,S_7,S_13,10
1,6,50,S,S_7,S_35,10
1,6,50,S,S_7,S_42,10
1,6,50,S,S_8,S_11,9.4
1,6,50,S,S_8,S_15,9.4
1,6,50,S,S_8,S_24,9.4
1,6,50,S,S_8,S_9,9.4
1,6,50,S,S_8,S_26,10
1,6,50,S,S_8,S_29,9.7
1,6,50,S,S_8,S_33,9.7
1,6,50,S,S_8,S_39,9.7
1,6,50,S,S_8,S_28,9.7
1,6,50,S,S_8,S_44,9.7
1,6,50,S,S_8,S_10,9.7
1,6,50,S,S_8,S_13,9.7
1,6,50,S,S_8,S_34,10
1,6,50,S,S_8,S_12,10
1,6,50,S,S_8,S_14,10
1,6,50,S,S_8,S_37,10
1,6,50,S,S_8,S_47,10
1,6,50,S,S_9,S_33,9.7
1,6,50,S,S_9,S_18,10
1,6,50,S,S_9,S_28,10
1,6,50,S,S_9,S_45,10
1,6,50,S,S_9,S_35,10
1,6,50,S,S_9,S_49,10
1,6,50,S,S_9,S_25,9.7
1,6,50,S,S_9,S_17,9.7
1,6,50,S,S_9,S_12,9.4
1,6,50,S,S_9,S_14,9.4
1,6,50,S,S_9,S_19,9.4
1,6,50,S,S_9,S_11,9.4
1,6,50,S,S_9,S_34,9.7
1,6,50,S,S_9,S_41,9.7
1,6,50,S,S_9,S_50,9.7
1,6,50,S,S_9,S_21,9.7
1,6,50,S,S_9,S_13,10
1,6,50,S,S_9,S_20,10
1,6,50,S,S_9,S_39,10
1,6,50,S,S_9,S_47,10
1,6,50,S,S_10,S_15,9.7
1,6,50,S,S_10,S_25,9.7
1,6,50,S,S_10,S_30,9.7
1,6,50,S,S_10,S_22,9.7
1,6,50,S,S_10,S_36,9.7
1,6,50,S,S_10,S_38,9.7
1,6,50,S,S_10,S_21,10
1,6,50,S,S_10,S_23,10
1,6,50,S,S_10,S_29,10
1,6,50,S,S_10,S_24,10
1,6,50,S,S_10,S_39,10
1,6,50,S,S_10,S_45,10
1,6,50,S,S_10,S_18,9.7
1,6,50,S,S_10,S_27,9.7
1,6,50,S,S_10,S_28,9.7
1,6,50,S,S_10,S_32,9.7
1,6,50,S,S_10,S_42,9.7
1,6,50,S,S_10,S_34,9.4
1,6,50,S,S_10,S_40,9.7
1,6,50,S,S_10,S_26,9.7
1,6,50,S,S_10,S_44,9.7
1,6,50,S,S_11,S_15,9.7
1,6,50,S,S_11,S_19,9.7
1,6,50,S,S_11,S_27,9.7
1,6,50,S,S_11,S_34,9.7
1,6,50,S,S_11,S_50,9.7
1,6,50,S,S_11,S_24,9.7
1,6,50,S,S_11,S_30,9.7
1,6,50,S,S_11,S_22,10
1,6,50,S,S_11,S_42,10
1,6,50,S,S_11,S_44,10
1,6,50,S,S_11,S_12,10
1,6,50,S,S_11,S_33,10
1,6,50,S,S_11,S_29,9.7
1,6,50,S,S_11,S_32,9.4
1,6,50,S,S_11,S_43,9.4
1,6,50,S,S_11,S_45,9.4
1,6,50,S,S_11,S_21,9.4
1,6,50,S,S_11,S_36,9.7
1,6,50,S,S_11,S_41,9.7
1,6,50,S,S_11,S_20,10
1,6,50,S,S_11,S_25,10
1,6,50,S,S_11,S_26,10
1,6,50,S,S_12,S_49,9.7
1,6,50,S,S_12,S_27,9.7
1,6,50,S,S_12,S_28,9.7
1,6,50,S,S_12,S_43,9.7
1,6,50,S,S_12,S_50,9.7
1,6,50,S,S_12,S_47,10
1,6,50,S,S_12,S_31,10
1,6,50,S,S_12,S_33,10
1,6,50,S,S_12,S_17,9.7
1,6,50,S,S_12,S_22,9.7
1,6,50,S,S_12,S_24,9.7
1,6,50,S,S_12,S_40,9.7
1,6,50,S,S_12,S_35,9.7
1,6,50,S,S_12,S_34,9.4
1,6,50,S,S_12,S_30,9.4
1,6,50,S,S_12,S_38,9.4
1,6,50,S,S_12,S_32,9.7
1,6,50,S,S_12,S_41,9.7
1,6,50,S,S_12,S_25,10
1,6,50,S,S_12,S_13,10
1,6,50,S,S_13,S_30,9.4
1,6,50,S,S_13,S_26,9.7
1,6,50,S,S_13,S_41,9.7
1,6,50,S,S_13,S_17,9.4
1,6,50,S,S_13,S_29,9.4
1,6,50,S,S_13,S_42,9.4
1,6,50,S,S_13,S_34,9.4
1,6,50,S,S_13,S_33,9.7
1,6,50,S,S_13,S_35,9.7
1,6,50,S,S_13,S_31,9.7
1,6,50,S,S_13,S_22,9.4
1,6,50,S,S_13,S_28,9.4
1,6,50,S,S_13,S_50,9.7
1,6,50,S,S_13,S_38,10
1,6,50,S,S_13,S_45,10
1,6,50,S,S_13,S_14,10
1,6,50,S,S_13,S_37,10
1,6,50,S,S_13,S_40,10
1,6,50,S,S_14,S_18,9.4
1,6,50,S,S_14,S_33,9.4
1,6,50,S,S_14,S_41,9.4
1,6,50,S,S_14,S_43,9.4
1,6,50,S,S_14,S_17,9.7
1,6,50,S,S_14,S_15,9.4
1,6,50,S,S_14,S_36,9.4
1,6,50,S,S_14,S_25,9.4
1,6,50,S,S_14,S_30,9.4
1,6,50,S,S_14,S_24,9.7
1,6,50,S,S_14,S_34,10
1,6,50,S,S_14,S_45,10
1,6,50,S,S_14,S_47,10
1,6,50,S,S_14,S_21,10
1,6,50,S,S_14,S_27,10
1,6,50,S,S_14,S_37,10
1,6,50,S,S_14,S_40,10
1,6,50,S,S_14,S_48,10
1,6,50,S,S_15,S_34,9.4
1,6,50,S,S_15,S_41,9.4
1,6,50,S,S_15,S_20,9.4
1,6,50,S,S_15,S_39,9.7
1,6,50,S,S_15,S_24,10
1,6,50,S,S_15,S_43,10
1,6,50,S,S_16,S_31,9.4
1,6,50,S,S_16,S_39,9.4
1,6,50,S,S_16,S_20,9.7
1,6,50,S,S_16,S_18,9.7
1,6,50,S,S_16,S_48,9.7
1,6,50,S,S_17,S_25,9.7
1,6,50,S,S_17,S_34,9.7
1,6,50,S,S_17,S_39,9.7
1,6,50,S,S_17,S_44,9.7
1,6,50,S,S_17,S_46,10
1,6,50,S,S_17,S_50,10
1,6,50,S,S_17,S_23,10
1,6,50,S,S_17,S_31,10
1,6,50,S,S_17,S_45,10
1,6,50,S,S_18,S_42,9.4
1,6,50,S,S_18,S_25,9.7
1,6,50,S,S_18,S_45,9.7
1,6,50,S,S_18,S_26,10
1,6,50,S,S_18,S_47,10
1,6,50,S,S_18,S_28,10
1,6,50,S,S_19,S_27,9.4
1,6,50,S,S_19,S_34,9.4
1,6,50,S,S_19,S_49,9.4
1,6,50,S,S_19,S_50,9.4
1,6,50,S,S_19,S_30,9.7
1,6,50,S,S_19,S_32,9.7
1,6,50,S,S_19,S_46,10
1,6,50,S,S_19,S_31,10
1,6,50,S,S_20,S_40,9.4
1,6,50,S,S_20,S_24,9.7
1,6,50,S,S_20,S_29,9.7
1,6,50,S,S_20,S_50,9.7
1,6,50,S,S_20,S_21,10
1,6,50,S,S_21,S_24,9.4
1,6,50,S,S_21,S_41,9.7
1,6,50,S,S_21,S_23,10
1,6,50,S,S_21,S_30,10
1,6,50,S,S_22,S_50,9.4
1,6,50,S,S_22,S_24,9.4
1,6,50,S,S_22,S_30,9.4
1,6,50,S,S_22,S_42,9.4
1,6,50,S,S_22,S_33,9.7
1,6,50,S,S_22,S_34,9.7
1,6,50,S,S_22,S_39,10
1,6,50,S,S_22,S_44,10
1,6,50,S,S_22,S_45,10
1,6,50,S,S_23,S_25,9.7
1,6,50,S,S_23,S_32,9.7
1,6,50,S,S_23,S_34,9.7
1,6,50,S,S_23,S_49,9.7
1,6,50,S,S_23,S_26,9.7
1,6,50,S,S_23,S_31,9.7
1,6,50,S,S_23,S_33,9.7
1,6,50,S,S_23,S_28,10
1,6,50,S,S_23,S_36,10
1,6,50,S,S_23,S_44,10
1,6,50,S,S_23,S_29,10
1,6,50,S,S_23,S_38,10
1,6,50,S,S_24,S_42,9.4
1,6,50,S,S_24,S_40,9.7
1,6,50,S,S_24,S_43,9.7
1,6,50,S,S_24,S_50,9.7
1,6,50,S,S_24,S_45,10
1,6,50,S,S_24,S_25,10
1,6,50,S,S_24,S_46,9.7
1,6,50,S,S_24,S_29,10
1,6,50,S,S_24,S_35,10
1,6,50,S,S_24,S_37,10
1,6,50,S,S_24,S_48,10
1,6,50,S,S_25,S_30,9.7
1,6,50,S,S_25,S_42,9.7
1,6,50,S,S_25,S_27,10
1,6,50,S,S_25,S_31,9.7
1,6,50,S,S_25,S_45,9.7
1,6,50,S,S_25,S_38,9.7
1,6,50,S,S_25,S_47,9.7
1,6,50,S,S_25,S_29,10
1,6,50,S,S_25,S_32,10
1,6,50,S,S_25,S_36,10
1,6,50,S,S_25,S_28,10
1,6,50,S,S_25,S_40,10
1,6,50,S,S_25,S_46,10
1,6,50,S,S_26,S_40,9.4
1,6,50,S,S_26,S_33,9.7
1,6,50,S,S_26,S_37,9.7
1,6,50,S,S_26,S_41,9.7
1,6,50,S,S_26,S_46,9.7
1,6,50,S,S_26,S_31,9.7
1,6,50,S,S_26,S_35,10
1,6,50,S,S_26,S_43,10
1,6,50,S,S_26,S_50,10
1,6,50,S,S_26,S_48,9.7
1,6,50,S,S_26,S_32,9.7
1,6,50,S,S_26,S_28,10
1,6,50,S,S_27,S_38,9.4
1,6,50,S,S_27,S_45,9.4
1,6,50,S,S_27,S_30,9.4
1,6,50,S,S_27,S_43,9.4
1,6,50,S,S_27,S_44,9.4
1,6,50,S,S_27,S_47,9.7
1,6,50,S,S_27,S_28,10
1,6,50,S,S_27,S_29,10
1,6,50,S,S_27,S_36,10
1,6,50,S,S_27,S_34,9.7
1,6,50,S,S_27,S_42,10
1,6,50,S,S_27,S_32,10
1,6,50,S,S_27,S_46,10
1,6,50,S,S_28,S_35,9.4
1,6,50,S,S_28,S_32,10
1,6,50,S,S_28,S_33,10
1,6,50,S,S_28,S_37,10
1,6,50,S,S_28,S_50,10
1,6,50,S,S_28,S_48,9.7
1,6,50,S,S_28,S_39,9.7
1,6,50,S,S_28,S_44,9.7
1,6,50,S,S_29,S_30,9.4
1,6,50,S,S_29,S_36,9.4
1,6,50,S,S_29,S_42,9.7
1,6,50,S,S_29,S_33,10
1,6,50,S,S_29,S_48,10
1,6,50,S,S_29,S_44,9.7
1,6,50,S,S_29,S_39,9.7
1,6,50,S,S_29,S_32,10
1,6,50,S,S_29,S_40,10
1,6,50,S,S_29,S_46,10
1,6,50,S,S_30,S_38,9.7
1,6,50,S,S_30,S_36,9.7
1,6,50,S,S_30,S_32,10
1,6,50,S,S_30,S_48,10
1,6,50,S,S_30,S_31,9.7
1,6,50,S,S_30,S_33,9.7
1,6,50,S,S_31,S_39,9.4
1,6,50,S,S_31,S_36,9.4
1,6,50,S,S_31,S_42,9.4
1,6,50,S,S_31,S_45,9.7
1,6,50,S,S_31,S_32,9.7
1,6,50,S,S_31,S_47,9.7
1,6,50,S,S_31,S_34,10
1,6,50,S,S_31,S_44,10
1,6,50,S,S_31,S_49,10
1,6,50,S,S_32,S_44,9.4
1,6,50,S,S_32,S_35,9.4
1,6,50,S,S_32,S_49,9.4
1,6,50,S,S_32,S_50,9.7
1,6,50,S,S_32,S_38,10
1,6,50,S,S_33,S_40,9.4
1,6,50,S,S_33,S_49,9.4
1,6,50,S,S_33,S_37,10
1,6,50,S,S_33,S_43,10
1,6,50,S,S_33,S_42,9.7
1,6,50,S,S_34,S_46,9.4
1,6,50,S,S_34,S_45,9.7
1,6,50,S,S_34,S_47,9.7
1,6,50,S,S_34,S_35,9.7
1,6,50,S,S_34,S_38,10
1,6,50,S,S_34,S_39,10
1,6,50,S,S_34,S_48,9.7
1,6,50,S,S_34,S_43,10
1,6,50,S,S_34,S_44,10
1,6,50,S,S_35,S_37,9.7
1,6,50,S,S_35,S_45,9.7
1,6,50,S,S_35,S_46,9.7
1,6,50,S,S_35,S_36,10
1,6,50,S,S_36,S_38,9.4
1,6,50,S,S_36,S_49,9.4
1,6,50,S,S_36,S_42,10
1,6,50,S,S_37,S_45,9.4
1,6,50,S,S_37,S_43,9.7
1,6,50,S,S_37,S_47,9.7
1,6,50,S,S_37,S_50,9.7
1,6,50,S,S_38,S_49,9.4
1,6,50,S,S_39,S_44,9.4
1,6,50,S,S_39,S_50,9.7
1,6,50,S,S_40,S_41,9.4
1,6,50,S,S_40,S_48,10
1,6,50,S,S_41,S_45,9.4
1,6,50,S,S_41,S_48,9.7
1,6,50,S,S_41,S_44,10
1,6,50,S,S_42,S_43,10
1,6,50,S,S_42,S_49,10
1,6,50,S,S_43,S_45,9.4
1,6,50,S,S_43,S_44,9.4
1,6,50,S,S_43,S_46,10
1,6,50,S,S_43,S_47,10
1,6,50,S,S_46,S_50,10
1,6,50,S,S_48,S_50,9.7
1,7,50,S,S_1,S_28,9.4
1,7,50,S,S_1,S_41,9.4
1,7,50,S,S_1,S_27,9.4
1,7,50,S,S_1,S_31,9.4
1,7,50,S,S_1,S_11,9.7
1,7,50,S,S_1,S_17,9.7
1,7,50,S,S_1,S_45,9.7
1,7,50,S,S_1,S_18,9.7
1,7,50,S,S_1,S_43,9.7
1,7,50,S,S_1,S_35,9.4
1,7,50,S,S_1,S_48,9.4
1,7,50,S,S_1,S_42,9.7
1,7,50,S,S_1,S_46,9.7
1,7,50,S,S_1,S_50,9.7
1,7,50,S,S_1,S_9,9.7
1,7,50,S,S_1,S_39,9.7
1,7,50,S,S_1,S_40,9.7
1,7,50,S,S_1,S_44,9.7
1,7,50,S,S_1,S_2,10
1,7,50,S,S_1,S_30,10
1,7,50,S,S_2,S_35,9.4
1,7,50,S,S_2,S_39,9.4
1,7,50,S,S_2,S_5,9.4
1,7,50,S,S_2,S_11,9.4
1,7,50,S,S_2,S_6,9.7
1,7,50,S,S_2,S_27,9.7
1,7,50,S,S_2,S_28,9.7
1,7,50,S,S_2,S_12,9.7
1,7,50,S,S_2,S_41,9.7
1,7,50,S,S_2,S_43,9.4
1,7,50,S,S_2,S_13,9.4
1,7,50,S,S_2,S_31,9.7
1,7,50,S,S_2,S_21,10
1,7,50,S,S_2,S_23,10
1,7,50,S,S_2,S_25,10
1,7,50,S,S_2,S_40,10
1,7,50,S,S_2,S_42,10
1,7,50,S,S_2,S_44,10
1,7,50,S,S_2,S_46,10
1,7,50,S,S_2,S_50,10
1,7,50,S,S_2,S_17,10
1,7,50,S,S_2,S_45,10
1,7,50,S,S_3,S_8,9.4
1,7,50,S,S_3,S_24,9.4
1,7,50,S,S_3,S_25,9.4
1,7,50,S,S_3,S_37,9.4
1,7,50,S,S_3,S_48,9.4
1,7,50,S,S_3,S_33,9.7
1,7,50,S,S_3,S_11,9.7
1,7,50,S,S_3,S_18,9.7
1,7,50,S,S_3,S_7,9.4
1,7,50,S,S_3,S_39,9.4
1,7,50,S,S_3,S_17,9.4
1,7,50,S,S_3,S_20,9.4
1,7,50,S,S_3,S_26,9.4
1,7,50,S,S_3,S_45,9.4
1,7,50,S,S_3,S_5,10
1,7,50,S,S_3,S_28,10
1,7,50,S,S_3,S_30,10
1,7,50,S,S_3,S_50,10
1,7,50,S,S_4,S_48,9.4
1,7,50,S,S_4,S_19,9.4
1,7,50,S,S_4,S_20,9.4
1,7,50,S,S_4,S_22,9.7
1,7,50,S,S_4,S_31,9.7
1,7,50,S,S_4,S_17,9.7
1,7,50,S,S_4,S_26,9.7
1,7,50,S,S_4,S_28,9.7
1,7,50,S,S_4,S_14,9.4
1,7,50,S,S_4,S_35,9.4
1,7,50,S,S_4,S_41,9.4
1,7,50,S,S_4,S_9,9.4
1,7,50,S,S_4,S_11,9.4
1,7,50,S,S_4,S_29,9.4
1,7,50,S,S_4,S_43,9.4
1,7,50,S,S_4,S_16,9.7
1,7,50,S,S_4,S_18,9.7
1,7,50,S,S_4,S_30,9.7
1,7,50,S,S_4,S_44,9.7
1,7,50,S,S_4,S_15,9.7
1,7,50,S,S_4,S_45,9.7
1,7,50,S,S_4,S_24,10
1,7,50,S,S_4,S_40,10
1,7,50,S,S_4,S_8,10
1,7,50,S,S_4,S_10,10
1,7,50,S,S_4,S_42,10
1,7,50,S,S_5,S_35,9.7
1,7,50,S,S_5,S_40,9.7
1,7,50,S,S_5,S_43,9.7
1,7,50,S,S_5,S_14,10
1,7,50,S,S_5,S_33,10
1,7,50,S,S_5,S_9,10
1,7,50,S,S_5,S_47,10
1,7,50,S,S_5,S_21,10.3
1,7,50,S,S_5,S_45,10.3
1,7,50,S,S_5,S_50,10.3
1,7,50,S,S_5,S_15,10
1,7,50,S,S_5,S_39,10
1,7,50,S,S_5,S_13,10
1,7,50,S,S_5,S_44,10
1,7,50,S,S_5,S_49,10
1,7,50,S,S_6,S_12,9.7
1,7,50,S,S_6,S_20,9.7
1,7,50,S,S_6,S_31,9.7
1,7,50,S,S_6,S_40,9.7
1,7,50,S,S_6,S_45,9.7
1,7,50,S,S_6,S_18,9.7
1,7,50,S,S_6,S_41,9.7
1,7,50,S,S_6,S_47,9.7
1,7,50,S,S_6,S_24,9.7
1,7,50,S,S_6,S_26,9.7
1,7,50,S,S_6,S_48,9.7
1,7,50,S,S_6,S_9,10
1,7,50,S,S_6,S_39,10
1,7,50,S,S_6,S_46,10
1,7,50,S,S_6,S_28,10
1,7,50,S,S_6,S_35,10
1,7,50,S,S_6,S_17,10.3
1,7,50,S,S_6,S_30,10
1,7,50,S,S_6,S_42,10
1,7,50,S,S_6,S_43,10
1,7,50,S,S_6,S_16,10
1,7,50,S,S_7,S_26,9.7
1,7,50,S,S_7,S_31,9.7
1,7,50,S,S_7,S_36,9.7
1,7,50,S,S_7,S_50,9.7
1,7,50,S,S_7,S_12,9.7
1,7,50,S,S_7,S_8,9.7
1,7,50,S,S_7,S_33,9.7
1,7,50,S,S_7,S_43,9.7
1,7,50,S,S_7,S_10,9.7
1,7,50,S,S_7,S_34,9.7
1,7,50,S,S_7,S_38,9.7
1,7,50,S,S_7,S_11,10
1,7,50,S,S_7,S_15,10
1,7,50,S,S_7,S_17,10
1,7,50,S,S_7,S_13,10.3
1,7,50,S,S_7,S_35,10.3
1,7,50,S,S_7,S_42,10.3
1,7,50,S,S_7,S_24,10
1,7,50,S,S_7,S_45,10
1,7,50,S,S_7,S_27,10
1,7,50,S,S_7,S_37,10
1,7,50,S,S_8,S_11,9.7
1,7,50,S,S_8,S_15,9.7
1,7,50,S,S_8,S_24,9.7
1,7,50,S,S_8,S_9,9.7
1,7,50,S,S_8,S_26,10.3
1,7,50,S,S_8,S_29,10
1,7,50,S,S_8,S_33,10
1,7,50,S,S_8,S_39,10
1,7,50,S,S_8,S_28,10
1,7,50,S,S_8,S_44,10
1,7,50,S,S_8,S_10,10
1,7,50,S,S_8,S_13,10
1,7,50,S,S_8,S_34,10.3
1,7,50,S,S_8,S_12,10.3
1,7,50,S,S_8,S_14,10.3
1,7,50,S,S_8,S_37,10.3
1,7,50,S,S_8,S_47,10.3
1,7,50,S,S_8,S_17,10
1,7,50,S,S_8,S_31,10
1,7,50,S,S_8,S_43,10
1,7,50,S,S_9,S_33,10
1,7,50,S,S_9,S_18,10.3
1,7,50,S,S_9,S_28,10.3
1,7,50,S,S_9,S_45,10.3
1,7,50,S,S_9,S_35,10.3
1,7,50,S,S_9,S_49,10.3
1,7,50,S,S_9,S_25,10
1,7,50,S,S_9,S_17,10
1,7,50,S,S_9,S_12,9.7
1,7,50,S,S_9,S_14,9.7
1,7,50,S,S_9,S_19,9.7
1,7,50,S,S_9,S_11,9.7
1,7,50,S,S_9,S_34,9.4
1,7,50,S,S_9,S_41,9.4
1,7,50,S,S_9,S_50,9.4
1,7,50,S,S_9,S_21,9.4
1,7,50,S,S_9,S_13,9.7
1,7,50,S,S_9,S_20,9.7
1,7,50,S,S_9,S_39,9.7
1,7,50,S,S_9,S_47,9.7
1,7,50,S,S_9,S_27,10
1,7,50,S,S_9,S_30,10
1,7,50,S,S_9,S_37,10
1,7,50,S,S_10,S_15,9.4
1,7,50,S,S_10,S_25,9.4
1,7,50,S,S_10,S_30,9.4
1,7,50,S,S_10,S_22,9.4
1,7,50,S,S_10,S_36,9.4
1,7,50,S,S_10,S_38,9.4
1,7,50,S,S_10,S_21,9.7
1,7,50,S,S_10,S_23,9.7
1,7,50,S,S_10,S_29,9.7
1,7,50,S,S_10,S_24,9.7
1,7,50,S,S_10,S_39,9.7
1,7,50,S,S_10,S_45,9.7
1,7,50,S,S_10,S_18,9.4
1,7,50,S,S_10,S_27,9.4
1,7,50,S,S_10,S_28,9.4
1,7,50,S,S_10,S_32,9.4
1,7,50,S,S_10,S_42,9.4
1,7,50,S,S_10,S_40,9.4
1,7,50,S,S_10,S_26,9.4
1,7,50,S,S_10,S_44,9.4
1,7,50,S,S_10,S_35,10
1,7,50,S,S_10,S_49,10
1,7,50,S,S_11,S_15,9.4
1,7,50,S,S_11,S_19,9.4
1,7,50,S,S_11,S_27,9.4
1,7,50,S,S_11,S_34,9.4
1,7,50,S,S_11,S_50,9.4
1,7,50,S,S_11,S_24,9.4
1,7,50,S,S_11,S_30,9.4
1,7,50,S,S_11,S_22,9.7
1,7,50,S,S_11,S_42,9.7
1,7,50,S,S_11,S_44,9.7
1,7,50,S,S_11,S_12,9.7
1,7,50,S,S_11,S_33,9.7
1,7,50,S,S_11,S_29,9.4
1,7,50,S,S_11,S_36,9.4
1,7,50,S,S_11,S_41,9.4
1,7,50,S,S_11,S_20,9.7
1,7,50,S,S_11,S_25,9.7
1,7,50,S,S_11,S_26,9.7
1,7,50,S,S_11,S_18,10
1,7,50,S,S_11,S_49,10
1,7,50,S,S_11,S_43,10
1,7,50,S,S_12,S_49,9.4
1,7,50,S,S_12,S_27,9.4
1,7,50,S,S_12,S_28,9.4
1,7,50,S,S_12,S_43,9.4
1,7,50,S,S_12,S_50,9.4
1,7,50,S,S_12,S_47,9.7
1,7,50,S,S_12,S_31,9.7
1,7,50,S,S_12,S_33,9.7
1,7,50,S,S_12,S_17,9.4
1,7,50,S,S_12,S_22,9.4
1,7,50,S,S_12,S_24,9.4
1,7,50,S,S_12,S_40,9.4
1,7,50,S,S_12,S_35,9.4
1,7,50,S,S_12,S_32,9.4
1,7,50,S,S_12,S_41,9.4
1,7,50,S,S_12,S_25,9.7
1,7,50,S,S_12,S_13,9.7
1,7,50,S,S_12,S_45,10
1,7,50,S,S_12,S_15,10
1,7,50,S,S_12,S_26,10
1,7,50,S,S_13,S_26,9.4
1,7,50,S,S_13,S_41,9.4
1,7,50,S,S_13,S_33,9.4
1,7,50,S,S_13,S_35,9.4
1,7,50,S,S_13,S_31,9.4
1,7,50,S,S_13,S_50,9.4
1,7,50,S,S_13,S_38,9.7
1,7,50,S,S_13,S_45,9.7
1,7,50,S,S_13,S_14,9.7
1,7,50,S,S_13,S_37,9.7
1,7,50,S,S_13,S_40,9.7
1,7,50,S,S_14,S_17,9.4
1,7,50,S,S_14,S_24,9.4
1,7,50,S,S_14,S_34,9.7
1,7,50,S,S_14,S_45,9.7
1,7,50,S,S_14,S_47,9.7
1,7,50,S,S_14,S_21,9.7
1,7,50,S,S_14,S_27,9.7
1,7,50,S,S_14,S_37,9.7
1,7,50,S,S_14,S_40,9.7
1,7,50,S,S_14,S_48,9.7
1,7,50,S,S_14,S_20,10
1,7,50,S,S_14,S_49,10
1,7,50,S,S_15,S_39,9.4
1,7,50,S,S_15,S_24,9.7
1,7,50,S,S_15,S_43,9.7
1,7,50,S,S_15,S_42,10
1,7,50,S,S_16,S_20,9.4
1,7,50,S,S_16,S_18,9.4
1,7,50,S,S_16,S_48,9.4
1,7,50,S,S_16,S_37,10
1,7,50,S,S_16,S_38,10
1,7,50,S,S_17,S_25,9.4
1,7,50,S,S_17,S_34,9.4
1,7,50,S,S_17,S_39,9.4
1,7,50,S,S_17,S_44,9.4
1,7,50,S,S_17,S_46,9.7
1,7,50,S,S_17,S_50,9.7
1,7,50,S,S_17,S_23,9.7
1,7,50,S,S_17,S_31,9.7
1,7,50,S,S_17,S_45,9.7
1,7,50,S,S_17,S_36,10
1,7,50,S,S_18,S_25,9.4
1,7,50,S,S_18,S_45,9.4
1,7,50,S,S_18,S_26,9.7
1,7,50,S,S_18,S_47,9.7
1,7,50,S,S_18,S_28,9.7
1,7,50,S,S_18,S_23,10
1,7,50,S,S_19,S_30,9.4
1,7,50,S,S_19,S_32,9.4
1,7,50,S,S_19,S_46,9.7
1,7,50,S,S_19,S_31,9.7
1,7,50,S,S_19,S_25,10
1,7,50,S,S_19,S_26,10
1,7,50,S,S_20,S_24,9.4
1,7,50,S,S_20,S_29,9.4
1,7,50,S,S_20,S_50,9.4
1,7,50,S,S_20,S_21,10.3
1,7,50,S,S_20,S_49,10
1,7,50,S,S_21,S_24,9.7
1,7,50,S,S_21,S_41,10
1,7,50,S,S_21,S_23,10.3
1,7,50,S,S_21,S_30,10.3
1,7,50,S,S_21,S_31,10
1,7,50,S,S_21,S_33,10
1,7,50,S,S_21,S_46,10
1,7,50,S,S_22,S_50,9.7
1,7,50,S,S_22,S_24,9.7
1,7,50,S,S_22,S_30,9.7
1,7,50,S,S_22,S_42,9.7
1,7,50,S,S_22,S_33,10
1,7,50,S,S_22,S_34,10
1,7,50,S,S_22,S_39,10.3
1,7,50,S,S_22,S_44,10.3
1,7,50,S,S_22,S_45,10.3
1,7,50,S,S_22,S_31,10
1,7,50,S,S_23,S_25,10
1,7,50,S,S_23,S_32,10
1,7,50,S,S_23,S_34,10
1,7,50,S,S_23,S_49,10
1,7,50,S,S_23,S_26,10
1,7,50,S,S_23,S_31,10
1,7,50,S,S_23,S_33,10
1,7,50,S,S_23,S_28,10.3
1,7,50,S,S_23,S_36,10.3
1,7,50,S,S_23,S_44,10.3
1,7,50,S,S_23,S_29,10.3
1,7,50,S,S_23,S_38,10.3
1,7,50,S,S_23,S_27,10
1,7,50,S,S_23,S_41,10
1,7,50,S,S_24,S_42,9.7
1,7,50,S,S_24,S_40,10
1,7,50,S,S_24,S_43,10
1,7,50,S,S_24,S_50,10
1,7,50,S,S_24,S_45,10.3
1,7,50,S,S_24,S_25,10.3
1,7,50,S,S_24,S_46,10
1,7,50,S,S_24,S_29,10.3
1,7,50,S,S_24,S_35,10.3
1,7,50,S,S_24,S_37,10.3
1,7,50,S,S_24,S_48,10.3
1,7,50,S,S_24,S_38,10
1,7,50,S,S_24,S_31,10
1,7,50,S,S_24,S_33,10
1,7,50,S,S_25,S_30,10
1,7,50,S,S_25,S_42,10
1,7,50,S,S_25,S_27,10.3
1,7,50,S,S_25,S_31,10
1,7,50,S,S_25,S_45,10
1,7,50,S,S_25,S_38,10
1,7,50,S,S_25,S_47,10
1,7,50,S,S_25,S_29,10.3
1,7,50,S,S_25,S_32,10.3
1,7,50,S,S_25,S_36,10.3
1,7,50,S,S_25,S_28,10.3
1,7,50,S,S_25,S_40,10.3
1,7,50,S,S_25,S_46,10.3
1,7,50,S,S_25,S_37,10
1,7,50,S,S_25,S_44,10
1,7,50,S,S_26,S_40,9.7
1,7,50,S,S_26,S_33,10
1,7,50,S,S_26,S_37,10
1,7,50,S,S_26,S_41,10
1,7,50,S,S_26,S_46,10
1,7,50,S,S_26,S_31,10
1,7,50,S,S_26,S_35,10.3
1,7,50,S,S_26,S_43,10.3
1,7,50,S,S_26,S_50,10.3
1,7,50,S,S_26,S_48,10
1,7,50,S,S_26,S_32,10
1,7,50,S,S_26,S_28,10.3
1,7,50,S,S_27,S_38,9.7
1,7,50,S,S_27,S_45,9.7
1,7,50,S,S_27,S_30,9.7
1,7,50,S,S_27,S_43,9.7
1,7,50,S,S_27,S_44,9.7
1,7,50,S,S_27,S_47,10
1,7,50,S,S_27,S_28,10.3
1,7,50,S,S_27,S_29,10.3
1,7,50,S,S_27,S_36,10.3
1,7,50,S,S_27,S_34,10
1,7,50,S,S_27,S_42,10.3
1,7,50,S,S_27,S_32,10.3
1,7,50,S,S_27,S_46,10.3
1,7,50,S,S_27,S_39,10
1,7,50,S,S_27,S_40,10
1,7,50,S,S_28,S_35,9.7
1,7,50,S,S_28,S_32,10.3
1,7,50,S,S_28,S_33,10.3
1,7,50,S,S_28,S_37,10.3
1,7,50,S,S_28,S_50,10.3
1,7,50,S,S_28,S_48,10
1,7,50,S,S_28,S_39,10
1,7,50,S,S_28,S_44,10
1,7,50,S,S_28,S_31,10
1,7,50,S,S_28,S_42,10
1,7,50,S,S_28,S_45,10
1,7,50,S,S_28,S_41,10
1,7,50,S,S_29,S_30,9.7
1,7,50,S,S_29,S_36,9.7
1,7,50,S,S_29,S_42,10
1,7,50,S,S_29,S_33,10.3
1,7,50,S,S_29,S_48,10.3
1,7,50,S,S_29,S_44,10
1,7,50,S,S_29,S_39,10
1,7,50,S,S_29,S_32,10.3
1,7,50,S,S_29,S_40,10.3
1,7,50,S,S_29,S_46,10.3
1,7,50,S,S_29,S_45,10
1,7,50,S,S_30,S_38,10
1,7,50,S,S_30,S_36,10
1,7,50,S,S_30,S_32,10.3
1,7,50,S,S_30,S_48,10.3
1,7,50,S,S_30,S_31,10
1,7,50,S,S_30,S_33,10
1,7,50,S,S_30,S_50,10
1,7,50,S,S_30,S_45,10
1,7,50,S,S_31,S_39,9.7
1,7,50,S,S_31,S_36,9.7
1,7,50,S,S_31,S_42,9.7
1,7,50,S,S_31,S_45,10
1,7,50,S,S_31,S_32,10
1,7,50,S,S_31,S_47,10
1,7,50,S,S_31,S_34,10.3
1,7,50,S,S_31,S_44,10.3
1,7,50,S,S_31,S_49,10.3
1,7,50,S,S_31,S_40,10
1,7,50,S,S_32,S_44,9.7
1,7,50,S,S_32,S_35,9.7
1,7,50,S,S_32,S_49,9.7
1,7,50,S,S_32,S_50,10
1,7,50,S,S_32,S_38,10.3
1,7,50,S,S_32,S_39,10
1,7,50,S,S_32,S_40,10
1,7,50,S,S_33,S_40,9.7
1,7,50,S,S_33,S_49,9.7
1,7,50,S,S_33,S_37,10.3
1,7,50,S,S_33,S_43,10.3
1,7,50,S,S_33,S_42,10
1,7,50,S,S_33,S_36,10
1,7,50,S,S_34,S_46,9.7
1,7,50,S,S_34,S_45,10
1,7,50,S,S_34,S_47,10
1,7,50,S,S_34,S_35,10
1,7,50,S,S_34,S_38,10.3
1,7,50,S,S_34,S_39,10.3
1,7,50,S,S_34,S_48,10
1,7,50,S,S_34,S_43,10.3
1,7,50,S,S_34,S_44,10.3
1,7,50,S,S_34,S_42,10
1,7,50,S,S_35,S_37,10
1,7,50,S,S_35,S_45,10
1,7,50,S,S_35,S_46,10
1,7,50,S,S_35,S_36,10.3
1,7,50,S,S_35,S_39,10
1,7,50,S,S_35,S_47,10
1,7,50,S,S_35,S_40,10
1,7,50,S,S_36,S_38,9.7
1,7,50,S,S_36,S_49,9.7
1,7,50,S,S_36,S_42,10.3
1,7,50,S,S_37,S_45,9.7
1,7,50,S,S_37,S_43,10
1,7,50,S,S_37,S_47,10
1,7,50,S,S_37,S_50,10
1,7,50,S,S_38,S_49,9.7
1,7,50,S,S_38,S_47,10
1,7,50,S,S_39,S_44,9.7
1,7,50,S,S_39,S_50,10
1,7,50,S,S_40,S_41,9.7
1,7,50,S,S_40,S_48,10.3
1,7,50,S,S_41,S_45,9.7
1,7,50,S,S_41,S_48,10
1,7,50,S,S_41,S_44,10.3
1,7,50,S,S_42,S_43,10.3
1,7,50,S,S_42,S_49,10.3
1,7,50,S,S_43,S_45,9.7
1,7,50,S,S_43,S_44,9.7
1,7,50,S,S_43,S_46,10.3
1,7,50,S,S_43,S_47,10.3
1,7,50,S,S_43,S_48,10
1,7,50,S,S_44,S_45,10
1,7,50,S,S_44,S_46,10
1,7,50,S,S_46,S_50,10.3
1,7,50,S,S_48,S_50,10
1,8,50,S,S_1,S_28,9.7
1,8,50,S,S_1,S_41,9.7
1,8,50,S,S_1,S_27,9.7
1,8,50,S,S_1,S_31,9.7
1,8,50,S,S_1,S_11,10
1,8,50,S,S_1,S_17,10
1,8,50,S,S_1,S_45,10
1,8,50,S,S_1,S_18,10
1,8,50,S,S_1,S_43,10
1,8,50,S,S_1,S_35,9.7
1,8,50,S,S_1,S_48,9.7
1,8,50,S,S_1,S_42,10
1,8,50,S,S_1,S_46,10
1,8,50,S,S_1,S_50,10
1,8,50,S,S_1,S_9,10
1,8,50,S,S_1,S_39,10
1,8,50,S,S_1,S_40,10
1,8,50,S,S_1,S_44,10
1,8,50,S,S_1,S_2,10.3
1,8,50,S,S_1,S_30,10.3
1,8,50,S,S_1,S_37,10
1,8,50,S,S_2,S_35,9.7
1,8,50,S,S_2,S_39,9.7
1,8,50,S,S_2,S_5,9.7
1,8,50,S,S_2,S_11,9.7
1,8,50,S,S_2,S_6,10
1,8,50,S,S_2,S_27,10
1,8,50,S,S_2,S_28,10
1,8,50,S,S_2,S_12,10
1,8,50,S,S_2,S_41,10
1,8,50,S,S_2,S_43,9.7
1,8,50,S,S_2,S_13,9.7
1,8,50,S,S_2,S_31,10
1,8,50,S,S_2,S_21,10.3
1,8,50,S,S_2,S_23,10.3
1,8,50,S,S_2,S_25,10.3
1,8,50,S,S_2,S_40,9.7
1,8,50,S,S_2,S_42,9.7
1,8,50,S,S_2,S_44,9.7
1,8,50,S,S_2,S_46,9.7
1,8,50,S,S_2,S_50,9.7
1,8,50,S,S_2,S_17,9.7
1,8,50,S,S_2,S_45,9.7
1,8,50,S,S_2,S_47,10
1,8,50,S,S_2,S_4,10
1,8,50,S,S_2,S_9,10
1,8,50,S,S_2,S_24,10
1,8,50,S,S_3,S_33,9.4
1,8,50,S,S_3,S_11,9.4
1,8,50,S,S_3,S_18,9.4
1,8,50,S,S_3,S_5,9.7
1,8,50,S,S_3,S_28,9.7
1,8,50,S,S_3,S_30,9.7
1,8,50,S,S_3,S_50,9.7
1,8,50,S,S_3,S_4,10
1,8,50,S,S_3,S_15,10
1,8,50,S,S_3,S_31,10
1,8,50,S,S_3,S_42,10
1,8,50,S,S_3,S_6,10
1,8,50,S,S_3,S_34,10
1,8,50,S,S_4,S_22,9.4
1,8,50,S,S_4,S_31,9.4
1,8,50,S,S_4,S_17,9.4
1,8,50,S,S_4,S_26,9.4
1,8,50,S,S_4,S_28,9.4
1,8,50,S,S_4,S_16,9.4
1,8,50,S,S_4,S_18,9.4
1,8,50,S,S_4,S_30,9.4
1,8,50,S,S_4,S_44,9.4
1,8,50,S,S_4,S_15,9.4
1,8,50,S,S_4,S_45,9.4
1,8,50,S,S_4,S_24,9.7
1,8,50,S,S_4,S_40,9.7
1,8,50,S,S_4,S_8,9.7
1,8,50,S,S_4,S_10,9.7
1,8,50,S,S_4,S_42,9.7
1,8,50,S,S_4,S_12,10
1,8,50,S,S_4,S_47,10
1,8,50,S,S_5,S_35,9.4
1,8,50,S,S_5,S_40,9.4
1,8,50,S,S_5,S_43,9.4
1,8,50,S,S_5,S_14,9.7
1,8,50,S,S_5,S_33,9.7
1,8,50,S,S_5,S_9,9.7
1,8,50,S,S_5,S_47,9.7
1,8,50,S,S_5,S_21,10
1,8,50,S,S_5,S_45,10
1,8,50,S,S_5,S_50,10
1,8,50,S,S_5,S_15,9.7
1,8,50,S,S_5,S_39,9.7
1,8,50,S,S_5,S_13,9.7
1,8,50,S,S_5,S_44,9.7
1,8,50,S,S_5,S_49,9.7
1,8,50,S,S_5,S_23,10
1,8,50,S,S_5,S_28,10
1,8,50,S,S_6,S_12,9.4
1,8,50,S,S_6,S_20,9.4
1,8,50,S,S_6,S_31,9.4
1,8,50,S,S_6,S_40,9.4
1,8,50,S,S_6,S_45,9.4
1,8,50,S,S_6,S_18,9.4
1,8,50,S,S_6,S_41,9.4
1,8,50,S,S_6,S_47,9.4
1,8,50,S,S_6,S_24,9.4
1,8,50,S,S_6,S_26,9.4
1,8,50,S,S_6,S_48,9.4
1,8,50,S,S_6,S_9,9.7
1,8,50,S,S_6,S_39,9.7
1,8,50,S,S_6,S_46,9.7
1,8,50,S,S_6,S_28,9.7
1,8,50,S,S_6,S_35,9.7
1,8,50,S,S_6,S_17,10
1,8,50,S,S_6,S_30,9.7
1,8,50,S,S_6,S_42,9.7
1,8,50,S,S_6,S_43,9.7
1,8,50,S,S_6,S_16,9.7
1,8,50,S,S_6,S_14,10
1,8,50,S,S_6,S_29,10
1,8,50,S,S_6,S_33,10
1,8,50,S,S_6,S_36,10
1,8,50,S,S_7,S_26,9.4
1,8,50,S,S_7,S_31,9.4
1,8,50,S,S_7,S_36,9.4
1,8,50,S,S_7,S_50,9.4
1,8,50,S,S_7,S_12,9.4
1,8,50,S,S_7,S_8,9.4
1,8,50,S,S_7,S_33,9.4
1,8,50,S,S_7,S_43,9.4
1,8,50,S,S_7,S_10,9.4
1,8,50,S,S_7,S_34,9.4
1,8,50,S,S_7,S_38,9.4
1,8,50,S,S_7,S_11,9.7
1,8,50,S,S_7,S_15,9.7
1,8,50,S,S_7,S_17,9.7
1,8,50,S,S_7,S_13,10
1,8,50,S,S_7,S_35,10
1,8,50,S,S_7,S_42,10
1,8,50,S,S_7,S_24,9.7
1,8,50,S,S_7,S_45,9.7
1,8,50,S,S_7,S_27,9.7
1,8,50,S,S_7,S_37,9.7
1,8,50,S,S_7,S_21,10
1,8,50,S,S_7,S_22,10
1,8,50,S,S_8,S_11,9.4
1,8,50,S,S_8,S_15,9.4
1,8,50,S,S_8,S_24,9.4
1,8,50,S,S_8,S_9,9.4
1,8,50,S,S_8,S_26,10
1,8,50,S,S_8,S_29,9.7
1,8,50,S,S_8,S_33,9.7
1,8,50,S,S_8,S_39,9.7
1,8,50,S,S_8,S_28,9.7
1,8,50,S,S_8,S_44,9.7
1,8,50,S,S_8,S_10,9.7
1,8,50,S,S_8,S_13,9.7
1,8,50,S,S_8,S_34,10
1,8,50,S,S_8,S_12,10
1,8,50,S,S_8,S_14,10
1,8,50,S,S_8,S_37,10
1,8,50,S,S_8,S_47,10
1,8,50,S,S_8,S_17,9.7
1,8,50,S,S_8,S_31,9.7
1,8,50,S,S_8,S_43,9.7
1,8,50,S,S_8,S_19,10
1,8,50,S,S_8,S_30,10
1,8,50,S,S_9,S_33,9.7
1,8,50,S,S_9,S_18,10
1,8,50,S,S_9,S_28,10
1,8,50,S,S_9,S_45,10
1,8,50,S,S_9,S_35,10
1,8,50,S,S_9,S_49,10
1,8,50,S,S_9,S_25,9.7
1,8,50,S,S_9,S_17,9.7
1,8,50,S,S_9,S_12,9.4
1,8,50,S,S_9,S_14,9.4
1,8,50,S,S_9,S_19,9.4
1,8,50,S,S_9,S_11,9.4
1,8,50,S,S_9,S_13,9.4
1,8,50,S,S_9,S_20,9.4
1,8,50,S,S_9,S_39,9.4
1,8,50,S,S_9,S_47,9.4
1,8,50,S,S_9,S_27,9.7
1,8,50,S,S_9,S_30,9.7
1,8,50,S,S_9,S_37,9.7
1,8,50,S,S_9,S_29,10
1,8,50,S,S_9,S_48,10
1,8,50,S,S_9,S_15,10
1,8,50,S,S_9,S_40,10
1,8,50,S,S_10,S_21,9.4
1,8,50,S,S_10,S_23,9.4
1,8,50,S,S_10,S_29,9.4
1,8,50,S,S_10,S_24,9.4
1,8,50,S,S_10,S_39,9.4
1,8,50,S,S_10,S_45,9.4
1,8,50,S,S_10,S_35,9.7
1,8,50,S,S_10,S_49,9.7
1,8,50,S,S_10,S_34,10
1,8,50,S,S_10,S_47,10
1,8,50,S,S_11,S_22,9.4
1,8,50,S,S_11,S_42,9.4
1,8,50,S,S_11,S_44,9.4
1,8,50,S,S_11,S_12,9.4
1,8,50,S,S_11,S_33,9.4
1,8,50,S,S_11,S_20,9.4
1,8,50,S,S_11,S_25,9.4
1,8,50,S,S_11,S_26,9.4
1,8,50,S,S_11,S_18,9.7
1,8,50,S,S_11,S_49,9.7
1,8,50,S,S_11,S_43,9.7
1,8,50,S,S_11,S_13,10
1,8,50,S,S_11,S_28,10
1,8,50,S,S_11,S_40,10
1,8,50,S,S_11,S_21,10
1,8,50,S,S_12,S_47,9.4
1,8,50,S,S_12,S_31,9.4
1,8,50,S,S_12,S_33,9.4
1,8,50,S,S_12,S_25,9.4
1,8,50,S,S_12,S_13,9.4
1,8,50,S,S_12,S_45,9.7
1,8,50,S,S_12,S_15,9.7
1,8,50,S,S_12,S_26,9.7
1,8,50,S,S_12,S_21,10
1,8,50,S,S_12,S_42,10
1,8,50,S,S_12,S_46,10
1,8,50,S,S_12,S_37,10
1,8,50,S,S_12,S_38,10
1,8,50,S,S_13,S_38,9.4
1,8,50,S,S_13,S_45,9.4
1,8,50,S,S_13,S_14,9.4
1,8,50,S,S_13,S_37,9.4
1,8,50,S,S_13,S_40,9.4
1,8,50,S,S_13,S_23,10
1,8,50,S,S_13,S_48,10
1,8,50,S,S_13,S_47,10
1,8,50,S,S_13,S_49,10
1,8,50,S,S_14,S_34,9.4
1,8,50,S,S_14,S_45,9.4
1,8,50,S,S_14,S_47,9.4
1,8,50,S,S_14,S_21,9.4
1,8,50,S,S_14,S_27,9.4
1,8,50,S,S_14,S_37,9.4
1,8,50,S,S_14,S_40,9.4
1,8,50,S,S_14,S_48,9.4
1,8,50,S,S_14,S_20,9.7
1,8,50,S,S_14,S_49,9.7
1,8,50,S,S_14,S_29,10
1,8,50,S,S_14,S_44,10
1,8,50,S,S_14,S_39,10
1,8,50,S,S_15,S_24,9.4
1,8,50,S,S_15,S_43,9.4
1,8,50,S,S_15,S_42,9.7
1,8,50,S,S_15,S_22,10
1,8,50,S,S_16,S_37,9.7
1,8,50,S,S_16,S_38,9.7
1,8,50,S,S_16,S_23,10
1,8,50,S,S_16,S_26,10
1,8,50,S,S_17,S_46,9.4
1,8,50,S,S_17,S_50,9.4
1,8,50,S,S_17,S_23,9.4
1,8,50,S,S_17,S_31,9.4
1,8,50,S,S_17,S_45,9.4
1,8,50,S,S_17,S_36,9.7
1,8,50,S,S_17,S_18,10
1,8,50,S,S_17,S_48,10
1,8,50,S,S_17,S_30,10
1,8,50,S,S_17,S_42,10
1,8,50,S,S_18,S_26,9.4
1,8,50,S,S_18,S_47,9.4
1,8,50,S,S_18,S_28,9.4
1,8,50,S,S_18,S_23,9.7
1,8,50,S,S_18,S_29,10
1,8,50,S,S_18,S_40,10
1,8,50,S,S_18,S_49,10
1,8,50,S,S_19,S_46,9.4
1,8,50,S,S_19,S_31,9.4
1,8,50,S,S_19,S_25,9.7
1,8,50,S,S_19,S_26,9.7
1,8,50,S,S_19,S_38,10
1,8,50,S,S_19,S_33,10
1,8,50,S,S_20,S_21,10
1,8,50,S,S_20,S_49,9.7
1,8,50,S,S_20,S_44,10
1,8,50,S,S_20,S_47,10
1,8,50,S,S_20,S_31,10
1,8,50,S,S_21,S_24,9.4
1,8,50,S,S_21,S_41,9.7
1,8,50,S,S_21,S_23,10
1,8,50,S,S_21,S_30,10
1,8,50,S,S_21,S_31,9.7
1,8,50,S,S_21,S_33,9.7
1,8,50,S,S_21,S_46,9.7
1,8,50,S,S_22,S_50,9.4
1,8,50,S,S_22,S_24,9.4
1,8,50,S,S_22,S_30,9.4
1,8,50,S,S_22,S_42,9.4
1,8,50,S,S_22,S_33,9.7
1,8,50,S,S_22,S_34,9.7
1,8,50,S,S_22,S_39,10
1,8,50,S,S_22,S_44,10
1,8,50,S,S_22,S_45,10
1,8,50,S,S_22,S_31,10.3
1,8,50,S,S_23,S_25,10.3
1,8,50,S,S_23,S_32,10.3
1,8,50,S,S_23,S_34,10.3
1,8,50,S,S_23,S_49,10.3
1,8,50,S,S_23,S_26,10.3
1,8,50,S,S_23,S_31,10.3
1,8,50,S,S_23,S_33,10.3
1,8,50,S,S_23,S_28,10.6
1,8,50,S,S_23,S_36,10.6
1,8,50,S,S_23,S_44,10.6
1,8,50,S,S_23,S_29,10.6
1,8,50,S,S_23,S_38,10.6
1,8,50,S,S_23,S_27,10.3
1,8,50,S,S_23,S_41,10.3
1,8,50,S,S_23,S_30,10
1,8,50,S,S_23,S_35,10
1,8,50,S,S_23,S_24,10
1,8,50,S,S_24,S_42,10
1,8,50,S,S_24,S_40,10.3
1,8,50,S,S_24,S_43,10.3
1,8,50,S,S_24,S_50,10.3
1,8,50,S,S_24,S_45,10.6
1,8,50,S,S_24,S_25,10.6
1,8,50,S,S_24,S_46,10.3
1,8,50,S,S_24,S_29,10.6
1,8,50,S,S_24,S_35,10.6
1,8,50,S,S_24,S_37,10.6
1,8,50,S,S_24,S_48,10.6
1,8,50,S,S_24,S_38,10.3
1,8,50,S,S_24,S_31,10.3
1,8,50,S,S_24,S_33,10.3
1,8,50,S,S_24,S_27,10
1,8,50,S,S_24,S_49,10
1,8,50,S,S_24,S_30,10
1,8,50,S,S_25,S_30,10.3
1,8,50,S,S_25,S_42,10.3
1,8,50,S,S_25,S_27,10.6
1,8,50,S,S_25,S_31,10.3
1,8,50,S,S_25,S_45,10.3
1,8,50,S,S_25,S_38,10.3
1,8,50,S,S_25,S_47,10.3
1,8,50,S,S_25,S_29,10.6
1,8,50,S,S_25,S_32,10.6
1,8,50,S,S_25,S_36,10.6
1,8,50,S,S_25,S_28,10.6
1,8,50,S,S_25,S_40,10.6
1,8,50,S,S_25,S_46,10.6
1,8,50,S,S_25,S_37,10.3
1,8,50,S,S_25,S_44,10.3
1,8,50,S,S_25,S_49,10
1,8,50,S,S_26,S_40,10
1,8,50,S,S_26,S_33,10.3
1,8,50,S,S_26,S_37,10.3
1,8,50,S,S_26,S_41,10.3
1,8,50,S,S_26,S_46,10.3
1,8,50,S,S_26,S_31,10.3
1,8,50,S,S_26,S_35,10.6
1,8,50,S,S_26,S_43,10.6
1,8,50,S,S_26,S_50,10.6
1,8,50,S,S_26,S_48,10.3
1,8,50,S,S_26,S_32,10.3
1,8,50,S,S_26,S_28,10.6
1,8,50,S,S_26,S_27,10
1,8,50,S,S_26,S_38,10
1,8,50,S,S_27,S_38,10
1,8,50,S,S_27,S_45,10
1,8,50,S,S_27,S_30,10
1,8,50,S,S_27,S_43,10
1,8,50,S,S_27,S_44,10
1,8,50,S,S_27,S_47,10.3
1,8,50,S,S_27,S_28,10.6
1,8,50,S,S_27,S_29,10.6
1,8,50,S,S_27,S_36,10.6
1,8,50,S,S_27,S_34,10.3
1,8,50,S,S_27,S_42,10.6
1,8,50,S,S_27,S_32,10.6
1,8,50,S,S_27,S_46,10.6
1,8,50,S,S_27,S_39,10.3
1,8,50,S,S_27,S_40,10.3
1,8,50,S,S_27,S_37,10
1,8,50,S,S_28,S_35,10
1,8,50,S,S_28,S_32,10.6
1,8,50,S,S_28,S_33,10.6
1,8,50,S,S_28,S_37,10.6
1,8,50,S,S_28,S_50,10
1,8,50,S,S_28,S_48,9.7
1,8,50,S,S_28,S_39,9.7
1,8,50,S,S_28,S_44,9.7
1,8,50,S,S_28,S_31,9.7
1,8,50,S,S_28,S_42,9.7
1,8,50,S,S_28,S_45,9.7
1,8,50,S,S_28,S_41,9.7
1,8,50,S,S_28,S_34,10
1,8,50,S,S_28,S_46,10
1,8,50,S,S_28,S_47,10
1,8,50,S,S_29,S_30,9.4
1,8,50,S,S_29,S_36,9.4
1,8,50,S,S_29,S_42,9.7
1,8,50,S,S_29,S_33,10
1,8,50,S,S_29,S_48,10
1,8,50,S,S_29,S_44,9.7
1,8,50,S,S_29,S_39,9.7
1,8,50,S,S_29,S_32,10
1,8,50,S,S_29,S_40,10
1,8,50,S,S_29,S_46,10
1,8,50,S,S_29,S_45,9.7
1,8,50,S,S_29,S_38,10
1,8,50,S,S_29,S_41,10
1,8,50,S,S_29,S_43,10
1,8,50,S,S_30,S_38,9.7
1,8,50,S,S_30,S_36,9.7
1,8,50,S,S_30,S_32,10
1,8,50,S,S_30,S_48,10
1,8,50,S,S_30,S_31,9.7
1,8,50,S,S_30,S_33,9.7
1,8,50,S,S_30,S_50,9.7
1,8,50,S,S_30,S_45,9.7
1,8,50,S,S_30,S_35,10
1,8,50,S,S_30,S_46,10
1,8,50,S,S_31,S_39,9.4
1,8,50,S,S_31,S_36,9.4
1,8,50,S,S_31,S_42,9.4
1,8,50,S,S_31,S_45,9.7
1,8,50,S,S_31,S_32,9.7
1,8,50,S,S_31,S_47,9.7
1,8,50,S,S_31,S_34,10
1,8,50,S,S_31,S_44,10
1,8,50,S,S_31,S_49,10
1,8,50,S,S_31,S_40,9.7
1,8,50,S,S_32,S_44,9.4
1,8,50,S,S_32,S_35,9.4
1,8,50,S,S_32,S_49,9.4
1,8,50,S,S_32,S_50,9.7
1,8,50,S,S_32,S_38,10
1,8,50,S,S_32,S_39,9.7
1,8,50,S,S_32,S_40,9.7
1,8,50,S,S_32,S_43,10
1,8,50,S,S_32,S_46,10
1,8,50,S,S_32,S_33,10
1,8,50,S,S_32,S_36,10
1,8,50,S,S_32,S_48,10
1,8,50,S,S_33,S_40,9.4
1,8,50,S,S_33,S_49,9.4
1,8,50,S,S_33,S_37,10
1,8,50,S,S_33,S_43,10
1,8,50,S,S_33,S_42,9.7
1,8,50,S,S_33,S_36,9.7
1,8,50,S,S_34,S_46,9.4
1,8,50,S,S_34,S_45,9.7
1,8,50,S,S_34,S_47,9.7
1,8,50,S,S_34,S_35,9.7
1,8,50,S,S_34,S_38,10
1,8,50,S,S_34,S_39,10
1,8,50,S,S_34,S_48,9.7
1,8,50,S,S_34,S_43,10
1,8,50,S,S_34,S_44,10
1,8,50,S,S_34,S_42,9.7
1,8,50,S,S_34,S_40,10
1,8,50,S,S_35,S_37,9.7
1,8,50,S,S_35,S_45,9.7
1,8,50,S,S_35,S_46,9.7
1,8,50,S,S_35,S_36,10
1,8,50,S,S_35,S_39,9.7
1,8,50,S,S_35,S_47,9.7
1,8,50,S,S_35,S_40,9.7
1,8,50,S,S_36,S_38,9.4
1,8,50,S,S_36,S_49,9.4
1,8,50,S,S_36,S_42,10
1,8,50,S,S_37,S_45,9.4
1,8,50,S,S_37,S_43,9.7
1,8,50,S,S_37,S_47,9.7
1,8,50,S,S_37,S_50,10.3
1,8,50,S,S_37,S_42,10
1,8,50,S,S_37,S_46,10
1,8,50,S,S_38,S_49,10
1,8,50,S,S_38,S_47,10.3
1,8,50,S,S_38,S_39,10
1,8,50,S,S_39,S_44,10
1,8,50,S,S_39,S_50,10.3
1,8,50,S,S_40,S_41,10
1,8,50,S,S_40,S_48,10.6
1,8,50,S,S_40,S_47,10
1,8,50,S,S_41,S_45,10
1,8,50,S,S_41,S_48,10.3
1,8,50,S,S_41,S_44,10.6
1,8,50,S,S_41,S_46,10
1,8,50,S,S_42,S_43,10.6
1,8,50,S,S_42,S_49,10.6
1,8,50,S,S_43,S_45,10
1,8,50,S,S_43,S_44,10
1,8,50,S,S_43,S_46,10.6
1,8,50,S,S_43,S_47,10.6
1,8,50,S,S_43,S_48,10.3
1,8,50,S,S_44,S_45,10.3
1,8,50,S,S_44,S_46,10.3
1,8,50,S,S_45,S_50,10
1,8,50,S,S_46,S_50,10.6
1,8,50,S,S_47,S_48,10
1,8,50,S,S_48,S_50,10.3
1,9,50,S,S_1,S_28,10
1,9,50,S,S_1,S_41,10
1,9,50,S,S_1,S_27,10
1,9,50,S,S_1,S_31,10
1,9,50,S,S_1,S_11,10.3
1,9,50,S,S_1,S_17,10.3
1,9,50,S,S_1,S_45,10.3
1,9,50,S,S_1,S_18,10.3
1,9,50,S,S_1,S_43,10.3
1,9,50,S,S_1,S_35,10
1,9,50,S,S_1,S_48,10
1,9,50,S,S_1,S_42,10.3
1,9,50,S,S_1,S_46,10.3
1,9,50,S,S_1,S_50,10.3
1,9,50,S,S_1,S_9,10.3
1,9,50,S,S_1,S_39,10.3
1,9,50,S,S_1,S_40,10.3
1,9,50,S,S_1,S_44,10.3
1,9,50,S,S_1,S_2,10.6
1,9,50,S,S_1,S_30,10.6
1,9,50,S,S_1,S_37,10.3
1,9,50,S,S_1,S_26,10
1,9,50,S,S_1,S_4,10
1,9,50,S,S_1,S_8,10
1,9,50,S,S_1,S_14,10
1,9,50,S,S_1,S_25,10
1,9,50,S,S_2,S_35,10
1,9,50,S,S_2,S_39,10
1,9,50,S,S_2,S_5,10
1,9,50,S,S_2,S_11,10
1,9,50,S,S_2,S_6,10.3
1,9,50,S,S_2,S_27,10.3
1,9,50,S,S_2,S_28,10.3
1,9,50,S,S_2,S_12,10.3
1,9,50,S,S_2,S_41,10.3
1,9,50,S,S_2,S_43,10
1,9,50,S,S_2,S_13,10
1,9,50,S,S_2,S_31,10.3
1,9,50,S,S_2,S_21,10.6
1,9,50,S,S_2,S_23,10.6
1,9,50,S,S_2,S_25,10.6
1,9,50,S,S_2,S_40,10
1,9,50,S,S_2,S_42,10
1,9,50,S,S_2,S_44,10
1,9,50,S,S_2,S_46,10
1,9,50,S,S_2,S_50,10
1,9,50,S,S_2,S_17,10
1,9,50,S,S_2,S_45,10
1,9,50,S,S_2,S_47,10.3
1,9,50,S,S_2,S_4,10.3
1,9,50,S,S_2,S_9,10.3
1,9,50,S,S_2,S_24,10.3
1,9,50,S,S_2,S_18,10
1,9,50,S,S_2,S_26,10
1,9,50,S,S_2,S_3,10
1,9,50,S,S_3,S_33,9.7
1,9,50,S,S_3,S_11,9.7
1,9,50,S,S_3,S_18,9.7
1,9,50,S,S_3,S_5,10
1,9,50,S,S_3,S_28,10
1,9,50,S,S_3,S_30,10
1,9,50,S,S_3,S_50,10
1,9,50,S,S_3,S_4,10.3
1,9,50,S,S_3,S_15,10.3
1,9,50,S,S_3,S_31,10.3
1,9,50,S,S_3,S_42,10.3
1,9,50,S,S_3,S_6,10.3
1,9,50,S,S_3,S_34,10.3
1,9,50,S,S_3,S_14,10
1,9,50,S,S_4,S_22,9.7
1,9,50,S,S_4,S_31,9.7
1,9,50,S,S_4,S_17,9.7
1,9,50,S,S_4,S_26,9.7
1,9,50,S,S_4,S_28,9.7
1,9,50,S,S_4,S_16,9.7
1,9,50,S,S_4,S_18,9.7
1,9,50,S,S_4,S_30,9.7
1,9,50,S,S_4,S_44,9.7
1,9,50,S,S_4,S_15,9.7
1,9,50,S,S_4,S_45,9.7
1,9,50,S,S_4,S_24,10
1,9,50,S,S_4,S_40,10
1,9,50,S,S_4,S_8,10
1,9,50,S,S_4,S_10,10
1,9,50,S,S_4,S_42,10
1,9,50,S,S_4,S_12,10.3
1,9,50,S,S_4,S_47,10.3
1,9,50,S,S_4,S_5,10
1,9,50,S,S_4,S_25,10
1,9,50,S,S_5,S_35,9.7
1,9,50,S,S_5,S_40,9.7
1,9,50,S,S_5,S_43,9.7
1,9,50,S,S_5,S_14,10
1,9,50,S,S_5,S_33,10
1,9,50,S,S_5,S_9,10
1,9,50,S,S_5,S_47,10
1,9,50,S,S_5,S_21,10.3
1,9,50,S,S_5,S_45,10.3
1,9,50,S,S_5,S_50,10.3
1,9,50,S,S_5,S_15,10
1,9,50,S,S_5,S_39,10
1,9,50,S,S_5,S_13,10
1,9,50,S,S_5,S_44,10
1,9,50,S,S_5,S_49,10
1,9,50,S,S_5,S_23,10.3
1,9,50,S,S_5,S_28,10.3
1,9,50,S,S_5,S_12,10
1,9,50,S,S_5,S_42,10
1,9,50,S,S_6,S_12,9.7
1,9,50,S,S_6,S_20,9.7
1,9,50,S,S_6,S_31,9.7
1,9,50,S,S_6,S_40,9.7
1,9,50,S,S_6,S_45,9.7
1,9,50,S,S_6,S_18,9.7
1,9,50,S,S_6,S_9,9.4
1,9,50,S,S_6,S_39,9.4
1,9,50,S,S_6,S_46,9.4
1,9,50,S,S_6,S_28,9.4
1,9,50,S,S_6,S_35,9.4
1,9,50,S,S_6,S_17,9.7
1,9,50,S,S_6,S_30,9.4
1,9,50,S,S_6,S_42,9.4
1,9,50,S,S_6,S_43,9.4
1,9,50,S,S_6,S_16,9.4
1,9,50,S,S_6,S_14,9.7
1,9,50,S,S_6,S_29,9.7
1,9,50,S,S_6,S_33,9.7
1,9,50,S,S_6,S_36,9.7
1,9,50,S,S_6,S_13,10
1,9,50,S,S_6,S_22,10
1,9,50,S,S_6,S_23,10
1,9,50,S,S_7,S_11,9.4
1,9,50,S,S_7,S_15,9.4
1,9,50,S,S_7,S_17,9.4
1,9,50,S,S_7,S_13,9.7
1,9,50,S,S_7,S_35,9.7
1,9,50,S,S_7,S_42,9.7
1,9,50,S,S_7,S_24,9.4
1,9,50,S,S_7,S_45,9.4
1,9,50,S,S_7,S_27,9.4
1,9,50,S,S_7,S_37,9.4
1,9,50,S,S_7,S_21,9.7
1,9,50,S,S_7,S_22,9.7
1,9,50,S,S_7,S_23,10
1,9,50,S,S_7,S_40,10
1,9,50,S,S_7,S_9,10
1,9,50,S,S_7,S_14,10
1,9,50,S,S_7,S_41,10
1,9,50,S,S_7,S_44,10
1,9,50,S,S_8,S_26,9.7
1,9,50,S,S_8,S_29,9.4
1,9,50,S,S_8,S_33,9.4
1,9,50,S,S_8,S_39,9.4
1,9,50,S,S_8,S_28,9.4
1,9,50,S,S_8,S_44,9.4
1,9,50,S,S_8,S_10,9.4
1,9,50,S,S_8,S_13,9.4
1,9,50,S,S_8,S_34,9.7
1,9,50,S,S_8,S_12,9.7
1,9,50,S,S_8,S_14,9.7
1,9,50,S,S_8,S_37,9.7
1,9,50,S,S_8,S_47,9.7
1,9,50,S,S_8,S_17,9.4
1,9,50,S,S_8,S_31,9.4
1,9,50,S,S_8,S_43,9.4
1,9,50,S,S_8,S_19,9.7
1,9,50,S,S_8,S_30,9.7
1,9,50,S,S_8,S_20,10
1,9,50,S,S_8,S_35,10
1,9,50,S,S_8,S_40,10
1,9,50,S,S_8,S_41,10
1,9,50,S,S_8,S_45,10
1,9,50,S,S_8,S_50,10
1,9,50,S,S_9,S_33,9.4
1,9,50,S,S_9,S_18,9.7
1,9,50,S,S_9,S_28,9.7
1,9,50,S,S_9,S_45,9.7
1,9,50,S,S_9,S_35,9.7
1,9,50,S,S_9,S_49,9.7
1,9,50,S,S_9,S_25,9.4
1,9,50,S,S_9,S_17,9.4
1,9,50,S,S_9,S_27,9.4
1,9,50,S,S_9,S_30,9.4
1,9,50,S,S_9,S_37,9.4
1,9,50,S,S_9,S_29,9.7
1,9,50,S,S_9,S_48,9.7
1,9,50,S,S_9,S_15,9.7
1,9,50,S,S_9,S_40,9.7
1,9,50,S,S_9,S_24,10
1,9,50,S,S_9,S_43,10
1,9,50,S,S_9,S_46,10
1,9,50,S,S_10,S_35,9.4
1,9,50,S,S_10,S_49,9.4
1,9,50,S,S_10,S_34,9.7
1,9,50,S,S_10,S_47,9.7
1,9,50,S,S_10,S_12,10
1,9,50,S,S_10,S_19,10
1,9,50,S,S_10,S_11,10
1,9,50,S,S_11,S_18,9.4
1,9,50,S,S_11,S_49,9.4
1,9,50,S,S_11,S_43,9.4
1,9,50,S,S_11,S_13,9.7
1,9,50,S,S_11,S_28,9.7
1,9,50,S,S_11,S_40,9.7
1,9,50,S,S_11,S_21,9.7
1,9,50,S,S_11,S_31,10
1,9,50,S,S_11,S_35,10
1,9,50,S,S_11,S_41,10
1,9,50,S,S_11,S_45,10
1,9,50,S,S_11,S_23,10
1,9,50,S,S_11,S_48,10
1,9,50,S,S_12,S_45,9.4
1,9,50,S,S_12,S_15,9.4
1,9,50,S,S_12,S_26,9.4
1,9,50,S,S_12,S_21,9.7
1,9,50,S,S_12,S_42,9.7
1,9,50,S,S_12,S_46,9.7
1,9,50,S,S_12,S_37,9.7
1,9,50,S,S_12,S_38,9.7
1,9,50,S,S_12,S_34,10
1,9,50,S,S_12,S_36,10
1,9,50,S,S_12,S_48,10
1,9,50,S,S_13,S_23,9.7
1,9,50,S,S_13,S_48,9.7
1,9,50,S,S_13,S_47,9.7
1,9,50,S,S_13,S_49,9.7
1,9,50,S,S_13,S_24,10
1,9,50,S,S_13,S_27,10
1,9,50,S,S_13,S_28,10
1,9,50,S,S_13,S_33,10
1,9,50,S,S_13,S_25,10
1,9,50,S,S_13,S_32,10
1,9,50,S,S_13,S_37,10
1,9,50,S,S_13,S_40,10
1,9,50,S,S_13,S_43,10
1,9,50,S,S_14,S_20,9.4
1,9,50,S,S_14,S_49,9.4
1,9,50,S,S_14,S_29,9.7
1,9,50,S,S_14,S_44,9.7
1,9,50,S,S_14,S_39,9.7
1,9,50,S,S_14,S_23,10
1,9,50,S,S_14,S_34,10
1,9,50,S,S_14,S_40,10
1,9,50,S,S_15,S_42,9.4
1,9,50,S,S_15,S_22,9.7
1,9,50,S,S_16,S_37,9.4
1,9,50,S,S_16,S_38,9.4
1,9,50,S,S_16,S_23,9.7
1,9,50,S,S_16,S_26,9.7
1,9,50,S,S_16,S_25,10
1,9,50,S,S_16,S_42,10
1,9,50,S,S_16,S_22,10
1,9,50,S,S_17,S_36,9.4
1,9,50,S,S_17,S_18,9.7
1,9,50,S,S_17,S_48,9.7
1,9,50,S,S_17,S_30,9.7
1,9,50,S,S_17,S_42,9.7
1,9,50,S,S_17,S_20,10
1,9,50,S,S_17,S_24,10
1,9,50,S,S_18,S_23,9.4
1,9,50,S,S_18,S_29,9.7
1,9,50,S,S_18,S_40,9.7
1,9,50,S,S_18,S_49,9.7
1,9,50,S,S_18,S_39,10
1,9,50,S,S_18,S_41,10
1,9,50,S,S_18,S_44,10
1,9,50,S,S_18,S_50,10
1,9,50,S,S_19,S_25,9.4
1,9,50,S,S_19,S_26,9.4
1,9,50,S,S_19,S_38,9.7
1,9,50,S,S_19,S_33,9.7
1,9,50,S,S_19,S_29,10
1,9,50,S,S_19,S_44,10
1,9,50,S,S_20,S_21,9.7
1,9,50,S,S_20,S_49,9.4
1,9,50,S,S_20,S_44,9.7
1,9,50,S,S_20,S_47,9.7
1,9,50,S,S_20,S_31,9.7
1,9,50,S,S_20,S_32,10
1,9,50,S,S_21,S_41,9.4
1,9,50,S,S_21,S_23,9.7
1,9,50,S,S_21,S_30,9.7
1,9,50,S,S_21,S_31,9.4
1,9,50,S,S_21,S_33,9.4
1,9,50,S,S_21,S_46,9.4
1,9,50,S,S_21,S_37,10
1,9,50,S,S_21,S_25,10
1,9,50,S,S_21,S_36,10
1,9,50,S,S_22,S_33,9.4
1,9,50,S,S_22,S_34,9.4
1,9,50,S,S_22,S_39,9.7
1,9,50,S,S_22,S_44,9.7
1,9,50,S,S_22,S_45,9.7
1,9,50,S,S_22,S_31,10
1,9,50,S,S_22,S_27,10
1,9,50,S,S_22,S_48,10
1,9,50,S,S_22,S_25,10
1,9,50,S,S_22,S_37,10
1,9,50,S,S_23,S_25,10
1,9,50,S,S_23,S_32,10
1,9,50,S,S_23,S_34,10
1,9,50,S,S_23,S_49,10
1,9,50,S,S_23,S_26,10
1,9,50,S,S_23,S_31,10
1,9,50,S,S_23,S_33,10
1,9,50,S,S_23,S_28,10.3
1,9,50,S,S_23,S_36,10.3
1,9,50,S,S_23,S_44,10.3
1,9,50,S,S_23,S_29,10.3
1,9,50,S,S_23,S_38,10.3
1,9,50,S,S_23,S_27,10
1,9,50,S,S_23,S_41,10
1,9,50,S,S_23,S_30,9.7
1,9,50,S,S_23,S_35,9.7
1,9,50,S,S_23,S_24,9.7
1,9,50,S,S_23,S_39,10
1,9,50,S,S_23,S_48,10
1,9,50,S,S_24,S_42,9.7
1,9,50,S,S_24,S_40,10
1,9,50,S,S_24,S_43,10
1,9,50,S,S_24,S_50,10
1,9,50,S,S_24,S_45,10.3
1,9,50,S,S_24,S_25,10.3
1,9,50,S,S_24,S_46,10
1,9,50,S,S_24,S_29,10.3
1,9,50,S,S_24,S_35,10.3
1,9,50,S,S_24,S_37,10.3
1,9,50,S,S_24,S_48,10.3
1,9,50,S,S_24,S_38,10
1,9,50,S,S_24,S_31,10
1,9,50,S,S_24,S_33,10
1,9,50,S,S_24,S_27,9.7
1,9,50,S,S_24,S_49,9.7
1,9,50,S,S_24,S_30,9.7
1,9,50,S,S_24,S_41,10
1,9,50,S,S_24,S_47,10
1,9,50,S,S_25,S_30,10
1,9,50,S,S_25,S_42,10
1,9,50,S,S_25,S_27,10.3
1,9,50,S,S_25,S_31,10
1,9,50,S,S_25,S_45,10
1,9,50,S,S_25,S_38,10
1,9,50,S,S_25,S_47,10
1,9,50,S,S_25,S_29,10.3
1,9,50,S,S_25,S_32,10.3
1,9,50,S,S_25,S_36,10.3
1,9,50,S,S_25,S_28,10.3
1,9,50,S,S_25,S_40,10.3
1,9,50,S,S_25,S_46,10.3
1,9,50,S,S_25,S_37,10
1,9,50,S,S_25,S_44,10
1,9,50,S,S_25,S_49,9.7
1,9,50,S,S_25,S_26,10
1,9,50,S,S_25,S_33,10
1,9,50,S,S_25,S_35,10
1,9,50,S,S_26,S_40,9.7
1,9,50,S,S_26,S_33,10
1,9,50,S,S_26,S_37,10
1,9,50,S,S_26,S_41,10
1,9,50,S,S_26,S_46,10
1,9,50,S,S_26,S_31,10
1,9,50,S,S_26,S_35,10.3
1,9,50,S,S_26,S_43,10.3
1,9,50,S,S_26,S_50,10.3
1,9,50,S,S_26,S_48,10
1,9,50,S,S_26,S_32,10
1,9,50,S,S_26,S_28,10.3
1,9,50,S,S_26,S_27,9.7
1,9,50,S,S_26,S_38,9.7
1,9,50,S,S_26,S_44,10
1,9,50,S,S_27,S_38,9.7
1,9,50,S,S_27,S_45,9.7
1,9,50,S,S_27,S_30,9.7
1,9,50,S,S_27,S_43,9.7
1,9,50,S,S_27,S_44,9.7
1,9,50,S,S_27,S_47,10
1,9,50,S,S_27,S_28,10.3
1,9,50,S,S_27,S_29,10.3
1,9,50,S,S_27,S_36,10.3
1,9,50,S,S_27,S_34,10
1,9,50,S,S_27,S_42,10.3
1,9,50,S,S_27,S_32,10.3
1,9,50,S,S_27,S_46,10.3
1,9,50,S,S_27,S_39,10
1,9,50,S,S_27,S_40,10
1,9,50,S,S_27,S_37,9.7
1,9,50,S,S_27,S_31,10
1,9,50,S,S_27,S_35,10
1,9,50,S,S_27,S_41,10
1,9,50,S,S_28,S_35,9.7
1,9,50,S,S_28,S_32,10.3
1,9,50,S,S_28,S_33,10.3
1,9,50,S,S_28,S_37,10.3
1,9,50,S,S_28,S_50,9.7
1,9,50,S,S_28,S_48,9.4
1,9,50,S,S_28,S_39,9.4
1,9,50,S,S_28,S_44,9.4
1,9,50,S,S_28,S_31,9.4
1,9,50,S,S_28,S_42,9.4
1,9,50,S,S_28,S_45,9.4
1,9,50,S,S_28,S_41,9.4
1,9,50,S,S_28,S_34,9.7
1,9,50,S,S_28,S_46,9.7
1,9,50,S,S_28,S_47,9.7
1,9,50,S,S_28,S_43,10
1,9,50,S,S_28,S_29,10
1,9,50,S,S_29,S_42,9.4
1,9,50,S,S_29,S_33,9.7
1,9,50,S,S_29,S_48,9.7
1,9,50,S,S_29,S_44,9.4
1,9,50,S,S_29,S_39,9.4
1,9,50,S,S_29,S_32,9.7
1,9,50,S,S_29,S_40,9.7
1,9,50,S,S_29,S_46,9.7
1,9,50,S,S_29,S_45,9.4
1,9,50,S,S_29,S_38,9.7
1,9,50,S,S_29,S_41,9.7
1,9,50,S,S_29,S_43,9.7
1,9,50,S,S_29,S_50,10
1,9,50,S,S_30,S_38,9.4
1,9,50,S,S_30,S_36,9.4
1,9,50,S,S_30,S_32,9.7
1,9,50,S,S_30,S_48,9.7
1,9,50,S,S_30,S_31,9.4
1,9,50,S,S_30,S_33,9.4
1,9,50,S,S_30,S_50,9.4
1,9,50,S,S_30,S_45,9.4
1,9,50,S,S_30,S_35,9.7
1,9,50,S,S_30,S_46,9.7
1,9,50,S,S_30,S_49,10
1,9,50,S,S_30,S_42,10
1,9,50,S,S_30,S_44,10
1,9,50,S,S_31,S_45,9.4
1,9,50,S,S_31,S_32,9.4
1,9,50,S,S_31,S_47,9.4
1,9,50,S,S_31,S_34,9.7
1,9,50,S,S_31,S_44,9.7
1,9,50,S,S_31,S_49,9.7
1,9,50,S,S_31,S_40,9.4
1,9,50,S,S_31,S_33,10
1,9,50,S,S_32,S_50,9.4
1,9,50,S,S_32,S_38,9.7
1,9,50,S,S_32,S_39,9.4
1,9,50,S,S_32,S_40,9.4
1,9,50,S,S_32,S_43,9.7
1,9,50,S,S_32,S_46,9.7
1,9,50,S,S_32,S_33,9.7
1,9,50,S,S_32,S_36,9.7
1,9,50,S,S_32,S_48,9.7
1,9,50,S,S_32,S_41,10
1,9,50,S,S_32,S_34,10
1,9,50,S,S_32,S_37,10
1,9,50,S,S_33,S_37,9.7
1,9,50,S,S_33,S_43,9.7
1,9,50,S,S_33,S_42,9.4
1,9,50,S,S_33,S_36,9.4
1,9,50,S,S_33,S_38,10
1,9,50,S,S_33,S_41,10
1,9,50,S,S_34,S_45,9.4
1,9,50,S,S_34,S_47,9.4
1,9,50,S,S_34,S_35,9.4
1,9,50,S,S_34,S_38,9.7
1,9,50,S,S_34,S_39,9.7
1,9,50,S,S_34,S_48,9.4
1,9,50,S,S_34,S_43,9.7
1,9,50,S,S_34,S_44,9.7
1,9,50,S,S_34,S_42,9.4
1,9,50,S,S_34,S_40,9.7
1,9,50,S,S_35,S_37,9.4
1,9,50,S,S_35,S_45,9.4
1,9,50,S,S_35,S_46,9.4
1,9,50,S,S_35,S_36,9.7
1,9,50,S,S_35,S_39,9.4
1,9,50,S,S_35,S_47,9.4
1,9,50,S,S_35,S_40,9.4
1,9,50,S,S_35,S_38,10
1,9,50,S,S_36,S_42,9.7
1,9,50,S,S_36,S_39,10
1,9,50,S,S_37,S_43,9.4
1,9,50,S,S_37,S_47,9.4
1,9,50,S,S_37,S_50,10
1,9,50,S,S_37,S_42,9.7
1,9,50,S,S_37,S_46,9.7
1,9,50,S,S_37,S_48,10
1,9,50,S,S_38,S_49,9.7
1,9,50,S,S_38,S_47,10
1,9,50,S,S_38,S_39,9.7
1,9,50,S,S_38,S_44,10
1,9,50,S,S_39,S_44,9.7
1,9,50,S,S_39,S_50,10
1,9,50,S,S_39,S_43,10
1,9,50,S,S_40,S_41,9.7
1,9,50,S,S_40,S_48,10.3
1,9,50,S,S_40,S_47,9.7
1,9,50,S,S_41,S_45,9.7
1,9,50,S,S_41,S_48,10
1,9,50,S,S_41,S_44,10.3
1,9,50,S,S_41,S_46,9.7
1,9,50,S,S_41,S_43,10
1,9,50,S,S_42,S_43,10.3
1,9,50,S,S_42,S_49,10.3
1,9,50,S,S_42,S_47,10
1,9,50,S,S_43,S_45,9.7
1,9,50,S,S_43,S_44,9.7
1,9,50,S,S_43,S_46,10.3
1,9,50,S,S_43,S_47,10.3
1,9,50,S,S_43,S_48,10
1,9,50,S,S_44,S_45,10
1,9,50,S,S_44,S_46,10
1,9,50,S,S_45,S_50,9.7
1,9,50,S,S_45,S_47,10
1,9,50,S,S_45,S_49,10
1,9,50,S,S_46,S_50,10.3
1,9,50,S,S_47,S_48,9.7
1,9,50,S,S_48,S_50,10
1,10,50,S,S_1,S_28,9.7
1,10,50,S,S_1,S_41,9.7
1,10,50,S,S_1,S_27,9.7
1,10,50,S,S_1,S_31,9.7
1,10,50,S,S_1,S_11,10
1,10,50,S,S_1,S_17,10
1,10,50,S,S_1,S_45,10
1,10,50,S,S_1,S_18,10
1,10,50,S,S_1,S_43,10
1,10,50,S,S_1,S_35,9.7
1,10,50,S,S_1,S_48,9.7
1,10,50,S,S_1,S_42,10
1,10,50,S,S_1,S_46,10
1,10,50,S,S_1,S_50,10
1,10,50,S,S_1,S_9,10
1,10,50,S,S_1,S_39,10
1,10,50,S,S_1,S_40,10
1,10,50,S,S_1,S_44,10
1,10,50,S,S_1,S_2,10.3
1,10,50,S,S_1,S_30,10.3
1,10,50,S,S_1,S_37,10
1,10,50,S,S_1,S_26,9.7
1,10,50,S,S_1,S_4,9.7
1,10,50,S,S_1,S_8,9.7
1,10,50,S,S_1,S_14,9.7
1,10,50,S,S_1,S_25,9.7
1,10,50,S,S_1,S_47,10
1,10,50,S,S_1,S_5,10
1,10,50,S,S_2,S_35,9.7
1,10,50,S,S_2,S_39,9.7
1,10,50,S,S_2,S_5,9.7
1,10,50,S,S_2,S_11,9.7
1,10,50,S,S_2,S_6,10
1,10,50,S,S_2,S_27,10
1,10,50,S,S_2,S_28,10
1,10,50,S,S_2,S_12,10
1,10,50,S,S_2,S_41,10
1,10,50,S,S_2,S_43,9.7
1,10,50,S,S_2,S_13,9.7
1,10,50,S,S_2,S_31,10
1,10,50,S,S_2,S_21,10.3
1,10,50,S,S_2,S_23,10.3
1,10,50,S,S_2,S_25,10.3
1,10,50,S,S_2,S_40,9.7
1,10,50,S,S_2,S_42,9.7
1,10,50,S,S_2,S_44,9.7
1,10,50,S,S_2,S_46,9.7
1,10,50,S,S_2,S_50,9.7
1,10,50,S,S_2,S_17,9.7
1,10,50,S,S_2,S_45,9.7
1,10,50,S,S_2,S_47,10
1,10,50,S,S_2,S_4,10
1,10,50,S,S_2,S_9,10
1,10,50,S,S_2,S_24,10
1,10,50,S,S_2,S_18,9.7
1,10,50,S,S_2,S_26,9.7
1,10,50,S,S_2,S_3,9.7
1,10,50,S,S_2,S_32,10
1,10,50,S,S_2,S_48,10
1,10,50,S,S_2,S_8,10
1,10,50,S,S_2,S_16,10
1,10,50,S,S_3,S_33,9.4
1,10,50,S,S_3,S_11,9.4
1,10,50,S,S_3,S_18,9.4
1,10,50,S,S_3,S_5,9.7
1,10,50,S,S_3,S_28,9.7
1,10,50,S,S_3,S_30,9.7
1,10,50,S,S_3,S_50,9.7
1,10,50,S,S_3,S_4,10
1,10,50,S,S_3,S_15,10
1,10,50,S,S_3,S_31,10
1,10,50,S,S_3,S_42,10
1,10,50,S,S_3,S_6,10
1,10,50,S,S_3,S_34,10
1,10,50,S,S_3,S_14,9.7
1,10,50,S,S_3,S_29,10
1,10,50,S,S_4,S_22,9.4
1,10,50,S,S_4,S_31,9.4
1,10,50,S,S_4,S_17,9.4
1,10,50,S,S_4,S_26,9.4
1,10,50,S,S_4,S_28,9.4
1,10,50,S,S_4,S_16,9.4
1,10,50,S,S_4,S_18,9.4
1,10,50,S,S_4,S_30,9.4
1,10,50,S,S_4,S_44,9.4
1,10,50,S,S_4,S_15,9.4
1,10,50,S,S_4,S_45,9.4
1,10,50,S,S_4,S_24,9.7
1,10,50,S,S_4,S_40,9.7
1,10,50,S,S_4,S_8,9.7
1,10,50,S,S_4,S_10,9.7
1,10,50,S,S_4,S_42,10.3
1,10,50,S,S_4,S_12,10.6
1,10,50,S,S_4,S_47,10.6
1,10,50,S,S_4,S_5,10.3
1,10,50,S,S_4,S_25,10.3
1,10,50,S,S_4,S_21,10
1,10,50,S,S_4,S_32,10
1,10,50,S,S_4,S_39,10
1,10,50,S,S_5,S_35,10
1,10,50,S,S_5,S_40,10
1,10,50,S,S_5,S_43,10
1,10,50,S,S_5,S_14,10.3
1,10,50,S,S_5,S_33,10.3
1,10,50,S,S_5,S_9,10.3
1,10,50,S,S_5,S_47,10.3
1,10,50,S,S_5,S_21,10.6
1,10,50,S,S_5,S_45,10.6
1,10,50,S,S_5,S_50,10.6
1,10,50,S,S_5,S_15,10.3
1,10,50,S,S_5,S_39,10.3
1,10,50,S,S_5,S_13,10.3
1,10,50,S,S_5,S_44,10.3
1,10,50,S,S_5,S_49,10.3
1,10,50,S,S_5,S_23,10.6
1,10,50,S,S_5,S_28,10.6
1,10,50,S,S_5,S_12,10.3
1,10,50,S,S_5,S_42,10.3
1,10,50,S,S_5,S_6,10
1,10,50,S,S_5,S_25,10
1,10,50,S,S_6,S_12,10
1,10,50,S,S_6,S_20,10
1,10,50,S,S_6,S_31,10
1,10,50,S,S_6,S_40,10
1,10,50,S,S_6,S_45,10
1,10,50,S,S_6,S_18,10
1,10,50,S,S_6,S_9,9.7
1,10,50,S,S_6,S_39,9.7
1,10,50,S,S_6,S_46,9.7
1,10,50,S,S_6,S_28,9.7
1,10,50,S,S_6,S_35,9.7
1,10,50,S,S_6,S_17,10
1,10,50,S,S_6,S_30,9.7
1,10,50,S,S_6,S_42,9.7
1,10,50,S,S_6,S_43,9.7
1,10,50,S,S_6,S_16,9.7
1,10,50,S,S_6,S_14,10
1,10,50,S,S_6,S_29,10
1,10,50,S,S_6,S_33,10
1,10,50,S,S_6,S_36,10
1,10,50,S,S_6,S_13,10.3
1,10,50,S,S_6,S_22,10.3
1,10,50,S,S_6,S_23,10.3
1,10,50,S,S_7,S_11,9.7
1,10,50,S,S_7,S_15,9.7
1,10,50,S,S_7,S_17,9.7
1,10,50,S,S_7,S_13,10
1,10,50,S,S_7,S_35,10
1,10,50,S,S_7,S_42,10
1,10,50,S,S_7,S_24,9.7
1,10,50,S,S_7,S_45,9.7
1,10,50,S,S_7,S_27,9.7
1,10,50,S,S_7,S_37,9.7
1,10,50,S,S_7,S_21,10
1,10,50,S,S_7,S_22,10
1,10,50,S,S_7,S_23,10.3
1,10,50,S,S_7,S_40,10.3
1,10,50,S,S_7,S_9,10.3
1,10,50,S,S_7,S_14,10.3
1,10,50,S,S_7,S_41,10.3
1,10,50,S,S_7,S_44,10.3
1,10,50,S,S_7,S_46,10
1,10,50,S,S_7,S_48,10
1,10,50,S,S_7,S_18,10
1,10,50,S,S_7,S_20,10
1,10,50,S,S_7,S_28,10
1,10,50,S,S_7,S_29,10
1,10,50,S,S_8,S_26,10
1,10,50,S,S_8,S_29,9.7
1,10,50,S,S_8,S_33,9.7
1,10,50,S,S_8,S_39,9.7
1,10,50,S,S_8,S_28,9.7
1,10,50,S,S_8,S_44,9.7
1,10,50,S,S_8,S_10,9.7
1,10,50,S,S_8,S_13,9.7
1,10,50,S,S_8,S_34,10
1,10,50,S,S_8,S_12,9.4
1,10,50,S,S_8,S_14,9.4
1,10,50,S,S_8,S_37,9.4
1,10,50,S,S_8,S_47,9.4
1,10,50,S,S_8,S_19,9.4
1,10,50,S,S_8,S_30,9.4
1,10,50,S,S_8,S_20,9.7
1,10,50,S,S_8,S_35,9.7
1,10,50,S,S_8,S_40,9.7
1,10,50,S,S_8,S_41,9.7
1,10,50,S,S_8,S_45,9.7
1,10,50,S,S_8,S_50,9.7
1,10,50,S,S_8,S_22,10
1,10,50,S,S_8,S_48,10
1,10,50,S,S_8,S_23,10
1,10,50,S,S_9,S_18,9.4
1,10,50,S,S_9,S_28,9.4
1,10,50,S,S_9,S_45,9.4
1,10,50,S,S_9,S_35,9.4
1,10,50,S,S_9,S_49,9.4
1,10,50,S,S_9,S_29,9.4
1,10,50,S,S_9,S_48,9.4
1,10,50,S,S_9,S_15,9.4
1,10,50,S,S_9,S_40,9.4
1,10,50,S,S_9,S_24,9.7
1,10,50,S,S_9,S_43,9.7
1,10,50,S,S_9,S_46,9.7
1,10,50,S,S_9,S_22,10
1,10,50,S,S_9,S_26,10
1,10,50,S,S_9,S_31,10
1,10,50,S,S_9,S_36,10
1,10,50,S,S_9,S_42,10
1,10,50,S,S_10,S_34,9.4
1,10,50,S,S_10,S_47,9.4
1,10,50,S,S_10,S_12,9.7
1,10,50,S,S_10,S_19,9.7
1,10,50,S,S_10,S_11,9.7
1,10,50,S,S_10,S_44,10
1,10,50,S,S_10,S_50,10
1,10,50,S,S_11,S_13,9.4
1,10,50,S,S_11,S_28,9.4
1,10,50,S,S_11,S_40,9.4
1,10,50,S,S_11,S_21,9.4
1,10,50,S,S_11,S_31,9.7
1,10,50,S,S_11,S_35,9.7
1,10,50,S,S_11,S_41,9.7
1,10,50,S,S_11,S_45,9.7
1,10,50,S,S_11,S_23,9.7
1,10,50,S,S_11,S_48,9.7
1,10,50,S,S_12,S_21,9.4
1,10,50,S,S_12,S_42,9.4
1,10,50,S,S_12,S_46,9.4
1,10,50,S,S_12,S_37,9.4
1,10,50,S,S_12,S_38,9.4
1,10,50,S,S_12,S_34,9.7
1,10,50,S,S_12,S_36,9.7
1,10,50,S,S_12,S_48,9.7
1,10,50,S,S_12,S_18,10
1,10,50,S,S_12,S_39,10
1,10,50,S,S_13,S_23,9.4
1,10,50,S,S_13,S_48,9.4
1,10,50,S,S_13,S_47,9.4
1,10,50,S,S_13,S_49,9.4
1,10,50,S,S_13,S_24,9.7
1,10,50,S,S_13,S_27,9.7
1,10,50,S,S_13,S_28,9.7
1,10,50,S,S_13,S_33,9.7
1,10,50,S,S_13,S_25,9.7
1,10,50,S,S_13,S_32,9.7
1,10,50,S,S_13,S_37,9.7
1,10,50,S,S_13,S_40,9.7
1,10,50,S,S_13,S_43,9.7
1,10,50,S,S_13,S_21,10
1,10,50,S,S_13,S_44,10
1,10,50,S,S_13,S_45,10
1,10,50,S,S_13,S_14,10
1,10,50,S,S_13,S_19,10
1,10,50,S,S_14,S_29,9.4
1,10,50,S,S_14,S_44,9.4
1,10,50,S,S_14,S_39,9.4
1,10,50,S,S_14,S_23,9.7
1,10,50,S,S_14,S_34,9.7
1,10,50,S,S_14,S_40,9.7
1,10,50,S,S_14,S_45,10
1,10,50,S,S_15,S_22,9.4
1,10,50,S,S_15,S_33,10
1,10,50,S,S_15,S_38,10
1,10,50,S,S_16,S_23,9.4
1,10,50,S,S_16,S_26,9.4
1,10,50,S,S_16,S_25,9.7
1,10,50,S,S_16,S_42,9.7
1,10,50,S,S_16,S_22,9.7
1,10,50,S,S_17,S_18,9.4
1,10,50,S,S_17,S_48,9.4
1,10,50,S,S_17,S_30,9.4
1,10,50,S,S_17,S_42,9.4
1,10,50,S,S_17,S_20,9.7
1,10,50,S,S_17,S_24,9.7
1,10,50,S,S_18,S_29,9.4
1,10,50,S,S_18,S_40,9.4
1,10,50,S,S_18,S_49,9.4
1,10,50,S,S_18,S_39,9.7
1,10,50,S,S_18,S_41,9.7
1,10,50,S,S_18,S_44,9.7
1,10,50,S,S_18,S_50,9.7
1,10,50,S,S_18,S_43,10
1,10,50,S,S_19,S_38,9.4
1,10,50,S,S_19,S_33,9.4
1,10,50,S,S_19,S_29,9.7
1,10,50,S,S_19,S_44,9.7
1,10,50,S,S_19,S_35,10
1,10,50,S,S_19,S_21,10
1,10,50,S,S_20,S_21,9.4
1,10,50,S,S_20,S_44,9.4
1,10,50,S,S_20,S_47,9.4
1,10,50,S,S_20,S_31,9.4
1,10,50,S,S_20,S_32,9.7
1,10,50,S,S_20,S_46,10
1,10,50,S,S_20,S_48,10
1,10,50,S,S_21,S_23,9.4
1,10,50,S,S_21,S_30,9.4
1,10,50,S,S_21,S_37,9.7
1,10,50,S,S_21,S_25,9.7
1,10,50,S,S_21,S_36,9.7
1,10,50,S,S_22,S_39,9.4
1,10,50,S,S_22,S_44,9.4
1,10,50,S,S_22,S_45,9.4
1,10,50,S,S_22,S_31,9.7
1,10,50,S,S_22,S_27,9.7
1,10,50,S,S_22,S_48,9.7
1,10,50,S,S_22,S_25,9.7
1,10,50,S,S_22,S_37,9.7
1,10,50,S,S_22,S_40,10
1,10,50,S,S_22,S_32,10
1,10,50,S,S_23,S_25,9.7
1,10,50,S,S_23,S_32,9.7
1,10,50,S,S_23,S_34,9.7
1,10,50,S,S_23,S_49,9.7
1,10,50,S,S_23,S_26,9.7
1,10,50,S,S_23,S_31,9.7
1,10,50,S,S_23,S_33,9.7
1,10,50,S,S_23,S_28,10
1,10,50,S,S_23,S_36,10
1,10,50,S,S_23,S_44,10
1,10,50,S,S_23,S_29,10
1,10,50,S,S_23,S_38,10
1,10,50,S,S_23,S_27,9.7
1,10,50,S,S_23,S_41,9.7
1,10,50,S,S_23,S_30,9.4
1,10,50,S,S_23,S_35,9.4
1,10,50,S,S_23,S_24,9.4
1,10,50,S,S_23,S_39,9.7
1,10,50,S,S_23,S_48,9.7
1,10,50,S,S_23,S_42,10
1,10,50,S,S_23,S_47,10
1,10,50,S,S_23,S_50,10
1,10,50,S,S_24,S_42,9.4
1,10,50,S,S_24,S_40,9.7
1,10,50,S,S_24,S_43,9.7
1,10,50,S,S_24,S_50,9.7
1,10,50,S,S_24,S_45,10
1,10,50,S,S_24,S_25,10
1,10,50,S,S_24,S_46,9.7
1,10,50,S,S_24,S_29,10
1,10,50,S,S_24,S_35,10
1,10,50,S,S_24,S_37,10
1,10,50,S,S_24,S_48,10
1,10,50,S,S_24,S_38,9.7
1,10,50,S,S_24,S_31,9.7
1,10,50,S,S_24,S_33,9.7
1,10,50,S,S_24,S_27,9.4
1,10,50,S,S_24,S_49,9.4
1,10,50,S,S_24,S_30,9.4
1,10,50,S,S_24,S_41,9.7
1,10,50,S,S_24,S_47,9.7
1,10,50,S,S_25,S_30,9.7
1,10,50,S,S_25,S_42,9.7
1,10,50,S,S_25,S_27,10
1,10,50,S,S_25,S_31,9.7
1,10,50,S,S_25,S_45,9.7
1,10,50,S,S_25,S_38,9.7
1,10,50,S,S_25,S_47,9.7
1,10,50,S,S_25,S_29,10
1,10,50,S,S_25,S_32,10
1,10,50,S,S_25,S_36,10
1,10,50,S,S_25,S_28,10
1,10,50,S,S_25,S_40,10
1,10,50,S,S_25,S_46,10
1,10,50,S,S_25,S_37,9.7
1,10,50,S,S_25,S_44,9.7
1,10,50,S,S_25,S_49,9.4
1,10,50,S,S_25,S_26,9.7
1,10,50,S,S_25,S_33,9.7
1,10,50,S,S_25,S_35,9.7
1,10,50,S,S_25,S_43,10
1,10,50,S,S_25,S_50,10
1,10,50,S,S_25,S_41,10
1,10,50,S,S_26,S_40,9.4
1,10,50,S,S_26,S_33,9.7
1,10,50,S,S_26,S_37,9.7
1,10,50,S,S_26,S_41,9.7
1,10,50,S,S_26,S_46,9.7
1,10,50,S,S_26,S_31,9.7
1,10,50,S,S_26,S_35,10
1,10,50,S,S_26,S_43,10
1,10,50,S,S_26,S_50,10
1,10,50,S,S_26,S_48,9.7
1,10,50,S,S_26,S_32,9.7
1,10,50,S,S_26,S_28,10
1,10,50,S,S_26,S_27,9.4
1,10,50,S,S_26,S_38,9.4
1,10,50,S,S_26,S_44,9.7
1,10,50,S,S_26,S_47,10
1,10,50,S,S_26,S_34,10
1,10,50,S,S_26,S_45,10
1,10,50,S,S_27,S_38,9.4
1,10,50,S,S_27,S_45,9.4
1,10,50,S,S_27,S_30,9.4
1,10,50,S,S_27,S_43,9.4
1,10,50,S,S_27,S_44,9.4
1,10,50,S,S_27,S_47,9.7
1,10,50,S,S_27,S_28,10
1,10,50,S,S_27,S_29,10
1,10,50,S,S_27,S_36,10
1,10,50,S,S_27,S_34,9.7
1,10,50,S,S_27,S_42,10
1,10,50,S,S_27,S_32,10
1,10,50,S,S_27,S_46,10
1,10,50,S,S_27,S_39,9.7
1,10,50,S,S_27,S_40,9.7
1,10,50,S,S_27,S_37,9.4
1,10,50,S,S_27,S_31,9.7
1,10,50,S,S_27,S_35,9.7
1,10,50,S,S_27,S_41,9.7
1,10,50,S,S_27,S_33,10
1,10,50,S,S_27,S_48,10
1,10,50,S,S_28,S_35,9.4
1,10,50,S,S_28,S_32,10
1,10,50,S,S_28,S_33,10
1,10,50,S,S_28,S_37,10
1,10,50,S,S_28,S_50,9.4
1,10,50,S,S_28,S_34,9.4
1,10,50,S,S_28,S_46,9.4
1,10,50,S,S_28,S_47,9.4
1,10,50,S,S_28,S_43,9.7
1,10,50,S,S_28,S_29,9.7
1,10,50,S,S_28,S_41,10
1,10,50,S,S_29,S_33,9.4
1,10,50,S,S_29,S_48,9.4
1,10,50,S,S_29,S_32,9.4
1,10,50,S,S_29,S_40,9.4
1,10,50,S,S_29,S_46,9.4
1,10,50,S,S_29,S_38,9.4
1,10,50,S,S_29,S_41,9.4
1,10,50,S,S_29,S_43,9.4
1,10,50,S,S_29,S_50,9.7
1,10,50,S,S_29,S_47,10
1,10,50,S,S_30,S_32,9.4
1,10,50,S,S_30,S_48,9.4
1,10,50,S,S_30,S_35,9.4
1,10,50,S,S_30,S_46,9.4
1,10,50,S,S_30,S_49,9.7
1,10,50,S,S_30,S_42,9.7
1,10,50,S,S_30,S_44,9.7
1,10,50,S,S_30,S_39,10
1,10,50,S,S_30,S_43,10
1,10,50,S,S_31,S_34,9.4
1,10,50,S,S_31,S_44,9.4
1,10,50,S,S_31,S_49,9.4
1,10,50,S,S_31,S_33,9.7
1,10,50,S,S_31,S_43,10
1,10,50,S,S_31,S_46,10
1,10,50,S,S_32,S_38,9.4
1,10,50,S,S_32,S_43,9.4
1,10,50,S,S_32,S_46,9.4
1,10,50,S,S_32,S_33,9.4
1,10,50,S,S_32,S_36,9.4
1,10,50,S,S_32,S_48,9.4
1,10,50,S,S_32,S_41,9.7
1,10,50,S,S_32,S_34,9.7
1,10,50,S,S_32,S_37,9.7
1,10,50,S,S_32,S_45,10
1,10,50,S,S_33,S_37,9.4
1,10,50,S,S_33,S_43,9.4
1,10,50,S,S_33,S_38,9.7
1,10,50,S,S_33,S_41,9.7
1,10,50,S,S_33,S_35,10
1,10,50,S,S_34,S_38,9.4
1,10,50,S,S_34,S_39,10
1,10,50,S,S_34,S_48,9.7
1,10,50,S,S_34,S_43,10
1,10,50,S,S_34,S_44,10
1,10,50,S,S_34,S_42,9.7
1,10,50,S,S_34,S_40,10
1,10,50,S,S_35,S_37,9.7
1,10,50,S,S_35,S_45,9.7
1,10,50,S,S_35,S_46,9.7
1,10,50,S,S_35,S_36,10
1,10,50,S,S_35,S_39,9.7
1,10,50,S,S_35,S_47,9.7
1,10,50,S,S_35,S_40,9.7
1,10,50,S,S_35,S_38,10.3
1,10,50,S,S_35,S_43,10
1,10,50,S,S_35,S_42,10
1,10,50,S,S_36,S_42,10
1,10,50,S,S_36,S_39,10.3
1,10,50,S,S_36,S_43,10
1,10,50,S,S_36,S_46,10
1,10,50,S,S_37,S_43,9.7
1,10,50,S,S_37,S_47,9.7
1,10,50,S,S_37,S_50,10.3
1,10,50,S,S_37,S_42,10
1,10,50,S,S_37,S_46,10
1,10,50,S,S_37,S_48,10.3
1,10,50,S,S_37,S_38,10
1,10,50,S,S_38,S_49,10
1,10,50,S,S_38,S_47,10.3
1,10,50,S,S_38,S_39,10
1,10,50,S,S_38,S_44,10.3
1,10,50,S,S_39,S_44,10
1,10,50,S,S_39,S_50,10.3
1,10,50,S,S_39,S_43,10.3
1,10,50,S,S_39,S_45,10
1,10,50,S,S_40,S_41,10
1,10,50,S,S_40,S_48,10.6
1,10,50,S,S_40,S_47,10
1,10,50,S,S_40,S_44,10
1,10,50,S,S_40,S_50,10
1,10,50,S,S_40,S_43,10
1,10,50,S,S_41,S_45,10
1,10,50,S,S_41,S_48,10.3
1,10,50,S,S_41,S_44,10.6
1,10,50,S,S_41,S_46,10
1,10,50,S,S_41,S_43,10.3
1,10,50,S,S_41,S_49,10
1,10,50,S,S_42,S_43,10.6
1,10,50,S,S_42,S_49,10.6
1,10,50,S,S_42,S_47,10.3
1,10,50,S,S_43,S_45,10
1,10,50,S,S_43,S_44,10
1,10,50,S,S_43,S_46,10.6
1,10,50,S,S_43,S_47,10.6
1,10,50,S,S_43,S_48,10.3
1,10,50,S,S_44,S_45,10.3
1,10,50,S,S_44,S_46,10.3
1,10,50,S,S_45,S_50,10
1,10,50,S,S_45,S_47,10.3
1,10,50,S,S_45,S_49,10.3
1,10,50,S,S_45,S_46,10
1,10,50,S,S_46,S_50,10.6
1,10,50,S,S_47,S_48,10
1,10,50,S,S_48,S_50,10.3
1,10,50,S,S_48,S_49,10
1,11,50,S,S_1,S_28,9.4
1,11,50,S,S_1,S_41,9.4
1,11,50,S,S_1,S_27,9.4
1,11,50,S,S_1,S_31,9.4
1,11,50,S,S_1,S_11,9.7
1,11,50,S,S_1,S_17,9.7
1,11,50,S,S_1,S_45,9.7
1,11,50,S,S_1,S_18,9.7
1,11,50,S,S_1,S_43,9.7
1,11,50,S,S_1,S_35,9.4
1,11,50,S,S_1,S_48,9.4
1,11,50,S,S_1,S_42,9.7
1,11,50,S,S_1,S_46,9.7
1,11,50,S,S_1,S_50,9.7
1,11,50,S,S_1,S_9,9.7
1,11,50,S,S_1,S_39,9.7
1,11,50,S,S_1,S_40,9.7
1,11,50,S,S_1,S_44,9.7
1,11,50,S,S_1,S_2,10
1,11,50,S,S_1,S_30,10
1,11,50,S,S_1,S_37,9.7
1,11,50,S,S_1,S_26,9.4
1,11,50,S,S_1,S_4,9.4
1,11,50,S,S_1,S_8,9.4
1,11,50,S,S_1,S_14,9.4
1,11,50,S,S_1,S_25,9.4
1,11,50,S,S_1,S_47,9.7
1,11,50,S,S_1,S_5,9.7
1,11,50,S,S_1,S_23,10
1,11,50,S,S_1,S_13,10
1,11,50,S,S_1,S_22,10
1,11,50,S,S_2,S_35,9.4
1,11,50,S,S_2,S_39,9.4
1,11,50,S,S_2,S_5,9.4
1,11,50,S,S_2,S_11,9.4
1,11,50,S,S_2,S_6,9.7
1,11,50,S,S_2,S_27,9.7
1,11,50,S,S_2,S_28,9.7
1,11,50,S,S_2,S_12,9.7
1,11,50,S,S_2,S_41,9.7
1,11,50,S,S_2,S_43,9.4
1,11,50,S,S_2,S_13,9.4
1,11,50,S,S_2,S_31,9.7
1,11,50,S,S_2,S_21,10
1,11,50,S,S_2,S_23,10
1,11,50,S,S_2,S_25,10
1,11,50,S,S_2,S_40,9.4
1,11,50,S,S_2,S_42,9.4
1,11,50,S,S_2,S_44,9.4
1,11,50,S,S_2,S_46,9.4
1,11,50,S,S_2,S_50,9.4
1,11,50,S,S_2,S_17,9.4
1,11,50,S,S_2,S_45,9.4
1,11,50,S,S_2,S_47,9.7
1,11,50,S,S_2,S_4,9.7
1,11,50,S,S_2,S_9,9.7
1,11,50,S,S_2,S_24,9.7
1,11,50,S,S_2,S_18,9.4
1,11,50,S,S_2,S_26,9.4
1,11,50,S,S_2,S_3,9.4
1,11,50,S,S_2,S_32,9.7
1,11,50,S,S_2,S_48,9.7
1,11,50,S,S_2,S_8,9.7
1,11,50,S,S_2,S_16,9.7
1,11,50,S,S_2,S_34,10
1,11,50,S,S_2,S_10,10
1,11,50,S,S_2,S_15,10
1,11,50,S,S_3,S_18,9.7
1,11,50,S,S_3,S_5,10
1,11,50,S,S_3,S_28,10
1,11,50,S,S_3,S_30,10
1,11,50,S,S_3,S_50,10
1,11,50,S,S_3,S_4,10.3
1,11,50,S,S_3,S_15,10.3
1,11,50,S,S_3,S_31,10.3
1,11,50,S,S_3,S_42,10.3
1,11,50,S,S_3,S_6,10.3
1,11,50,S,S_3,S_34,10.3
1,11,50,S,S_3,S_14,10
1,11,50,S,S_3,S_29,10.3
1,11,50,S,S_3,S_13,10
1,11,50,S,S_3,S_35,10
1,11,50,S,S_3,S_44,10
1,11,50,S,S_3,S_49,10
1,11,50,S,S_4,S_22,9.7
1,11,50,S,S_4,S_31,9.7
1,11,50,S,S_4,S_17,9.7
1,11,50,S,S_4,S_26,9.7
1,11,50,S,S_4,S_28,9.7
1,11,50,S,S_4,S_16,9.7
1,11,50,S,S_4,S_18,9.7
1,11,50,S,S_4,S_30,9.7
1,11,50,S,S_4,S_44,9.7
1,11,50,S,S_4,S_15,9.7
1,11,50,S,S_4,S_45,9.7
1,11,50,S,S_4,S_24,10
1,11,50,S,S_4,S_40,10
1,11,50,S,S_4,S_8,10
1,11,50,S,S_4,S_10,10
1,11,50,S,S_4,S_42,10.6
1,11,50,S,S_4,S_12,10.9
1,11,50,S,S_4,S_47,10.9
1,11,50,S,S_4,S_5,10.6
1,11,50,S,S_4,S_25,10.6
1,11,50,S,S_4,S_21,10.3
1,11,50,S,S_4,S_32,10.3
1,11,50,S,S_4,S_39,10.3
1,11,50,S,S_4,S_7,10
1,11,50,S,S_4,S_23,10
1,11,50,S,S_4,S_34,10
1,11,50,S,S_4,S_49,10
1,11,50,S,S_5,S_35,10.3
1,11,50,S,S_5,S_40,10.3
1,11,50,S,S_5,S_43,10.3
1,11,50,S,S_5,S_14,10.6
1,11,50,S,S_5,S_33,10.6
1,11,50,S,S_5,S_9,10.6
1,11,50,S,S_5,S_47,10.6
1,11,50,S,S_5,S_21,10.9
1,11,50,S,S_5,S_45,10.9
1,11,50,S,S_5,S_50,10.9
1,11,50,S,S_5,S_15,10.6
1,11,50,S,S_5,S_39,10.6
1,11,50,S,S_5,S_13,10.6
1,11,50,S,S_5,S_44,10.6
1,11,50,S,S_5,S_49,10.6
1,11,50,S,S_5,S_23,10.9
1,11,50,S,S_5,S_28,10.9
1,11,50,S,S_5,S_12,10.6
1,11,50,S,S_5,S_42,10.6
1,11,50,S,S_5,S_6,10.3
1,11,50,S,S_5,S_25,10.3
1,11,50,S,S_5,S_11,10
1,11,50,S,S_5,S_17,10
1,11,50,S,S_5,S_27,10
1,11,50,S,S_5,S_29,10
1,11,50,S,S_6,S_12,10.3
1,11,50,S,S_6,S_20,10.3
1,11,50,S,S_6,S_31,10.3
1,11,50,S,S_6,S_40,10.3
1,11,50,S,S_6,S_45,10.3
1,11,50,S,S_6,S_18,10.3
1,11,50,S,S_6,S_9,10
1,11,50,S,S_6,S_39,10
1,11,50,S,S_6,S_46,10
1,11,50,S,S_6,S_28,10
1,11,50,S,S_6,S_35,10
1,11,50,S,S_6,S_17,10.3
1,11,50,S,S_6,S_30,10
1,11,50,S,S_6,S_42,10
1,11,50,S,S_6,S_43,9.4
1,11,50,S,S_6,S_16,9.4
1,11,50,S,S_6,S_14,9.7
1,11,50,S,S_6,S_29,9.7
1,11,50,S,S_6,S_33,9.7
1,11,50,S,S_6,S_36,9.7
1,11,50,S,S_6,S_13,10
1,11,50,S,S_6,S_22,10
1,11,50,S,S_6,S_23,10
1,11,50,S,S_6,S_38,10
1,11,50,S,S_6,S_44,10
1,11,50,S,S_6,S_49,10
1,11,50,S,S_7,S_11,9.4
1,11,50,S,S_7,S_15,9.4
1,11,50,S,S_7,S_17,9.4
1,11,50,S,S_7,S_13,9.7
1,11,50,S,S_7,S_35,9.7
1,11,50,S,S_7,S_42,9.7
1,11,50,S,S_7,S_24,9.4
1,11,50,S,S_7,S_45,9.4
1,11,50,S,S_7,S_27,9.4
1,11,50,S,S_7,S_37,9.4
1,11,50,S,S_7,S_21,9.7
1,11,50,S,S_7,S_22,9.7
1,11,50,S,S_7,S_23,10
1,11,50,S,S_7,S_40,10
1,11,50,S,S_7,S_9,10
1,11,50,S,S_7,S_14,10
1,11,50,S,S_7,S_41,10
1,11,50,S,S_7,S_44,10
1,11,50,S,S_7,S_46,9.7
1,11,50,S,S_7,S_48,9.7
1,11,50,S,S_7,S_18,9.7
1,11,50,S,S_7,S_20,9.7
1,11,50,S,S_7,S_28,9.7
1,11,50,S,S_7,S_29,9.7
1,11,50,S,S_7,S_49,10
1,11,50,S,S_7,S_39,10
1,11,50,S,S_8,S_26,9.7
1,11,50,S,S_8,S_29,9.4
1,11,50,S,S_8,S_33,9.4
1,11,50,S,S_8,S_39,9.4
1,11,50,S,S_8,S_28,9.4
1,11,50,S,S_8,S_44,9.4
1,11,50,S,S_8,S_10,9.4
1,11,50,S,S_8,S_13,9.4
1,11,50,S,S_8,S_34,9.7
1,11,50,S,S_8,S_20,9.4
1,11,50,S,S_8,S_35,9.4
1,11,50,S,S_8,S_40,9.4
1,11,50,S,S_8,S_41,9.4
1,11,50,S,S_8,S_45,9.4
1,11,50,S,S_8,S_50,9.4
1,11,50,S,S_8,S_22,9.7
1,11,50,S,S_8,S_48,9.7
1,11,50,S,S_8,S_23,9.7
1,11,50,S,S_8,S_49,10
1,11,50,S,S_8,S_38,10
1,11,50,S,S_8,S_42,10
1,11,50,S,S_9,S_24,9.4
1,11,50,S,S_9,S_43,9.4
1,11,50,S,S_9,S_46,9.4
1,11,50,S,S_9,S_22,9.7
1,11,50,S,S_9,S_26,9.7
1,11,50,S,S_9,S_31,9.7
1,11,50,S,S_9,S_36,9.7
1,11,50,S,S_9,S_42,9.7
1,11,50,S,S_9,S_44,10
1,11,50,S,S_9,S_23,10
1,11,50,S,S_9,S_40,10
1,11,50,S,S_9,S_48,10
1,11,50,S,S_10,S_34,9.7
1,11,50,S,S_10,S_47,9.7
1,11,50,S,S_10,S_12,10
1,11,50,S,S_10,S_19,10
1,11,50,S,S_10,S_11,10
1,11,50,S,S_10,S_44,10.3
1,11,50,S,S_10,S_50,10.3
1,11,50,S,S_10,S_31,10
1,11,50,S,S_10,S_26,10
1,11,50,S,S_10,S_46,10
1,11,50,S,S_11,S_13,9.7
1,11,50,S,S_11,S_28,9.7
1,11,50,S,S_11,S_40,9.7
1,11,50,S,S_11,S_21,9.7
1,11,50,S,S_11,S_31,10
1,11,50,S,S_11,S_35,10
1,11,50,S,S_11,S_41,10
1,11,50,S,S_11,S_45,10
1,11,50,S,S_11,S_23,10
1,11,50,S,S_11,S_48,10
1,11,50,S,S_11,S_14,10
1,11,50,S,S_11,S_38,10
1,11,50,S,S_11,S_39,10
1,11,50,S,S_12,S_21,9.7
1,11,50,S,S_12,S_42,9.7
1,11,50,S,S_12,S_46,9.7
1,11,50,S,S_12,S_37,9.7
1,11,50,S,S_12,S_38,9.7
1,11,50,S,S_12,S_34,10
1,11,50,S,S_12,S_36,10
1,11,50,S,S_12,S_48,10
1,11,50,S,S_12,S_18,10.3
1,11,50,S,S_12,S_39,10.3
1,11,50,S,S_12,S_41,10
1,11,50,S,S_13,S_23,9.7
1,11,50,S,S_13,S_48,9.7
1,11,50,S,S_13,S_47,9.7
1,11,50,S,S_13,S_49,9.7
1,11,50,S,S_13,S_24,10
1,11,50,S,S_13,S_27,10
1,11,50,S,S_13,S_28,10
1,11,50,S,S_13,S_33,10
1,11,50,S,S_13,S_25,10
1,11,50,S,S_13,S_32,10
1,11,50,S,S_13,S_37,10
1,11,50,S,S_13,S_40,10
1,11,50,S,S_13,S_43,10
1,11,50,S,S_13,S_21,10.3
1,11,50,S,S_13,S_44,10.3
1,11,50,S,S_13,S_45,10.3
1,11,50,S,S_13,S_14,10.3
1,11,50,S,S_13,S_19,10.3
1,11,50,S,S_13,S_36,10
1,11,50,S,S_14,S_29,9.7
1,11,50,S,S_14,S_44,9.7
1,11,50,S,S_14,S_39,9.7
1,11,50,S,S_14,S_23,10
1,11,50,S,S_14,S_34,10
1,11,50,S,S_14,S_40,10
1,11,50,S,S_14,S_45,10.3
1,11,50,S,S_14,S_38,10
1,11,50,S,S_15,S_22,9.7
1,11,50,S,S_15,S_33,10.3
1,11,50,S,S_15,S_38,10.3
1,11,50,S,S_16,S_23,9.7
1,11,50,S,S_16,S_26,9.7
1,11,50,S,S_16,S_25,10
1,11,50,S,S_16,S_42,10
1,11,50,S,S_16,S_22,10
1,11,50,S,S_16,S_43,10
1,11,50,S,S_16,S_33,10
1,11,50,S,S_16,S_44,10
1,11,50,S,S_17,S_18,9.7
1,11,50,S,S_17,S_48,9.7
1,11,50,S,S_17,S_30,9.7
1,11,50,S,S_17,S_42,9.7
1,11,50,S,S_17,S_20,10
1,11,50,S,S_17,S_24,10
1,11,50,S,S_17,S_21,10
1,11,50,S,S_17,S_26,10
1,11,50,S,S_17,S_37,10
1,11,50,S,S_18,S_29,9.7
1,11,50,S,S_18,S_40,9.7
1,11,50,S,S_18,S_49,9.7
1,11,50,S,S_18,S_39,10
1,11,50,S,S_18,S_41,10
1,11,50,S,S_18,S_44,10
1,11,50,S,S_18,S_50,10
1,11,50,S,S_18,S_43,10.3
1,11,50,S,S_18,S_31,10
1,11,50,S,S_18,S_33,10
1,11,50,S,S_19,S_29,9.4
1,11,50,S,S_19,S_44,9.4
1,11,50,S,S_19,S_35,9.7
1,11,50,S,S_19,S_21,9.7
1,11,50,S,S_19,S_48,10
1,11,50,S,S_19,S_28,10
1,11,50,S,S_20,S_32,9.4
1,11,50,S,S_20,S_46,9.7
1,11,50,S,S_20,S_48,9.7
1,11,50,S,S_20,S_27,10
1,11,50,S,S_20,S_38,10
1,11,50,S,S_21,S_37,9.4
1,11,50,S,S_21,S_25,9.4
1,11,50,S,S_21,S_36,9.4
1,11,50,S,S_22,S_31,9.4
1,11,50,S,S_22,S_27,9.4
1,11,50,S,S_22,S_48,9.4
1,11,50,S,S_22,S_25,9.4
1,11,50,S,S_22,S_37,9.4
1,11,50,S,S_22,S_40,9.7
1,11,50,S,S_22,S_32,9.7
1,11,50,S,S_22,S_43,10
1,11,50,S,S_23,S_25,9.4
1,11,50,S,S_23,S_32,9.4
1,11,50,S,S_23,S_34,9.4
1,11,50,S,S_23,S_49,9.4
1,11,50,S,S_23,S_26,9.4
1,11,50,S,S_23,S_31,9.4
1,11,50,S,S_23,S_33,9.4
1,11,50,S,S_23,S_28,9.7
1,11,50,S,S_23,S_36,9.7
1,11,50,S,S_23,S_44,9.7
1,11,50,S,S_23,S_29,9.7
1,11,50,S,S_23,S_38,9.7
1,11,50,S,S_23,S_27,9.4
1,11,50,S,S_23,S_41,9.4
1,11,50,S,S_23,S_39,9.4
1,11,50,S,S_23,S_48,9.4
1,11,50,S,S_23,S_42,9.7
1,11,50,S,S_23,S_47,9.7
1,11,50,S,S_23,S_50,9.7
1,11,50,S,S_23,S_40,10
1,11,50,S,S_24,S_40,9.4
1,11,50,S,S_24,S_43,9.4
1,11,50,S,S_24,S_50,9.4
1,11,50,S,S_24,S_45,9.7
1,11,50,S,S_24,S_25,9.7
1,11,50,S,S_24,S_46,9.4
1,11,50,S,S_24,S_29,9.7
1,11,50,S,S_24,S_35,9.7
1,11,50,S,S_24,S_37,9.7
1,11,50,S,S_24,S_48,9.7
1,11,50,S,S_24,S_38,9.4
1,11,50,S,S_24,S_31,9.4
1,11,50,S,S_24,S_33,9.4
1,11,50,S,S_24,S_41,9.4
1,11,50,S,S_24,S_47,9.4
1,11,50,S,S_24,S_34,10
1,11,50,S,S_25,S_30,9.4
1,11,50,S,S_25,S_42,9.4
1,11,50,S,S_25,S_27,9.7
1,11,50,S,S_25,S_31,9.4
1,11,50,S,S_25,S_45,9.4
1,11,50,S,S_25,S_38,9.4
1,11,50,S,S_25,S_47,9.4
1,11,50,S,S_25,S_29,9.7
1,11,50,S,S_25,S_32,9.7
1,11,50,S,S_25,S_36,9.7
1,11,50,S,S_25,S_28,9.7
1,11,50,S,S_25,S_40,9.7
1,11,50,S,S_25,S_46,9.7
1,11,50,S,S_25,S_37,9.4
1,11,50,S,S_25,S_44,9.4
1,11,50,S,S_25,S_26,9.4
1,11,50,S,S_25,S_33,9.4
1,11,50,S,S_25,S_35,9.4
1,11,50,S,S_25,S_43,9.7
1,11,50,S,S_25,S_50,9.7
1,11,50,S,S_25,S_41,9.7
1,11,50,S,S_25,S_34,10
1,11,50,S,S_25,S_48,10
1,11,50,S,S_26,S_33,9.4
1,11,50,S,S_26,S_37,9.4
1,11,50,S,S_26,S_41,9.4
1,11,50,S,S_26,S_46,9.4
1,11,50,S,S_26,S_31,9.4
1,11,50,S,S_26,S_35,9.7
1,11,50,S,S_26,S_43,9.7
1,11,50,S,S_26,S_50,9.7
1,11,50,S,S_26,S_48,9.4
1,11,50,S,S_26,S_32,9.4
1,11,50,S,S_26,S_28,9.7
1,11,50,S,S_26,S_44,9.4
1,11,50,S,S_26,S_47,9.7
1,11,50,S,S_26,S_34,9.7
1,11,50,S,S_26,S_45,9.7
1,11,50,S,S_26,S_39,10
1,11,50,S,S_27,S_47,9.4
1,11,50,S,S_27,S_28,9.7
1,11,50,S,S_27,S_29,9.7
1,11,50,S,S_27,S_36,9.7
1,11,50,S,S_27,S_34,9.4
1,11,50,S,S_27,S_42,9.7
1,11,50,S,S_27,S_32,9.7
1,11,50,S,S_27,S_46,9.7
1,11,50,S,S_27,S_39,9.4
1,11,50,S,S_27,S_40,9.4
1,11,50,S,S_27,S_31,9.4
1,11,50,S,S_27,S_35,9.4
1,11,50,S,S_27,S_41,9.4
1,11,50,S,S_27,S_33,9.7
1,11,50,S,S_27,S_48,9.7
1,11,50,S,S_27,S_49,10
1,11,50,S,S_28,S_32,9.7
1,11,50,S,S_28,S_33,9.7
1,11,50,S,S_28,S_37,9.7
1,11,50,S,S_28,S_43,9.4
1,11,50,S,S_28,S_29,9.4
1,11,50,S,S_28,S_41,9.7
1,11,50,S,S_28,S_40,10
1,11,50,S,S_28,S_42,10
1,11,50,S,S_28,S_49,10
1,11,50,S,S_29,S_50,9.4
1,11,50,S,S_29,S_47,9.7
1,11,50,S,S_29,S_49,10
1,11,50,S,S_30,S_49,9.4
1,11,50,S,S_30,S_42,9.4
1,11,50,S,S_30,S_44,9.4
1,11,50,S,S_30,S_39,9.7
1,11,50,S,S_30,S_43,9.7
1,11,50,S,S_31,S_33,9.4
1,11,50,S,S_31,S_43,9.7
1,11,50,S,S_31,S_46,9.7
1,11,50,S,S_31,S_35,10
1,11,50,S,S_32,S_41,9.4
1,11,50,S,S_32,S_34,9.4
1,11,50,S,S_32,S_37,9.4
1,11,50,S,S_32,S_45,9.7
1,11,50,S,S_32,S_42,10
1,11,50,S,S_33,S_38,9.4
1,11,50,S,S_33,S_41,9.4
1,11,50,S,S_33,S_35,9.7
1,11,50,S,S_33,S_44,10
1,11,50,S,S_34,S_39,9.7
1,11,50,S,S_34,S_48,9.4
1,11,50,S,S_34,S_43,9.7
1,11,50,S,S_34,S_44,9.7
1,11,50,S,S_34,S_42,9.4
1,11,50,S,S_34,S_40,9.7
1,11,50,S,S_35,S_37,9.4
1,11,50,S,S_35,S_45,9.4
1,11,50,S,S_35,S_46,9.4
1,11,50,S,S_35,S_36,9.7
1,11,50,S,S_35,S_39,9.4
1,11,50,S,S_35,S_47,9.4
1,11,50,S,S_35,S_40,9.4
1,11,50,S,S_35,S_38,10
1,11,50,S,S_35,S_43,9.7
1,11,50,S,S_35,S_42,9.7
1,11,50,S,S_36,S_42,9.7
1,11,50,S,S_36,S_39,10
1,11,50,S,S_36,S_43,9.7
1,11,50,S,S_36,S_46,9.7
1,11,50,S,S_36,S_50,10
1,11,50,S,S_36,S_40,10
1,11,50,S,S_37,S_43,9.4
1,11,50,S,S_37,S_47,9.4
1,11,50,S,S_37,S_50,10
1,11,50,S,S_37,S_42,9.7
1,11,50,S,S_37,S_46,9.7
1,11,50,S,S_37,S_48,10
1,11,50,S,S_37,S_38,9.7
1,11,50,S,S_37,S_44,10
1,11,50,S,S_38,S_49,9.7
1,11,50,S,S_38,S_47,10
1,11,50,S,S_38,S_39,9.7
1,11,50,S,S_38,S_44,10
1,11,50,S,S_38,S_43,10
1,11,50,S,S_38,S_45,10
1,11,50,S,S_39,S_44,9.7
1,11,50,S,S_39,S_50,10
1,11,50,S,S_39,S_43,10
1,11,50,S,S_39,S_45,9.7
1,11,50,S,S_40,S_41,9.7
1,11,50,S,S_40,S_48,10.3
1,11,50,S,S_40,S_47,9.7
1,11,50,S,S_40,S_44,9.7
1,11,50,S,S_40,S_50,9.7
1,11,50,S,S_40,S_43,9.7
1,11,50,S,S_40,S_42,10
1,11,50,S,S_41,S_45,9.7
1,11,50,S,S_41,S_48,10
1,11,50,S,S_41,S_44,10.3
1,11,50,S,S_41,S_46,10.3
1,11,50,S,S_41,S_43,10.6
1,11,50,S,S_41,S_49,10.3
1,11,50,S,S_41,S_47,10
1,11,50,S,S_41,S_50,10
1,11,50,S,S_42,S_43,10.9
1,11,50,S,S_42,S_49,10.9
1,11,50,S,S_42,S_47,10.6
1,11,50,S,S_42,S_44,10
1,11,50,S,S_43,S_45,10.3
1,11,50,S,S_43,S_44,10.3
1,11,50,S,S_43,S_46,10.9
1,11,50,S,S_43,S_47,10.9
1,11,50,S,S_43,S_48,10.6
1,11,50,S,S_44,S_45,10.6
1,11,50,S,S_44,S_46,10.6
1,11,50,S,S_44,S_50,10
1,11,50,S,S_45,S_50,10.3
1,11,50,S,S_45,S_47,10.6
1,11,50,S,S_45,S_49,10.6
1,11,50,S,S_45,S_46,10.3
1,11,50,S,S_46,S_50,10.9
1,11,50,S,S_46,S_47,10
1,11,50,S,S_47,S_48,10.3
1,11,50,S,S_48,S_50,10.6
1,11,50,S,S_48,S_49,10.3
1,12,50,S,S_1,S_28,9.7
1,12,50,S,S_1,S_41,9.7
1,12,50,S,S_1,S_27,9.7
1,12,50,S,S_1,S_31,9.7
1,12,50,S,S_1,S_11,10
1,12,50,S,S_1,S_17,10
1,12,50,S,S_1,S_45,10
1,12,50,S,S_1,S_18,10
1,12,50,S,S_1,S_43,10
1,12,50,S,S_1,S_35,9.7
1,12,50,S,S_1,S_48,9.7
1,12,50,S,S_1,S_42,10
1,12,50,S,S_1,S_46,10
1,12,50,S,S_1,S_50,10
1,12,50,S,S_1,S_9,10
1,12,50,S,S_1,S_39,10
1,12,50,S,S_1,S_40,10
1,12,50,S,S_1,S_44,10
1,12,50,S,S_1,S_2,10.3
1,12,50,S,S_1,S_30,10.3
1,12,50,S,S_1,S_37,10
1,12,50,S,S_1,S_47,9.4
1,12,50,S,S_1,S_5,9.4
1,12,50,S,S_1,S_23,9.7
1,12,50,S,S_1,S_13,9.7
1,12,50,S,S_1,S_22,9.7
1,12,50,S,S_1,S_4,10
1,12,50,S,S_1,S_10,10
1,12,50,S,S_2,S_6,9.4
1,12,50,S,S_2,S_27,9.4
1,12,50,S,S_2,S_28,9.4
1,12,50,S,S_2,S_12,9.4
1,12,50,S,S_2,S_41,9.4
1,12,50,S,S_2,S_31,9.4
1,12,50,S,S_2,S_21,9.7
1,12,50,S,S_2,S_23,9.7
1,12,50,S,S_2,S_25,9.7
1,12,50,S,S_2,S_47,9.4
1,12,50,S,S_2,S_4,9.4
1,12,50,S,S_2,S_9,9.4
1,12,50,S,S_2,S_24,9.4
1,12,50,S,S_2,S_32,9.4
1,12,50,S,S_2,S_48,9.4
1,12,50,S,S_2,S_8,9.4
1,12,50,S,S_2,S_16,9.4
1,12,50,S,S_2,S_34,9.7
1,12,50,S,S_2,S_10,9.7
1,12,50,S,S_2,S_15,9.7
1,12,50,S,S_2,S_3,10
1,12,50,S,S_2,S_18,10
1,12,50,S,S_2,S_40,10
1,12,50,S,S_2,S_42,10
1,12,50,S,S_2,S_46,10
1,12,50,S,S_3,S_18,9.4
1,12,50,S,S_3,S_5,9.7
1,12,50,S,S_3,S_28,9.7
1,12,50,S,S_3,S_30,9.7
1,12,50,S,S_3,S_50,9.7
1,12,50,S,S_3,S_4,10
1,12,50,S,S_3,S_15,10
1,12,50,S,S_3,S_31,10
1,12,50,S,S_3,S_42,10
1,12,50,S,S_3,S_6,10
1,12,50,S,S_3,S_34,10
1,12,50,S,S_3,S_14,9.7
1,12,50,S,S_3,S_29,10
1,12,50,S,S_3,S_13,9.7
1,12,50,S,S_3,S_35,9.7
1,12,50,S,S_3,S_44,9.7
1,12,50,S,S_3,S_49,9.7
1,12,50,S,S_3,S_16,10
1,12,50,S,S_3,S_21,10
1,12,50,S,S_3,S_23,10
1,12,50,S,S_3,S_27,10
1,12,50,S,S_4,S_22,9.4
1,12,50,S,S_4,S_31,9.4
1,12,50,S,S_4,S_17,9.4
1,12,50,S,S_4,S_26,9.4
1,12,50,S,S_4,S_28,9.4
1,12,50,S,S_4,S_16,9.4
1,12,50,S,S_4,S_18,9.4
1,12,50,S,S_4,S_30,9.4
1,12,50,S,S_4,S_44,9.4
1,12,50,S,S_4,S_15,9.4
1,12,50,S,S_4,S_45,9.4
1,12,50,S,S_4,S_24,9.7
1,12,50,S,S_4,S_40,9.7
1,12,50,S,S_4,S_8,9.7
1,12,50,S,S_4,S_10,9.7
1,12,50,S,S_4,S_42,10.3
1,12,50,S,S_4,S_12,10.6
1,12,50,S,S_4,S_47,10.6
1,12,50,S,S_4,S_5,10.3
1,12,50,S,S_4,S_25,10.3
1,12,50,S,S_4,S_21,10
1,12,50,S,S_4,S_32,10
1,12,50,S,S_4,S_39,10
1,12,50,S,S_4,S_7,9.7
1,12,50,S,S_4,S_23,9.7
1,12,50,S,S_4,S_34,9.7
1,12,50,S,S_4,S_49,9.7
1,12,50,S,S_4,S_33,10
1,12,50,S,S_4,S_50,10
1,12,50,S,S_4,S_6,10
1,12,50,S,S_5,S_35,10
1,12,50,S,S_5,S_40,10
1,12,50,S,S_5,S_43,10
1,12,50,S,S_5,S_14,10.3
1,12,50,S,S_5,S_33,10.3
1,12,50,S,S_5,S_9,10.3
1,12,50,S,S_5,S_47,10.3
1,12,50,S,S_5,S_21,10.6
1,12,50,S,S_5,S_45,10.6
1,12,50,S,S_5,S_50,10.6
1,12,50,S,S_5,S_15,10.3
1,12,50,S,S_5,S_39,10.3
1,12,50,S,S_5,S_13,10.3
1,12,50,S,S_5,S_44,10.3
1,12,50,S,S_5,S_49,10.3
1,12,50,S,S_5,S_23,10.6
1,12,50,S,S_5,S_28,10.6
1,12,50,S,S_5,S_12,10.3
1,12,50,S,S_5,S_42,10.3
1,12,50,S,S_5,S_6,10
1,12,50,S,S_5,S_25,10
1,12,50,S,S_5,S_11,9.7
1,12,50,S,S_5,S_17,9.7
1,12,50,S,S_5,S_27,9.7
1,12,50,S,S_5,S_29,9.7
1,12,50,S,S_5,S_18,10
1,12,50,S,S_5,S_20,10
1,12,50,S,S_5,S_22,10
1,12,50,S,S_5,S_31,10
1,12,50,S,S_6,S_12,10
1,12,50,S,S_6,S_20,10
1,12,50,S,S_6,S_31,10
1,12,50,S,S_6,S_40,10
1,12,50,S,S_6,S_45,10
1,12,50,S,S_6,S_18,10
1,12,50,S,S_6,S_9,9.7
1,12,50,S,S_6,S_39,9.7
1,12,50,S,S_6,S_46,9.7
1,12,50,S,S_6,S_28,9.7
1,12,50,S,S_6,S_35,9.7
1,12,50,S,S_6,S_17,10
1,12,50,S,S_6,S_30,9.7
1,12,50,S,S_6,S_42,9.7
1,12,50,S,S_6,S_14,9.4
1,12,50,S,S_6,S_29,9.4
1,12,50,S,S_6,S_33,9.4
1,12,50,S,S_6,S_36,9.4
1,12,50,S,S_6,S_13,9.7
1,12,50,S,S_6,S_22,9.7
1,12,50,S,S_6,S_23,9.7
1,12,50,S,S_6,S_38,9.7
1,12,50,S,S_6,S_44,9.7
1,12,50,S,S_6,S_49,9.7
1,12,50,S,S_6,S_25,10
1,12,50,S,S_6,S_32,10
1,12,50,S,S_7,S_13,9.4
1,12,50,S,S_7,S_35,9.4
1,12,50,S,S_7,S_42,9.4
1,12,50,S,S_7,S_21,9.4
1,12,50,S,S_7,S_22,9.4
1,12,50,S,S_7,S_23,9.7
1,12,50,S,S_7,S_40,9.7
1,12,50,S,S_7,S_9,9.7
1,12,50,S,S_7,S_14,9.7
1,12,50,S,S_7,S_41,9.7
1,12,50,S,S_7,S_44,9.7
1,12,50,S,S_7,S_46,9.4
1,12,50,S,S_7,S_48,9.4
1,12,50,S,S_7,S_18,9.4
1,12,50,S,S_7,S_20,9.4
1,12,50,S,S_7,S_28,9.4
1,12,50,S,S_7,S_29,9.4
1,12,50,S,S_7,S_49,9.7
1,12,50,S,S_7,S_39,9.7
1,12,50,S,S_7,S_19,10
1,12,50,S,S_7,S_25,10
1,12,50,S,S_8,S_26,9.4
1,12,50,S,S_8,S_34,9.4
1,12,50,S,S_8,S_22,9.4
1,12,50,S,S_8,S_48,9.4
1,12,50,S,S_8,S_23,9.4
1,12,50,S,S_8,S_49,9.7
1,12,50,S,S_8,S_38,9.7
1,12,50,S,S_8,S_42,9.7
1,12,50,S,S_8,S_27,10
1,12,50,S,S_8,S_46,10
1,12,50,S,S_8,S_25,10
1,12,50,S,S_9,S_22,9.4
1,12,50,S,S_9,S_26,9.4
1,12,50,S,S_9,S_31,9.4
1,12,50,S,S_9,S_36,9.4
1,12,50,S,S_9,S_42,9.4
1,12,50,S,S_9,S_44,9.7
1,12,50,S,S_9,S_23,9.7
1,12,50,S,S_9,S_40,9.7
1,12,50,S,S_9,S_48,9.7
1,12,50,S,S_10,S_34,9.4
1,12,50,S,S_10,S_47,9.4
1,12,50,S,S_10,S_12,9.7
1,12,50,S,S_10,S_19,9.7
1,12,50,S,S_10,S_11,9.7
1,12,50,S,S_10,S_44,10
1,12,50,S,S_10,S_50,10
1,12,50,S,S_10,S_31,9.7
1,12,50,S,S_10,S_26,9.7
1,12,50,S,S_10,S_46,9.7
1,12,50,S,S_10,S_13,10
1,12,50,S,S_10,S_48,10
1,12,50,S,S_11,S_13,9.4
1,12,50,S,S_11,S_28,9.4
1,12,50,S,S_11,S_40,9.4
1,12,50,S,S_11,S_21,9.4
1,12,50,S,S_11,S_31,9.7
1,12,50,S,S_11,S_35,10.3
1,12,50,S,S_11,S_41,10.3
1,12,50,S,S_11,S_45,10.3
1,12,50,S,S_11,S_23,10.3
1,12,50,S,S_11,S_48,10.3
1,12,50,S,S_11,S_14,10.3
1,12,50,S,S_11,S_38,10.3
1,12,50,S,S_11,S_39,10.3
1,12,50,S,S_11,S_47,10
1,12,50,S,S_11,S_37,10
1,12,50,S,S_12,S_21,10
1,12,50,S,S_12,S_42,10
1,12,50,S,S_12,S_46,10
1,12,50,S,S_12,S_37,10
1,12,50,S,S_12,S_38,10
1,12,50,S,S_12,S_34,10.3
1,12,50,S,S_12,S_36,10.3
1,12,50,S,S_12,S_48,10.3
1,12,50,S,S_12,S_18,10.6
1,12,50,S,S_12,S_39,10.6
1,12,50,S,S_12,S_41,10.3
1,12,50,S,S_12,S_14,10
1,12,50,S,S_12,S_19,10
1,12,50,S,S_12,S_23,10
1,12,50,S,S_12,S_29,10
1,12,50,S,S_13,S_23,10
1,12,50,S,S_13,S_48,10
1,12,50,S,S_13,S_47,10
1,12,50,S,S_13,S_49,10
1,12,50,S,S_13,S_24,10.3
1,12,50,S,S_13,S_27,10.3
1,12,50,S,S_13,S_28,10.3
1,12,50,S,S_13,S_33,10.3
1,12,50,S,S_13,S_25,10.3
1,12,50,S,S_13,S_32,10.3
1,12,50,S,S_13,S_37,10.3
1,12,50,S,S_13,S_40,10.3
1,12,50,S,S_13,S_43,10.3
1,12,50,S,S_13,S_21,10.6
1,12,50,S,S_13,S_44,10.6
1,12,50,S,S_13,S_45,10.6
1,12,50,S,S_13,S_14,10.6
1,12,50,S,S_13,S_19,10.6
1,12,50,S,S_13,S_36,10.3
1,12,50,S,S_13,S_18,10
1,12,50,S,S_13,S_46,10
1,12,50,S,S_14,S_29,10
1,12,50,S,S_14,S_44,10
1,12,50,S,S_14,S_39,10
1,12,50,S,S_14,S_23,10.3
1,12,50,S,S_14,S_34,10.3
1,12,50,S,S_14,S_40,10.3
1,12,50,S,S_14,S_45,10.6
1,12,50,S,S_14,S_38,10.3
1,12,50,S,S_14,S_28,10
1,12,50,S,S_14,S_32,10
1,12,50,S,S_14,S_42,10
1,12,50,S,S_14,S_47,10
1,12,50,S,S_14,S_31,10
1,12,50,S,S_14,S_37,10
1,12,50,S,S_15,S_22,10
1,12,50,S,S_15,S_33,10.6
1,12,50,S,S_15,S_38,10.6
1,12,50,S,S_15,S_37,10
1,12,50,S,S_15,S_49,10
1,12,50,S,S_15,S_24,10
1,12,50,S,S_16,S_23,10
1,12,50,S,S_16,S_26,10
1,12,50,S,S_16,S_25,10.3
1,12,50,S,S_16,S_42,10.3
1,12,50,S,S_16,S_22,10.3
1,12,50,S,S_16,S_43,10.3
1,12,50,S,S_16,S_33,10.3
1,12,50,S,S_16,S_44,10.3
1,12,50,S,S_16,S_19,10
1,12,50,S,S_16,S_24,10
1,12,50,S,S_17,S_18,10
1,12,50,S,S_17,S_48,10
1,12,50,S,S_17,S_30,10
1,12,50,S,S_17,S_42,10
1,12,50,S,S_17,S_20,10.3
1,12,50,S,S_17,S_24,10.3
1,12,50,S,S_17,S_21,10.3
1,12,50,S,S_17,S_26,10.3
1,12,50,S,S_17,S_37,10.3
1,12,50,S,S_17,S_35,10
1,12,50,S,S_17,S_47,10
1,12,50,S,S_17,S_49,10
1,12,50,S,S_17,S_28,10
1,12,50,S,S_17,S_41,10
1,12,50,S,S_18,S_29,10
1,12,50,S,S_18,S_40,10
1,12,50,S,S_18,S_49,10
1,12,50,S,S_18,S_39,10.3
1,12,50,S,S_18,S_41,10.3
1,12,50,S,S_18,S_44,10.3
1,12,50,S,S_18,S_50,10.3
1,12,50,S,S_18,S_43,10.6
1,12,50,S,S_18,S_31,9.7
1,12,50,S,S_18,S_33,9.7
1,12,50,S,S_18,S_34,10
1,12,50,S,S_19,S_35,9.4
1,12,50,S,S_19,S_21,9.4
1,12,50,S,S_19,S_48,9.7
1,12,50,S,S_19,S_28,9.7
1,12,50,S,S_19,S_40,10
1,12,50,S,S_20,S_46,9.4
1,12,50,S,S_20,S_48,9.4
1,12,50,S,S_20,S_27,9.7
1,12,50,S,S_20,S_38,9.7
1,12,50,S,S_21,S_40,10
1,12,50,S,S_22,S_40,9.4
1,12,50,S,S_22,S_32,9.4
1,12,50,S,S_22,S_43,9.7
1,12,50,S,S_22,S_47,10
1,12,50,S,S_22,S_23,10
1,12,50,S,S_23,S_28,9.4
1,12,50,S,S_23,S_36,9.4
1,12,50,S,S_23,S_44,9.4
1,12,50,S,S_23,S_29,9.4
1,12,50,S,S_23,S_38,9.4
1,12,50,S,S_23,S_42,9.4
1,12,50,S,S_23,S_47,9.4
1,12,50,S,S_23,S_50,9.4
1,12,50,S,S_23,S_40,9.7
1,12,50,S,S_24,S_45,9.4
1,12,50,S,S_24,S_25,9.4
1,12,50,S,S_24,S_29,9.4
1,12,50,S,S_24,S_35,9.4
1,12,50,S,S_24,S_37,9.4
1,12,50,S,S_24,S_48,9.4
1,12,50,S,S_24,S_34,9.7
1,12,50,S,S_24,S_30,10
1,12,50,S,S_25,S_27,9.4
1,12,50,S,S_25,S_29,9.4
1,12,50,S,S_25,S_32,9.4
1,12,50,S,S_25,S_36,9.4
1,12,50,S,S_25,S_28,9.4
1,12,50,S,S_25,S_40,9.4
1,12,50,S,S_25,S_46,9.4
1,12,50,S,S_25,S_43,9.4
1,12,50,S,S_25,S_50,9.4
1,12,50,S,S_25,S_41,9.4
1,12,50,S,S_25,S_34,9.7
1,12,50,S,S_25,S_48,9.7
1,12,50,S,S_26,S_35,9.4
1,12,50,S,S_26,S_43,9.4
1,12,50,S,S_26,S_50,9.4
1,12,50,S,S_26,S_28,9.4
1,12,50,S,S_26,S_47,9.4
1,12,50,S,S_26,S_34,9.4
1,12,50,S,S_26,S_45,9.4
1,12,50,S,S_26,S_39,9.7
1,12,50,S,S_27,S_28,9.4
1,12,50,S,S_27,S_29,9.4
1,12,50,S,S_27,S_36,9.4
1,12,50,S,S_27,S_42,9.4
1,12,50,S,S_27,S_32,9.4
1,12,50,S,S_27,S_46,9.4
1,12,50,S,S_27,S_33,9.4
1,12,50,S,S_27,S_48,9.4
1,12,50,S,S_27,S_49,9.7
1,12,50,S,S_28,S_32,9.4
1,12,50,S,S_28,S_33,9.4
1,12,50,S,S_28,S_37,9.4
1,12,50,S,S_28,S_41,9.4
1,12,50,S,S_28,S_40,9.7
1,12,50,S,S_28,S_42,9.7
1,12,50,S,S_28,S_49,9.7
1,12,50,S,S_28,S_34,10
1,12,50,S,S_29,S_47,9.4
1,12,50,S,S_29,S_49,9.7
1,12,50,S,S_29,S_31,10
1,12,50,S,S_29,S_34,10
1,12,50,S,S_29,S_35,10
1,12,50,S,S_30,S_39,9.4
1,12,50,S,S_30,S_43,9.4
1,12,50,S,S_30,S_34,10
1,12,50,S,S_30,S_40,10
1,12,50,S,S_30,S_41,10
1,12,50,S,S_31,S_43,9.4
1,12,50,S,S_31,S_46,9.4
1,12,50,S,S_31,S_35,9.7
1,12,50,S,S_32,S_45,9.4
1,12,50,S,S_32,S_42,9.7
1,12,50,S,S_33,S_35,9.4
1,12,50,S,S_33,S_44,9.7
1,12,50,S,S_33,S_48,10
1,12,50,S,S_34,S_39,9.4
1,12,50,S,S_34,S_43,9.4
1,12,50,S,S_34,S_44,9.4
1,12,50,S,S_34,S_40,9.4
1,12,50,S,S_35,S_36,9.4
1,12,50,S,S_35,S_38,9.7
1,12,50,S,S_35,S_43,9.4
1,12,50,S,S_35,S_42,9.4
1,12,50,S,S_36,S_42,9.4
1,12,50,S,S_36,S_39,9.7
1,12,50,S,S_36,S_43,9.4
1,12,50,S,S_36,S_46,9.4
1,12,50,S,S_36,S_50,9.7
1,12,50,S,S_36,S_40,9.7
1,12,50,S,S_36,S_37,10
1,12,50,S,S_36,S_45,10
1,12,50,S,S_37,S_50,9.7
1,12,50,S,S_37,S_42,9.4
1,12,50,S,S_37,S_46,9.4
1,12,50,S,S_37,S_48,9.7
1,12,50,S,S_37,S_38,9.4
1,12,50,S,S_37,S_44,9.7
1,12,50,S,S_38,S_49,9.4
1,12,50,S,S_38,S_47,9.7
1,12,50,S,S_38,S_39,9.4
1,12,50,S,S_38,S_44,9.7
1,12,50,S,S_38,S_43,9.7
1,12,50,S,S_38,S_45,9.7
1,12,50,S,S_38,S_42,10
1,12,50,S,S_39,S_44,9.4
1,12,50,S,S_39,S_50,9.7
1,12,50,S,S_39,S_43,9.7
1,12,50,S,S_39,S_45,9.4
1,12,50,S,S_39,S_40,10
1,12,50,S,S_40,S_41,9.4
1,12,50,S,S_40,S_48,10
1,12,50,S,S_40,S_47,9.4
1,12,50,S,S_40,S_44,9.4
1,12,50,S,S_40,S_50,9.4
1,12,50,S,S_40,S_43,9.4
1,12,50,S,S_40,S_42,9.7
1,12,50,S,S_41,S_45,9.4
1,12,50,S,S_41,S_48,9.7
1,12,50,S,S_41,S_44,10
1,12,50,S,S_41,S_46,10
1,12,50,S,S_41,S_43,10.3
1,12,50,S,S_41,S_49,10
1,12,50,S,S_41,S_47,9.7
1,12,50,S,S_41,S_50,9.7
1,12,50,S,S_42,S_43,10.6
1,12,50,S,S_42,S_49,10.6
1,12,50,S,S_42,S_47,10.3
1,12,50,S,S_42,S_44,9.7
1,12,50,S,S_43,S_45,10
1,12,50,S,S_43,S_44,10
1,12,50,S,S_43,S_46,10.6
1,12,50,S,S_43,S_47,10.6
1,12,50,S,S_43,S_48,10.3
1,12,50,S,S_44,S_45,10.3
1,12,50,S,S_44,S_46,10.3
1,12,50,S,S_44,S_50,9.7
1,12,50,S,S_44,S_48,10
1,12,50,S,S_45,S_50,10
1,12,50,S,S_45,S_47,10.3
1,12,50,S,S_45,S_49,10.3
1,12,50,S,S_45,S_46,10
1,12,50,S,S_46,S_50,10.6
1,12,50,S,S_46,S_47,9.7
1,12,50,S,S_47,S_48,10
1,12,50,S,S_48,S_50,10.3
1,12,50,S,S_48,S_49,10
1,12,50,S,S_49,S_50,10
1,13,50,S,S_1,S_28,9.4
1,13,50,S,S_1,S_41,9.4
1,13,50,S,S_1,S_27,9.4
1,13,50,S,S_1,S_31,9.4
1,13,50,S,S_1,S_11,9.7
1,13,50,S,S_1,S_17,9.7
1,13,50,S,S_1,S_45,9.7
1,13,50,S,S_1,S_18,9.7
1,13,50,S,S_1,S_43,9.7
1,13,50,S,S_1,S_35,9.4
1,13,50,S,S_1,S_48,9.4
1,13,50,S,S_1,S_42,9.7
1,13,50,S,S_1,S_46,9.7
1,13,50,S,S_1,S_50,9.7
1,13,50,S,S_1,S_9,9.7
1,13,50,S,S_1,S_39,9.7
1,13,50,S,S_1,S_40,9.7
1,13,50,S,S_1,S_44,9.7
1,13,50,S,S_1,S_2,10
1,13,50,S,S_1,S_30,10
1,13,50,S,S_1,S_37,9.7
1,13,50,S,S_1,S_23,9.4
1,13,50,S,S_1,S_13,9.4
1,13,50,S,S_1,S_22,9.4
1,13,50,S,S_1,S_4,9.7
1,13,50,S,S_1,S_10,9.7
1,13,50,S,S_1,S_8,10
1,13,50,S,S_1,S_21,10
1,13,50,S,S_1,S_26,10
1,13,50,S,S_1,S_29,10
1,13,50,S,S_2,S_21,9.4
1,13,50,S,S_2,S_23,9.4
1,13,50,S,S_2,S_25,9.4
1,13,50,S,S_2,S_34,9.4
1,13,50,S,S_2,S_10,9.4
1,13,50,S,S_2,S_15,9.4
1,13,50,S,S_2,S_3,9.7
1,13,50,S,S_2,S_18,9.7
1,13,50,S,S_2,S_40,9.7
1,13,50,S,S_2,S_42,9.7
1,13,50,S,S_2,S_46,9.7
1,13,50,S,S_2,S_7,10
1,13,50,S,S_2,S_37,10
1,13,50,S,S_2,S_38,10
1,13,50,S,S_2,S_50,10
1,13,50,S,S_3,S_5,9.4
1,13,50,S,S_3,S_28,9.4
1,13,50,S,S_3,S_30,9.4
1,13,50,S,S_3,S_50,9.4
1,13,50,S,S_3,S_4,9.7
1,13,50,S,S_3,S_15,9.7
1,13,50,S,S_3,S_31,9.7
1,13,50,S,S_3,S_42,9.7
1,13,50,S,S_3,S_6,9.7
1,13,50,S,S_3,S_34,9.7
1,13,50,S,S_3,S_14,9.4
1,13,50,S,S_3,S_29,9.7
1,13,50,S,S_3,S_13,9.4
1,13,50,S,S_3,S_35,9.4
1,13,50,S,S_3,S_44,9.4
1,13,50,S,S_3,S_49,9.4
1,13,50,S,S_3,S_16,9.7
1,13,50,S,S_3,S_21,9.7
1,13,50,S,S_3,S_23,9.7
1,13,50,S,S_3,S_27,9.7
1,13,50,S,S_3,S_9,10
1,13,50,S,S_3,S_40,10
1,13,50,S,S_3,S_47,10
1,13,50,S,S_4,S_24,9.4
1,13,50,S,S_4,S_40,9.4
1,13,50,S,S_4,S_8,9.4
1,13,50,S,S_4,S_10,9.4
1,13,50,S,S_4,S_42,10
1,13,50,S,S_4,S_12,10.3
1,13,50,S,S_4,S_47,10.3
1,13,50,S,S_4,S_5,10
1,13,50,S,S_4,S_25,10
1,13,50,S,S_4,S_21,9.7
1,13,50,S,S_4,S_32,9.7
1,13,50,S,S_4,S_39,9.7
1,13,50,S,S_4,S_7,9.4
1,13,50,S,S_4,S_23,9.4
1,13,50,S,S_4,S_34,9.4
1,13,50,S,S_4,S_49,9.4
1,13,50,S,S_4,S_33,9.7
1,13,50,S,S_4,S_50,9.7
1,13,50,S,S_4,S_6,9.7
1,13,50,S,S_4,S_27,10
1,13,50,S,S_4,S_38,10
1,13,50,S,S_5,S_35,9.7
1,13,50,S,S_5,S_40,9.7
1,13,50,S,S_5,S_43,9.7
1,13,50,S,S_5,S_14,10
1,13,50,S,S_5,S_33,10
1,13,50,S,S_5,S_9,10
1,13,50,S,S_5,S_47,10
1,13,50,S,S_5,S_21,10.3
1,13,50,S,S_5,S_45,10.3
1,13,50,S,S_5,S_50,10.3
1,13,50,S,S_5,S_15,10
1,13,50,S,S_5,S_39,10
1,13,50,S,S_5,S_13,10
1,13,50,S,S_5,S_44,10
1,13,50,S,S_5,S_49,10
1,13,50,S,S_5,S_23,10.3
1,13,50,S,S_5,S_28,10.3
1,13,50,S,S_5,S_12,10
1,13,50,S,S_5,S_42,10
1,13,50,S,S_5,S_6,9.7
1,13,50,S,S_5,S_25,9.7
1,13,50,S,S_5,S_11,9.4
1,13,50,S,S_5,S_17,9.4
1,13,50,S,S_5,S_27,9.4
1,13,50,S,S_5,S_29,9.4
1,13,50,S,S_5,S_18,9.7
1,13,50,S,S_5,S_20,9.7
1,13,50,S,S_5,S_22,9.7
1,13,50,S,S_5,S_31,9.7
1,13,50,S,S_6,S_12,9.7
1,13,50,S,S_6,S_20,9.7
1,13,50,S,S_6,S_31,9.7
1,13,50,S,S_6,S_40,9.7
1,13,50,S,S_6,S_45,9.7
1,13,50,S,S_6,S_18,9.7
1,13,50,S,S_6,S_9,9.4
1,13,50,S,S_6,S_39,9.4
1,13,50,S,S_6,S_46,9.4
1,13,50,S,S_6,S_28,9.4
1,13,50,S,S_6,S_35,9.4
1,13,50,S,S_6,S_17,9.7
1,13,50,S,S_6,S_30,9.4
1,13,50,S,S_6,S_42,9.4
1,13,50,S,S_6,S_13,9.4
1,13,50,S,S_6,S_22,9.4
1,13,50,S,S_6,S_23,9.4
1,13,50,S,S_6,S_38,9.4
1,13,50,S,S_6,S_44,9.4
1,13,50,S,S_6,S_49,9.4
1,13,50,S,S_6,S_25,9.7
1,13,50,S,S_6,S_32,9.7
1,13,50,S,S_6,S_21,10
1,13,50,S,S_6,S_50,10
1,13,50,S,S_7,S_23,9.4
1,13,50,S,S_7,S_40,9.4
1,13,50,S,S_7,S_9,9.4
1,13,50,S,S_7,S_14,9.4
1,13,50,S,S_7,S_41,9.4
1,13,50,S,S_7,S_44,9.4
1,13,50,S,S_7,S_49,9.4
1,13,50,S,S_7,S_39,9.4
1,13,50,S,S_7,S_19,9.7
1,13,50,S,S_7,S_25,9.7
1,13,50,S,S_7,S_30,10
1,13,50,S,S_7,S_32,10
1,13,50,S,S_8,S_49,9.4
1,13,50,S,S_8,S_38,9.4
1,13,50,S,S_8,S_42,9.4
1,13,50,S,S_8,S_27,9.7
1,13,50,S,S_8,S_46,9.7
1,13,50,S,S_8,S_25,9.7
1,13,50,S,S_8,S_32,10
1,13,50,S,S_9,S_44,9.4
1,13,50,S,S_9,S_23,9.4
1,13,50,S,S_9,S_40,9.4
1,13,50,S,S_9,S_48,9.4
1,13,50,S,S_10,S_12,9.4
1,13,50,S,S_10,S_19,9.4
1,13,50,S,S_10,S_11,9.4
1,13,50,S,S_10,S_44,9.7
1,13,50,S,S_10,S_50,9.7
1,13,50,S,S_10,S_31,9.4
1,13,50,S,S_10,S_26,9.4
1,13,50,S,S_10,S_46,9.4
1,13,50,S,S_10,S_13,9.7
1,13,50,S,S_10,S_48,9.7
1,13,50,S,S_10,S_17,10
1,13,50,S,S_11,S_31,9.4
1,13,50,S,S_11,S_35,10
1,13,50,S,S_11,S_41,10
1,13,50,S,S_11,S_45,10
1,13,50,S,S_11,S_23,10
1,13,50,S,S_11,S_48,10
1,13,50,S,S_11,S_14,10
1,13,50,S,S_11,S_38,10
1,13,50,S,S_11,S_39,10
1,13,50,S,S_11,S_47,9.7
1,13,50,S,S_11,S_37,9.7
1,13,50,S,S_11,S_46,10
1,13,50,S,S_12,S_21,9.7
1,13,50,S,S_12,S_42,9.7
1,13,50,S,S_12,S_46,9.7
1,13,50,S,S_12,S_37,9.7
1,13,50,S,S_12,S_38,9.7
1,13,50,S,S_12,S_34,10
1,13,50,S,S_12,S_36,10
1,13,50,S,S_12,S_48,10
1,13,50,S,S_12,S_18,10.3
1,13,50,S,S_12,S_39,10.3
1,13,50,S,S_12,S_41,10
1,13,50,S,S_12,S_14,9.7
1,13,50,S,S_12,S_19,9.7
1,13,50,S,S_12,S_23,9.7
1,13,50,S,S_12,S_29,9.7
1,13,50,S,S_12,S_44,10
1,13,50,S,S_13,S_23,9.7
1,13,50,S,S_13,S_48,9.7
1,13,50,S,S_13,S_47,9.7
1,13,50,S,S_13,S_49,9.7
1,13,50,S,S_13,S_24,10
1,13,50,S,S_13,S_27,10
1,13,50,S,S_13,S_28,10
1,13,50,S,S_13,S_33,10
1,13,50,S,S_13,S_25,10
1,13,50,S,S_13,S_32,10
1,13,50,S,S_13,S_37,10
1,13,50,S,S_13,S_40,10
1,13,50,S,S_13,S_43,10
1,13,50,S,S_13,S_21,10.3
1,13,50,S,S_13,S_44,10.3
1,13,50,S,S_13,S_45,10.3
1,13,50,S,S_13,S_14,10.3
1,13,50,S,S_13,S_19,10.3
1,13,50,S,S_13,S_36,10
1,13,50,S,S_13,S_18,9.7
1,13,50,S,S_13,S_46,9.7
1,13,50,S,S_13,S_38,10
1,13,50,S,S_13,S_22,10
1,13,50,S,S_13,S_39,10
1,13,50,S,S_14,S_29,9.7
1,13,50,S,S_14,S_44,9.7
1,13,50,S,S_14,S_39,9.7
1,13,50,S,S_14,S_23,10
1,13,50,S,S_14,S_34,10
1,13,50,S,S_14,S_40,10
1,13,50,S,S_14,S_45,10.3
1,13,50,S,S_14,S_38,10
1,13,50,S,S_14,S_28,9.7
1,13,50,S,S_14,S_32,9.7
1,13,50,S,S_14,S_42,9.7
1,13,50,S,S_14,S_47,9.7
1,13,50,S,S_14,S_31,9.7
1,13,50,S,S_14,S_37,9.7
1,13,50,S,S_14,S_27,10
1,13,50,S,S_15,S_22,9.7
1,13,50,S,S_15,S_33,10.3
1,13,50,S,S_15,S_38,10.3
1,13,50,S,S_15,S_37,9.7
1,13,50,S,S_15,S_49,9.7
1,13,50,S,S_15,S_24,9.7
1,13,50,S,S_15,S_45,10
1,13,50,S,S_16,S_23,9.7
1,13,50,S,S_16,S_26,9.7
1,13,50,S,S_16,S_25,10
1,13,50,S,S_16,S_42,10
1,13,50,S,S_16,S_22,10
1,13,50,S,S_16,S_43,10
1,13,50,S,S_16,S_33,10
1,13,50,S,S_16,S_44,10
1,13,50,S,S_16,S_19,9.7
1,13,50,S,S_16,S_24,9.7
1,13,50,S,S_16,S_27,10
1,13,50,S,S_16,S_28,10
1,13,50,S,S_16,S_50,10
1,13,50,S,S_16,S_35,10
1,13,50,S,S_17,S_18,9.7
1,13,50,S,S_17,S_48,9.7
1,13,50,S,S_17,S_30,9.7
1,13,50,S,S_17,S_42,9.7
1,13,50,S,S_17,S_20,10
1,13,50,S,S_17,S_24,10
1,13,50,S,S_17,S_21,10
1,13,50,S,S_17,S_26,10
1,13,50,S,S_17,S_37,10
1,13,50,S,S_17,S_35,9.7
1,13,50,S,S_17,S_47,9.7
1,13,50,S,S_17,S_49,9.7
1,13,50,S,S_17,S_28,9.7
1,13,50,S,S_17,S_41,9.7
1,13,50,S,S_17,S_22,10
1,13,50,S,S_17,S_38,10
1,13,50,S,S_18,S_29,9.7
1,13,50,S,S_18,S_40,9.7
1,13,50,S,S_18,S_49,9.7
1,13,50,S,S_18,S_39,10
1,13,50,S,S_18,S_41,10
1,13,50,S,S_18,S_44,10
1,13,50,S,S_18,S_50,10
1,13,50,S,S_18,S_43,10.3
1,13,50,S,S_18,S_31,9.4
1,13,50,S,S_18,S_33,9.4
1,13,50,S,S_18,S_34,9.7
1,13,50,S,S_18,S_24,10
1,13,50,S,S_18,S_46,10
1,13,50,S,S_19,S_48,9.4
1,13,50,S,S_19,S_28,9.4
1,13,50,S,S_19,S_40,9.7
1,13,50,S,S_19,S_23,10
1,13,50,S,S_19,S_37,10
1,13,50,S,S_20,S_27,9.4
1,13,50,S,S_20,S_38,9.4
1,13,50,S,S_20,S_30,10
1,13,50,S,S_21,S_40,9.7
1,13,50,S,S_21,S_34,10
1,13,50,S,S_22,S_43,9.4
1,13,50,S,S_22,S_47,9.7
1,13,50,S,S_22,S_23,9.7
1,13,50,S,S_22,S_49,10
1,13,50,S,S_22,S_26,10
1,13,50,S,S_23,S_40,9.4
1,13,50,S,S_23,S_45,10
1,13,50,S,S_24,S_34,9.4
1,13,50,S,S_24,S_30,9.7
1,13,50,S,S_24,S_28,10
1,13,50,S,S_24,S_32,10
1,13,50,S,S_24,S_39,10
1,13,50,S,S_25,S_34,9.4
1,13,50,S,S_25,S_48,9.4
1,13,50,S,S_25,S_39,10
1,13,50,S,S_26,S_39,9.4
1,13,50,S,S_26,S_29,10
1,13,50,S,S_26,S_36,10
1,13,50,S,S_26,S_27,10
1,13,50,S,S_27,S_49,9.4
1,13,50,S,S_27,S_37,10
1,13,50,S,S_28,S_40,9.4
1,13,50,S,S_28,S_42,9.4
1,13,50,S,S_28,S_49,9.4
1,13,50,S,S_28,S_34,9.7
1,13,50,S,S_28,S_30,10
1,13,50,S,S_28,S_38,10
1,13,50,S,S_29,S_49,9.4
1,13,50,S,S_29,S_31,9.7
1,13,50,S,S_29,S_34,9.7
1,13,50,S,S_29,S_35,9.7
1,13,50,S,S_30,S_34,9.7
1,13,50,S,S_30,S_40,9.7
1,13,50,S,S_30,S_41,9.7
1,13,50,S,S_31,S_35,9.4
1,13,50,S,S_31,S_41,10
1,13,50,S,S_31,S_37,10
1,13,50,S,S_32,S_42,9.4
1,13,50,S,S_33,S_44,9.4
1,13,50,S,S_33,S_48,9.7
1,13,50,S,S_33,S_39,10
1,13,50,S,S_33,S_46,10
1,13,50,S,S_34,S_37,10
1,13,50,S,S_35,S_38,9.4
1,13,50,S,S_36,S_39,9.4
1,13,50,S,S_36,S_50,9.4
1,13,50,S,S_36,S_40,9.4
1,13,50,S,S_36,S_37,9.7
1,13,50,S,S_36,S_45,9.7
1,13,50,S,S_36,S_41,10
1,13,50,S,S_37,S_50,9.4
1,13,50,S,S_37,S_48,9.4
1,13,50,S,S_37,S_44,9.4
1,13,50,S,S_38,S_47,9.4
1,13,50,S,S_38,S_44,9.4
1,13,50,S,S_38,S_43,9.4
1,13,50,S,S_38,S_45,9.4
1,13,50,S,S_38,S_42,9.7
1,13,50,S,S_39,S_50,9.4
1,13,50,S,S_39,S_43,9.4
1,13,50,S,S_39,S_40,9.7
1,13,50,S,S_40,S_48,9.7
1,13,50,S,S_40,S_42,9.4
1,13,50,S,S_41,S_48,9.4
1,13,50,S,S_41,S_44,9.7
1,13,50,S,S_41,S_46,9.7
1,13,50,S,S_41,S_43,10
1,13,50,S,S_41,S_49,9.7
1,13,50,S,S_41,S_47,9.4
1,13,50,S,S_41,S_50,9.4
1,13,50,S,S_42,S_43,10.3
1,13,50,S,S_42,S_49,10.3
1,13,50,S,S_42,S_47,10
1,13,50,S,S_42,S_44,9.4
1,13,50,S,S_42,S_48,10
1,13,50,S,S_43,S_45,9.7
1,13,50,S,S_43,S_44,9.7
1,13,50,S,S_43,S_46,10.3
1,13,50,S,S_43,S_47,10.3
1,13,50,S,S_43,S_48,10
1,13,50,S,S_44,S_45,10
1,13,50,S,S_44,S_46,10
1,13,50,S,S_44,S_50,9.4
1,13,50,S,S_44,S_48,9.7
1,13,50,S,S_45,S_50,9.7
1,13,50,S,S_45,S_47,10
1,13,50,S,S_45,S_49,10
1,13,50,S,S_45,S_46,9.7
1,13,50,S,S_46,S_50,10.3
1,13,50,S,S_46,S_47,9.4
1,13,50,S,S_47,S_48,9.7
1,13,50,S,S_48,S_50,10
1,13,50,S,S_48,S_49,9.7
1,13,50,S,S_49,S_50,9.7
1,14,50,S,S_1,S_11,9.4
1,14,50,S,S_1,S_17,9.4
1,14,50,S,S_1,S_45,9.4
1,14,50,S,S_1,S_18,9.4
1,14,50,S,S_1,S_43,9.4
1,14,50,S,S_1,S_42,9.4
1,14,50,S,S_1,S_46,9.4
1,14,50,S,S_1,S_50,9.4
1,14,50,S,S_1,S_9,9.4
1,14,50,S,S_1,S_39,9.4
1,14,50,S,S_1,S_40,9.4
1,14,50,S,S_1,S_44,9.4
1,14,50,S,S_1,S_2,9.7
1,14,50,S,S_1,S_30,9.7
1,14,50,S,S_1,S_37,9.4
1,14,50,S,S_1,S_4,9.4
1,14,50,S,S_1,S_10,9.4
1,14,50,S,S_1,S_8,9.7
1,14,50,S,S_1,S_21,9.7
1,14,50,S,S_1,S_26,9.7
1,14,50,S,S_1,S_29,9.7
1,14,50,S,S_1,S_12,10
1,14,50,S,S_1,S_14,10
1,14,50,S,S_2,S_3,9.4
1,14,50,S,S_2,S_18,9.4
1,14,50,S,S_2,S_40,9.4
1,14,50,S,S_2,S_42,9.4
1,14,50,S,S_2,S_46,9.4
1,14,50,S,S_2,S_7,9.7
1,14,50,S,S_2,S_37,9.7
1,14,50,S,S_2,S_38,9.7
1,14,50,S,S_2,S_50,9.7
1,14,50,S,S_2,S_30,10
1,14,50,S,S_2,S_36,10
1,14,50,S,S_2,S_45,10
1,14,50,S,S_3,S_4,9.4
1,14,50,S,S_3,S_15,9.4
1,14,50,S,S_3,S_31,9.4
1,14,50,S,S_3,S_42,9.4
1,14,50,S,S_3,S_6,9.4
1,14,50,S,S_3,S_34,9.4
1,14,50,S,S_3,S_29,9.4
1,14,50,S,S_3,S_16,9.4
1,14,50,S,S_3,S_21,9.4
1,14,50,S,S_3,S_23,9.4
1,14,50,S,S_3,S_27,9.4
1,14,50,S,S_3,S_9,9.7
1,14,50,S,S_3,S_40,9.7
1,14,50,S,S_3,S_47,9.7
1,14,50,S,S_3,S_46,10
1,14,50,S,S_4,S_42,9.7
1,14,50,S,S_4,S_12,10
1,14,50,S,S_4,S_47,10
1,14,50,S,S_4,S_5,9.7
1,14,50,S,S_4,S_25,9.7
1,14,50,S,S_4,S_21,9.4
1,14,50,S,S_4,S_32,9.4
1,14,50,S,S_4,S_39,9.4
1,14,50,S,S_4,S_33,9.4
1,14,50,S,S_4,S_50,9.4
1,14,50,S,S_4,S_6,9.4
1,14,50,S,S_4,S_27,9.7
1,14,50,S,S_4,S_38,9.7
1,14,50,S,S_5,S_35,9.4
1,14,50,S,S_5,S_40,9.4
1,14,50,S,S_5,S_43,9.4
1,14,50,S,S_5,S_14,9.7
1,14,50,S,S_5,S_33,9.7
1,14,50,S,S_5,S_9,9.7
1,14,50,S,S_5,S_47,9.7
1,14,50,S,S_5,S_21,10
1,14,50,S,S_5,S_45,10
1,14,50,S,S_5,S_50,10
1,14,50,S,S_5,S_15,9.7
1,14,50,S,S_5,S_39,9.7
1,14,50,S,S_5,S_13,9.7
1,14,50,S,S_5,S_44,9.7
1,14,50,S,S_5,S_49,9.7
1,14,50,S,S_5,S_23,10
1,14,50,S,S_5,S_28,10
1,14,50,S,S_5,S_12,9.7
1,14,50,S,S_5,S_42,9.7
1,14,50,S,S_5,S_6,9.4
1,14,50,S,S_5,S_25,9.4
1,14,50,S,S_5,S_18,9.4
1,14,50,S,S_5,S_20,9.4
1,14,50,S,S_5,S_22,9.4
1,14,50,S,S_5,S_31,9.4
1,14,50,S,S_5,S_34,10
1,14,50,S,S_5,S_11,10
1,14,50,S,S_6,S_12,9.4
1,14,50,S,S_6,S_20,9.4
1,14,50,S,S_6,S_31,9.4
1,14,50,S,S_6,S_40,9.4
1,14,50,S,S_6,S_45,9.4
1,14,50,S,S_6,S_18,9.4
1,14,50,S,S_6,S_17,9.4
1,14,50,S,S_6,S_25,9.4
1,14,50,S,S_6,S_32,9.4
1,14,50,S,S_6,S_21,9.7
1,14,50,S,S_6,S_50,9.7
1,14,50,S,S_6,S_11,10
1,14,50,S,S_6,S_37,10
1,14,50,S,S_6,S_8,10
1,14,50,S,S_7,S_19,9.4
1,14,50,S,S_7,S_25,9.4
1,14,50,S,S_7,S_30,9.7
1,14,50,S,S_7,S_32,9.7
1,14,50,S,S_7,S_47,10
1,14,50,S,S_8,S_27,9.4
1,14,50,S,S_8,S_46,9.4
1,14,50,S,S_8,S_25,9.4
1,14,50,S,S_8,S_32,9.7
1,14,50,S,S_8,S_16,10
1,14,50,S,S_8,S_21,10
1,14,50,S,S_10,S_44,9.4
1,14,50,S,S_10,S_50,9.4
1,14,50,S,S_10,S_13,9.4
1,14,50,S,S_10,S_48,9.4
1,14,50,S,S_10,S_17,9.7
1,14,50,S,S_11,S_35,9.7
1,14,50,S,S_11,S_41,9.7
1,14,50,S,S_11,S_45,9.7
1,14,50,S,S_11,S_23,9.7
1,14,50,S,S_11,S_48,9.7
1,14,50,S,S_11,S_14,9.7
1,14,50,S,S_11,S_38,9.7
1,14,50,S,S_11,S_39,9.7
1,14,50,S,S_11,S_47,9.4
1,14,50,S,S_11,S_37,9.4
1,14,50,S,S_11,S_46,9.7
1,14,50,S,S_12,S_21,9.4
1,14,50,S,S_12,S_42,9.4
1,14,50,S,S_12,S_46,9.4
1,14,50,S,S_12,S_37,9.4
1,14,50,S,S_12,S_38,9.4
1,14,50,S,S_12,S_34,9.7
1,14,50,S,S_12,S_36,9.7
1,14,50,S,S_12,S_48,9.7
1,14,50,S,S_12,S_18,10
1,14,50,S,S_12,S_39,10
1,14,50,S,S_12,S_41,9.7
1,14,50,S,S_12,S_14,9.4
1,14,50,S,S_12,S_19,9.4
1,14,50,S,S_12,S_23,9.4
1,14,50,S,S_12,S_29,9.4
1,14,50,S,S_12,S_44,9.7
1,14,50,S,S_12,S_20,10
1,14,50,S,S_13,S_23,9.4
1,14,50,S,S_13,S_48,9.4
1,14,50,S,S_13,S_47,9.4
1,14,50,S,S_13,S_49,9.4
1,14,50,S,S_13,S_24,9.7
1,14,50,S,S_13,S_27,9.7
1,14,50,S,S_13,S_28,9.7
1,14,50,S,S_13,S_33,9.7
1,14,50,S,S_13,S_25,9.7
1,14,50,S,S_13,S_32,9.7
1,14,50,S,S_13,S_37,9.7
1,14,50,S,S_13,S_40,9.7
1,14,50,S,S_13,S_43,9.7
1,14,50,S,S_13,S_21,10
1,14,50,S,S_13,S_44,10
1,14,50,S,S_13,S_45,10
1,14,50,S,S_13,S_14,10
1,14,50,S,S_13,S_19,10
1,14,50,S,S_13,S_36,9.7
1,14,50,S,S_13,S_18,9.4
1,14,50,S,S_13,S_46,9.4
1,14,50,S,S_13,S_38,9.7
1,14,50,S,S_13,S_22,9.7
1,14,50,S,S_13,S_39,9.7
1,14,50,S,S_13,S_16,10
1,14,50,S,S_14,S_29,9.4
1,14,50,S,S_14,S_44,9.4
1,14,50,S,S_14,S_39,9.4
1,14,50,S,S_14,S_23,9.7
1,14,50,S,S_14,S_34,9.7
1,14,50,S,S_14,S_40,9.7
1,14,50,S,S_14,S_45,10
1,14,50,S,S_14,S_38,9.7
1,14,50,S,S_14,S_28,9.4
1,14,50,S,S_14,S_32,9.4
1,14,50,S,S_14,S_42,9.4
1,14,50,S,S_14,S_47,9.4
1,14,50,S,S_14,S_31,9.4
1,14,50,S,S_14,S_37,9.4
1,14,50,S,S_14,S_27,9.7
1,14,50,S,S_15,S_22,9.4
1,14,50,S,S_15,S_33,10
1,14,50,S,S_15,S_38,10
1,14,50,S,S_15,S_37,9.4
1,14,50,S,S_15,S_49,9.4
1,14,50,S,S_15,S_24,9.4
1,14,50,S,S_15,S_45,9.7
1,14,50,S,S_15,S_35,10
1,14,50,S,S_16,S_23,9.4
1,14,50,S,S_16,S_26,9.4
1,14,50,S,S_16,S_25,9.7
1,14,50,S,S_16,S_42,9.7
1,14,50,S,S_16,S_22,9.7
1,14,50,S,S_16,S_43,9.7
1,14,50,S,S_16,S_33,9.7
1,14,50,S,S_16,S_44,9.7
1,14,50,S,S_16,S_19,9.4
1,14,50,S,S_16,S_24,9.4
1,14,50,S,S_16,S_27,9.7
1,14,50,S,S_16,S_28,9.7
1,14,50,S,S_16,S_50,9.7
1,14,50,S,S_16,S_35,9.7
1,14,50,S,S_17,S_18,9.4
1,14,50,S,S_17,S_48,9.4
1,14,50,S,S_17,S_30,9.4
1,14,50,S,S_17,S_42,9.4
1,14,50,S,S_17,S_20,9.7
1,14,50,S,S_17,S_24,9.7
1,14,50,S,S_17,S_21,9.7
1,14,50,S,S_17,S_26,9.7
1,14,50,S,S_17,S_37,9.7
1,14,50,S,S_17,S_35,9.4
1,14,50,S,S_17,S_47,9.4
1,14,50,S,S_17,S_49,9.4
1,14,50,S,S_17,S_28,9.4
1,14,50,S,S_17,S_41,9.4
1,14,50,S,S_17,S_22,9.7
1,14,50,S,S_17,S_38,9.7
1,14,50,S,S_17,S_19,10
1,14,50,S,S_18,S_29,9.4
1,14,50,S,S_18,S_40,9.4
1,14,50,S,S_18,S_49,9.4
1,14,50,S,S_18,S_39,9.7
1,14,50,S,S_18,S_41,9.7
1,14,50,S,S_18,S_44,9.7
1,14,50,S,S_18,S_50,9.7
1,14,50,S,S_18,S_43,10
1,14,50,S,S_18,S_34,9.4
1,14,50,S,S_18,S_24,9.7
1,14,50,S,S_18,S_46,9.7
1,14,50,S,S_18,S_30,10
1,14,50,S,S_18,S_22,10
1,14,50,S,S_19,S_40,9.4
1,14,50,S,S_19,S_23,9.7
1,14,50,S,S_19,S_37,9.7
1,14,50,S,S_19,S_45,10
1,14,50,S,S_20,S_30,9.7
1,14,50,S,S_20,S_26,10
1,14,50,S,S_20,S_42,10
1,14,50,S,S_21,S_40,9.4
1,14,50,S,S_21,S_34,9.7
1,14,50,S,S_21,S_38,10
1,14,50,S,S_22,S_47,9.4
1,14,50,S,S_22,S_23,9.4
1,14,50,S,S_22,S_49,9.7
1,14,50,S,S_22,S_26,9.7
1,14,50,S,S_22,S_46,10
1,14,50,S,S_22,S_41,10
1,14,50,S,S_23,S_45,9.7
1,14,50,S,S_23,S_46,10
1,14,50,S,S_23,S_37,10
1,14,50,S,S_23,S_43,10
1,14,50,S,S_24,S_30,9.4
1,14,50,S,S_24,S_28,9.7
1,14,50,S,S_24,S_32,9.7
1,14,50,S,S_24,S_39,9.7
1,14,50,S,S_24,S_49,10
1,14,50,S,S_24,S_26,10
1,14,50,S,S_25,S_39,9.7
1,14,50,S,S_26,S_29,9.7
1,14,50,S,S_26,S_36,9.7
1,14,50,S,S_26,S_27,9.7
1,14,50,S,S_26,S_42,10
1,14,50,S,S_27,S_37,9.7
1,14,50,S,S_28,S_34,9.4
1,14,50,S,S_28,S_30,9.7
1,14,50,S,S_28,S_38,9.7
1,14,50,S,S_28,S_31,10
1,14,50,S,S_29,S_31,9.4
1,14,50,S,S_29,S_34,9.4
1,14,50,S,S_29,S_35,9.4
1,14,50,S,S_30,S_34,9.4
1,14,50,S,S_30,S_40,9.4
1,14,50,S,S_30,S_41,9.4
1,14,50,S,S_30,S_47,10
1,14,50,S,S_31,S_41,9.7
1,14,50,S,S_31,S_37,9.7
1,14,50,S,S_31,S_38,10
1,14,50,S,S_31,S_50,10
1,14,50,S,S_33,S_48,9.4
1,14,50,S,S_33,S_39,9.7
1,14,50,S,S_33,S_46,9.7
1,14,50,S,S_34,S_37,9.7
1,14,50,S,S_34,S_50,10
1,14,50,S,S_35,S_50,10
1,14,50,S,S_36,S_37,9.4
1,14,50,S,S_36,S_45,9.4
1,14,50,S,S_36,S_41,9.7
1,14,50,S,S_38,S_42,9.4
1,14,50,S,S_39,S_40,9.4
1,14,50,S,S_40,S_48,9.4
1,14,50,S,S_41,S_44,9.4
1,14,50,S,S_41,S_46,9.4
1,14,50,S,S_41,S_43,9.7
1,14,50,S,S_41,S_49,9.4
1,14,50,S,S_42,S_43,10
1,14,50,S,S_42,S_49,10
1,14,50,S,S_42,S_47,9.7
1,14,50,S,S_42,S_48,9.7
1,14,50,S,S_43,S_45,9.4
1,14,50,S,S_43,S_44,9.4
1,14,50,S,S_43,S_46,10
1,14,50,S,S_43,S_47,10
1,14,50,S,S_43,S_48,9.7
1,14,50,S,S_44,S_45,9.7
1,14,50,S,S_44,S_46,9.7
1,14,50,S,S_44,S_48,9.4
1,14,50,S,S_45,S_50,9.4
1,14,50,S,S_45,S_47,9.7
1,14,50,S,S_45,S_49,9.7
1,14,50,S,S_45,S_46,9.4
1,14,50,S,S_46,S_50,10
1,14,50,S,S_47,S_48,9.4
1,14,50,S,S_47,S_50,10
1,14,50,S,S_48,S_50,9.7
1,14,50,S,S_48,S_49,9.4
1,14,50,S,S_49,S_50,9.4
1,15,50,S,S_1,S_2,9.4
1,15,50,S,S_1,S_30,9.4
1,15,50,S,S_1,S_8,9.4
1,15,50,S,S_1,S_21,9.4
1,15,50,S,S_1,S_26,9.4
1,15,50,S,S_1,S_29,9.4
1,15,50,S,S_1,S_12,9.7
1,15,50,S,S_1,S_14,9.7
1,15,50,S,S_1,S_25,10
1,15,50,S,S_1,S_24,10
1,15,50,S,S_2,S_7,9.4
1,15,50,S,S_2,S_37,9.4
1,15,50,S,S_2,S_38,9.4
1,15,50,S,S_2,S_50,9.4
1,15,50,S,S_2,S_30,9.7
1,15,50,S,S_2,S_36,9.7
1,15,50,S,S_2,S_45,9.7
1,15,50,S,S_2,S_17,10
1,15,50,S,S_3,S_9,9.4
1,15,50,S,S_3,S_40,9.4
1,15,50,S,S_3,S_47,9.4
1,15,50,S,S_3,S_46,9.7
1,15,50,S,S_4,S_42,9.4
1,15,50,S,S_4,S_12,9.7
1,15,50,S,S_4,S_47,9.7
1,15,50,S,S_4,S_5,9.4
1,15,50,S,S_4,S_25,9.4
1,15,50,S,S_4,S_27,9.4
1,15,50,S,S_4,S_38,9.4
1,15,50,S,S_5,S_14,9.4
1,15,50,S,S_5,S_33,9.4
1,15,50,S,S_5,S_9,9.4
1,15,50,S,S_5,S_47,9.4
1,15,50,S,S_5,S_21,9.7
1,15,50,S,S_5,S_45,9.7
1,15,50,S,S_5,S_50,9.7
1,15,50,S,S_5,S_15,9.4
1,15,50,S,S_5,S_39,9.4
1,15,50,S,S_5,S_13,9.4
1,15,50,S,S_5,S_44,9.4
1,15,50,S,S_5,S_49,9.4
1,15,50,S,S_5,S_23,9.7
1,15,50,S,S_5,S_28,9.7
1,15,50,S,S_5,S_12,9.4
1,15,50,S,S_5,S_42,9.4
1,15,50,S,S_5,S_34,9.7
1,15,50,S,S_5,S_11,9.7
1,15,50,S,S_5,S_10,10
1,15,50,S,S_5,S_17,10
1,15,50,S,S_5,S_38,10
1,15,50,S,S_6,S_21,9.4
1,15,50,S,S_6,S_50,9.4
1,15,50,S,S_6,S_11,9.7
1,15,50,S,S_6,S_37,9.7
1,15,50,S,S_6,S_8,9.7
1,15,50,S,S_6,S_7,10
1,15,50,S,S_6,S_10,10
1,15,50,S,S_6,S_15,10
1,15,50,S,S_6,S_49,10
1,15,50,S,S_6,S_44,10
1,15,50,S,S_7,S_30,9.4
1,15,50,S,S_7,S_32,9.4
1,15,50,S,S_7,S_47,9.7
1,15,50,S,S_7,S_16,10
1,15,50,S,S_8,S_32,9.4
1,15,50,S,S_8,S_16,9.7
1,15,50,S,S_8,S_21,9.7
1,15,50,S,S_9,S_10,10
1,15,50,S,S_9,S_16,10
1,15,50,S,S_10,S_17,9.4
1,15,50,S,S_10,S_20,10
1,15,50,S,S_10,S_37,10
1,15,50,S,S_10,S_40,10
1,15,50,S,S_10,S_43,10
1,15,50,S,S_11,S_35,9.4
1,15,50,S,S_11,S_41,9.4
1,15,50,S,S_11,S_45,9.4
1,15,50,S,S_11,S_23,9.4
1,15,50,S,S_11,S_48,9.4
1,15,50,S,S_11,S_14,9.4
1,15,50,S,S_11,S_38,9.4
1,15,50,S,S_11,S_39,9.4
1,15,50,S,S_11,S_46,9.4
1,15,50,S,S_11,S_17,10
1,15,50,S,S_12,S_34,9.4
1,15,50,S,S_12,S_36,9.4
1,15,50,S,S_12,S_48,9.4
1,15,50,S,S_12,S_18,9.7
1,15,50,S,S_12,S_39,9.7
1,15,50,S,S_12,S_41,9.4
1,15,50,S,S_12,S_44,9.4
1,15,50,S,S_12,S_20,9.7
1,15,50,S,S_12,S_30,10
1,15,50,S,S_12,S_32,10
1,15,50,S,S_12,S_16,10
1,15,50,S,S_13,S_24,9.4
1,15,50,S,S_13,S_27,9.4
1,15,50,S,S_13,S_28,9.4
1,15,50,S,S_13,S_33,9.4
1,15,50,S,S_13,S_25,9.4
1,15,50,S,S_13,S_32,9.4
1,15,50,S,S_13,S_37,9.4
1,15,50,S,S_13,S_40,9.4
1,15,50,S,S_13,S_43,9.4
1,15,50,S,S_13,S_21,9.7
1,15,50,S,S_13,S_44,9.7
1,15,50,S,S_13,S_45,9.7
1,15,50,S,S_13,S_14,9.7
1,15,50,S,S_13,S_19,9.7
1,15,50,S,S_13,S_36,9.4
1,15,50,S,S_13,S_38,9.4
1,15,50,S,S_13,S_22,9.4
1,15,50,S,S_13,S_39,9.4
1,15,50,S,S_13,S_16,9.7
1,15,50,S,S_13,S_18,10
1,15,50,S,S_13,S_46,10
1,15,50,S,S_14,S_23,10
1,15,50,S,S_14,S_34,10
1,15,50,S,S_14,S_40,10
1,15,50,S,S_14,S_45,10.3
1,15,50,S,S_14,S_38,10
1,15,50,S,S_14,S_28,9.7
1,15,50,S,S_14,S_32,9.7
1,15,50,S,S_14,S_42,9.7
1,15,50,S,S_14,S_47,9.7
1,15,50,S,S_14,S_31,9.7
1,15,50,S,S_14,S_37,9.7
1,15,50,S,S_14,S_27,10
1,15,50,S,S_14,S_16,10
1,15,50,S,S_14,S_46,10
1,15,50,S,S_15,S_22,9.7
1,15,50,S,S_15,S_33,10.3
1,15,50,S,S_15,S_38,10.3
1,15,50,S,S_15,S_37,9.7
1,15,50,S,S_15,S_49,9.7
1,15,50,S,S_15,S_24,9.7
1,15,50,S,S_15,S_45,10
1,15,50,S,S_15,S_35,10.3
1,15,50,S,S_15,S_16,10
1,15,50,S,S_16,S_23,9.7
1,15,50,S,S_16,S_26,9.7
1,15,50,S,S_16,S_25,10
1,15,50,S,S_16,S_42,10
1,15,50,S,S_16,S_22,10
1,15,50,S,S_16,S_43,10
1,15,50,S,S_16,S_33,10
1,15,50,S,S_16,S_44,10
1,15,50,S,S_16,S_19,9.7
1,15,50,S,S_16,S_24,9.7
1,15,50,S,S_16,S_27,10
1,15,50,S,S_16,S_28,10
1,15,50,S,S_16,S_50,10
1,15,50,S,S_16,S_35,10
1,15,50,S,S_16,S_40,10
1,15,50,S,S_16,S_36,10
1,15,50,S,S_17,S_18,9.7
1,15,50,S,S_17,S_48,9.7
1,15,50,S,S_17,S_30,9.7
1,15,50,S,S_17,S_42,9.7
1,15,50,S,S_17,S_20,10
1,15,50,S,S_17,S_24,10
1,15,50,S,S_17,S_21,10
1,15,50,S,S_17,S_26,10
1,15,50,S,S_17,S_37,10
1,15,50,S,S_17,S_35,9.7
1,15,50,S,S_17,S_47,9.7
1,15,50,S,S_17,S_49,9.7
1,15,50,S,S_17,S_28,9.7
1,15,50,S,S_17,S_41,9.7
1,15,50,S,S_17,S_22,10
1,15,50,S,S_17,S_38,10
1,15,50,S,S_17,S_19,10.3
1,15,50,S,S_18,S_29,9.7
1,15,50,S,S_18,S_40,9.7
1,15,50,S,S_18,S_49,9.7
1,15,50,S,S_18,S_39,10
1,15,50,S,S_18,S_41,10
1,15,50,S,S_18,S_44,10
1,15,50,S,S_18,S_50,10
1,15,50,S,S_18,S_43,10.3
1,15,50,S,S_18,S_34,9.7
1,15,50,S,S_18,S_24,10
1,15,50,S,S_18,S_46,10
1,15,50,S,S_18,S_30,10.3
1,15,50,S,S_18,S_22,10.3
1,15,50,S,S_18,S_32,10
1,15,50,S,S_19,S_40,9.7
1,15,50,S,S_19,S_23,10
1,15,50,S,S_19,S_37,10
1,15,50,S,S_19,S_45,10.3
1,15,50,S,S_19,S_22,10
1,15,50,S,S_20,S_30,10
1,15,50,S,S_20,S_26,10.3
1,15,50,S,S_20,S_42,10.3
1,15,50,S,S_21,S_40,9.7
1,15,50,S,S_21,S_34,9.4
1,15,50,S,S_21,S_38,9.7
1,15,50,S,S_21,S_28,10
1,15,50,S,S_22,S_49,9.4
1,15,50,S,S_22,S_26,9.4
1,15,50,S,S_22,S_46,9.7
1,15,50,S,S_22,S_41,9.7
1,15,50,S,S_22,S_23,10
1,15,50,S,S_22,S_35,10
1,15,50,S,S_23,S_45,9.4
1,15,50,S,S_23,S_46,9.7
1,15,50,S,S_23,S_37,9.7
1,15,50,S,S_23,S_43,9.7
1,15,50,S,S_24,S_28,9.4
1,15,50,S,S_24,S_32,9.4
1,15,50,S,S_24,S_39,9.4
1,15,50,S,S_24,S_49,9.7
1,15,50,S,S_24,S_26,9.7
1,15,50,S,S_24,S_44,10
1,15,50,S,S_25,S_39,9.4
1,15,50,S,S_26,S_29,9.4
1,15,50,S,S_26,S_36,9.4
1,15,50,S,S_26,S_27,9.4
1,15,50,S,S_26,S_42,9.7
1,15,50,S,S_26,S_38,10
1,15,50,S,S_27,S_37,9.4
1,15,50,S,S_28,S_30,9.4
1,15,50,S,S_28,S_38,9.4
1,15,50,S,S_28,S_31,9.7
1,15,50,S,S_29,S_37,10
1,15,50,S,S_30,S_47,9.7
1,15,50,S,S_30,S_37,10
1,15,50,S,S_31,S_41,9.4
1,15,50,S,S_31,S_37,9.4
1,15,50,S,S_31,S_38,9.7
1,15,50,S,S_31,S_50,9.7
1,15,50,S,S_33,S_39,9.4
1,15,50,S,S_33,S_46,9.4
1,15,50,S,S_33,S_34,10
1,15,50,S,S_33,S_45,10
1,15,50,S,S_33,S_47,10
1,15,50,S,S_34,S_37,9.4
1,15,50,S,S_34,S_50,9.7
1,15,50,S,S_35,S_50,9.7
1,15,50,S,S_36,S_41,9.4
1,15,50,S,S_36,S_48,10
1,15,50,S,S_40,S_49,10
1,15,50,S,S_41,S_43,9.4
1,15,50,S,S_42,S_43,9.7
1,15,50,S,S_42,S_49,9.7
1,15,50,S,S_42,S_47,9.4
1,15,50,S,S_42,S_48,9.4
1,15,50,S,S_43,S_46,9.7
1,15,50,S,S_43,S_47,9.7
1,15,50,S,S_43,S_48,9.4
1,15,50,S,S_44,S_45,9.4
1,15,50,S,S_44,S_46,9.4
1,15,50,S,S_45,S_47,9.4
1,15,50,S,S_45,S_49,10
1,15,50,S,S_45,S_46,9.7
1,15,50,S,S_46,S_50,10.3
1,15,50,S,S_47,S_48,9.7
1,15,50,S,S_47,S_50,10.3
1,15,50,S,S_48,S_50,10
1,15,50,S,S_48,S_49,9.7
1,15,50,S,S_49,S_50,9.7
1,16,50,S,S_1,S_2,9.7
1,16,50,S,S_1,S_30,9.7
1,16,50,S,S_1,S_8,9.7
1,16,50,S,S_1,S_21,9.7
1,16,50,S,S_1,S_26,9.7
1,16,50,S,S_1,S_29,9.7
1,16,50,S,S_1,S_12,10
1,16,50,S,S_1,S_14,10
1,16,50,S,S_1,S_25,10.3
1,16,50,S,S_1,S_24,10.3
1,16,50,S,S_2,S_7,9.7
1,16,50,S,S_2,S_37,9.7
1,16,50,S,S_2,S_38,9.7
1,16,50,S,S_2,S_50,9.7
1,16,50,S,S_2,S_30,10
1,16,50,S,S_2,S_36,10
1,16,50,S,S_2,S_45,10
1,16,50,S,S_2,S_17,10.3
1,16,50,S,S_3,S_9,9.7
1,16,50,S,S_3,S_40,9.7
1,16,50,S,S_3,S_47,9.7
1,16,50,S,S_3,S_46,10
1,16,50,S,S_4,S_42,9.7
1,16,50,S,S_4,S_12,10
1,16,50,S,S_4,S_47,10
1,16,50,S,S_4,S_5,9.7
1,16,50,S,S_4,S_25,9.7
1,16,50,S,S_4,S_27,9.7
1,16,50,S,S_4,S_38,9.7
1,16,50,S,S_5,S_14,9.7
1,16,50,S,S_5,S_33,9.7
1,16,50,S,S_5,S_9,9.7
1,16,50,S,S_5,S_47,9.7
1,16,50,S,S_5,S_21,10
1,16,50,S,S_5,S_45,10
1,16,50,S,S_5,S_50,10
1,16,50,S,S_5,S_23,9.4
1,16,50,S,S_5,S_28,9.4
1,16,50,S,S_5,S_34,9.4
1,16,50,S,S_5,S_11,9.4
1,16,50,S,S_5,S_10,9.7
1,16,50,S,S_5,S_17,9.7
1,16,50,S,S_5,S_38,9.7
1,16,50,S,S_5,S_29,10
1,16,50,S,S_5,S_36,10
1,16,50,S,S_6,S_11,9.4
1,16,50,S,S_6,S_37,9.4
1,16,50,S,S_6,S_8,9.4
1,16,50,S,S_6,S_7,9.7
1,16,50,S,S_6,S_10,9.7
1,16,50,S,S_6,S_15,9.7
1,16,50,S,S_6,S_49,9.7
1,16,50,S,S_6,S_44,9.7
1,16,50,S,S_7,S_47,9.4
1,16,50,S,S_7,S_16,9.7
1,16,50,S,S_8,S_16,9.4
1,16,50,S,S_8,S_21,9.4
1,16,50,S,S_8,S_18,10
1,16,50,S,S_9,S_10,9.7
1,16,50,S,S_9,S_16,9.7
1,16,50,S,S_9,S_29,10
1,16,50,S,S_9,S_38,10
1,16,50,S,S_10,S_20,9.7
1,16,50,S,S_10,S_37,9.7
1,16,50,S,S_10,S_40,9.7
1,16,50,S,S_10,S_43,9.7
1,16,50,S,S_11,S_17,9.7
1,16,50,S,S_12,S_18,9.4
1,16,50,S,S_12,S_39,9.4
1,16,50,S,S_12,S_20,9.4
1,16,50,S,S_12,S_30,9.7
1,16,50,S,S_12,S_32,9.7
1,16,50,S,S_12,S_16,9.7
1,16,50,S,S_13,S_21,9.4
1,16,50,S,S_13,S_44,10
1,16,50,S,S_13,S_45,10
1,16,50,S,S_13,S_14,10
1,16,50,S,S_13,S_19,10
1,16,50,S,S_13,S_36,9.7
1,16,50,S,S_13,S_38,9.7
1,16,50,S,S_13,S_22,9.7
1,16,50,S,S_13,S_39,9.7
1,16,50,S,S_13,S_16,10
1,16,50,S,S_13,S_18,10.3
1,16,50,S,S_13,S_46,10.3
1,16,50,S,S_14,S_23,10.3
1,16,50,S,S_14,S_34,10.3
1,16,50,S,S_14,S_40,10.3
1,16,50,S,S_14,S_45,10.6
1,16,50,S,S_14,S_38,10.3
1,16,50,S,S_14,S_28,10
1,16,50,S,S_14,S_32,10
1,16,50,S,S_14,S_42,10
1,16,50,S,S_14,S_47,10
1,16,50,S,S_14,S_31,10
1,16,50,S,S_14,S_37,10
1,16,50,S,S_14,S_27,10.3
1,16,50,S,S_14,S_16,10.3
1,16,50,S,S_14,S_46,10.3
1,16,50,S,S_14,S_21,10
1,16,50,S,S_14,S_19,10
1,16,50,S,S_15,S_22,10
1,16,50,S,S_15,S_33,10.6
1,16,50,S,S_15,S_38,10.6
1,16,50,S,S_15,S_37,10
1,16,50,S,S_15,S_49,10
1,16,50,S,S_15,S_24,10
1,16,50,S,S_15,S_45,10.3
1,16,50,S,S_15,S_35,10.6
1,16,50,S,S_15,S_16,10.3
1,16,50,S,S_15,S_40,10
1,16,50,S,S_15,S_17,10
1,16,50,S,S_16,S_23,10
1,16,50,S,S_16,S_26,10
1,16,50,S,S_16,S_25,10.3
1,16,50,S,S_16,S_42,10.3
1,16,50,S,S_16,S_22,10.3
1,16,50,S,S_16,S_43,10.3
1,16,50,S,S_16,S_33,10.3
1,16,50,S,S_16,S_44,10.3
1,16,50,S,S_16,S_19,10
1,16,50,S,S_16,S_24,10
1,16,50,S,S_16,S_27,10.3
1,16,50,S,S_16,S_28,10.3
1,16,50,S,S_16,S_50,10.3
1,16,50,S,S_16,S_35,10.3
1,16,50,S,S_16,S_40,10.3
1,16,50,S,S_16,S_36,10.3
1,16,50,S,S_16,S_41,10
1,16,50,S,S_17,S_18,10
1,16,50,S,S_17,S_48,10
1,16,50,S,S_17,S_30,10
1,16,50,S,S_17,S_42,10
1,16,50,S,S_17,S_20,10.3
1,16,50,S,S_17,S_24,10.3
1,16,50,S,S_17,S_21,10.3
1,16,50,S,S_17,S_26,10.3
1,16,50,S,S_17,S_37,10.3
1,16,50,S,S_17,S_35,10
1,16,50,S,S_17,S_47,10
1,16,50,S,S_17,S_49,10
1,16,50,S,S_17,S_28,10
1,16,50,S,S_17,S_41,10
1,16,50,S,S_17,S_22,10.3
1,16,50,S,S_17,S_38,10.3
1,16,50,S,S_17,S_19,10.6
1,16,50,S,S_18,S_29,10
1,16,50,S,S_18,S_40,10
1,16,50,S,S_18,S_49,10
1,16,50,S,S_18,S_39,10.3
1,16,50,S,S_18,S_41,10.3
1,16,50,S,S_18,S_44,9.7
1,16,50,S,S_18,S_50,9.7
1,16,50,S,S_18,S_43,10
1,16,50,S,S_18,S_34,9.4
1,16,50,S,S_18,S_24,9.7
1,16,50,S,S_18,S_46,9.7
1,16,50,S,S_18,S_30,10
1,16,50,S,S_18,S_22,10
1,16,50,S,S_18,S_32,9.7
1,16,50,S,S_18,S_38,10
1,16,50,S,S_19,S_40,9.4
1,16,50,S,S_19,S_23,9.7
1,16,50,S,S_19,S_37,9.7
1,16,50,S,S_19,S_45,10
1,16,50,S,S_19,S_22,9.7
1,16,50,S,S_19,S_20,10
1,16,50,S,S_19,S_42,10
1,16,50,S,S_20,S_30,9.7
1,16,50,S,S_20,S_26,10
1,16,50,S,S_20,S_42,10
1,16,50,S,S_20,S_41,10
1,16,50,S,S_21,S_40,9.4
1,16,50,S,S_21,S_38,9.4
1,16,50,S,S_21,S_28,9.7
1,16,50,S,S_21,S_35,10
1,16,50,S,S_21,S_44,10
1,16,50,S,S_21,S_50,10
1,16,50,S,S_21,S_49,10
1,16,50,S,S_22,S_46,9.4
1,16,50,S,S_22,S_41,9.4
1,16,50,S,S_22,S_23,9.7
1,16,50,S,S_22,S_35,9.7
1,16,50,S,S_22,S_38,10
1,16,50,S,S_22,S_47,10
1,16,50,S,S_22,S_26,10
1,16,50,S,S_22,S_36,10
1,16,50,S,S_22,S_49,10
1,16,50,S,S_23,S_46,9.4
1,16,50,S,S_23,S_37,9.4
1,16,50,S,S_23,S_43,9.4
1,16,50,S,S_24,S_49,9.4
1,16,50,S,S_24,S_26,9.4
1,16,50,S,S_24,S_44,9.7
1,16,50,S,S_26,S_42,9.4
1,16,50,S,S_26,S_38,9.7
1,16,50,S,S_28,S_31,9.4
1,16,50,S,S_29,S_37,9.7
1,16,50,S,S_30,S_47,9.4
1,16,50,S,S_30,S_37,9.7
1,16,50,S,S_31,S_38,9.4
1,16,50,S,S_31,S_50,9.4
1,16,50,S,S_33,S_34,9.7
1,16,50,S,S_33,S_45,9.7
1,16,50,S,S_33,S_47,9.7
1,16,50,S,S_34,S_50,9.4
1,16,50,S,S_35,S_50,9.4
1,16,50,S,S_35,S_49,10
1,16,50,S,S_36,S_48,9.7
1,16,50,S,S_38,S_46,10
1,16,50,S,S_40,S_49,9.7
1,16,50,S,S_42,S_43,9.4
1,16,50,S,S_42,S_49,9.4
1,16,50,S,S_43,S_46,9.4
1,16,50,S,S_43,S_47,9.4
1,16,50,S,S_45,S_49,9.7
1,16,50,S,S_45,S_46,9.4
1,16,50,S,S_46,S_50,10
1,16,50,S,S_47,S_48,9.4
1,16,50,S,S_47,S_50,10
1,16,50,S,S_48,S_50,9.7
1,16,50,S,S_48,S_49,9.4
1,16,50,S,S_49,S_50,9.4
1,17,50,S,S_1,S_2,9.4
1,17,50,S,S_1,S_30,9.4
1,17,50,S,S_1,S_8,9.4
1,17,50,S,S_1,S_21,9.4
1,17,50,S,S_1,S_26,9.4
1,17,50,S,S_1,S_29,9.4
1,17,50,S,S_1,S_12,9.7
1,17,50,S,S_1,S_14,9.7
1,17,50,S,S_1,S_25,10
1,17,50,S,S_1,S_24,10
1,17,50,S,S_1,S_7,10
1,17,50,S,S_1,S_15,10
1,17,50,S,S_1,S_38,10
1,17,50,S,S_2,S_7,9.4
1,17,50,S,S_2,S_37,9.4
1,17,50,S,S_2,S_38,9.4
1,17,50,S,S_2,S_50,9.4
1,17,50,S,S_2,S_30,9.7
1,17,50,S,S_2,S_36,9.7
1,17,50,S,S_2,S_45,9.7
1,17,50,S,S_2,S_17,10
1,17,50,S,S_3,S_9,9.4
1,17,50,S,S_3,S_40,9.4
1,17,50,S,S_3,S_47,9.4
1,17,50,S,S_3,S_46,9.7
1,17,50,S,S_3,S_36,10
1,17,50,S,S_4,S_42,9.4
1,17,50,S,S_4,S_12,9.7
1,17,50,S,S_4,S_47,9.7
1,17,50,S,S_4,S_5,10
1,17,50,S,S_4,S_25,10
1,17,50,S,S_4,S_27,10
1,17,50,S,S_4,S_38,10
1,17,50,S,S_5,S_14,10
1,17,50,S,S_5,S_33,10
1,17,50,S,S_5,S_9,10
1,17,50,S,S_5,S_47,10
1,17,50,S,S_5,S_21,10.3
1,17,50,S,S_5,S_45,10.3
1,17,50,S,S_5,S_50,10.3
1,17,50,S,S_5,S_23,9.7
1,17,50,S,S_5,S_28,9.7
1,17,50,S,S_5,S_34,9.7
1,17,50,S,S_5,S_11,9.7
1,17,50,S,S_5,S_10,10
1,17,50,S,S_5,S_17,10
1,17,50,S,S_5,S_38,10
1,17,50,S,S_5,S_29,10.3
1,17,50,S,S_5,S_36,10.3
1,17,50,S,S_5,S_27,10
1,17,50,S,S_6,S_11,9.7
1,17,50,S,S_6,S_37,9.7
1,17,50,S,S_6,S_8,9.7
1,17,50,S,S_6,S_7,10
1,17,50,S,S_6,S_10,10
1,17,50,S,S_6,S_15,10
1,17,50,S,S_6,S_49,10
1,17,50,S,S_6,S_44,10
1,17,50,S,S_6,S_38,10
1,17,50,S,S_7,S_47,9.7
1,17,50,S,S_7,S_16,10
1,17,50,S,S_8,S_16,9.7
1,17,50,S,S_8,S_21,9.7
1,17,50,S,S_8,S_18,10.3
1,17,50,S,S_9,S_10,10
1,17,50,S,S_9,S_16,10
1,17,50,S,S_9,S_29,10.3
1,17,50,S,S_9,S_38,10.3
1,17,50,S,S_10,S_20,10
1,17,50,S,S_10,S_37,10
1,17,50,S,S_10,S_40,10
1,17,50,S,S_10,S_43,10
1,17,50,S,S_10,S_16,10
1,17,50,S,S_11,S_17,10
1,17,50,S,S_11,S_16,10
1,17,50,S,S_12,S_18,9.7
1,17,50,S,S_12,S_39,9.7
1,17,50,S,S_12,S_20,9.7
1,17,50,S,S_12,S_30,10
1,17,50,S,S_12,S_32,10
1,17,50,S,S_12,S_16,10
1,17,50,S,S_13,S_21,9.7
1,17,50,S,S_13,S_44,10.3
1,17,50,S,S_13,S_45,10.3
1,17,50,S,S_13,S_14,10.3
1,17,50,S,S_13,S_19,10.3
1,17,50,S,S_13,S_36,10
1,17,50,S,S_13,S_38,10
1,17,50,S,S_13,S_22,10
1,17,50,S,S_13,S_39,10
1,17,50,S,S_13,S_16,10.3
1,17,50,S,S_13,S_18,10.6
1,17,50,S,S_13,S_46,10.6
1,17,50,S,S_13,S_15,10
1,17,50,S,S_14,S_23,10.6
1,17,50,S,S_14,S_34,10.6
1,17,50,S,S_14,S_40,10.6
1,17,50,S,S_14,S_45,10.9
1,17,50,S,S_14,S_38,10.6
1,17,50,S,S_14,S_28,10.3
1,17,50,S,S_14,S_32,10.3
1,17,50,S,S_14,S_42,10.3
1,17,50,S,S_14,S_47,10.3
1,17,50,S,S_14,S_31,10.3
1,17,50,S,S_14,S_37,10.3
1,17,50,S,S_14,S_27,10.6
1,17,50,S,S_14,S_16,10.6
1,17,50,S,S_14,S_46,10.6
1,17,50,S,S_14,S_21,10.3
1,17,50,S,S_14,S_19,10.3
1,17,50,S,S_15,S_22,10.3
1,17,50,S,S_15,S_33,10.9
1,17,50,S,S_15,S_38,10.9
1,17,50,S,S_15,S_37,10.3
1,17,50,S,S_15,S_49,10.3
1,17,50,S,S_15,S_24,10.3
1,17,50,S,S_15,S_45,10.6
1,17,50,S,S_15,S_35,10.9
1,17,50,S,S_15,S_16,10.6
1,17,50,S,S_15,S_40,10.3
1,17,50,S,S_15,S_17,10.3
1,17,50,S,S_16,S_23,10.3
1,17,50,S,S_16,S_26,10.3
1,17,50,S,S_16,S_25,10.6
1,17,50,S,S_16,S_42,10.6
1,17,50,S,S_16,S_22,10.6
1,17,50,S,S_16,S_43,10.6
1,17,50,S,S_16,S_33,10.6
1,17,50,S,S_16,S_44,10.6
1,17,50,S,S_16,S_19,10.3
1,17,50,S,S_16,S_24,10.3
1,17,50,S,S_16,S_27,10.6
1,17,50,S,S_16,S_28,10.6
1,17,50,S,S_16,S_50,10.6
1,17,50,S,S_16,S_35,10.6
1,17,50,S,S_16,S_40,10.6
1,17,50,S,S_16,S_36,10.6
1,17,50,S,S_16,S_41,10.3
1,17,50,S,S_16,S_30,10
1,17,50,S,S_17,S_18,10.3
1,17,50,S,S_17,S_48,10.3
1,17,50,S,S_17,S_30,10.3
1,17,50,S,S_17,S_42,10.3
1,17,50,S,S_17,S_20,10.6
1,17,50,S,S_17,S_24,10.6
1,17,50,S,S_17,S_21,10.6
1,17,50,S,S_17,S_26,10.6
1,17,50,S,S_17,S_37,10.6
1,17,50,S,S_17,S_35,10.3
1,17,50,S,S_17,S_47,10.3
1,17,50,S,S_17,S_49,10.3
1,17,50,S,S_17,S_28,10.3
1,17,50,S,S_17,S_41,10.3
1,17,50,S,S_17,S_22,10.6
1,17,50,S,S_17,S_38,10.6
1,17,50,S,S_17,S_19,10.9
1,17,50,S,S_18,S_29,10.3
1,17,50,S,S_18,S_40,10.3
1,17,50,S,S_18,S_49,10.3
1,17,50,S,S_18,S_39,10.6
1,17,50,S,S_18,S_41,10.6
1,17,50,S,S_18,S_44,10
1,17,50,S,S_18,S_50,10
1,17,50,S,S_18,S_43,10.3
1,17,50,S,S_18,S_34,9.7
1,17,50,S,S_18,S_24,10
1,17,50,S,S_18,S_46,10
1,17,50,S,S_18,S_30,10.3
1,17,50,S,S_18,S_22,10.3
1,17,50,S,S_18,S_32,10
1,17,50,S,S_18,S_38,10.3
1,17,50,S,S_18,S_21,10
1,17,50,S,S_18,S_27,10
1,17,50,S,S_19,S_40,9.7
1,17,50,S,S_19,S_23,10
1,17,50,S,S_19,S_37,10
1,17,50,S,S_19,S_45,10.3
1,17,50,S,S_19,S_22,10
1,17,50,S,S_19,S_20,10.3
1,17,50,S,S_19,S_42,10.3
1,17,50,S,S_19,S_43,10
1,17,50,S,S_20,S_30,10
1,17,50,S,S_20,S_26,10.3
1,17,50,S,S_20,S_42,10.3
1,17,50,S,S_20,S_41,10.3
1,17,50,S,S_21,S_28,9.4
1,17,50,S,S_21,S_35,9.7
1,17,50,S,S_21,S_44,9.7
1,17,50,S,S_21,S_50,9.7
1,17,50,S,S_21,S_49,9.7
1,17,50,S,S_21,S_45,10
1,17,50,S,S_22,S_23,9.4
1,17,50,S,S_22,S_35,9.4
1,17,50,S,S_22,S_38,9.7
1,17,50,S,S_22,S_47,9.7
1,17,50,S,S_22,S_26,9.7
1,17,50,S,S_22,S_36,9.7
1,17,50,S,S_22,S_49,9.7
1,17,50,S,S_22,S_28,10
1,17,50,S,S_23,S_45,10
1,17,50,S,S_24,S_44,9.4
1,17,50,S,S_24,S_32,10
1,17,50,S,S_26,S_38,9.4
1,17,50,S,S_26,S_30,10
1,17,50,S,S_29,S_37,9.4
1,17,50,S,S_30,S_37,9.4
1,17,50,S,S_33,S_34,9.4
1,17,50,S,S_33,S_45,9.4
1,17,50,S,S_33,S_47,9.4
1,17,50,S,S_35,S_49,9.7
1,17,50,S,S_36,S_48,9.4
1,17,50,S,S_38,S_46,9.7
1,17,50,S,S_40,S_49,9.4
1,17,50,S,S_45,S_49,9.4
1,17,50,S,S_46,S_50,9.7
1,17,50,S,S_47,S_50,9.7
1,17,50,S,S_48,S_50,9.4
1,18,50,S,S_1,S_12,9.4
1,18,50,S,S_1,S_14,9.4
1,18,50,S,S_1,S_25,9.7
1,18,50,S,S_1,S_24,9.7
1,18,50,S,S_1,S_7,9.7
1,18,50,S,S_1,S_15,9.7
1,18,50,S,S_1,S_38,9.7
1,18,50,S,S_1,S_36,10
1,18,50,S,S_2,S_30,9.4
1,18,50,S,S_2,S_36,9.4
1,18,50,S,S_2,S_45,9.4
1,18,50,S,S_2,S_17,9.7
1,18,50,S,S_2,S_19,10
1,18,50,S,S_3,S_46,9.4
1,18,50,S,S_3,S_36,9.7
1,18,50,S,S_3,S_38,10
1,18,50,S,S_4,S_12,9.4
1,18,50,S,S_4,S_47,9.4
1,18,50,S,S_4,S_5,9.7
1,18,50,S,S_4,S_25,9.7
1,18,50,S,S_4,S_27,9.7
1,18,50,S,S_4,S_38,9.7
1,18,50,S,S_5,S_14,9.7
1,18,50,S,S_5,S_33,9.7
1,18,50,S,S_5,S_9,9.7
1,18,50,S,S_5,S_47,9.7
1,18,50,S,S_5,S_21,10
1,18,50,S,S_5,S_45,10
1,18,50,S,S_5,S_50,10
1,18,50,S,S_5,S_23,9.4
1,18,50,S,S_5,S_28,9.4
1,18,50,S,S_5,S_34,9.4
1,18,50,S,S_5,S_11,9.4
1,18,50,S,S_5,S_10,9.7
1,18,50,S,S_5,S_17,9.7
1,18,50,S,S_5,S_38,9.7
1,18,50,S,S_5,S_29,10
1,18,50,S,S_5,S_36,10
1,18,50,S,S_5,S_27,9.7
1,18,50,S,S_6,S_11,9.4
1,18,50,S,S_6,S_37,9.4
1,18,50,S,S_6,S_8,9.4
1,18,50,S,S_6,S_7,9.7
1,18,50,S,S_6,S_10,9.7
1,18,50,S,S_6,S_15,9.7
1,18,50,S,S_6,S_49,9.7
1,18,50,S,S_6,S_44,9.7
1,18,50,S,S_6,S_38,9.7
1,18,50,S,S_7,S_47,9.4
1,18,50,S,S_7,S_16,9.7
1,18,50,S,S_8,S_16,9.4
1,18,50,S,S_8,S_21,9.4
1,18,50,S,S_8,S_18,10
1,18,50,S,S_8,S_36,10
1,18,50,S,S_9,S_10,9.7
1,18,50,S,S_9,S_16,9.7
1,18,50,S,S_9,S_29,10
1,18,50,S,S_9,S_38,10
1,18,50,S,S_9,S_32,10
1,18,50,S,S_10,S_20,9.7
1,18,50,S,S_10,S_37,9.7
1,18,50,S,S_10,S_40,9.7
1,18,50,S,S_10,S_43,9.7
1,18,50,S,S_10,S_16,9.7
1,18,50,S,S_11,S_17,9.7
1,18,50,S,S_11,S_16,9.7
1,18,50,S,S_12,S_18,9.4
1,18,50,S,S_12,S_39,9.4
1,18,50,S,S_12,S_20,9.4
1,18,50,S,S_12,S_30,9.7
1,18,50,S,S_12,S_32,9.7
1,18,50,S,S_12,S_16,9.7
1,18,50,S,S_13,S_21,9.4
1,18,50,S,S_13,S_44,10
1,18,50,S,S_13,S_45,10
1,18,50,S,S_13,S_14,10
1,18,50,S,S_13,S_19,10
1,18,50,S,S_13,S_36,9.7
1,18,50,S,S_13,S_38,9.7
1,18,50,S,S_13,S_22,9.7
1,18,50,S,S_13,S_39,9.7
1,18,50,S,S_13,S_16,10
1,18,50,S,S_13,S_18,10.3
1,18,50,S,S_13,S_46,10.3
1,18,50,S,S_13,S_15,9.7
1,18,50,S,S_14,S_23,10.3
1,18,50,S,S_14,S_34,10.3
1,18,50,S,S_14,S_40,10.3
1,18,50,S,S_14,S_45,10.6
1,18,50,S,S_14,S_38,10.3
1,18,50,S,S_14,S_28,10
1,18,50,S,S_14,S_32,10
1,18,50,S,S_14,S_42,10
1,18,50,S,S_14,S_47,10
1,18,50,S,S_14,S_31,10
1,18,50,S,S_14,S_37,10
1,18,50,S,S_14,S_27,10.3
1,18,50,S,S_14,S_16,10.3
1,18,50,S,S_14,S_46,10.3
1,18,50,S,S_14,S_21,10
1,18,50,S,S_14,S_19,10
1,18,50,S,S_15,S_22,10
1,18,50,S,S_15,S_33,10.6
1,18,50,S,S_15,S_38,10.6
1,18,50,S,S_15,S_37,10
1,18,50,S,S_15,S_49,10
1,18,50,S,S_15,S_24,10
1,18,50,S,S_15,S_45,10.3
1,18,50,S,S_15,S_35,10.6
1,18,50,S,S_15,S_16,10.3
1,18,50,S,S_15,S_40,10
1,18,50,S,S_15,S_17,10
1,18,50,S,S_15,S_18,10
1,18,50,S,S_16,S_23,10
1,18,50,S,S_16,S_26,10
1,18,50,S,S_16,S_25,10.3
1,18,50,S,S_16,S_42,10.3
1,18,50,S,S_16,S_22,10.3
1,18,50,S,S_16,S_43,10.3
1,18,50,S,S_16,S_33,10.3
1,18,50,S,S_16,S_44,10.3
1,18,50,S,S_16,S_19,10
1,18,50,S,S_16,S_24,10
1,18,50,S,S_16,S_27,10.3
1,18,50,S,S_16,S_28,10.3
1,18,50,S,S_16,S_50,10.3
1,18,50,S,S_16,S_35,10.9
1,18,50,S,S_16,S_40,10.9
1,18,50,S,S_16,S_36,10.9
1,18,50,S,S_16,S_41,10.6
1,18,50,S,S_16,S_30,10.3
1,18,50,S,S_16,S_49,10
1,18,50,S,S_17,S_18,10.6
1,18,50,S,S_17,S_48,10.6
1,18,50,S,S_17,S_30,10.6
1,18,50,S,S_17,S_42,10.6
1,18,50,S,S_17,S_20,10.9
1,18,50,S,S_17,S_24,10.9
1,18,50,S,S_17,S_21,10.9
1,18,50,S,S_17,S_26,10.9
1,18,50,S,S_17,S_37,10.9
1,18,50,S,S_17,S_35,10.6
1,18,50,S,S_17,S_47,10.6
1,18,50,S,S_17,S_49,10.6
1,18,50,S,S_17,S_28,10.6
1,18,50,S,S_17,S_41,10.6
1,18,50,S,S_17,S_22,10.9
1,18,50,S,S_17,S_38,10.9
1,18,50,S,S_17,S_19,11.2
1,18,50,S,S_17,S_32,10
1,18,50,S,S_18,S_29,10.6
1,18,50,S,S_18,S_40,10.6
1,18,50,S,S_18,S_49,10.6
1,18,50,S,S_18,S_39,10.9
1,18,50,S,S_18,S_41,10.9
1,18,50,S,S_18,S_44,10.3
1,18,50,S,S_18,S_50,10.3
1,18,50,S,S_18,S_43,10.6
1,18,50,S,S_18,S_34,10
1,18,50,S,S_18,S_24,10.3
1,18,50,S,S_18,S_46,10.3
1,18,50,S,S_18,S_30,10.6
1,18,50,S,S_18,S_22,10.6
1,18,50,S,S_18,S_32,10.3
1,18,50,S,S_18,S_38,10.6
1,18,50,S,S_18,S_21,10.3
1,18,50,S,S_18,S_27,10.3
1,18,50,S,S_19,S_40,10
1,18,50,S,S_19,S_23,10.3
1,18,50,S,S_19,S_37,10.3
1,18,50,S,S_19,S_45,10.6
1,18,50,S,S_19,S_22,10.3
1,18,50,S,S_19,S_20,10.6
1,18,50,S,S_19,S_42,10.6
1,18,50,S,S_19,S_43,10.3
1,18,50,S,S_20,S_30,10.3
1,18,50,S,S_20,S_26,10.6
1,18,50,S,S_20,S_42,10.6
1,18,50,S,S_20,S_41,10.6
1,18,50,S,S_20,S_43,10
1,18,50,S,S_21,S_28,9.7
1,18,50,S,S_21,S_35,10
1,18,50,S,S_21,S_44,10
1,18,50,S,S_21,S_50,10
1,18,50,S,S_21,S_49,10
1,18,50,S,S_21,S_45,10.3
1,18,50,S,S_21,S_34,10
1,18,50,S,S_21,S_43,10
1,18,50,S,S_22,S_23,9.7
1,18,50,S,S_22,S_35,9.7
1,18,50,S,S_22,S_38,10
1,18,50,S,S_22,S_47,10
1,18,50,S,S_22,S_26,10
1,18,50,S,S_22,S_36,10
1,18,50,S,S_22,S_49,10
1,18,50,S,S_22,S_28,10.3
1,18,50,S,S_23,S_45,10.3
1,18,50,S,S_24,S_44,9.7
1,18,50,S,S_24,S_32,10.3
1,18,50,S,S_24,S_28,10
1,18,50,S,S_24,S_36,10
1,18,50,S,S_26,S_38,9.7
1,18,50,S,S_26,S_30,10.3
1,18,50,S,S_27,S_50,10
1,18,50,S,S_29,S_37,9.7
1,18,50,S,S_30,S_37,9.7
1,18,50,S,S_31,S_48,10
1,18,50,S,S_33,S_34,9.7
1,18,50,S,S_33,S_45,9.7
1,18,50,S,S_33,S_47,9.7
1,18,50,S,S_35,S_49,10
1,18,50,S,S_36,S_48,9.7
1,18,50,S,S_38,S_46,10
1,18,50,S,S_40,S_49,9.7
1,18,50,S,S_45,S_49,9.7
1,18,50,S,S_46,S_50,10
1,18,50,S,S_47,S_50,10
1,18,50,S,S_48,S_50,9.7
1,19,50,S,S_1,S_12,9.7
1,19,50,S,S_1,S_14,9.7
1,19,50,S,S_1,S_25,10
1,19,50,S,S_1,S_24,10
1,19,50,S,S_1,S_7,10
1,19,50,S,S_1,S_15,10
1,19,50,S,S_1,S_38,10
1,19,50,S,S_1,S_36,10.3
1,19,50,S,S_2,S_30,9.7
1,19,50,S,S_2,S_36,9.7
1,19,50,S,S_2,S_45,9.7
1,19,50,S,S_2,S_17,10
1,19,50,S,S_2,S_19,10.3
1,19,50,S,S_3,S_46,9.7
1,19,50,S,S_3,S_36,10
1,19,50,S,S_3,S_38,10.3
1,19,50,S,S_4,S_12,9.7
1,19,50,S,S_4,S_47,9.7
1,19,50,S,S_4,S_5,10
1,19,50,S,S_4,S_25,10
1,19,50,S,S_4,S_27,10
1,19,50,S,S_4,S_38,10
1,19,50,S,S_5,S_14,10
1,19,50,S,S_5,S_33,10
1,19,50,S,S_5,S_9,10
1,19,50,S,S_5,S_47,10
1,19,50,S,S_5,S_21,10.3
1,19,50,S,S_5,S_45,10.3
1,19,50,S,S_5,S_50,10.3
1,19,50,S,S_5,S_23,9.7
1,19,50,S,S_5,S_28,9.7
1,19,50,S,S_5,S_34,9.7
1,19,50,S,S_5,S_10,9.4
1,19,50,S,S_5,S_17,9.4
1,19,50,S,S_5,S_38,9.4
1,19,50,S,S_5,S_29,9.7
1,19,50,S,S_5,S_36,9.7
1,19,50,S,S_5,S_27,9.4
1,19,50,S,S_6,S_7,9.4
1,19,50,S,S_6,S_10,9.4
1,19,50,S,S_6,S_15,9.4
1,19,50,S,S_6,S_49,9.4
1,19,50,S,S_6,S_44,9.4
1,19,50,S,S_6,S_38,9.4
1,19,50,S,S_7,S_16,9.4
1,19,50,S,S_8,S_18,9.7
1,19,50,S,S_8,S_36,9.7
1,19,50,S,S_9,S_10,9.4
1,19,50,S,S_9,S_16,9.4
1,19,50,S,S_9,S_29,9.7
1,19,50,S,S_9,S_38,9.7
1,19,50,S,S_9,S_32,9.7
1,19,50,S,S_10,S_20,9.4
1,19,50,S,S_10,S_37,9.4
1,19,50,S,S_10,S_40,9.4
1,19,50,S,S_10,S_43,9.4
1,19,50,S,S_10,S_16,9.4
1,19,50,S,S_10,S_33,10
1,19,50,S,S_11,S_17,9.4
1,19,50,S,S_11,S_16,9.4
1,19,50,S,S_11,S_32,10
1,19,50,S,S_12,S_30,9.4
1,19,50,S,S_12,S_32,9.4
1,19,50,S,S_12,S_16,9.4
1,19,50,S,S_13,S_44,9.7
1,19,50,S,S_13,S_45,9.7
1,19,50,S,S_13,S_14,9.7
1,19,50,S,S_13,S_19,9.7
1,19,50,S,S_13,S_36,9.4
1,19,50,S,S_13,S_38,9.4
1,19,50,S,S_13,S_22,9.4
1,19,50,S,S_13,S_39,9.4
1,19,50,S,S_13,S_16,9.7
1,19,50,S,S_13,S_18,10
1,19,50,S,S_13,S_46,10
1,19,50,S,S_13,S_15,9.4
1,19,50,S,S_14,S_23,10
1,19,50,S,S_14,S_34,10
1,19,50,S,S_14,S_40,10
1,19,50,S,S_14,S_45,10.3
1,19,50,S,S_14,S_38,10
1,19,50,S,S_14,S_28,9.7
1,19,50,S,S_14,S_32,9.7
1,19,50,S,S_14,S_42,9.7
1,19,50,S,S_14,S_47,9.7
1,19,50,S,S_14,S_31,9.7
1,19,50,S,S_14,S_37,9.7
1,19,50,S,S_14,S_27,10
1,19,50,S,S_14,S_16,10
1,19,50,S,S_14,S_46,10
1,19,50,S,S_14,S_21,9.7
1,19,50,S,S_14,S_19,9.7
1,19,50,S,S_15,S_22,9.7
1,19,50,S,S_15,S_33,10.3
1,19,50,S,S_15,S_38,10.3
1,19,50,S,S_15,S_37,9.7
1,19,50,S,S_15,S_49,9.7
1,19,50,S,S_15,S_24,9.7
1,19,50,S,S_15,S_45,10
1,19,50,S,S_15,S_35,10.3
1,19,50,S,S_15,S_16,10
1,19,50,S,S_15,S_40,9.7
1,19,50,S,S_15,S_17,9.7
1,19,50,S,S_15,S_18,9.7
1,19,50,S,S_16,S_23,9.7
1,19,50,S,S_16,S_26,9.7
1,19,50,S,S_16,S_25,10
1,19,50,S,S_16,S_42,10
1,19,50,S,S_16,S_22,10
1,19,50,S,S_16,S_43,10
1,19,50,S,S_16,S_33,10
1,19,50,S,S_16,S_44,10
1,19,50,S,S_16,S_19,9.7
1,19,50,S,S_16,S_24,9.7
1,19,50,S,S_16,S_27,10
1,19,50,S,S_16,S_28,10
1,19,50,S,S_16,S_50,10
1,19,50,S,S_16,S_35,10.6
1,19,50,S,S_16,S_40,10.6
1,19,50,S,S_16,S_36,10.6
1,19,50,S,S_16,S_41,10.3
1,19,50,S,S_16,S_30,10
1,19,50,S,S_16,S_49,9.7
1,19,50,S,S_17,S_18,10.3
1,19,50,S,S_17,S_48,10.3
1,19,50,S,S_17,S_30,10.3
1,19,50,S,S_17,S_42,10.3
1,19,50,S,S_17,S_20,10.6
1,19,50,S,S_17,S_24,10.6
1,19,50,S,S_17,S_21,10.6
1,19,50,S,S_17,S_26,10.6
1,19,50,S,S_17,S_37,10.6
1,19,50,S,S_17,S_35,10.3
1,19,50,S,S_17,S_47,10.3
1,19,50,S,S_17,S_49,10.3
1,19,50,S,S_17,S_28,10.3
1,19,50,S,S_17,S_41,10.3
1,19,50,S,S_17,S_22,10.6
1,19,50,S,S_17,S_38,10.6
1,19,50,S,S_17,S_19,10.9
1,19,50,S,S_17,S_32,9.7
1,19,50,S,S_18,S_29,10.3
1,19,50,S,S_18,S_40,10.3
1,19,50,S,S_18,S_49,10.3
1,19,50,S,S_18,S_39,10.6
1,19,50,S,S_18,S_41,10.6
1,19,50,S,S_18,S_44,10
1,19,50,S,S_18,S_50,10
1,19,50,S,S_18,S_43,10.3
1,19,50,S,S_18,S_34,9.7
1,19,50,S,S_18,S_24,10
1,19,50,S,S_18,S_46,10
1,19,50,S,S_18,S_30,10.3
1,19,50,S,S_18,S_22,10.3
1,19,50,S,S_18,S_32,10
1,19,50,S,S_18,S_38,10.3
1,19,50,S,S_18,S_21,10
1,19,50,S,S_18,S_27,10
1,19,50,S,S_19,S_40,9.7
1,19,50,S,S_19,S_23,10
1,19,50,S,S_19,S_37,10
1,19,50,S,S_19,S_45,10.3
1,19,50,S,S_19,S_22,10
1,19,50,S,S_19,S_20,10.3
1,19,50,S,S_19,S_42,10.3
1,19,50,S,S_19,S_43,10
1,19,50,S,S_19,S_24,10
1,19,50,S,S_20,S_30,10
1,19,50,S,S_20,S_26,10.3
1,19,50,S,S_20,S_42,10.3
1,19,50,S,S_20,S_41,10.3
1,19,50,S,S_20,S_43,9.7
1,19,50,S,S_20,S_23,10
1,19,50,S,S_21,S_28,9.4
1,19,50,S,S_21,S_35,9.7
1,19,50,S,S_21,S_44,9.7
1,19,50,S,S_21,S_50,9.7
1,19,50,S,S_21,S_49,9.7
1,19,50,S,S_21,S_45,10
1,19,50,S,S_21,S_34,9.7
1,19,50,S,S_21,S_43,9.7
1,19,50,S,S_22,S_23,9.4
1,19,50,S,S_22,S_35,9.4
1,19,50,S,S_22,S_38,9.7
1,19,50,S,S_22,S_47,9.7
1,19,50,S,S_22,S_26,9.7
1,19,50,S,S_22,S_36,9.7
1,19,50,S,S_22,S_49,9.7
1,19,50,S,S_22,S_28,10
1,19,50,S,S_23,S_45,10
1,19,50,S,S_24,S_44,9.4
1,19,50,S,S_24,S_32,10
1,19,50,S,S_24,S_28,9.7
1,19,50,S,S_24,S_36,9.7
1,19,50,S,S_26,S_38,9.4
1,19,50,S,S_26,S_30,10
1,19,50,S,S_27,S_50,9.7
1,19,50,S,S_29,S_37,9.4
1,19,50,S,S_30,S_37,9.4
1,19,50,S,S_31,S_48,9.7
1,19,50,S,S_33,S_34,9.4
1,19,50,S,S_33,S_45,9.4
1,19,50,S,S_33,S_47,9.4
1,19,50,S,S_35,S_49,9.7
1,19,50,S,S_36,S_48,9.4
1,19,50,S,S_38,S_46,9.7
1,19,50,S,S_40,S_49,9.4
1,19,50,S,S_45,S_49,9.4
1,19,50,S,S_46,S_50,9.7
1,19,50,S,S_47,S_50,9.7
1,19,50,S,S_48,S_50,9.4
1,20,50,S,S_1,S_12,9.4
1,20,50,S,S_1,S_14,9.4
1,20,50,S,S_1,S_25,9.7
1,20,50,S,S_1,S_24,9.7
1,20,50,S,S_1,S_7,9.7
1,20,50,S,S_1,S_15,9.7
1,20,50,S,S_1,S_38,9.7
1,20,50,S,S_1,S_36,10
1,20,50,S,S_2,S_30,9.4
1,20,50,S,S_2,S_36,9.4
1,20,50,S,S_2,S_45,9.4
1,20,50,S,S_2,S_17,9.7
1,20,50,S,S_2,S_19,10
1,20,50,S,S_3,S_46,9.4
1,20,50,S,S_3,S_36,9.7
1,20,50,S,S_3,S_38,10
1,20,50,S,S_4,S_12,9.4
1,20,50,S,S_4,S_47,9.4
1,20,50,S,S_4,S_5,9.7
1,20,50,S,S_4,S_25,9.7
1,20,50,S,S_4,S_27,9.7
1,20,50,S,S_4,S_38,9.7
1,20,50,S,S_5,S_14,9.7
1,20,50,S,S_5,S_33,9.7
1,20,50,S,S_5,S_9,9.7
1,20,50,S,S_5,S_47,9.7
1,20,50,S,S_5,S_21,10
1,20,50,S,S_5,S_45,10
1,20,50,S,S_5,S_50,10
1,20,50,S,S_5,S_23,9.4
1,20,50,S,S_5,S_28,9.4
1,20,50,S,S_5,S_34,9.4
1,20,50,S,S_5,S_29,9.4
1,20,50,S,S_5,S_36,9.4
1,20,50,S,S_8,S_18,9.4
1,20,50,S,S_8,S_36,9.4
1,20,50,S,S_9,S_29,9.4
1,20,50,S,S_9,S_38,9.4
1,20,50,S,S_9,S_32,9.4
1,20,50,S,S_9,S_15,10
1,20,50,S,S_10,S_33,9.7
1,20,50,S,S_10,S_14,10
1,20,50,S,S_11,S_32,9.7
1,20,50,S,S_13,S_44,9.4
1,20,50,S,S_13,S_45,9.4
1,20,50,S,S_13,S_14,9.4
1,20,50,S,S_13,S_19,9.4
1,20,50,S,S_13,S_16,9.4
1,20,50,S,S_13,S_18,9.7
1,20,50,S,S_13,S_46,9.7
1,20,50,S,S_14,S_23,9.7
1,20,50,S,S_14,S_34,9.7
1,20,50,S,S_14,S_40,9.7
1,20,50,S,S_14,S_45,10
1,20,50,S,S_14,S_38,9.7
1,20,50,S,S_14,S_28,9.4
1,20,50,S,S_14,S_32,9.4
1,20,50,S,S_14,S_42,9.4
1,20,50,S,S_14,S_47,9.4
1,20,50,S,S_14,S_31,9.4
1,20,50,S,S_14,S_37,9.4
1,20,50,S,S_14,S_27,9.7
1,20,50,S,S_14,S_16,9.7
1,20,50,S,S_14,S_46,9.7
1,20,50,S,S_14,S_21,9.4
1,20,50,S,S_14,S_19,9.4
1,20,50,S,S_15,S_22,9.4
1,20,50,S,S_15,S_33,10
1,20,50,S,S_15,S_38,10
1,20,50,S,S_15,S_37,9.4
1,20,50,S,S_15,S_49,9.4
1,20,50,S,S_15,S_24,9.4
1,20,50,S,S_15,S_45,9.7
1,20,50,S,S_15,S_35,10
1,20,50,S,S_15,S_16,9.7
1,20,50,S,S_15,S_40,9.4
1,20,50,S,S_15,S_17,9.4
1,20,50,S,S_15,S_18,9.4
1,20,50,S,S_16,S_23,9.4
1,20,50,S,S_16,S_26,9.4
1,20,50,S,S_16,S_25,9.7
1,20,50,S,S_16,S_42,9.7
1,20,50,S,S_16,S_22,9.7
1,20,50,S,S_16,S_43,9.7
1,20,50,S,S_16,S_33,9.7
1,20,50,S,S_16,S_44,9.7
1,20,50,S,S_16,S_19,9.4
1,20,50,S,S_16,S_24,9.4
1,20,50,S,S_16,S_27,9.7
1,20,50,S,S_16,S_28,9.7
1,20,50,S,S_16,S_50,9.7
1,20,50,S,S_16,S_35,10.3
1,20,50,S,S_16,S_40,10.3
1,20,50,S,S_16,S_36,10.3
1,20,50,S,S_16,S_41,10
1,20,50,S,S_16,S_30,9.7
1,20,50,S,S_16,S_49,9.4
1,20,50,S,S_17,S_18,10
1,20,50,S,S_17,S_48,10
1,20,50,S,S_17,S_30,10
1,20,50,S,S_17,S_42,10
1,20,50,S,S_17,S_20,10.3
1,20,50,S,S_17,S_24,10.3
1,20,50,S,S_17,S_21,10.3
1,20,50,S,S_17,S_26,10.3
1,20,50,S,S_17,S_37,10.3
1,20,50,S,S_17,S_35,10
1,20,50,S,S_17,S_47,10
1,20,50,S,S_17,S_49,10
1,20,50,S,S_17,S_28,10
1,20,50,S,S_17,S_41,10
1,20,50,S,S_17,S_22,10.3
1,20,50,S,S_17,S_38,10.3
1,20,50,S,S_17,S_19,10.6
1,20,50,S,S_17,S_32,9.4
1,20,50,S,S_17,S_33,10
1,20,50,S,S_18,S_29,10
1,20,50,S,S_18,S_40,10
1,20,50,S,S_18,S_49,10
1,20,50,S,S_18,S_39,10.3
1,20,50,S,S_18,S_41,10.3
1,20,50,S,S_18,S_44,9.7
1,20,50,S,S_18,S_50,9.7
1,20,50,S,S_18,S_43,10
1,20,50,S,S_18,S_34,9.4
1,20,50,S,S_18,S_24,9.7
1,20,50,S,S_18,S_46,9.7
1,20,50,S,S_18,S_30,10
1,20,50,S,S_18,S_22,10
1,20,50,S,S_18,S_32,9.7
1,20,50,S,S_18,S_38,10
1,20,50,S,S_18,S_21,9.7
1,20,50,S,S_18,S_27,9.7
1,20,50,S,S_19,S_40,9.4
1,20,50,S,S_19,S_23,9.7
1,20,50,S,S_19,S_37,9.7
1,20,50,S,S_19,S_45,10
1,20,50,S,S_19,S_22,9.7
1,20,50,S,S_19,S_20,10
1,20,50,S,S_19,S_42,10
1,20,50,S,S_19,S_43,9.7
1,20,50,S,S_19,S_24,9.7
1,20,50,S,S_20,S_30,9.7
1,20,50,S,S_20,S_26,10
1,20,50,S,S_20,S_42,10
1,20,50,S,S_20,S_41,10
1,20,50,S,S_20,S_43,9.4
1,20,50,S,S_20,S_23,9.7
1,20,50,S,S_20,S_28,10
1,20,50,S,S_21,S_35,9.4
1,20,50,S,S_21,S_44,9.4
1,20,50,S,S_21,S_50,9.4
1,20,50,S,S_21,S_49,9.4
1,20,50,S,S_21,S_45,9.7
1,20,50,S,S_21,S_34,9.4
1,20,50,S,S_21,S_43,9.4
1,20,50,S,S_22,S_38,9.4
1,20,50,S,S_22,S_47,9.4
1,20,50,S,S_22,S_26,9.4
1,20,50,S,S_22,S_36,9.4
1,20,50,S,S_22,S_49,9.4
1,20,50,S,S_22,S_28,9.7
1,20,50,S,S_23,S_45,9.7
1,20,50,S,S_24,S_32,9.7
1,20,50,S,S_24,S_28,9.4
1,20,50,S,S_24,S_36,9.4
1,20,50,S,S_26,S_30,9.7
1,20,50,S,S_26,S_49,10
1,20,50,S,S_27,S_50,9.4
1,20,50,S,S_28,S_36,10
1,20,50,S,S_31,S_48,9.4
1,20,50,S,S_35,S_49,9.4
1,20,50,S,S_38,S_46,9.4
1,20,50,S,S_46,S_50,9.4
1,20,50,S,S_47,S_50,9.4
2,1,50,S,S_1,S_11,10
2,1,50,S,S_1,S_32,10
2,1,50,S,S_1,S_41,10
2,1,50,S,S_1,S_47,10
2,1,50,S,S_1,S_30,10
2,1,50,S,S_2,S_6,10
2,1,50,S,S_2,S_31,10
2,1,50,S,S_2,S_50,10
2,1,50,S,S_2,S_13,10
2,1,50,S,S_2,S_34,10
2,1,50,S,S_2,S_48,10
2,1,50,S,S_3,S_26,10
2,1,50,S,S_3,S_14,10
2,1,50,S,S_3,S_29,10
2,1,50,S,S_3,S_42,10
2,1,50,S,S_3,S_47,10
2,1,50,S,S_4,S_18,10
2,1,50,S,S_4,S_25,10
2,1,50,S,S_4,S_31,10
2,1,50,S,S_4,S_33,10
2,1,50,S,S_4,S_24,10
2,1,50,S,S_4,S_29,10
2,1,50,S,S_5,S_24,10
2,1,50,S,S_5,S_33,10
2,1,50,S,S_5,S_18,10
2,1,50,S,S_5,S_45,10
2,1,50,S,S_6,S_25,10
2,1,50,S,S_6,S_45,10
2,1,50,S,S_6,S_47,10
2,1,50,S,S_6,S_9,10
2,1,50,S,S_6,S_15,10
2,1,50,S,S_6,S_21,10
2,1,50,S,S_6,S_24,10
2,1,50,S,S_7,S_8,10
2,1,50,S,S_7,S_22,10
2,1,50,S,S_7,S_31,10
2,1,50,S,S_7,S_39,10
2,1,50,S,S_7,S_40,10
2,1,50,S,S_7,S_29,10
2,1,50,S,S_7,S_32,10
2,1,50,S,S_7,S_38,10
2,1,50,S,S_7,S_42,10
2,1,50,S,S_7,S_50,10
2,1,50,S,S_8,S_11,10.3
2,1,50,S,S_8,S_22,10
2,1,50,S,S_8,S_30,10
2,1,50,S,S_8,S_34,10
2,1,50,S,S_8,S_45,10
2,1,50,S,S_8,S_47,10
2,1,50,S,S_8,S_31,10
2,1,50,S,S_8,S_39,10
2,1,50,S,S_8,S_44,10
2,1,50,S,S_9,S_20,10
2,1,50,S,S_9,S_39,10
2,1,50,S,S_10,S_12,10
2,1,50,S,S_10,S_36,10
2,1,50,S,S_10,S_49,10
2,1,50,S,S_11,S_13,10
2,1,50,S,S_11,S_18,10
2,1,50,S,S_11,S_19,10
2,1,50,S,S_11,S_24,10
2,1,50,S,S_11,S_28,10
2,1,50,S,S_11,S_21,10
2,1,50,S,S_11,S_39,10
2,1,50,S,S_12,S_16,10
2,1,50,S,S_12,S_22,10
2,1,50,S,S_12,S_36,10
2,1,50,S,S_12,S_44,10
2,1,50,S,S_12,S_24,10
2,1,50,S,S_12,S_27,10
2,1,50,S,S_13,S_21,10
2,1,50,S,S_13,S_24,10
2,1,50,S,S_13,S_25,10
2,1,50,S,S_13,S_34,10
2,1,50,S,S_14,S_32,10
2,1,50,S,S_14,S_35,10
2,1,50,S,S_14,S_50,10
2,1,50,S,S_14,S_26,10
2,1,50,S,S_15,S_18,10
2,1,50,S,S_15,S_30,10
2,1,50,S,S_15,S_36,10
2,1,50,S,S_15,S_43,10
2,1,50,S,S_16,S_43,10
2,1,50,S,S_16,S_44,10
2,1,50,S,S_16,S_47,10
2,1,50,S,S_16,S_24,10
2,1,50,S,S_16,S_26,10
2,1,50,S,S_16,S_39,10
2,1,50,S,S_17,S_26,10
2,1,50,S,S_17,S_29,10
2,1,50,S,S_17,S_39,10
2,1,50,S,S_17,S_32,10
2,1,50,S,S_17,S_36,10
2,1,50,S,S_17,S_45,10
2,1,50,S,S_17,S_47,10
2,1,50,S,S_18,S_25,10
2,1,50,S,S_18,S_38,10
2,1,50,S,S_18,S_47,10
2,1,50,S,S_18,S_49,10
2,1,50,S,S_19,S_43,10.3
2,1,50,S,S_19,S_35,10
2,1,50,S,S_19,S_37,10
2,1,50,S,S_19,S_27,10
2,1,50,S,S_20,S_23,10
2,1,50,S,S_20,S_38,10
2,1,50,S,S_21,S_44,10
2,1,50,S,S_21,S_27,10
2,1,50,S,S_22,S_44,10
2,1,50,S,S_22,S_50,10
2,1,50,S,S_22,S_26,10
2,1,50,S,S_22,S_42,10
2,1,50,S,S_23,S_31,10
2,1,50,S,S_23,S_39,10
2,1,50,S,S_23,S_40,10
2,1,50,S,S_23,S_44,10
2,1,50,S,S_24,S_42,10
2,1,50,S,S_24,S_45,10
2,1,50,S,S_24,S_50,10
2,1,50,S,S_25,S_26,10
2,1,50,S,S_26,S_30,10
2,1,50,S,S_26,S_35,10
2,1,50,S,S_26,S_39,10
2,1,50,S,S_27,S_42,10
2,1,50,S,S_27,S_35,10
2,1,50,S,S_27,S_49,10
2,1,50,S,S_28,S_49,10
2,1,50,S,S_28,S_39,10
2,1,50,S,S_28,S_40,10
2,1,50,S,S_29,S_48,10
2,1,50,S,S_30,S_50,10
2,1,50,S,S_30,S_38,10
2,1,50,S,S_30,S_41,10
2,1,50,S,S_31,S_39,10
2,1,50,S,S_31,S_40,10
2,1,50,S,S_31,S_49,10
2,1,50,S,S_32,S_43,10
2,1,50,S,S_32,S_37,10
2,1,50,S,S_32,S_38,10
2,1,50,S,S_32,S_39,10
2,1,50,S,S_32,S_50,10
2,1,50,S,S_33,S_38,10
2,1,50,S,S_33,S_39,10
2,1,50,S,S_33,S_41,10
2,1,50,S,S_34,S_42,10
2,1,50,S,S_34,S_45,10
2,1,50,S,S_34,S_46,10
2,1,50,S,S_34,S_48,10
2,1,50,S,S_35,S_36,10
2,1,50,S,S_35,S_42,10
2,1,50,S,S_35,S_49,10
2,1,50,S,S_37,S_43,10
2,1,50,S,S_38,S_42,10
2,1,50,S,S_38,S_45,10
2,1,50,S,S_38,S_47,10
2,1,50,S,S_39,S_40,10
2,1,50,S,S_40,S_47,10
2,1,50,S,S_42,S_46,10
2,1,50,S,S_43,S_47,10
2,1,50,S,S_46,S_49,10
2,2,50,S,S_1,S_11,10.3
2,2,50,S,S_1,S_32,10.3
2,2,50,S,S_1,S_41,10.3
2,2,50,S,S_1,S_47,10.3
2,2,50,S,S_1,S_30,10.3
2,2,50,S,S_1,S_17,10
2,2,50,S,S_1,S_33,10
2,2,50,S,S_1,S_37,10
2,2,50,S,S_1,S_48,10
2,2,50,S,S_1,S_5,10
2,2,50,S,S_1,S_14,10
2,2,50,S,S_2,S_6,10.3
2,2,50,S,S_2,S_31,10.3
2,2,50,S,S_2,S_50,10.3
2,2,50,S,S_2,S_13,10.3
2,2,50,S,S_2,S_34,10.3
2,2,50,S,S_2,S_48,10.3
2,2,50,S,S_2,S_11,10
2,2,50,S,S_2,S_15,10
2,2,50,S,S_2,S_41,10
2,2,50,S,S_2,S_4,10
2,2,50,S,S_2,S_5,10
2,2,50,S,S_2,S_25,10
2,2,50,S,S_3,S_26,10.3
2,2,50,S,S_3,S_14,10.3
2,2,50,S,S_3,S_29,10.3
2,2,50,S,S_3,S_42,10.3
2,2,50,S,S_3,S_47,10.3
2,2,50,S,S_3,S_25,10
2,2,50,S,S_3,S_32,10
2,2,50,S,S_3,S_41,10
2,2,50,S,S_3,S_12,10
2,2,50,S,S_3,S_37,10
2,2,50,S,S_4,S_18,10.3
2,2,50,S,S_4,S_25,10.3
2,2,50,S,S_4,S_31,10.3
2,2,50,S,S_4,S_33,10.3
2,2,50,S,S_4,S_24,10.3
2,2,50,S,S_4,S_29,10.3
2,2,50,S,S_4,S_43,10
2,2,50,S,S_4,S_13,10
2,2,50,S,S_4,S_49,10
2,2,50,S,S_5,S_24,10.3
2,2,50,S,S_5,S_33,10.3
2,2,50,S,S_5,S_18,10.3
2,2,50,S,S_5,S_45,10.3
2,2,50,S,S_5,S_35,10
2,2,50,S,S_5,S_13,10
2,2,50,S,S_5,S_36,10
2,2,50,S,S_6,S_25,10.3
2,2,50,S,S_6,S_45,10.3
2,2,50,S,S_6,S_47,10.3
2,2,50,S,S_6,S_9,10.3
2,2,50,S,S_6,S_15,10.3
2,2,50,S,S_6,S_21,10.3
2,2,50,S,S_6,S_24,10.3
2,2,50,S,S_6,S_42,10
2,2,50,S,S_6,S_18,10
2,2,50,S,S_6,S_28,10
2,2,50,S,S_7,S_8,10.3
2,2,50,S,S_7,S_22,10.3
2,2,50,S,S_7,S_31,10.3
2,2,50,S,S_7,S_39,10.3
2,2,50,S,S_7,S_40,10.3
2,2,50,S,S_7,S_29,10.3
2,2,50,S,S_7,S_32,10.3
2,2,50,S,S_7,S_38,10.3
2,2,50,S,S_7,S_42,10.3
2,2,50,S,S_7,S_50,10.3
2,2,50,S,S_7,S_18,10
2,2,50,S,S_7,S_45,10
2,2,50,S,S_8,S_11,10.6
2,2,50,S,S_8,S_22,10.3
2,2,50,S,S_8,S_30,10.3
2,2,50,S,S_8,S_34,10.3
2,2,50,S,S_8,S_45,10.3
2,2,50,S,S_8,S_47,10.3
2,2,50,S,S_8,S_31,10.3
2,2,50,S,S_8,S_39,10.3
2,2,50,S,S_8,S_44,10.3
2,2,50,S,S_8,S_14,10
2,2,50,S,S_8,S_43,10
2,2,50,S,S_8,S_16,10
2,2,50,S,S_8,S_32,10
2,2,50,S,S_9,S_20,10.3
2,2,50,S,S_9,S_39,10.3
2,2,50,S,S_9,S_28,10
2,2,50,S,S_9,S_17,10
2,2,50,S,S_9,S_27,10
2,2,50,S,S_9,S_38,10
2,2,50,S,S_10,S_12,10.3
2,2,50,S,S_10,S_36,10.3
2,2,50,S,S_10,S_49,10.3
2,2,50,S,S_10,S_21,10
2,2,50,S,S_10,S_35,10
2,2,50,S,S_10,S_20,10
2,2,50,S,S_10,S_39,10
2,2,50,S,S_11,S_13,10.3
2,2,50,S,S_11,S_18,10.3
2,2,50,S,S_11,S_19,10.3
2,2,50,S,S_11,S_24,10.3
2,2,50,S,S_11,S_28,10.3
2,2,50,S,S_11,S_21,10.3
2,2,50,S,S_11,S_39,10.3
2,2,50,S,S_11,S_43,10
2,2,50,S,S_11,S_47,10
2,2,50,S,S_12,S_16,10.3
2,2,50,S,S_12,S_22,10.3
2,2,50,S,S_12,S_36,10.3
2,2,50,S,S_12,S_44,10.3
2,2,50,S,S_12,S_24,10.3
2,2,50,S,S_12,S_27,10.3
2,2,50,S,S_12,S_21,10
2,2,50,S,S_12,S_29,10
2,2,50,S,S_13,S_21,10.3
2,2,50,S,S_13,S_24,10.3
2,2,50,S,S_13,S_25,10.3
2,2,50,S,S_13,S_34,10.3
2,2,50,S,S_13,S_50,10
2,2,50,S,S_13,S_15,10
2,2,50,S,S_13,S_31,10
2,2,50,S,S_13,S_33,10
2,2,50,S,S_13,S_48,10
2,2,50,S,S_14,S_32,10.3
2,2,50,S,S_14,S_35,10.3
2,2,50,S,S_14,S_50,10.3
2,2,50,S,S_14,S_26,10.3
2,2,50,S,S_14,S_16,10
2,2,50,S,S_14,S_17,10
2,2,50,S,S_14,S_29,10
2,2,50,S,S_14,S_38,10
2,2,50,S,S_14,S_48,10
2,2,50,S,S_14,S_33,10
2,2,50,S,S_14,S_36,10
2,2,50,S,S_14,S_37,10
2,2,50,S,S_15,S_18,9.7
2,2,50,S,S_15,S_30,9.7
2,2,50,S,S_15,S_36,9.7
2,2,50,S,S_15,S_43,9.7
2,2,50,S,S_15,S_23,10
2,2,50,S,S_15,S_22,10
2,2,50,S,S_15,S_27,10
2,2,50,S,S_16,S_43,9.7
2,2,50,S,S_16,S_44,9.7
2,2,50,S,S_16,S_47,9.7
2,2,50,S,S_16,S_24,9.7
2,2,50,S,S_16,S_26,9.7
2,2,50,S,S_16,S_39,9.7
2,2,50,S,S_16,S_42,10
2,2,50,S,S_16,S_32,10
2,2,50,S,S_16,S_37,10
2,2,50,S,S_17,S_26,9.7
2,2,50,S,S_17,S_29,9.7
2,2,50,S,S_17,S_39,9.7
2,2,50,S,S_17,S_32,9.7
2,2,50,S,S_17,S_36,9.7
2,2,50,S,S_17,S_45,9.7
2,2,50,S,S_17,S_47,9.7
2,2,50,S,S_17,S_22,10
2,2,50,S,S_17,S_41,10
2,2,50,S,S_17,S_44,10
2,2,50,S,S_17,S_18,10
2,2,50,S,S_17,S_37,10
2,2,50,S,S_18,S_25,9.7
2,2,50,S,S_18,S_38,9.7
2,2,50,S,S_18,S_47,9.7
2,2,50,S,S_18,S_49,9.7
2,2,50,S,S_18,S_33,10
2,2,50,S,S_18,S_24,10
2,2,50,S,S_18,S_31,10
2,2,50,S,S_19,S_43,10
2,2,50,S,S_19,S_35,9.7
2,2,50,S,S_19,S_37,9.7
2,2,50,S,S_19,S_27,9.7
2,2,50,S,S_19,S_28,10
2,2,50,S,S_20,S_23,9.7
2,2,50,S,S_20,S_38,9.7
2,2,50,S,S_20,S_28,10
2,2,50,S,S_20,S_30,10
2,2,50,S,S_20,S_36,10
2,2,50,S,S_20,S_35,10
2,2,50,S,S_20,S_40,10
2,2,50,S,S_21,S_44,9.7
2,2,50,S,S_21,S_27,9.7
2,2,50,S,S_21,S_32,10
2,2,50,S,S_21,S_40,10
2,2,50,S,S_21,S_42,10
2,2,50,S,S_21,S_28,10
2,2,50,S,S_21,S_34,10
2,2,50,S,S_22,S_44,9.7
2,2,50,S,S_22,S_50,9.7
2,2,50,S,S_22,S_26,9.7
2,2,50,S,S_22,S_42,9.7
2,2,50,S,S_22,S_35,10
2,2,50,S,S_22,S_49,10
2,2,50,S,S_22,S_27,10
2,2,50,S,S_23,S_31,9.7
2,2,50,S,S_23,S_39,9.7
2,2,50,S,S_23,S_40,9.7
2,2,50,S,S_23,S_44,9.7
2,2,50,S,S_23,S_26,10
2,2,50,S,S_23,S_28,10
2,2,50,S,S_24,S_42,9.7
2,2,50,S,S_24,S_45,9.7
2,2,50,S,S_24,S_50,9.7
2,2,50,S,S_24,S_33,10
2,2,50,S,S_25,S_26,9.7
2,2,50,S,S_25,S_31,10
2,2,50,S,S_25,S_34,10
2,2,50,S,S_25,S_41,10
2,2,50,S,S_25,S_50,10
2,2,50,S,S_26,S_30,9.7
2,2,50,S,S_26,S_35,9.7
2,2,50,S,S_26,S_39,9.7
2,2,50,S,S_26,S_31,10
2,2,50,S,S_26,S_42,10
2,2,50,S,S_26,S_44,10
2,2,50,S,S_26,S_27,10
2,2,50,S,S_26,S_29,10
2,2,50,S,S_26,S_33,10
2,2,50,S,S_27,S_42,9.7
2,2,50,S,S_27,S_35,9.7
2,2,50,S,S_27,S_49,9.7
2,2,50,S,S_28,S_49,9.7
2,2,50,S,S_28,S_39,9.7
2,2,50,S,S_28,S_40,9.7
2,2,50,S,S_28,S_31,10
2,2,50,S,S_29,S_48,9.7
2,2,50,S,S_29,S_44,10
2,2,50,S,S_30,S_50,9.7
2,2,50,S,S_30,S_38,9.7
2,2,50,S,S_30,S_41,9.7
2,2,50,S,S_30,S_43,10
2,2,50,S,S_30,S_47,10
2,2,50,S,S_31,S_39,9.7
2,2,50,S,S_31,S_40,9.7
2,2,50,S,S_31,S_49,9.7
2,2,50,S,S_31,S_38,10
2,2,50,S,S_31,S_47,10
2,2,50,S,S_32,S_43,9.7
2,2,50,S,S_32,S_37,9.7
2,2,50,S,S_32,S_38,9.7
2,2,50,S,S_32,S_39,9.7
2,2,50,S,S_32,S_50,9.7
2,2,50,S,S_33,S_38,9.7
2,2,50,S,S_33,S_39,9.7
2,2,50,S,S_33,S_41,9.7
2,2,50,S,S_33,S_46,10
2,2,50,S,S_34,S_42,9.7
2,2,50,S,S_34,S_45,9.7
2,2,50,S,S_34,S_46,9.7
2,2,50,S,S_34,S_48,9.7
2,2,50,S,S_34,S_38,10
2,2,50,S,S_35,S_36,9.7
2,2,50,S,S_35,S_42,9.7
2,2,50,S,S_35,S_49,9.7
2,2,50,S,S_37,S_43,9.7
2,2,50,S,S_38,S_42,9.7
2,2,50,S,S_38,S_45,9.7
2,2,50,S,S_38,S_47,9.7
2,2,50,S,S_38,S_48,10
2,2,50,S,S_39,S_40,9.7
2,2,50,S,S_39,S_48,10
2,2,50,S,S_39,S_43,10
2,2,50,S,S_40,S_47,9.7
2,2,50,S,S_41,S_43,10
2,2,50,S,S_41,S_50,10
2,2,50,S,S_41,S_49,10
2,2,50,S,S_42,S_46,9.7
2,2,50,S,S_42,S_50,10
2,2,50,S,S_43,S_47,9.7
2,2,50,S,S_43,S_46,10
2,2,50,S,S_44,S_47,10
2,2,50,S,S_45,S_47,10
2,2,50,S,S_46,S_49,9.7
2,2,50,S,S_48,S_50,10
2,3,50,S,S_1,S_11,10
2,3,50,S,S_1,S_32,10
2,3,50,S,S_1,S_41,10
2,3,50,S,S_1,S_47,10
2,3,50,S,S_1,S_30,10
2,3,50,S,S_1,S_17,9.7
2,3,50,S,S_1,S_33,9.7
2,3,50,S,S_1,S_37,9.7
2,3,50,S,S_1,S_48,9.7
2,3,50,S,S_1,S_5,9.7
2,3,50,S,S_1,S_14,9.7
2,3,50,S,S_1,S_2,10
2,3,50,S,S_1,S_16,10
2,3,50,S,S_1,S_27,10
2,3,50,S,S_2,S_6,10
2,3,50,S,S_2,S_31,10
2,3,50,S,S_2,S_50,10
2,3,50,S,S_2,S_13,10
2,3,50,S,S_2,S_34,10
2,3,50,S,S_2,S_48,10
2,3,50,S,S_2,S_11,9.7
2,3,50,S,S_2,S_15,9.7
2,3,50,S,S_2,S_41,9.7
2,3,50,S,S_2,S_4,9.7
2,3,50,S,S_2,S_5,9.7
2,3,50,S,S_2,S_25,9.7
2,3,50,S,S_2,S_24,10
2,3,50,S,S_2,S_27,10
2,3,50,S,S_2,S_28,10
2,3,50,S,S_2,S_30,10
2,3,50,S,S_2,S_38,10
2,3,50,S,S_2,S_47,10
2,3,50,S,S_3,S_26,10
2,3,50,S,S_3,S_14,10
2,3,50,S,S_3,S_29,10
2,3,50,S,S_3,S_42,10
2,3,50,S,S_3,S_47,10
2,3,50,S,S_3,S_25,9.7
2,3,50,S,S_3,S_32,9.7
2,3,50,S,S_3,S_41,9.7
2,3,50,S,S_3,S_12,10.3
2,3,50,S,S_3,S_37,10.3
2,3,50,S,S_3,S_16,10
2,3,50,S,S_3,S_28,10
2,3,50,S,S_3,S_43,10
2,3,50,S,S_3,S_35,10
2,3,50,S,S_3,S_44,10
2,3,50,S,S_3,S_49,10
2,3,50,S,S_4,S_18,10.6
2,3,50,S,S_4,S_25,10.6
2,3,50,S,S_4,S_31,10.6
2,3,50,S,S_4,S_33,10.6
2,3,50,S,S_4,S_24,10.6
2,3,50,S,S_4,S_29,10.6
2,3,50,S,S_4,S_43,10.3
2,3,50,S,S_4,S_13,10.3
2,3,50,S,S_4,S_49,10.3
2,3,50,S,S_4,S_7,10
2,3,50,S,S_4,S_9,10
2,3,50,S,S_4,S_11,10
2,3,50,S,S_4,S_14,10
2,3,50,S,S_4,S_38,10
2,3,50,S,S_4,S_50,10
2,3,50,S,S_4,S_5,10
2,3,50,S,S_4,S_19,10
2,3,50,S,S_5,S_24,10.6
2,3,50,S,S_5,S_33,10.6
2,3,50,S,S_5,S_18,10.6
2,3,50,S,S_5,S_45,10.6
2,3,50,S,S_5,S_35,10.3
2,3,50,S,S_5,S_13,10.3
2,3,50,S,S_5,S_36,10.3
2,3,50,S,S_5,S_34,10
2,3,50,S,S_5,S_6,10
2,3,50,S,S_5,S_25,10
2,3,50,S,S_5,S_26,10
2,3,50,S,S_5,S_32,10
2,3,50,S,S_5,S_42,10
2,3,50,S,S_5,S_50,10
2,3,50,S,S_6,S_25,10.6
2,3,50,S,S_6,S_45,10.6
2,3,50,S,S_6,S_47,10.6
2,3,50,S,S_6,S_9,10.6
2,3,50,S,S_6,S_15,10.6
2,3,50,S,S_6,S_21,10.6
2,3,50,S,S_6,S_24,10.6
2,3,50,S,S_6,S_42,10.3
2,3,50,S,S_6,S_18,10.3
2,3,50,S,S_6,S_28,10.3
2,3,50,S,S_6,S_7,10
2,3,50,S,S_6,S_8,10
2,3,50,S,S_6,S_31,10
2,3,50,S,S_6,S_43,10
2,3,50,S,S_6,S_44,10
2,3,50,S,S_7,S_8,10.6
2,3,50,S,S_7,S_22,10.6
2,3,50,S,S_7,S_31,10.6
2,3,50,S,S_7,S_39,10.6
2,3,50,S,S_7,S_40,10.6
2,3,50,S,S_7,S_29,10.6
2,3,50,S,S_7,S_32,10.6
2,3,50,S,S_7,S_38,10.6
2,3,50,S,S_7,S_42,10.6
2,3,50,S,S_7,S_50,10.6
2,3,50,S,S_7,S_18,10.3
2,3,50,S,S_7,S_45,10.3
2,3,50,S,S_7,S_24,10
2,3,50,S,S_7,S_27,10
2,3,50,S,S_8,S_11,10.9
2,3,50,S,S_8,S_22,10.6
2,3,50,S,S_8,S_30,10.6
2,3,50,S,S_8,S_34,10.6
2,3,50,S,S_8,S_45,10.6
2,3,50,S,S_8,S_47,10.6
2,3,50,S,S_8,S_31,10.6
2,3,50,S,S_8,S_39,10.6
2,3,50,S,S_8,S_44,10.6
2,3,50,S,S_8,S_14,10.3
2,3,50,S,S_8,S_43,10.3
2,3,50,S,S_8,S_16,10.3
2,3,50,S,S_8,S_32,10.3
2,3,50,S,S_8,S_27,10
2,3,50,S,S_8,S_46,10
2,3,50,S,S_8,S_24,10
2,3,50,S,S_8,S_38,10
2,3,50,S,S_8,S_42,10
2,3,50,S,S_9,S_20,10.6
2,3,50,S,S_9,S_39,10.6
2,3,50,S,S_9,S_28,10.3
2,3,50,S,S_9,S_17,10.3
2,3,50,S,S_9,S_27,10.3
2,3,50,S,S_9,S_38,10.3
2,3,50,S,S_9,S_47,10
2,3,50,S,S_10,S_12,10.6
2,3,50,S,S_10,S_36,10.6
2,3,50,S,S_10,S_49,10.6
2,3,50,S,S_10,S_21,10.3
2,3,50,S,S_10,S_35,10.3
2,3,50,S,S_10,S_20,10.3
2,3,50,S,S_10,S_39,10.3
2,3,50,S,S_10,S_37,10
2,3,50,S,S_11,S_13,10.6
2,3,50,S,S_11,S_18,10.6
2,3,50,S,S_11,S_19,10.6
2,3,50,S,S_11,S_24,10.6
2,3,50,S,S_11,S_28,10.6
2,3,50,S,S_11,S_21,10.6
2,3,50,S,S_11,S_39,10
2,3,50,S,S_11,S_43,9.7
2,3,50,S,S_11,S_47,9.7
2,3,50,S,S_11,S_40,10
2,3,50,S,S_11,S_50,10
2,3,50,S,S_11,S_12,10
2,3,50,S,S_11,S_33,10
2,3,50,S,S_12,S_16,10
2,3,50,S,S_12,S_22,10
2,3,50,S,S_12,S_36,10
2,3,50,S,S_12,S_44,10
2,3,50,S,S_12,S_24,10
2,3,50,S,S_12,S_27,10
2,3,50,S,S_12,S_21,9.7
2,3,50,S,S_12,S_29,9.7
2,3,50,S,S_12,S_35,10
2,3,50,S,S_12,S_49,10
2,3,50,S,S_13,S_21,10
2,3,50,S,S_13,S_24,10
2,3,50,S,S_13,S_25,10
2,3,50,S,S_13,S_34,10
2,3,50,S,S_13,S_50,9.7
2,3,50,S,S_13,S_15,9.7
2,3,50,S,S_13,S_31,9.7
2,3,50,S,S_13,S_33,9.7
2,3,50,S,S_13,S_48,9.7
2,3,50,S,S_13,S_36,10
2,3,50,S,S_14,S_32,10
2,3,50,S,S_14,S_35,10
2,3,50,S,S_14,S_50,10
2,3,50,S,S_14,S_26,10
2,3,50,S,S_14,S_16,9.7
2,3,50,S,S_14,S_17,9.7
2,3,50,S,S_14,S_29,9.7
2,3,50,S,S_14,S_38,9.7
2,3,50,S,S_14,S_48,9.7
2,3,50,S,S_14,S_33,9.7
2,3,50,S,S_14,S_36,9.7
2,3,50,S,S_14,S_37,9.7
2,3,50,S,S_14,S_30,10
2,3,50,S,S_14,S_20,10
2,3,50,S,S_14,S_41,10
2,3,50,S,S_14,S_44,10
2,3,50,S,S_15,S_18,9.4
2,3,50,S,S_15,S_30,9.4
2,3,50,S,S_15,S_36,9.4
2,3,50,S,S_15,S_43,9.4
2,3,50,S,S_15,S_23,9.7
2,3,50,S,S_15,S_22,9.7
2,3,50,S,S_15,S_27,9.7
2,3,50,S,S_15,S_46,10
2,3,50,S,S_15,S_50,10
2,3,50,S,S_16,S_43,9.4
2,3,50,S,S_16,S_44,9.4
2,3,50,S,S_16,S_47,9.4
2,3,50,S,S_16,S_24,9.4
2,3,50,S,S_16,S_26,9.4
2,3,50,S,S_16,S_39,9.4
2,3,50,S,S_16,S_42,9.7
2,3,50,S,S_16,S_32,9.7
2,3,50,S,S_16,S_37,9.7
2,3,50,S,S_16,S_50,10
2,3,50,S,S_16,S_21,10
2,3,50,S,S_16,S_34,10
2,3,50,S,S_17,S_26,9.4
2,3,50,S,S_17,S_29,9.4
2,3,50,S,S_17,S_39,9.4
2,3,50,S,S_17,S_32,9.4
2,3,50,S,S_17,S_36,9.4
2,3,50,S,S_17,S_45,9.4
2,3,50,S,S_17,S_47,9.4
2,3,50,S,S_17,S_22,9.7
2,3,50,S,S_17,S_41,9.7
2,3,50,S,S_17,S_44,9.7
2,3,50,S,S_17,S_18,9.7
2,3,50,S,S_17,S_37,9.7
2,3,50,S,S_18,S_25,9.4
2,3,50,S,S_18,S_38,9.4
2,3,50,S,S_18,S_47,9.4
2,3,50,S,S_18,S_49,9.4
2,3,50,S,S_18,S_33,9.7
2,3,50,S,S_18,S_24,9.7
2,3,50,S,S_18,S_31,9.7
2,3,50,S,S_19,S_43,9.7
2,3,50,S,S_19,S_35,9.4
2,3,50,S,S_19,S_37,9.4
2,3,50,S,S_19,S_27,9.4
2,3,50,S,S_19,S_28,9.7
2,3,50,S,S_19,S_22,10
2,3,50,S,S_19,S_36,10
2,3,50,S,S_19,S_41,10
2,3,50,S,S_19,S_47,10
2,3,50,S,S_19,S_21,10
2,3,50,S,S_19,S_38,10
2,3,50,S,S_19,S_49,10
2,3,50,S,S_20,S_23,9.4
2,3,50,S,S_20,S_38,9.4
2,3,50,S,S_20,S_28,10.3
2,3,50,S,S_20,S_30,10.3
2,3,50,S,S_20,S_36,10.3
2,3,50,S,S_20,S_35,10.3
2,3,50,S,S_20,S_40,10.3
2,3,50,S,S_20,S_25,10
2,3,50,S,S_20,S_39,10
2,3,50,S,S_21,S_44,10
2,3,50,S,S_21,S_27,10
2,3,50,S,S_21,S_32,10.3
2,3,50,S,S_21,S_40,10.3
2,3,50,S,S_21,S_42,10.3
2,3,50,S,S_21,S_28,10.3
2,3,50,S,S_21,S_34,10.3
2,3,50,S,S_21,S_22,10
2,3,50,S,S_21,S_35,10
2,3,50,S,S_21,S_37,10
2,3,50,S,S_21,S_47,10
2,3,50,S,S_22,S_44,10
2,3,50,S,S_22,S_50,10
2,3,50,S,S_22,S_26,10
2,3,50,S,S_22,S_42,10
2,3,50,S,S_22,S_35,10.3
2,3,50,S,S_22,S_49,10.3
2,3,50,S,S_22,S_27,10.3
2,3,50,S,S_22,S_30,10
2,3,50,S,S_22,S_37,10
2,3,50,S,S_23,S_31,10
2,3,50,S,S_23,S_39,10
2,3,50,S,S_23,S_40,10
2,3,50,S,S_23,S_44,10
2,3,50,S,S_23,S_26,10.3
2,3,50,S,S_23,S_28,10.3
2,3,50,S,S_23,S_24,10
2,3,50,S,S_24,S_42,10
2,3,50,S,S_24,S_45,10
2,3,50,S,S_24,S_50,10
2,3,50,S,S_24,S_33,10.3
2,3,50,S,S_24,S_25,10
2,3,50,S,S_24,S_26,10
2,3,50,S,S_24,S_47,10
2,3,50,S,S_24,S_43,10
2,3,50,S,S_24,S_49,10
2,3,50,S,S_25,S_26,10
2,3,50,S,S_25,S_31,10.3
2,3,50,S,S_25,S_34,10.3
2,3,50,S,S_25,S_41,10.3
2,3,50,S,S_25,S_50,10.3
2,3,50,S,S_25,S_33,10
2,3,50,S,S_25,S_42,10
2,3,50,S,S_26,S_30,10
2,3,50,S,S_26,S_35,10
2,3,50,S,S_26,S_39,10
2,3,50,S,S_26,S_31,10.3
2,3,50,S,S_26,S_42,10.3
2,3,50,S,S_26,S_44,10.3
2,3,50,S,S_26,S_27,10.3
2,3,50,S,S_26,S_29,10.3
2,3,50,S,S_26,S_33,10.3
2,3,50,S,S_26,S_32,10
2,3,50,S,S_26,S_43,10
2,3,50,S,S_26,S_49,10
2,3,50,S,S_26,S_36,10
2,3,50,S,S_27,S_42,10
2,3,50,S,S_27,S_35,10
2,3,50,S,S_27,S_49,10
2,3,50,S,S_27,S_44,10
2,3,50,S,S_28,S_49,10
2,3,50,S,S_28,S_39,10
2,3,50,S,S_28,S_40,10
2,3,50,S,S_28,S_31,10.3
2,3,50,S,S_28,S_44,10
2,3,50,S,S_29,S_48,10
2,3,50,S,S_29,S_44,10.3
2,3,50,S,S_29,S_33,10
2,3,50,S,S_29,S_43,10
2,3,50,S,S_29,S_50,10
2,3,50,S,S_29,S_42,10
2,3,50,S,S_30,S_50,10
2,3,50,S,S_30,S_38,10
2,3,50,S,S_30,S_41,10
2,3,50,S,S_30,S_43,10.3
2,3,50,S,S_30,S_47,10.3
2,3,50,S,S_30,S_48,10
2,3,50,S,S_30,S_37,10
2,3,50,S,S_31,S_39,10
2,3,50,S,S_31,S_40,10
2,3,50,S,S_31,S_49,10
2,3,50,S,S_31,S_38,10.3
2,3,50,S,S_31,S_47,10.3
2,3,50,S,S_32,S_43,10
2,3,50,S,S_32,S_37,10
2,3,50,S,S_32,S_38,10
2,3,50,S,S_32,S_39,10
2,3,50,S,S_32,S_50,10
2,3,50,S,S_33,S_38,10
2,3,50,S,S_33,S_39,10
2,3,50,S,S_33,S_41,10
2,3,50,S,S_33,S_46,10.3
2,3,50,S,S_33,S_45,10
2,3,50,S,S_33,S_50,10
2,3,50,S,S_34,S_42,10
2,3,50,S,S_34,S_45,10
2,3,50,S,S_34,S_46,10
2,3,50,S,S_34,S_48,10
2,3,50,S,S_34,S_38,10.3
2,3,50,S,S_34,S_41,10
2,3,50,S,S_35,S_36,9.4
2,3,50,S,S_35,S_42,9.4
2,3,50,S,S_35,S_49,9.4
2,3,50,S,S_35,S_37,10
2,3,50,S,S_35,S_40,10
2,3,50,S,S_37,S_43,9.4
2,3,50,S,S_38,S_42,9.4
2,3,50,S,S_38,S_45,9.4
2,3,50,S,S_38,S_47,9.4
2,3,50,S,S_38,S_48,9.7
2,3,50,S,S_39,S_40,9.4
2,3,50,S,S_39,S_48,9.7
2,3,50,S,S_39,S_43,9.7
2,3,50,S,S_40,S_47,9.4
2,3,50,S,S_40,S_50,10
2,3,50,S,S_40,S_45,10
2,3,50,S,S_41,S_43,9.7
2,3,50,S,S_41,S_50,9.7
2,3,50,S,S_41,S_49,9.7
2,3,50,S,S_41,S_44,10
2,3,50,S,S_42,S_46,9.4
2,3,50,S,S_42,S_50,9.7
2,3,50,S,S_42,S_48,10
2,3,50,S,S_43,S_47,9.4
2,3,50,S,S_43,S_46,9.7
2,3,50,S,S_43,S_45,10
2,3,50,S,S_44,S_47,9.7
2,3,50,S,S_45,S_47,9.7
2,3,50,S,S_45,S_50,10
2,3,50,S,S_46,S_49,9.4
2,3,50,S,S_46,S_47,10
2,3,50,S,S_46,S_48,10
2,3,50,S,S_48,S_50,9.7
2,4,50,S,S_1,S_11,9.7
2,4,50,S,S_1,S_32,9.7
2,4,50,S,S_1,S_41,9.7
2,4,50,S,S_1,S_47,9.7
2,4,50,S,S_1,S_30,9.7
2,4,50,S,S_1,S_17,9.4
2,4,50,S,S_1,S_33,9.4
2,4,50,S,S_1,S_37,9.4
2,4,50,S,S_1,S_48,9.4
2,4,50,S,S_1,S_5,9.4
2,4,50,S,S_1,S_14,9.4
2,4,50,S,S_1,S_2,9.7
2,4,50,S,S_1,S_16,9.7
2,4,50,S,S_1,S_27,9.7
2,4,50,S,S_1,S_3,10
2,4,50,S,S_1,S_45,10
2,4,50,S,S_1,S_44,10
2,4,50,S,S_2,S_6,9.7
2,4,50,S,S_2,S_31,9.7
2,4,50,S,S_2,S_50,9.7
2,4,50,S,S_2,S_13,9.7
2,4,50,S,S_2,S_34,9.7
2,4,50,S,S_2,S_48,9.7
2,4,50,S,S_2,S_11,9.4
2,4,50,S,S_2,S_15,9.4
2,4,50,S,S_2,S_41,9.4
2,4,50,S,S_2,S_4,9.4
2,4,50,S,S_2,S_5,9.4
2,4,50,S,S_2,S_25,9.4
2,4,50,S,S_2,S_24,9.7
2,4,50,S,S_2,S_27,9.7
2,4,50,S,S_2,S_28,9.7
2,4,50,S,S_2,S_30,9.7
2,4,50,S,S_2,S_38,9.7
2,4,50,S,S_2,S_47,9.7
2,4,50,S,S_2,S_42,10
2,4,50,S,S_2,S_45,10
2,4,50,S,S_3,S_26,9.7
2,4,50,S,S_3,S_14,9.7
2,4,50,S,S_3,S_29,9.7
2,4,50,S,S_3,S_42,9.7
2,4,50,S,S_3,S_47,9.7
2,4,50,S,S_3,S_25,9.4
2,4,50,S,S_3,S_32,9.4
2,4,50,S,S_3,S_41,9.4
2,4,50,S,S_3,S_12,10
2,4,50,S,S_3,S_37,10
2,4,50,S,S_3,S_16,9.7
2,4,50,S,S_3,S_28,9.7
2,4,50,S,S_3,S_43,9.7
2,4,50,S,S_3,S_35,9.7
2,4,50,S,S_3,S_44,9.7
2,4,50,S,S_3,S_49,9.7
2,4,50,S,S_3,S_22,10
2,4,50,S,S_3,S_8,10
2,4,50,S,S_4,S_18,10.3
2,4,50,S,S_4,S_25,10.3
2,4,50,S,S_4,S_31,10.3
2,4,50,S,S_4,S_33,10.3
2,4,50,S,S_4,S_24,10.3
2,4,50,S,S_4,S_29,10.3
2,4,50,S,S_4,S_43,10
2,4,50,S,S_4,S_13,10
2,4,50,S,S_4,S_49,10
2,4,50,S,S_4,S_7,9.7
2,4,50,S,S_4,S_9,9.7
2,4,50,S,S_4,S_11,9.7
2,4,50,S,S_4,S_14,9.7
2,4,50,S,S_4,S_38,9.7
2,4,50,S,S_4,S_50,9.7
2,4,50,S,S_4,S_5,9.7
2,4,50,S,S_4,S_19,9.7
2,4,50,S,S_4,S_15,10
2,4,50,S,S_4,S_37,10
2,4,50,S,S_4,S_42,10
2,4,50,S,S_4,S_48,10
2,4,50,S,S_4,S_6,10
2,4,50,S,S_5,S_24,10.3
2,4,50,S,S_5,S_33,10.3
2,4,50,S,S_5,S_18,10.3
2,4,50,S,S_5,S_45,10.3
2,4,50,S,S_5,S_35,10
2,4,50,S,S_5,S_13,10
2,4,50,S,S_5,S_36,10
2,4,50,S,S_5,S_34,9.7
2,4,50,S,S_5,S_6,9.7
2,4,50,S,S_5,S_25,9.7
2,4,50,S,S_5,S_26,9.7
2,4,50,S,S_5,S_32,9.7
2,4,50,S,S_5,S_42,9.7
2,4,50,S,S_5,S_50,9.7
2,4,50,S,S_5,S_31,10
2,4,50,S,S_5,S_10,10
2,4,50,S,S_5,S_30,10
2,4,50,S,S_5,S_40,10
2,4,50,S,S_6,S_25,10.3
2,4,50,S,S_6,S_45,10.3
2,4,50,S,S_6,S_47,10.3
2,4,50,S,S_6,S_9,10.3
2,4,50,S,S_6,S_15,10.3
2,4,50,S,S_6,S_21,10.3
2,4,50,S,S_6,S_24,10.3
2,4,50,S,S_6,S_42,10
2,4,50,S,S_6,S_18,10
2,4,50,S,S_6,S_28,10
2,4,50,S,S_6,S_7,9.7
2,4,50,S,S_6,S_8,9.7
2,4,50,S,S_6,S_31,9.7
2,4,50,S,S_6,S_43,9.7
2,4,50,S,S_6,S_44,9.7
2,4,50,S,S_6,S_38,10
2,4,50,S,S_6,S_39,10
2,4,50,S,S_6,S_49,10
2,4,50,S,S_7,S_8,10.3
2,4,50,S,S_7,S_22,10.3
2,4,50,S,S_7,S_31,10.3
2,4,50,S,S_7,S_39,10.3
2,4,50,S,S_7,S_40,10.3
2,4,50,S,S_7,S_29,10.3
2,4,50,S,S_7,S_32,10.3
2,4,50,S,S_7,S_38,10.3
2,4,50,S,S_7,S_42,10.3
2,4,50,S,S_7,S_50,10.3
2,4,50,S,S_7,S_18,10
2,4,50,S,S_7,S_45,10
2,4,50,S,S_7,S_24,9.7
2,4,50,S,S_7,S_27,9.7
2,4,50,S,S_7,S_14,10
2,4,50,S,S_7,S_15,10
2,4,50,S,S_7,S_30,10
2,4,50,S,S_7,S_35,10
2,4,50,S,S_7,S_11,10
2,4,50,S,S_7,S_20,10
2,4,50,S,S_7,S_36,10
2,4,50,S,S_8,S_11,10.6
2,4,50,S,S_8,S_22,10.3
2,4,50,S,S_8,S_30,10.3
2,4,50,S,S_8,S_34,10.3
2,4,50,S,S_8,S_45,10.3
2,4,50,S,S_8,S_47,10.3
2,4,50,S,S_8,S_31,10.3
2,4,50,S,S_8,S_39,10.3
2,4,50,S,S_8,S_44,10.3
2,4,50,S,S_8,S_14,10
2,4,50,S,S_8,S_43,10
2,4,50,S,S_8,S_16,10
2,4,50,S,S_8,S_32,10
2,4,50,S,S_8,S_27,9.7
2,4,50,S,S_8,S_46,9.7
2,4,50,S,S_8,S_24,9.7
2,4,50,S,S_8,S_38,9.7
2,4,50,S,S_8,S_42,9.7
2,4,50,S,S_8,S_13,10
2,4,50,S,S_8,S_41,10
2,4,50,S,S_9,S_20,10.3
2,4,50,S,S_9,S_39,10.3
2,4,50,S,S_9,S_28,10
2,4,50,S,S_9,S_17,10
2,4,50,S,S_9,S_27,10
2,4,50,S,S_9,S_38,10
2,4,50,S,S_9,S_47,9.7
2,4,50,S,S_9,S_19,10
2,4,50,S,S_9,S_31,10
2,4,50,S,S_9,S_32,10
2,4,50,S,S_9,S_36,10
2,4,50,S,S_9,S_13,10
2,4,50,S,S_9,S_16,10
2,4,50,S,S_9,S_23,10
2,4,50,S,S_9,S_50,10
2,4,50,S,S_10,S_12,10.3
2,4,50,S,S_10,S_36,10.3
2,4,50,S,S_10,S_49,10.3
2,4,50,S,S_10,S_21,10
2,4,50,S,S_10,S_35,10
2,4,50,S,S_10,S_20,10
2,4,50,S,S_10,S_39,10
2,4,50,S,S_10,S_37,9.7
2,4,50,S,S_10,S_15,10
2,4,50,S,S_10,S_30,10
2,4,50,S,S_10,S_41,10
2,4,50,S,S_11,S_13,10.3
2,4,50,S,S_11,S_18,10.3
2,4,50,S,S_11,S_19,10.3
2,4,50,S,S_11,S_24,10.3
2,4,50,S,S_11,S_28,10.3
2,4,50,S,S_11,S_21,10.3
2,4,50,S,S_11,S_39,9.7
2,4,50,S,S_11,S_43,9.4
2,4,50,S,S_11,S_47,9.4
2,4,50,S,S_11,S_40,9.7
2,4,50,S,S_11,S_50,9.7
2,4,50,S,S_11,S_12,9.7
2,4,50,S,S_11,S_33,9.7
2,4,50,S,S_11,S_25,10
2,4,50,S,S_12,S_16,9.7
2,4,50,S,S_12,S_22,9.7
2,4,50,S,S_12,S_36,9.7
2,4,50,S,S_12,S_44,9.7
2,4,50,S,S_12,S_24,9.7
2,4,50,S,S_12,S_27,9.7
2,4,50,S,S_12,S_21,9.4
2,4,50,S,S_12,S_29,9.4
2,4,50,S,S_12,S_35,9.7
2,4,50,S,S_12,S_49,9.7
2,4,50,S,S_12,S_37,10
2,4,50,S,S_12,S_40,10
2,4,50,S,S_13,S_21,9.7
2,4,50,S,S_13,S_24,9.7
2,4,50,S,S_13,S_25,9.7
2,4,50,S,S_13,S_34,9.7
2,4,50,S,S_13,S_50,9.4
2,4,50,S,S_13,S_15,9.4
2,4,50,S,S_13,S_31,9.4
2,4,50,S,S_13,S_33,9.4
2,4,50,S,S_13,S_48,9.4
2,4,50,S,S_13,S_36,9.7
2,4,50,S,S_14,S_32,9.7
2,4,50,S,S_14,S_35,9.7
2,4,50,S,S_14,S_50,9.7
2,4,50,S,S_14,S_26,9.7
2,4,50,S,S_14,S_16,9.4
2,4,50,S,S_14,S_17,9.4
2,4,50,S,S_14,S_29,9.4
2,4,50,S,S_14,S_38,9.4
2,4,50,S,S_14,S_48,9.4
2,4,50,S,S_14,S_33,9.4
2,4,50,S,S_14,S_36,9.4
2,4,50,S,S_14,S_37,9.4
2,4,50,S,S_14,S_30,9.7
2,4,50,S,S_14,S_20,9.7
2,4,50,S,S_14,S_41,9.7
2,4,50,S,S_14,S_44,9.7
2,4,50,S,S_14,S_25,10
2,4,50,S,S_14,S_49,10
2,4,50,S,S_14,S_19,10
2,4,50,S,S_15,S_23,9.4
2,4,50,S,S_15,S_22,9.4
2,4,50,S,S_15,S_27,9.4
2,4,50,S,S_15,S_46,9.7
2,4,50,S,S_15,S_50,9.7
2,4,50,S,S_15,S_33,10
2,4,50,S,S_15,S_20,10
2,4,50,S,S_15,S_38,10
2,4,50,S,S_15,S_42,10
2,4,50,S,S_16,S_42,9.4
2,4,50,S,S_16,S_32,9.4
2,4,50,S,S_16,S_37,9.4
2,4,50,S,S_16,S_50,9.7
2,4,50,S,S_16,S_21,9.7
2,4,50,S,S_16,S_34,9.7
2,4,50,S,S_16,S_17,10
2,4,50,S,S_16,S_24,10
2,4,50,S,S_16,S_27,10
2,4,50,S,S_16,S_29,10
2,4,50,S,S_16,S_31,10
2,4,50,S,S_16,S_36,10
2,4,50,S,S_17,S_22,9.4
2,4,50,S,S_17,S_41,9.4
2,4,50,S,S_17,S_44,9.4
2,4,50,S,S_17,S_18,9.4
2,4,50,S,S_17,S_37,9.4
2,4,50,S,S_17,S_21,10
2,4,50,S,S_17,S_27,10
2,4,50,S,S_18,S_33,9.4
2,4,50,S,S_18,S_24,9.4
2,4,50,S,S_18,S_31,9.4
2,4,50,S,S_18,S_23,10
2,4,50,S,S_18,S_34,10
2,4,50,S,S_18,S_48,10
2,4,50,S,S_19,S_43,10
2,4,50,S,S_19,S_35,9.7
2,4,50,S,S_19,S_37,9.7
2,4,50,S,S_19,S_27,9.7
2,4,50,S,S_19,S_28,10
2,4,50,S,S_19,S_22,10.3
2,4,50,S,S_19,S_36,10.3
2,4,50,S,S_19,S_41,10.3
2,4,50,S,S_19,S_47,10.3
2,4,50,S,S_19,S_21,10.3
2,4,50,S,S_19,S_38,10.3
2,4,50,S,S_19,S_49,10.3
2,4,50,S,S_19,S_50,10
2,4,50,S,S_19,S_30,10
2,4,50,S,S_20,S_23,9.7
2,4,50,S,S_20,S_38,9.7
2,4,50,S,S_20,S_28,10.6
2,4,50,S,S_20,S_30,10.6
2,4,50,S,S_20,S_36,10.6
2,4,50,S,S_20,S_35,10.6
2,4,50,S,S_20,S_40,10.6
2,4,50,S,S_20,S_25,10.3
2,4,50,S,S_20,S_39,10.3
2,4,50,S,S_21,S_44,10.3
2,4,50,S,S_21,S_27,10.3
2,4,50,S,S_21,S_32,10.6
2,4,50,S,S_21,S_40,10.6
2,4,50,S,S_21,S_42,10.6
2,4,50,S,S_21,S_28,10.6
2,4,50,S,S_21,S_34,10.6
2,4,50,S,S_21,S_22,10.3
2,4,50,S,S_21,S_35,10.3
2,4,50,S,S_21,S_37,10.3
2,4,50,S,S_21,S_47,10.3
2,4,50,S,S_21,S_49,10
2,4,50,S,S_21,S_26,10
2,4,50,S,S_21,S_39,10
2,4,50,S,S_22,S_44,10.3
2,4,50,S,S_22,S_50,10.3
2,4,50,S,S_22,S_26,10.3
2,4,50,S,S_22,S_42,10.3
2,4,50,S,S_22,S_35,10.6
2,4,50,S,S_22,S_49,10.6
2,4,50,S,S_22,S_27,10.6
2,4,50,S,S_22,S_30,10.3
2,4,50,S,S_22,S_37,10.3
2,4,50,S,S_22,S_23,10
2,4,50,S,S_22,S_25,10
2,4,50,S,S_22,S_28,10
2,4,50,S,S_22,S_29,10
2,4,50,S,S_23,S_31,10.3
2,4,50,S,S_23,S_39,10.3
2,4,50,S,S_23,S_40,10.3
2,4,50,S,S_23,S_44,10.3
2,4,50,S,S_23,S_26,10.6
2,4,50,S,S_23,S_28,10.6
2,4,50,S,S_23,S_24,10.3
2,4,50,S,S_23,S_36,10
2,4,50,S,S_23,S_49,10
2,4,50,S,S_23,S_29,10
2,4,50,S,S_23,S_33,10
2,4,50,S,S_23,S_34,10
2,4,50,S,S_23,S_48,10
2,4,50,S,S_24,S_42,10.3
2,4,50,S,S_24,S_45,10.3
2,4,50,S,S_24,S_50,10.3
2,4,50,S,S_24,S_33,10.6
2,4,50,S,S_24,S_25,10.3
2,4,50,S,S_24,S_26,10.3
2,4,50,S,S_24,S_47,10.3
2,4,50,S,S_24,S_43,10.3
2,4,50,S,S_24,S_49,10.3
2,4,50,S,S_24,S_30,10
2,4,50,S,S_24,S_34,10
2,4,50,S,S_24,S_38,10
2,4,50,S,S_25,S_26,10.3
2,4,50,S,S_25,S_31,10.6
2,4,50,S,S_25,S_34,10.6
2,4,50,S,S_25,S_41,10.6
2,4,50,S,S_25,S_50,10.6
2,4,50,S,S_25,S_33,10.3
2,4,50,S,S_25,S_42,10.3
2,4,50,S,S_25,S_36,10
2,4,50,S,S_25,S_38,10
2,4,50,S,S_25,S_40,10
2,4,50,S,S_26,S_30,10.3
2,4,50,S,S_26,S_35,10.3
2,4,50,S,S_26,S_39,10.3
2,4,50,S,S_26,S_31,10.6
2,4,50,S,S_26,S_42,10.6
2,4,50,S,S_26,S_44,10.6
2,4,50,S,S_26,S_27,10.6
2,4,50,S,S_26,S_29,10.6
2,4,50,S,S_26,S_33,10.6
2,4,50,S,S_26,S_32,10.3
2,4,50,S,S_26,S_43,9.7
2,4,50,S,S_26,S_49,9.7
2,4,50,S,S_26,S_36,9.7
2,4,50,S,S_26,S_41,10
2,4,50,S,S_26,S_50,10
2,4,50,S,S_27,S_42,9.7
2,4,50,S,S_27,S_35,9.7
2,4,50,S,S_27,S_49,9.7
2,4,50,S,S_27,S_44,9.7
2,4,50,S,S_27,S_29,10
2,4,50,S,S_28,S_49,9.7
2,4,50,S,S_28,S_39,9.7
2,4,50,S,S_28,S_40,9.7
2,4,50,S,S_28,S_31,10
2,4,50,S,S_28,S_44,9.7
2,4,50,S,S_28,S_41,10
2,4,50,S,S_28,S_43,10
2,4,50,S,S_28,S_50,10
2,4,50,S,S_29,S_48,9.7
2,4,50,S,S_29,S_44,10
2,4,50,S,S_29,S_33,9.7
2,4,50,S,S_29,S_43,9.7
2,4,50,S,S_29,S_50,9.7
2,4,50,S,S_29,S_42,9.7
2,4,50,S,S_29,S_40,10
2,4,50,S,S_30,S_50,9.7
2,4,50,S,S_30,S_38,9.7
2,4,50,S,S_30,S_41,9.7
2,4,50,S,S_30,S_43,10
2,4,50,S,S_30,S_47,10
2,4,50,S,S_30,S_48,9.7
2,4,50,S,S_30,S_37,9.7
2,4,50,S,S_30,S_32,10
2,4,50,S,S_31,S_39,9.7
2,4,50,S,S_31,S_40,9.7
2,4,50,S,S_31,S_49,9.7
2,4,50,S,S_31,S_38,10
2,4,50,S,S_31,S_47,10
2,4,50,S,S_31,S_33,10
2,4,50,S,S_32,S_43,9.7
2,4,50,S,S_32,S_37,9.7
2,4,50,S,S_32,S_38,9.7
2,4,50,S,S_32,S_39,9.7
2,4,50,S,S_32,S_50,9.7
2,4,50,S,S_32,S_45,10
2,4,50,S,S_32,S_41,10
2,4,50,S,S_32,S_44,10
2,4,50,S,S_33,S_38,9.7
2,4,50,S,S_33,S_39,9.7
2,4,50,S,S_33,S_41,9.7
2,4,50,S,S_33,S_46,10
2,4,50,S,S_33,S_45,9.7
2,4,50,S,S_33,S_50,9.7
2,4,50,S,S_34,S_42,9.7
2,4,50,S,S_34,S_45,9.7
2,4,50,S,S_34,S_46,9.7
2,4,50,S,S_34,S_48,9.7
2,4,50,S,S_34,S_38,10
2,4,50,S,S_34,S_41,9.7
2,4,50,S,S_34,S_50,10
2,4,50,S,S_35,S_37,9.7
2,4,50,S,S_35,S_40,9.7
2,4,50,S,S_35,S_38,10
2,4,50,S,S_36,S_45,10
2,4,50,S,S_36,S_39,10
2,4,50,S,S_37,S_40,10
2,4,50,S,S_37,S_45,10
2,4,50,S,S_38,S_48,9.4
2,4,50,S,S_39,S_48,9.4
2,4,50,S,S_39,S_43,9.4
2,4,50,S,S_39,S_46,10
2,4,50,S,S_40,S_50,9.7
2,4,50,S,S_40,S_45,9.7
2,4,50,S,S_41,S_43,9.4
2,4,50,S,S_41,S_50,9.4
2,4,50,S,S_41,S_49,9.4
2,4,50,S,S_41,S_44,9.7
2,4,50,S,S_41,S_47,10
2,4,50,S,S_42,S_50,9.4
2,4,50,S,S_42,S_48,9.7
2,4,50,S,S_42,S_45,10
2,4,50,S,S_43,S_46,9.4
2,4,50,S,S_43,S_45,9.7
2,4,50,S,S_43,S_47,10
2,4,50,S,S_44,S_47,9.4
2,4,50,S,S_45,S_47,9.4
2,4,50,S,S_45,S_50,9.7
2,4,50,S,S_45,S_48,10
2,4,50,S,S_46,S_47,9.7
2,4,50,S,S_46,S_48,9.7
2,4,50,S,S_48,S_50,9.4
2,5,50,S,S_1,S_11,9.4
2,5,50,S,S_1,S_32,9.4
2,5,50,S,S_1,S_41,9.4
2,5,50,S,S_1,S_47,9.4
2,5,50,S,S_1,S_30,9.4
2,5,50,S,S_1,S_2,9.4
2,5,50,S,S_1,S_16,9.4
2,5,50,S,S_1,S_27,9.4
2,5,50,S,S_1,S_3,9.7
2,5,50,S,S_1,S_45,9.7
2,5,50,S,S_1,S_44,9.7
2,5,50,S,S_1,S_39,10
2,5,50,S,S_1,S_20,10
2,5,50,S,S_2,S_6,9.4
2,5,50,S,S_2,S_31,9.4
2,5,50,S,S_2,S_50,9.4
2,5,50,S,S_2,S_13,9.4
2,5,50,S,S_2,S_34,9.4
2,5,50,S,S_2,S_48,9.4
2,5,50,S,S_2,S_24,9.4
2,5,50,S,S_2,S_27,9.4
2,5,50,S,S_2,S_28,9.4
2,5,50,S,S_2,S_30,9.4
2,5,50,S,S_2,S_38,9.4
2,5,50,S,S_2,S_47,9.4
2,5,50,S,S_2,S_42,9.7
2,5,50,S,S_2,S_45,9.7
2,5,50,S,S_2,S_10,10
2,5,50,S,S_2,S_21,10
2,5,50,S,S_2,S_20,10
2,5,50,S,S_3,S_26,9.4
2,5,50,S,S_3,S_14,9.4
2,5,50,S,S_3,S_29,9.4
2,5,50,S,S_3,S_42,9.4
2,5,50,S,S_3,S_47,9.4
2,5,50,S,S_3,S_12,9.7
2,5,50,S,S_3,S_37,9.7
2,5,50,S,S_3,S_16,9.4
2,5,50,S,S_3,S_28,9.4
2,5,50,S,S_3,S_43,9.4
2,5,50,S,S_3,S_35,9.4
2,5,50,S,S_3,S_44,9.4
2,5,50,S,S_3,S_49,9.4
2,5,50,S,S_3,S_22,9.7
2,5,50,S,S_3,S_8,9.7
2,5,50,S,S_3,S_19,10
2,5,50,S,S_3,S_39,10
2,5,50,S,S_3,S_41,10
2,5,50,S,S_4,S_18,10
2,5,50,S,S_4,S_25,10
2,5,50,S,S_4,S_31,10
2,5,50,S,S_4,S_33,10
2,5,50,S,S_4,S_24,10
2,5,50,S,S_4,S_29,10
2,5,50,S,S_4,S_43,9.7
2,5,50,S,S_4,S_13,9.7
2,5,50,S,S_4,S_49,9.7
2,5,50,S,S_4,S_7,9.4
2,5,50,S,S_4,S_9,9.4
2,5,50,S,S_4,S_11,9.4
2,5,50,S,S_4,S_14,9.4
2,5,50,S,S_4,S_38,9.4
2,5,50,S,S_4,S_50,9.4
2,5,50,S,S_4,S_5,9.4
2,5,50,S,S_4,S_19,9.4
2,5,50,S,S_4,S_15,9.7
2,5,50,S,S_4,S_37,9.7
2,5,50,S,S_4,S_42,9.7
2,5,50,S,S_4,S_48,9.7
2,5,50,S,S_4,S_6,9.7
2,5,50,S,S_4,S_45,10
2,5,50,S,S_5,S_24,10
2,5,50,S,S_5,S_33,10
2,5,50,S,S_5,S_18,10
2,5,50,S,S_5,S_45,10
2,5,50,S,S_5,S_35,9.7
2,5,50,S,S_5,S_13,9.7
2,5,50,S,S_5,S_36,9.7
2,5,50,S,S_5,S_34,9.4
2,5,50,S,S_5,S_6,9.4
2,5,50,S,S_5,S_25,9.4
2,5,50,S,S_5,S_26,9.4
2,5,50,S,S_5,S_32,9.4
2,5,50,S,S_5,S_42,9.4
2,5,50,S,S_5,S_50,9.4
2,5,50,S,S_5,S_31,9.7
2,5,50,S,S_5,S_10,9.7
2,5,50,S,S_5,S_30,9.7
2,5,50,S,S_5,S_40,9.7
2,5,50,S,S_5,S_27,10
2,5,50,S,S_5,S_38,10
2,5,50,S,S_5,S_15,10
2,5,50,S,S_5,S_17,10
2,5,50,S,S_6,S_25,10
2,5,50,S,S_6,S_45,10
2,5,50,S,S_6,S_47,10
2,5,50,S,S_6,S_9,10
2,5,50,S,S_6,S_15,10
2,5,50,S,S_6,S_21,10
2,5,50,S,S_6,S_24,10
2,5,50,S,S_6,S_42,9.7
2,5,50,S,S_6,S_18,9.7
2,5,50,S,S_6,S_28,9.7
2,5,50,S,S_6,S_7,9.4
2,5,50,S,S_6,S_8,9.4
2,5,50,S,S_6,S_31,9.4
2,5,50,S,S_6,S_43,9.4
2,5,50,S,S_6,S_44,9.4
2,5,50,S,S_6,S_38,9.7
2,5,50,S,S_6,S_39,9.7
2,5,50,S,S_6,S_49,9.7
2,5,50,S,S_6,S_22,10
2,5,50,S,S_6,S_20,10
2,5,50,S,S_6,S_40,10
2,5,50,S,S_7,S_8,10
2,5,50,S,S_7,S_22,10
2,5,50,S,S_7,S_31,10
2,5,50,S,S_7,S_39,10
2,5,50,S,S_7,S_40,10
2,5,50,S,S_7,S_29,10
2,5,50,S,S_7,S_32,10
2,5,50,S,S_7,S_38,10
2,5,50,S,S_7,S_42,10
2,5,50,S,S_7,S_50,10
2,5,50,S,S_7,S_18,9.7
2,5,50,S,S_7,S_45,9.7
2,5,50,S,S_7,S_24,9.4
2,5,50,S,S_7,S_27,9.4
2,5,50,S,S_7,S_14,9.7
2,5,50,S,S_7,S_15,9.7
2,5,50,S,S_7,S_30,9.7
2,5,50,S,S_7,S_35,9.7
2,5,50,S,S_7,S_11,9.7
2,5,50,S,S_7,S_20,9.7
2,5,50,S,S_7,S_36,9.7
2,5,50,S,S_7,S_13,10
2,5,50,S,S_7,S_33,10
2,5,50,S,S_7,S_41,10
2,5,50,S,S_7,S_46,10
2,5,50,S,S_8,S_11,10.3
2,5,50,S,S_8,S_22,10
2,5,50,S,S_8,S_30,10
2,5,50,S,S_8,S_34,10
2,5,50,S,S_8,S_45,10
2,5,50,S,S_8,S_47,10
2,5,50,S,S_8,S_31,10
2,5,50,S,S_8,S_39,10
2,5,50,S,S_8,S_44,10
2,5,50,S,S_8,S_14,9.7
2,5,50,S,S_8,S_43,9.7
2,5,50,S,S_8,S_16,9.7
2,5,50,S,S_8,S_32,9.7
2,5,50,S,S_8,S_27,9.4
2,5,50,S,S_8,S_46,9.4
2,5,50,S,S_8,S_24,9.4
2,5,50,S,S_8,S_38,9.4
2,5,50,S,S_8,S_42,9.4
2,5,50,S,S_8,S_13,9.7
2,5,50,S,S_8,S_41,9.7
2,5,50,S,S_8,S_26,10
2,5,50,S,S_8,S_33,10
2,5,50,S,S_8,S_40,10
2,5,50,S,S_8,S_19,10
2,5,50,S,S_8,S_37,10
2,5,50,S,S_8,S_50,10
2,5,50,S,S_9,S_20,10
2,5,50,S,S_9,S_39,10
2,5,50,S,S_9,S_28,9.7
2,5,50,S,S_9,S_17,9.7
2,5,50,S,S_9,S_27,9.7
2,5,50,S,S_9,S_38,9.7
2,5,50,S,S_9,S_47,9.4
2,5,50,S,S_9,S_19,9.7
2,5,50,S,S_9,S_31,9.7
2,5,50,S,S_9,S_32,9.7
2,5,50,S,S_9,S_36,9.7
2,5,50,S,S_9,S_13,9.7
2,5,50,S,S_9,S_16,9.7
2,5,50,S,S_9,S_23,9.7
2,5,50,S,S_9,S_50,9.7
2,5,50,S,S_9,S_26,10
2,5,50,S,S_9,S_25,10
2,5,50,S,S_10,S_12,10
2,5,50,S,S_10,S_36,10
2,5,50,S,S_10,S_49,10
2,5,50,S,S_10,S_21,9.7
2,5,50,S,S_10,S_35,9.7
2,5,50,S,S_10,S_20,9.7
2,5,50,S,S_10,S_39,9.7
2,5,50,S,S_10,S_37,9.4
2,5,50,S,S_10,S_15,9.7
2,5,50,S,S_10,S_30,9.7
2,5,50,S,S_10,S_41,9.7
2,5,50,S,S_10,S_11,10
2,5,50,S,S_10,S_17,10
2,5,50,S,S_10,S_22,10
2,5,50,S,S_10,S_26,10
2,5,50,S,S_10,S_29,10
2,5,50,S,S_10,S_33,10
2,5,50,S,S_11,S_13,10
2,5,50,S,S_11,S_18,10
2,5,50,S,S_11,S_19,10
2,5,50,S,S_11,S_24,10
2,5,50,S,S_11,S_28,10
2,5,50,S,S_11,S_21,10
2,5,50,S,S_11,S_39,9.4
2,5,50,S,S_11,S_40,9.4
2,5,50,S,S_11,S_50,9.4
2,5,50,S,S_11,S_12,9.4
2,5,50,S,S_11,S_33,9.4
2,5,50,S,S_11,S_25,9.7
2,5,50,S,S_11,S_17,10
2,5,50,S,S_11,S_48,10
2,5,50,S,S_11,S_34,10
2,5,50,S,S_11,S_46,10
2,5,50,S,S_12,S_16,9.4
2,5,50,S,S_12,S_22,9.4
2,5,50,S,S_12,S_36,9.4
2,5,50,S,S_12,S_44,9.4
2,5,50,S,S_12,S_24,9.4
2,5,50,S,S_12,S_27,9.4
2,5,50,S,S_12,S_35,9.4
2,5,50,S,S_12,S_49,9.4
2,5,50,S,S_12,S_37,9.7
2,5,50,S,S_12,S_40,9.7
2,5,50,S,S_12,S_17,10
2,5,50,S,S_12,S_28,10
2,5,50,S,S_12,S_30,10
2,5,50,S,S_12,S_39,10
2,5,50,S,S_12,S_50,10
2,5,50,S,S_13,S_21,9.4
2,5,50,S,S_13,S_24,9.4
2,5,50,S,S_13,S_25,9.4
2,5,50,S,S_13,S_34,9.4
2,5,50,S,S_13,S_36,9.4
2,5,50,S,S_14,S_32,9.4
2,5,50,S,S_14,S_35,9.4
2,5,50,S,S_14,S_50,9.4
2,5,50,S,S_14,S_26,9.4
2,5,50,S,S_14,S_30,9.4
2,5,50,S,S_14,S_20,9.4
2,5,50,S,S_14,S_41,9.4
2,5,50,S,S_14,S_44,9.4
2,5,50,S,S_14,S_25,9.7
2,5,50,S,S_14,S_49,9.7
2,5,50,S,S_14,S_19,9.7
2,5,50,S,S_14,S_16,10
2,5,50,S,S_14,S_22,10
2,5,50,S,S_14,S_24,10
2,5,50,S,S_15,S_46,9.4
2,5,50,S,S_15,S_50,9.4
2,5,50,S,S_15,S_33,9.7
2,5,50,S,S_15,S_20,9.7
2,5,50,S,S_15,S_38,9.7
2,5,50,S,S_15,S_42,9.7
2,5,50,S,S_15,S_18,10
2,5,50,S,S_15,S_48,10
2,5,50,S,S_16,S_50,9.4
2,5,50,S,S_16,S_21,9.4
2,5,50,S,S_16,S_34,9.4
2,5,50,S,S_16,S_17,9.7
2,5,50,S,S_16,S_24,9.7
2,5,50,S,S_16,S_27,9.7
2,5,50,S,S_16,S_29,9.7
2,5,50,S,S_16,S_31,9.7
2,5,50,S,S_16,S_36,9.7
2,5,50,S,S_16,S_38,10
2,5,50,S,S_16,S_28,10
2,5,50,S,S_16,S_37,10
2,5,50,S,S_16,S_46,10
2,5,50,S,S_17,S_21,9.7
2,5,50,S,S_17,S_27,9.7
2,5,50,S,S_17,S_33,10
2,5,50,S,S_17,S_42,10
2,5,50,S,S_17,S_30,10
2,5,50,S,S_18,S_23,9.7
2,5,50,S,S_18,S_34,9.7
2,5,50,S,S_18,S_48,9.7
2,5,50,S,S_18,S_35,10
2,5,50,S,S_18,S_43,10
2,5,50,S,S_18,S_19,10
2,5,50,S,S_18,S_33,10
2,5,50,S,S_18,S_38,10
2,5,50,S,S_18,S_49,10
2,5,50,S,S_19,S_43,9.7
2,5,50,S,S_19,S_35,9.4
2,5,50,S,S_19,S_37,9.4
2,5,50,S,S_19,S_27,9.4
2,5,50,S,S_19,S_28,9.7
2,5,50,S,S_19,S_22,10
2,5,50,S,S_19,S_36,10
2,5,50,S,S_19,S_41,10
2,5,50,S,S_19,S_47,10
2,5,50,S,S_19,S_21,10
2,5,50,S,S_19,S_38,10
2,5,50,S,S_19,S_49,10
2,5,50,S,S_19,S_50,9.7
2,5,50,S,S_19,S_30,9.7
2,5,50,S,S_19,S_29,10
2,5,50,S,S_19,S_33,10
2,5,50,S,S_19,S_45,10
2,5,50,S,S_20,S_23,9.4
2,5,50,S,S_20,S_38,9.4
2,5,50,S,S_20,S_28,10.3
2,5,50,S,S_20,S_30,10.3
2,5,50,S,S_20,S_36,10.3
2,5,50,S,S_20,S_35,10.3
2,5,50,S,S_20,S_40,10.3
2,5,50,S,S_20,S_25,10
2,5,50,S,S_20,S_39,10
2,5,50,S,S_20,S_31,10
2,5,50,S,S_20,S_22,10
2,5,50,S,S_20,S_49,10
2,5,50,S,S_21,S_44,10
2,5,50,S,S_21,S_27,10
2,5,50,S,S_21,S_32,10.3
2,5,50,S,S_21,S_40,10.3
2,5,50,S,S_21,S_42,10.3
2,5,50,S,S_21,S_28,10.3
2,5,50,S,S_21,S_34,10.3
2,5,50,S,S_21,S_22,10
2,5,50,S,S_21,S_35,10
2,5,50,S,S_21,S_37,10
2,5,50,S,S_21,S_47,10
2,5,50,S,S_21,S_49,9.7
2,5,50,S,S_21,S_26,9.7
2,5,50,S,S_21,S_39,9.7
2,5,50,S,S_21,S_23,10
2,5,50,S,S_21,S_29,10
2,5,50,S,S_21,S_31,10
2,5,50,S,S_22,S_44,10
2,5,50,S,S_22,S_50,10
2,5,50,S,S_22,S_26,10
2,5,50,S,S_22,S_42,10
2,5,50,S,S_22,S_35,10.3
2,5,50,S,S_22,S_49,10.3
2,5,50,S,S_22,S_27,10.3
2,5,50,S,S_22,S_30,10
2,5,50,S,S_22,S_37,10
2,5,50,S,S_22,S_23,9.7
2,5,50,S,S_22,S_25,9.7
2,5,50,S,S_22,S_28,9.7
2,5,50,S,S_22,S_29,9.7
2,5,50,S,S_22,S_39,10
2,5,50,S,S_23,S_31,10
2,5,50,S,S_23,S_39,10
2,5,50,S,S_23,S_40,10
2,5,50,S,S_23,S_44,10
2,5,50,S,S_23,S_26,10.3
2,5,50,S,S_23,S_28,10.3
2,5,50,S,S_23,S_24,10
2,5,50,S,S_23,S_36,9.7
2,5,50,S,S_23,S_49,9.7
2,5,50,S,S_23,S_29,9.7
2,5,50,S,S_23,S_33,9.7
2,5,50,S,S_23,S_34,9.7
2,5,50,S,S_23,S_48,9.7
2,5,50,S,S_23,S_25,10
2,5,50,S,S_24,S_42,10
2,5,50,S,S_24,S_45,10
2,5,50,S,S_24,S_50,10
2,5,50,S,S_24,S_33,10.3
2,5,50,S,S_24,S_25,10
2,5,50,S,S_24,S_26,10
2,5,50,S,S_24,S_47,10
2,5,50,S,S_24,S_43,10
2,5,50,S,S_24,S_49,10
2,5,50,S,S_24,S_30,9.7
2,5,50,S,S_24,S_34,9.7
2,5,50,S,S_24,S_38,9.7
2,5,50,S,S_24,S_27,10
2,5,50,S,S_24,S_41,10
2,5,50,S,S_24,S_48,10
2,5,50,S,S_24,S_39,10
2,5,50,S,S_25,S_26,10
2,5,50,S,S_25,S_31,10.3
2,5,50,S,S_25,S_34,10.3
2,5,50,S,S_25,S_41,10.3
2,5,50,S,S_25,S_50,10.3
2,5,50,S,S_25,S_33,10
2,5,50,S,S_25,S_42,10
2,5,50,S,S_25,S_36,9.7
2,5,50,S,S_25,S_38,9.7
2,5,50,S,S_25,S_40,9.7
2,5,50,S,S_25,S_29,10
2,5,50,S,S_25,S_47,10
2,5,50,S,S_26,S_30,10
2,5,50,S,S_26,S_35,10
2,5,50,S,S_26,S_39,10
2,5,50,S,S_26,S_31,10.3
2,5,50,S,S_26,S_42,10.3
2,5,50,S,S_26,S_44,10.3
2,5,50,S,S_26,S_27,10.3
2,5,50,S,S_26,S_29,10.3
2,5,50,S,S_26,S_33,10.3
2,5,50,S,S_26,S_32,10
2,5,50,S,S_26,S_43,9.4
2,5,50,S,S_26,S_49,9.4
2,5,50,S,S_26,S_36,9.4
2,5,50,S,S_26,S_41,9.7
2,5,50,S,S_26,S_50,9.7
2,5,50,S,S_26,S_38,10
2,5,50,S,S_26,S_47,10
2,5,50,S,S_27,S_42,9.4
2,5,50,S,S_27,S_35,9.4
2,5,50,S,S_27,S_49,9.4
2,5,50,S,S_27,S_44,9.4
2,5,50,S,S_27,S_29,9.7
2,5,50,S,S_28,S_49,9.4
2,5,50,S,S_28,S_39,9.4
2,5,50,S,S_28,S_40,9.4
2,5,50,S,S_28,S_31,9.7
2,5,50,S,S_28,S_44,9.4
2,5,50,S,S_28,S_41,9.7
2,5,50,S,S_28,S_43,9.7
2,5,50,S,S_28,S_50,9.7
2,5,50,S,S_28,S_46,10
2,5,50,S,S_28,S_36,10
2,5,50,S,S_28,S_45,10
2,5,50,S,S_29,S_48,9.4
2,5,50,S,S_29,S_44,9.7
2,5,50,S,S_29,S_33,9.4
2,5,50,S,S_29,S_43,9.4
2,5,50,S,S_29,S_50,9.4
2,5,50,S,S_29,S_42,9.4
2,5,50,S,S_29,S_40,9.7
2,5,50,S,S_30,S_50,9.4
2,5,50,S,S_30,S_38,9.4
2,5,50,S,S_30,S_41,9.4
2,5,50,S,S_30,S_43,9.7
2,5,50,S,S_30,S_47,9.7
2,5,50,S,S_30,S_48,9.4
2,5,50,S,S_30,S_37,9.4
2,5,50,S,S_30,S_32,9.7
2,5,50,S,S_30,S_36,10
2,5,50,S,S_31,S_39,9.4
2,5,50,S,S_31,S_40,9.4
2,5,50,S,S_31,S_49,9.4
2,5,50,S,S_31,S_38,9.7
2,5,50,S,S_31,S_47,9.7
2,5,50,S,S_31,S_33,9.7
2,5,50,S,S_31,S_35,10
2,5,50,S,S_32,S_43,9.4
2,5,50,S,S_32,S_37,9.4
2,5,50,S,S_32,S_38,9.4
2,5,50,S,S_32,S_39,9.4
2,5,50,S,S_32,S_50,9.4
2,5,50,S,S_32,S_45,9.7
2,5,50,S,S_32,S_41,9.7
2,5,50,S,S_32,S_44,9.7
2,5,50,S,S_32,S_49,10
2,5,50,S,S_33,S_38,9.4
2,5,50,S,S_33,S_39,9.4
2,5,50,S,S_33,S_41,9.4
2,5,50,S,S_33,S_46,9.7
2,5,50,S,S_33,S_45,9.4
2,5,50,S,S_33,S_50,9.4
2,5,50,S,S_33,S_34,10
2,5,50,S,S_33,S_42,10
2,5,50,S,S_33,S_40,10
2,5,50,S,S_33,S_49,10
2,5,50,S,S_34,S_42,9.4
2,5,50,S,S_34,S_45,9.4
2,5,50,S,S_34,S_46,9.4
2,5,50,S,S_34,S_48,9.4
2,5,50,S,S_34,S_38,9.7
2,5,50,S,S_34,S_41,9.4
2,5,50,S,S_34,S_50,9.7
2,5,50,S,S_34,S_47,10
2,5,50,S,S_35,S_37,9.4
2,5,50,S,S_35,S_40,9.4
2,5,50,S,S_35,S_38,9.7
2,5,50,S,S_35,S_43,10
2,5,50,S,S_36,S_45,9.7
2,5,50,S,S_36,S_39,9.7
2,5,50,S,S_36,S_47,10
2,5,50,S,S_37,S_40,9.7
2,5,50,S,S_37,S_45,9.7
2,5,50,S,S_37,S_41,10
2,5,50,S,S_39,S_46,9.7
2,5,50,S,S_39,S_40,10
2,5,50,S,S_39,S_42,10
2,5,50,S,S_40,S_50,9.4
2,5,50,S,S_40,S_45,9.4
2,5,50,S,S_40,S_47,10
2,5,50,S,S_41,S_44,9.4
2,5,50,S,S_41,S_47,9.7
2,5,50,S,S_41,S_45,10
2,5,50,S,S_42,S_48,9.4
2,5,50,S,S_42,S_45,9.7
2,5,50,S,S_42,S_44,10
2,5,50,S,S_43,S_45,9.4
2,5,50,S,S_43,S_47,9.7
2,5,50,S,S_43,S_50,10
2,5,50,S,S_44,S_46,10
2,5,50,S,S_45,S_50,9.4
2,5,50,S,S_45,S_48,9.7
2,5,50,S,S_46,S_47,9.4
2,5,50,S,S_46,S_48,9.4
2,5,50,S,S_47,S_49,10
2,5,50,S,S_47,S_50,10
2,6,50,S,S_1,S_3,9.4
2,6,50,S,S_1,S_45,9.4
2,6,50,S,S_1,S_44,9.4
2,6,50,S,S_1,S_39,9.7
2,6,50,S,S_1,S_20,9.7
2,6,50,S,S_1,S_5,10
2,6,50,S,S_2,S_42,9.4
2,6,50,S,S_2,S_45,9.4
2,6,50,S,S_2,S_10,9.7
2,6,50,S,S_2,S_21,9.7
2,6,50,S,S_2,S_20,9.7
2,6,50,S,S_2,S_15,10
2,6,50,S,S_2,S_16,10
2,6,50,S,S_2,S_19,10
2,6,50,S,S_2,S_4,10
2,6,50,S,S_2,S_49,10
2,6,50,S,S_3,S_12,9.4
2,6,50,S,S_3,S_37,9.4
2,6,50,S,S_3,S_22,10
2,6,50,S,S_3,S_8,10
2,6,50,S,S_3,S_19,10.3
2,6,50,S,S_3,S_39,10.3
2,6,50,S,S_3,S_41,10.3
2,6,50,S,S_3,S_16,10
2,6,50,S,S_3,S_45,10
2,6,50,S,S_3,S_47,10
2,6,50,S,S_4,S_18,10.3
2,6,50,S,S_4,S_25,10.3
2,6,50,S,S_4,S_31,10.3
2,6,50,S,S_4,S_33,10.3
2,6,50,S,S_4,S_24,10.3
2,6,50,S,S_4,S_29,10.3
2,6,50,S,S_4,S_43,10
2,6,50,S,S_4,S_13,10
2,6,50,S,S_4,S_49,10
2,6,50,S,S_4,S_7,9.7
2,6,50,S,S_4,S_9,9.7
2,6,50,S,S_4,S_11,9.7
2,6,50,S,S_4,S_14,9.7
2,6,50,S,S_4,S_38,9.7
2,6,50,S,S_4,S_50,9.7
2,6,50,S,S_4,S_5,9.7
2,6,50,S,S_4,S_19,9.7
2,6,50,S,S_4,S_15,10
2,6,50,S,S_4,S_37,10
2,6,50,S,S_4,S_42,10
2,6,50,S,S_4,S_48,10
2,6,50,S,S_4,S_6,10
2,6,50,S,S_4,S_45,10.3
2,6,50,S,S_4,S_20,10
2,6,50,S,S_4,S_30,10
2,6,50,S,S_4,S_35,10
2,6,50,S,S_5,S_24,10.3
2,6,50,S,S_5,S_33,10.3
2,6,50,S,S_5,S_18,10.3
2,6,50,S,S_5,S_45,10.3
2,6,50,S,S_5,S_35,10
2,6,50,S,S_5,S_13,10
2,6,50,S,S_5,S_36,10
2,6,50,S,S_5,S_34,9.7
2,6,50,S,S_5,S_6,9.7
2,6,50,S,S_5,S_25,9.7
2,6,50,S,S_5,S_26,9.7
2,6,50,S,S_5,S_32,9.7
2,6,50,S,S_5,S_42,9.7
2,6,50,S,S_5,S_50,9.7
2,6,50,S,S_5,S_31,10
2,6,50,S,S_5,S_10,10
2,6,50,S,S_5,S_30,10
2,6,50,S,S_5,S_40,10
2,6,50,S,S_5,S_27,10.3
2,6,50,S,S_5,S_38,10.3
2,6,50,S,S_5,S_15,10.3
2,6,50,S,S_5,S_17,10.3
2,6,50,S,S_5,S_7,10
2,6,50,S,S_5,S_11,10
2,6,50,S,S_5,S_48,10
2,6,50,S,S_6,S_25,10.3
2,6,50,S,S_6,S_45,10.3
2,6,50,S,S_6,S_47,10.3
2,6,50,S,S_6,S_9,10.3
2,6,50,S,S_6,S_15,10.3
2,6,50,S,S_6,S_21,10.3
2,6,50,S,S_6,S_24,10.3
2,6,50,S,S_6,S_42,10
2,6,50,S,S_6,S_18,10
2,6,50,S,S_6,S_28,10
2,6,50,S,S_6,S_7,9.7
2,6,50,S,S_6,S_8,9.7
2,6,50,S,S_6,S_31,9.7
2,6,50,S,S_6,S_43,9.7
2,6,50,S,S_6,S_44,9.7
2,6,50,S,S_6,S_38,10
2,6,50,S,S_6,S_39,10
2,6,50,S,S_6,S_49,10
2,6,50,S,S_6,S_22,10.3
2,6,50,S,S_6,S_20,10.3
2,6,50,S,S_6,S_40,9.7
2,6,50,S,S_6,S_17,10
2,6,50,S,S_6,S_29,10
2,6,50,S,S_6,S_26,10
2,6,50,S,S_6,S_30,10
2,6,50,S,S_7,S_8,9.7
2,6,50,S,S_7,S_22,9.7
2,6,50,S,S_7,S_31,9.7
2,6,50,S,S_7,S_39,9.7
2,6,50,S,S_7,S_40,9.7
2,6,50,S,S_7,S_29,9.7
2,6,50,S,S_7,S_32,9.7
2,6,50,S,S_7,S_38,9.7
2,6,50,S,S_7,S_42,9.7
2,6,50,S,S_7,S_50,9.7
2,6,50,S,S_7,S_18,9.4
2,6,50,S,S_7,S_45,9.4
2,6,50,S,S_7,S_14,9.4
2,6,50,S,S_7,S_15,9.4
2,6,50,S,S_7,S_30,9.4
2,6,50,S,S_7,S_35,9.4
2,6,50,S,S_7,S_11,9.4
2,6,50,S,S_7,S_20,9.4
2,6,50,S,S_7,S_36,9.4
2,6,50,S,S_7,S_13,9.7
2,6,50,S,S_7,S_33,9.7
2,6,50,S,S_7,S_41,9.7
2,6,50,S,S_7,S_46,9.7
2,6,50,S,S_7,S_25,10
2,6,50,S,S_7,S_28,10
2,6,50,S,S_7,S_43,10
2,6,50,S,S_8,S_11,10
2,6,50,S,S_8,S_22,9.7
2,6,50,S,S_8,S_30,9.7
2,6,50,S,S_8,S_34,9.7
2,6,50,S,S_8,S_45,9.7
2,6,50,S,S_8,S_47,9.7
2,6,50,S,S_8,S_31,9.7
2,6,50,S,S_8,S_39,9.7
2,6,50,S,S_8,S_44,9.7
2,6,50,S,S_8,S_14,9.4
2,6,50,S,S_8,S_43,9.4
2,6,50,S,S_8,S_16,9.4
2,6,50,S,S_8,S_32,9.4
2,6,50,S,S_8,S_13,9.4
2,6,50,S,S_8,S_41,9.4
2,6,50,S,S_8,S_26,9.7
2,6,50,S,S_8,S_33,9.7
2,6,50,S,S_8,S_40,9.7
2,6,50,S,S_8,S_19,9.7
2,6,50,S,S_8,S_37,9.7
2,6,50,S,S_8,S_50,9.7
2,6,50,S,S_8,S_21,10
2,6,50,S,S_9,S_20,9.7
2,6,50,S,S_9,S_39,9.7
2,6,50,S,S_9,S_28,9.4
2,6,50,S,S_9,S_17,9.4
2,6,50,S,S_9,S_27,9.4
2,6,50,S,S_9,S_38,9.4
2,6,50,S,S_9,S_19,9.4
2,6,50,S,S_9,S_31,9.4
2,6,50,S,S_9,S_32,9.4
2,6,50,S,S_9,S_36,9.4
2,6,50,S,S_9,S_13,9.4
2,6,50,S,S_9,S_16,9.4
2,6,50,S,S_9,S_23,9.4
2,6,50,S,S_9,S_50,9.4
2,6,50,S,S_9,S_26,9.7
2,6,50,S,S_9,S_25,9.7
2,6,50,S,S_9,S_40,10
2,6,50,S,S_10,S_12,9.7
2,6,50,S,S_10,S_36,9.7
2,6,50,S,S_10,S_49,9.7
2,6,50,S,S_10,S_21,9.4
2,6,50,S,S_10,S_35,9.4
2,6,50,S,S_10,S_20,9.4
2,6,50,S,S_10,S_39,9.4
2,6,50,S,S_10,S_15,9.4
2,6,50,S,S_10,S_30,9.4
2,6,50,S,S_10,S_41,9.4
2,6,50,S,S_10,S_11,9.7
2,6,50,S,S_10,S_17,9.7
2,6,50,S,S_10,S_22,9.7
2,6,50,S,S_10,S_26,9.7
2,6,50,S,S_10,S_29,9.7
2,6,50,S,S_10,S_33,9.7
2,6,50,S,S_10,S_16,10
2,6,50,S,S_10,S_19,10
2,6,50,S,S_10,S_24,10
2,6,50,S,S_10,S_32,10
2,6,50,S,S_11,S_13,9.7
2,6,50,S,S_11,S_18,9.7
2,6,50,S,S_11,S_19,9.7
2,6,50,S,S_11,S_24,9.7
2,6,50,S,S_11,S_28,9.7
2,6,50,S,S_11,S_21,9.7
2,6,50,S,S_11,S_25,9.4
2,6,50,S,S_11,S_17,9.7
2,6,50,S,S_11,S_48,9.7
2,6,50,S,S_11,S_34,9.7
2,6,50,S,S_11,S_46,9.7
2,6,50,S,S_11,S_23,10
2,6,50,S,S_11,S_38,10
2,6,50,S,S_11,S_42,10
2,6,50,S,S_12,S_37,9.4
2,6,50,S,S_12,S_40,9.4
2,6,50,S,S_12,S_17,9.7
2,6,50,S,S_12,S_28,9.7
2,6,50,S,S_12,S_30,9.7
2,6,50,S,S_12,S_39,9.7
2,6,50,S,S_12,S_50,9.7
2,6,50,S,S_12,S_32,10
2,6,50,S,S_12,S_41,10
2,6,50,S,S_12,S_45,10
2,6,50,S,S_12,S_19,10
2,6,50,S,S_12,S_42,10
2,6,50,S,S_13,S_32,10
2,6,50,S,S_13,S_28,10
2,6,50,S,S_14,S_25,9.4
2,6,50,S,S_14,S_49,9.4
2,6,50,S,S_14,S_19,9.4
2,6,50,S,S_14,S_16,9.7
2,6,50,S,S_14,S_22,9.7
2,6,50,S,S_14,S_24,9.7
2,6,50,S,S_14,S_29,10
2,6,50,S,S_14,S_34,10
2,6,50,S,S_14,S_17,10
2,6,50,S,S_14,S_36,10
2,6,50,S,S_14,S_37,10
2,6,50,S,S_15,S_33,9.4
2,6,50,S,S_15,S_20,9.4
2,6,50,S,S_15,S_38,9.4
2,6,50,S,S_15,S_42,9.4
2,6,50,S,S_15,S_18,9.7
2,6,50,S,S_15,S_48,9.7
2,6,50,S,S_15,S_34,10
2,6,50,S,S_16,S_17,9.4
2,6,50,S,S_16,S_24,9.4
2,6,50,S,S_16,S_27,9.4
2,6,50,S,S_16,S_29,9.4
2,6,50,S,S_16,S_31,9.4
2,6,50,S,S_16,S_36,9.4
2,6,50,S,S_16,S_38,9.7
2,6,50,S,S_16,S_28,9.7
2,6,50,S,S_16,S_37,9.7
2,6,50,S,S_16,S_46,9.7
2,6,50,S,S_17,S_21,9.4
2,6,50,S,S_17,S_27,9.4
2,6,50,S,S_17,S_33,9.7
2,6,50,S,S_17,S_42,9.7
2,6,50,S,S_17,S_30,9.7
2,6,50,S,S_17,S_35,10
2,6,50,S,S_17,S_20,10
2,6,50,S,S_17,S_44,10
2,6,50,S,S_18,S_23,9.4
2,6,50,S,S_18,S_34,9.4
2,6,50,S,S_18,S_48,9.4
2,6,50,S,S_18,S_35,9.7
2,6,50,S,S_18,S_43,9.7
2,6,50,S,S_18,S_19,9.7
2,6,50,S,S_18,S_33,9.7
2,6,50,S,S_18,S_38,9.7
2,6,50,S,S_18,S_49,9.7
2,6,50,S,S_18,S_28,10
2,6,50,S,S_18,S_47,10
2,6,50,S,S_19,S_43,9.4
2,6,50,S,S_19,S_28,9.4
2,6,50,S,S_19,S_22,9.7
2,6,50,S,S_19,S_36,9.7
2,6,50,S,S_19,S_41,9.7
2,6,50,S,S_19,S_47,9.7
2,6,50,S,S_19,S_21,9.7
2,6,50,S,S_19,S_38,9.7
2,6,50,S,S_19,S_49,9.7
2,6,50,S,S_19,S_50,9.4
2,6,50,S,S_19,S_30,9.4
2,6,50,S,S_19,S_29,9.7
2,6,50,S,S_19,S_33,9.7
2,6,50,S,S_19,S_45,9.7
2,6,50,S,S_19,S_32,10
2,6,50,S,S_19,S_44,10
2,6,50,S,S_19,S_20,10
2,6,50,S,S_19,S_31,10
2,6,50,S,S_20,S_28,10
2,6,50,S,S_20,S_30,10
2,6,50,S,S_20,S_36,10
2,6,50,S,S_20,S_35,10
2,6,50,S,S_20,S_40,10
2,6,50,S,S_20,S_25,9.7
2,6,50,S,S_20,S_39,9.7
2,6,50,S,S_20,S_31,9.7
2,6,50,S,S_20,S_22,9.7
2,6,50,S,S_20,S_49,9.7
2,6,50,S,S_20,S_26,10
2,6,50,S,S_20,S_42,10
2,6,50,S,S_20,S_43,10
2,6,50,S,S_21,S_44,9.7
2,6,50,S,S_21,S_27,9.7
2,6,50,S,S_21,S_32,10
2,6,50,S,S_21,S_40,10
2,6,50,S,S_21,S_42,10
2,6,50,S,S_21,S_28,10
2,6,50,S,S_21,S_34,10
2,6,50,S,S_21,S_22,9.7
2,6,50,S,S_21,S_35,9.7
2,6,50,S,S_21,S_37,9.7
2,6,50,S,S_21,S_47,9.7
2,6,50,S,S_21,S_49,9.4
2,6,50,S,S_21,S_26,9.4
2,6,50,S,S_21,S_39,9.4
2,6,50,S,S_21,S_23,9.7
2,6,50,S,S_21,S_29,9.7
2,6,50,S,S_21,S_31,9.7
2,6,50,S,S_21,S_24,10
2,6,50,S,S_21,S_50,10
2,6,50,S,S_22,S_44,9.7
2,6,50,S,S_22,S_50,9.7
2,6,50,S,S_22,S_26,9.7
2,6,50,S,S_22,S_42,9.7
2,6,50,S,S_22,S_35,10.6
2,6,50,S,S_22,S_49,10.6
2,6,50,S,S_22,S_27,10.6
2,6,50,S,S_22,S_30,10.3
2,6,50,S,S_22,S_37,10.3
2,6,50,S,S_22,S_23,10
2,6,50,S,S_22,S_25,10
2,6,50,S,S_22,S_28,10
2,6,50,S,S_22,S_29,10
2,6,50,S,S_22,S_39,10.3
2,6,50,S,S_22,S_34,10
2,6,50,S,S_23,S_31,10.3
2,6,50,S,S_23,S_39,10.3
2,6,50,S,S_23,S_40,10.3
2,6,50,S,S_23,S_44,10.3
2,6,50,S,S_23,S_26,10.6
2,6,50,S,S_23,S_28,10.6
2,6,50,S,S_23,S_24,10.3
2,6,50,S,S_23,S_36,10
2,6,50,S,S_23,S_49,10
2,6,50,S,S_23,S_29,10
2,6,50,S,S_23,S_33,10
2,6,50,S,S_23,S_34,10
2,6,50,S,S_23,S_48,10
2,6,50,S,S_23,S_25,10.3
2,6,50,S,S_23,S_41,10
2,6,50,S,S_24,S_42,10.3
2,6,50,S,S_24,S_45,10.3
2,6,50,S,S_24,S_50,10.3
2,6,50,S,S_24,S_33,10.6
2,6,50,S,S_24,S_25,10.3
2,6,50,S,S_24,S_26,10.3
2,6,50,S,S_24,S_47,10.3
2,6,50,S,S_24,S_43,10.3
2,6,50,S,S_24,S_49,10.3
2,6,50,S,S_24,S_30,10
2,6,50,S,S_24,S_34,10
2,6,50,S,S_24,S_38,10
2,6,50,S,S_24,S_27,10.3
2,6,50,S,S_24,S_41,10.3
2,6,50,S,S_24,S_48,10.3
2,6,50,S,S_24,S_39,10.3
2,6,50,S,S_24,S_40,10
2,6,50,S,S_24,S_29,10
2,6,50,S,S_24,S_37,10
2,6,50,S,S_25,S_26,10.3
2,6,50,S,S_25,S_31,10.6
2,6,50,S,S_25,S_34,10.6
2,6,50,S,S_25,S_41,10.6
2,6,50,S,S_25,S_50,10.6
2,6,50,S,S_25,S_33,10.3
2,6,50,S,S_25,S_42,10.3
2,6,50,S,S_25,S_36,10
2,6,50,S,S_25,S_38,10
2,6,50,S,S_25,S_40,10
2,6,50,S,S_25,S_29,10.3
2,6,50,S,S_25,S_47,10.3
2,6,50,S,S_25,S_45,10
2,6,50,S,S_26,S_30,10.3
2,6,50,S,S_26,S_35,10.3
2,6,50,S,S_26,S_39,10.3
2,6,50,S,S_26,S_31,10.6
2,6,50,S,S_26,S_42,10.6
2,6,50,S,S_26,S_44,10.6
2,6,50,S,S_26,S_27,10.6
2,6,50,S,S_26,S_29,10.6
2,6,50,S,S_26,S_33,10.6
2,6,50,S,S_26,S_32,10.3
2,6,50,S,S_26,S_43,9.7
2,6,50,S,S_26,S_49,9.7
2,6,50,S,S_26,S_36,9.7
2,6,50,S,S_26,S_41,10
2,6,50,S,S_26,S_50,10
2,6,50,S,S_26,S_38,10.3
2,6,50,S,S_26,S_47,10.3
2,6,50,S,S_27,S_29,9.4
2,6,50,S,S_27,S_38,10
2,6,50,S,S_28,S_31,9.4
2,6,50,S,S_28,S_41,9.4
2,6,50,S,S_28,S_43,9.4
2,6,50,S,S_28,S_50,9.4
2,6,50,S,S_28,S_46,9.7
2,6,50,S,S_28,S_36,9.7
2,6,50,S,S_28,S_45,9.7
2,6,50,S,S_28,S_47,10
2,6,50,S,S_28,S_33,10
2,6,50,S,S_29,S_44,9.4
2,6,50,S,S_29,S_40,9.4
2,6,50,S,S_29,S_35,10
2,6,50,S,S_29,S_45,10
2,6,50,S,S_30,S_43,9.4
2,6,50,S,S_30,S_47,9.4
2,6,50,S,S_30,S_32,9.4
2,6,50,S,S_30,S_36,9.7
2,6,50,S,S_31,S_38,9.4
2,6,50,S,S_31,S_47,9.4
2,6,50,S,S_31,S_33,9.4
2,6,50,S,S_31,S_35,9.7
2,6,50,S,S_31,S_34,10
2,6,50,S,S_31,S_44,10
2,6,50,S,S_31,S_46,10
2,6,50,S,S_32,S_45,9.4
2,6,50,S,S_32,S_41,9.4
2,6,50,S,S_32,S_44,9.4
2,6,50,S,S_32,S_49,9.7
2,6,50,S,S_32,S_36,10
2,6,50,S,S_32,S_46,10
2,6,50,S,S_32,S_48,10
2,6,50,S,S_33,S_46,9.4
2,6,50,S,S_33,S_34,9.7
2,6,50,S,S_33,S_42,9.7
2,6,50,S,S_33,S_40,9.7
2,6,50,S,S_33,S_49,9.7
2,6,50,S,S_33,S_35,10
2,6,50,S,S_34,S_38,9.4
2,6,50,S,S_34,S_50,9.4
2,6,50,S,S_34,S_47,9.7
2,6,50,S,S_34,S_44,10
2,6,50,S,S_35,S_38,9.4
2,6,50,S,S_35,S_43,9.7
2,6,50,S,S_35,S_46,10
2,6,50,S,S_35,S_49,10
2,6,50,S,S_36,S_45,9.4
2,6,50,S,S_36,S_39,9.4
2,6,50,S,S_36,S_47,9.7
2,6,50,S,S_36,S_42,10
2,6,50,S,S_37,S_40,9.4
2,6,50,S,S_37,S_45,9.4
2,6,50,S,S_37,S_41,9.7
2,6,50,S,S_38,S_47,10
2,6,50,S,S_39,S_46,9.4
2,6,50,S,S_39,S_40,9.7
2,6,50,S,S_39,S_42,9.7
2,6,50,S,S_39,S_44,10
2,6,50,S,S_40,S_47,9.7
2,6,50,S,S_41,S_47,9.4
2,6,50,S,S_41,S_45,9.7
2,6,50,S,S_41,S_42,10
2,6,50,S,S_41,S_46,10
2,6,50,S,S_42,S_45,9.4
2,6,50,S,S_42,S_44,9.7
2,6,50,S,S_42,S_46,10
2,6,50,S,S_43,S_47,9.4
2,6,50,S,S_43,S_50,9.7
2,6,50,S,S_43,S_48,10
2,6,50,S,S_43,S_49,10
2,6,50,S,S_44,S_46,9.7
2,6,50,S,S_45,S_48,9.4
2,6,50,S,S_47,S_49,9.7
2,6,50,S,S_47,S_50,9.7
2,7,50,S,S_1,S_39,9.4
2,7,50,S,S_1,S_20,9.4
2,7,50,S,S_1,S_5,9.7
2,7,50,S,S_1,S_19,10
2,7,50,S,S_1,S_29,10
2,7,50,S,S_1,S_37,10
2,7,50,S,S_1,S_43,10
2,7,50,S,S_1,S_18,10
2,7,50,S,S_2,S_10,9.4
2,7,50,S,S_2,S_21,9.4
2,7,50,S,S_2,S_20,9.4
2,7,50,S,S_2,S_15,9.7
2,7,50,S,S_2,S_16,9.7
2,7,50,S,S_2,S_19,9.7
2,7,50,S,S_2,S_4,9.7
2,7,50,S,S_2,S_49,9.7
2,7,50,S,S_2,S_30,10
2,7,50,S,S_2,S_34,10
2,7,50,S,S_2,S_41,10
2,7,50,S,S_2,S_48,10
2,7,50,S,S_3,S_22,9.7
2,7,50,S,S_3,S_8,9.7
2,7,50,S,S_3,S_19,10
2,7,50,S,S_3,S_39,10
2,7,50,S,S_3,S_41,10
2,7,50,S,S_3,S_16,9.7
2,7,50,S,S_3,S_45,9.7
2,7,50,S,S_3,S_47,9.7
2,7,50,S,S_3,S_7,10
2,7,50,S,S_3,S_14,10
2,7,50,S,S_3,S_32,10
2,7,50,S,S_3,S_38,10
2,7,50,S,S_3,S_21,10
2,7,50,S,S_4,S_18,10
2,7,50,S,S_4,S_25,10
2,7,50,S,S_4,S_31,10
2,7,50,S,S_4,S_33,10
2,7,50,S,S_4,S_24,10
2,7,50,S,S_4,S_29,10
2,7,50,S,S_4,S_43,9.7
2,7,50,S,S_4,S_13,9.7
2,7,50,S,S_4,S_49,9.7
2,7,50,S,S_4,S_7,9.4
2,7,50,S,S_4,S_9,9.4
2,7,50,S,S_4,S_11,9.4
2,7,50,S,S_4,S_14,9.4
2,7,50,S,S_4,S_38,9.4
2,7,50,S,S_4,S_50,9.4
2,7,50,S,S_4,S_5,9.4
2,7,50,S,S_4,S_19,9.4
2,7,50,S,S_4,S_15,9.7
2,7,50,S,S_4,S_37,9.7
2,7,50,S,S_4,S_42,9.7
2,7,50,S,S_4,S_48,9.7
2,7,50,S,S_4,S_6,9.7
2,7,50,S,S_4,S_45,10
2,7,50,S,S_4,S_20,9.7
2,7,50,S,S_4,S_30,9.7
2,7,50,S,S_4,S_35,9.7
2,7,50,S,S_4,S_32,10
2,7,50,S,S_4,S_39,10
2,7,50,S,S_4,S_47,10
2,7,50,S,S_5,S_24,10
2,7,50,S,S_5,S_33,10
2,7,50,S,S_5,S_18,10
2,7,50,S,S_5,S_45,10
2,7,50,S,S_5,S_35,9.7
2,7,50,S,S_5,S_13,9.7
2,7,50,S,S_5,S_36,9.7
2,7,50,S,S_5,S_34,9.4
2,7,50,S,S_5,S_6,9.4
2,7,50,S,S_5,S_25,9.4
2,7,50,S,S_5,S_26,9.4
2,7,50,S,S_5,S_32,9.4
2,7,50,S,S_5,S_42,9.4
2,7,50,S,S_5,S_50,9.4
2,7,50,S,S_5,S_31,9.7
2,7,50,S,S_5,S_10,9.7
2,7,50,S,S_5,S_30,9.7
2,7,50,S,S_5,S_40,9.7
2,7,50,S,S_5,S_27,10
2,7,50,S,S_5,S_38,10
2,7,50,S,S_5,S_15,10
2,7,50,S,S_5,S_17,10
2,7,50,S,S_5,S_7,9.7
2,7,50,S,S_5,S_11,9.7
2,7,50,S,S_5,S_48,9.7
2,7,50,S,S_5,S_44,10
2,7,50,S,S_5,S_9,10
2,7,50,S,S_5,S_14,10
2,7,50,S,S_6,S_25,10
2,7,50,S,S_6,S_45,10
2,7,50,S,S_6,S_47,10
2,7,50,S,S_6,S_9,10
2,7,50,S,S_6,S_15,10
2,7,50,S,S_6,S_21,10
2,7,50,S,S_6,S_24,10
2,7,50,S,S_6,S_42,9.7
2,7,50,S,S_6,S_18,9.7
2,7,50,S,S_6,S_28,9.7
2,7,50,S,S_6,S_7,9.4
2,7,50,S,S_6,S_8,9.4
2,7,50,S,S_6,S_31,9.4
2,7,50,S,S_6,S_43,10
2,7,50,S,S_6,S_44,10
2,7,50,S,S_6,S_38,10.3
2,7,50,S,S_6,S_39,10.3
2,7,50,S,S_6,S_49,10.3
2,7,50,S,S_6,S_22,10.6
2,7,50,S,S_6,S_20,10.6
2,7,50,S,S_6,S_40,10
2,7,50,S,S_6,S_17,10.3
2,7,50,S,S_6,S_29,10.3
2,7,50,S,S_6,S_26,10.3
2,7,50,S,S_6,S_30,10.3
2,7,50,S,S_6,S_50,10
2,7,50,S,S_7,S_8,10
2,7,50,S,S_7,S_22,10
2,7,50,S,S_7,S_31,10
2,7,50,S,S_7,S_39,10
2,7,50,S,S_7,S_40,10
2,7,50,S,S_7,S_29,10
2,7,50,S,S_7,S_32,10
2,7,50,S,S_7,S_38,10
2,7,50,S,S_7,S_42,10
2,7,50,S,S_7,S_50,10
2,7,50,S,S_7,S_18,9.7
2,7,50,S,S_7,S_45,9.7
2,7,50,S,S_7,S_14,9.7
2,7,50,S,S_7,S_15,9.7
2,7,50,S,S_7,S_30,9.7
2,7,50,S,S_7,S_35,9.7
2,7,50,S,S_7,S_11,9.7
2,7,50,S,S_7,S_20,9.7
2,7,50,S,S_7,S_36,9.7
2,7,50,S,S_7,S_13,10
2,7,50,S,S_7,S_33,10
2,7,50,S,S_7,S_41,10
2,7,50,S,S_7,S_46,10
2,7,50,S,S_7,S_25,10.3
2,7,50,S,S_7,S_28,10.3
2,7,50,S,S_7,S_43,10.3
2,7,50,S,S_7,S_9,10
2,7,50,S,S_7,S_21,10
2,7,50,S,S_8,S_11,10.3
2,7,50,S,S_8,S_22,10
2,7,50,S,S_8,S_30,10
2,7,50,S,S_8,S_34,10
2,7,50,S,S_8,S_45,10
2,7,50,S,S_8,S_47,10
2,7,50,S,S_8,S_31,10
2,7,50,S,S_8,S_39,10
2,7,50,S,S_8,S_44,10
2,7,50,S,S_8,S_14,9.7
2,7,50,S,S_8,S_43,9.7
2,7,50,S,S_8,S_16,9.7
2,7,50,S,S_8,S_32,9.7
2,7,50,S,S_8,S_13,9.7
2,7,50,S,S_8,S_41,9.7
2,7,50,S,S_8,S_26,10
2,7,50,S,S_8,S_33,10
2,7,50,S,S_8,S_40,10
2,7,50,S,S_8,S_19,10
2,7,50,S,S_8,S_37,10
2,7,50,S,S_8,S_50,10
2,7,50,S,S_8,S_21,10.3
2,7,50,S,S_8,S_48,10
2,7,50,S,S_8,S_15,10
2,7,50,S,S_9,S_20,10
2,7,50,S,S_9,S_39,10
2,7,50,S,S_9,S_28,9.7
2,7,50,S,S_9,S_17,9.7
2,7,50,S,S_9,S_27,9.7
2,7,50,S,S_9,S_38,9.7
2,7,50,S,S_9,S_19,9.7
2,7,50,S,S_9,S_31,9.7
2,7,50,S,S_9,S_32,9.7
2,7,50,S,S_9,S_36,9.7
2,7,50,S,S_9,S_13,9.7
2,7,50,S,S_9,S_26,9.4
2,7,50,S,S_9,S_25,9.4
2,7,50,S,S_9,S_40,9.7
2,7,50,S,S_9,S_14,10
2,7,50,S,S_9,S_21,10
2,7,50,S,S_9,S_44,10
2,7,50,S,S_10,S_12,9.4
2,7,50,S,S_10,S_36,9.4
2,7,50,S,S_10,S_49,9.4
2,7,50,S,S_10,S_11,9.4
2,7,50,S,S_10,S_17,9.4
2,7,50,S,S_10,S_22,9.4
2,7,50,S,S_10,S_26,9.4
2,7,50,S,S_10,S_29,9.4
2,7,50,S,S_10,S_33,9.4
2,7,50,S,S_10,S_16,9.7
2,7,50,S,S_10,S_19,9.7
2,7,50,S,S_10,S_24,9.7
2,7,50,S,S_10,S_32,9.7
2,7,50,S,S_10,S_25,10
2,7,50,S,S_10,S_23,10
2,7,50,S,S_10,S_31,10
2,7,50,S,S_11,S_13,9.4
2,7,50,S,S_11,S_18,9.4
2,7,50,S,S_11,S_19,9.4
2,7,50,S,S_11,S_24,9.4
2,7,50,S,S_11,S_28,9.4
2,7,50,S,S_11,S_21,9.4
2,7,50,S,S_11,S_17,9.4
2,7,50,S,S_11,S_48,9.4
2,7,50,S,S_11,S_34,9.4
2,7,50,S,S_11,S_46,9.4
2,7,50,S,S_11,S_23,9.7
2,7,50,S,S_11,S_38,9.7
2,7,50,S,S_11,S_42,9.7
2,7,50,S,S_11,S_22,10
2,7,50,S,S_11,S_41,10
2,7,50,S,S_11,S_29,10
2,7,50,S,S_12,S_17,9.4
2,7,50,S,S_12,S_28,9.4
2,7,50,S,S_12,S_30,9.4
2,7,50,S,S_12,S_39,9.4
2,7,50,S,S_12,S_50,9.4
2,7,50,S,S_12,S_32,9.7
2,7,50,S,S_12,S_41,9.7
2,7,50,S,S_12,S_45,9.7
2,7,50,S,S_12,S_19,9.7
2,7,50,S,S_12,S_42,9.7
2,7,50,S,S_13,S_32,9.7
2,7,50,S,S_13,S_28,9.7
2,7,50,S,S_13,S_15,10
2,7,50,S,S_13,S_42,10
2,7,50,S,S_13,S_49,10
2,7,50,S,S_14,S_16,9.4
2,7,50,S,S_14,S_22,9.4
2,7,50,S,S_14,S_24,9.4
2,7,50,S,S_14,S_29,9.7
2,7,50,S,S_14,S_34,9.7
2,7,50,S,S_14,S_17,9.7
2,7,50,S,S_14,S_36,9.7
2,7,50,S,S_14,S_37,9.7
2,7,50,S,S_15,S_18,9.4
2,7,50,S,S_15,S_48,9.4
2,7,50,S,S_15,S_34,9.7
2,7,50,S,S_15,S_26,10
2,7,50,S,S_16,S_38,9.4
2,7,50,S,S_16,S_28,9.4
2,7,50,S,S_16,S_37,9.4
2,7,50,S,S_16,S_46,9.4
2,7,50,S,S_16,S_32,10
2,7,50,S,S_16,S_19,10
2,7,50,S,S_17,S_33,9.4
2,7,50,S,S_17,S_42,9.4
2,7,50,S,S_17,S_30,9.4
2,7,50,S,S_17,S_35,9.7
2,7,50,S,S_17,S_20,9.7
2,7,50,S,S_17,S_44,9.7
2,7,50,S,S_17,S_18,10
2,7,50,S,S_17,S_31,10
2,7,50,S,S_17,S_32,10
2,7,50,S,S_18,S_35,9.4
2,7,50,S,S_18,S_43,9.4
2,7,50,S,S_18,S_19,9.4
2,7,50,S,S_18,S_33,9.4
2,7,50,S,S_18,S_38,9.4
2,7,50,S,S_18,S_49,9.4
2,7,50,S,S_18,S_28,9.7
2,7,50,S,S_18,S_47,9.7
2,7,50,S,S_18,S_24,10
2,7,50,S,S_18,S_31,10
2,7,50,S,S_18,S_45,10
2,7,50,S,S_19,S_22,9.4
2,7,50,S,S_19,S_36,9.4
2,7,50,S,S_19,S_41,9.4
2,7,50,S,S_19,S_47,9.4
2,7,50,S,S_19,S_21,9.4
2,7,50,S,S_19,S_38,9.4
2,7,50,S,S_19,S_49,9.4
2,7,50,S,S_19,S_29,9.4
2,7,50,S,S_19,S_33,9.4
2,7,50,S,S_19,S_45,9.4
2,7,50,S,S_19,S_32,9.7
2,7,50,S,S_19,S_44,9.7
2,7,50,S,S_19,S_20,9.7
2,7,50,S,S_19,S_31,9.7
2,7,50,S,S_20,S_28,9.7
2,7,50,S,S_20,S_30,9.7
2,7,50,S,S_20,S_36,9.7
2,7,50,S,S_20,S_35,9.7
2,7,50,S,S_20,S_40,9.7
2,7,50,S,S_20,S_25,9.4
2,7,50,S,S_20,S_39,9.4
2,7,50,S,S_20,S_31,9.4
2,7,50,S,S_20,S_22,9.4
2,7,50,S,S_20,S_49,9.4
2,7,50,S,S_20,S_26,9.7
2,7,50,S,S_20,S_42,9.7
2,7,50,S,S_20,S_43,9.7
2,7,50,S,S_20,S_21,10
2,7,50,S,S_20,S_34,10
2,7,50,S,S_21,S_44,9.4
2,7,50,S,S_21,S_27,9.4
2,7,50,S,S_21,S_32,9.7
2,7,50,S,S_21,S_40,9.7
2,7,50,S,S_21,S_42,9.7
2,7,50,S,S_21,S_28,9.7
2,7,50,S,S_21,S_34,9.7
2,7,50,S,S_21,S_22,9.4
2,7,50,S,S_21,S_35,9.4
2,7,50,S,S_21,S_37,9.4
2,7,50,S,S_21,S_47,9.4
2,7,50,S,S_21,S_23,9.4
2,7,50,S,S_21,S_29,9.4
2,7,50,S,S_21,S_31,9.4
2,7,50,S,S_21,S_24,9.7
2,7,50,S,S_21,S_50,9.7
2,7,50,S,S_21,S_36,10
2,7,50,S,S_21,S_38,10
2,7,50,S,S_21,S_41,10
2,7,50,S,S_21,S_45,10
2,7,50,S,S_22,S_44,9.4
2,7,50,S,S_22,S_50,9.4
2,7,50,S,S_22,S_26,9.4
2,7,50,S,S_22,S_42,9.4
2,7,50,S,S_22,S_35,10.3
2,7,50,S,S_22,S_49,10.3
2,7,50,S,S_22,S_27,10.3
2,7,50,S,S_22,S_30,10
2,7,50,S,S_22,S_37,10
2,7,50,S,S_22,S_23,9.7
2,7,50,S,S_22,S_25,9.7
2,7,50,S,S_22,S_28,9.7
2,7,50,S,S_22,S_29,9.7
2,7,50,S,S_22,S_39,10
2,7,50,S,S_22,S_34,9.7
2,7,50,S,S_22,S_33,10
2,7,50,S,S_22,S_43,10
2,7,50,S,S_23,S_31,10
2,7,50,S,S_23,S_39,10
2,7,50,S,S_23,S_40,10
2,7,50,S,S_23,S_44,10
2,7,50,S,S_23,S_26,10.3
2,7,50,S,S_23,S_28,10.3
2,7,50,S,S_23,S_24,10
2,7,50,S,S_23,S_36,9.7
2,7,50,S,S_23,S_49,9.7
2,7,50,S,S_23,S_29,9.7
2,7,50,S,S_23,S_33,9.7
2,7,50,S,S_23,S_34,9.7
2,7,50,S,S_23,S_48,9.7
2,7,50,S,S_23,S_25,10
2,7,50,S,S_23,S_41,9.7
2,7,50,S,S_23,S_50,10
2,7,50,S,S_24,S_42,10
2,7,50,S,S_24,S_45,10
2,7,50,S,S_24,S_50,10
2,7,50,S,S_24,S_33,10.3
2,7,50,S,S_24,S_25,10
2,7,50,S,S_24,S_26,10
2,7,50,S,S_24,S_47,10
2,7,50,S,S_24,S_43,10
2,7,50,S,S_24,S_49,10
2,7,50,S,S_24,S_30,9.7
2,7,50,S,S_24,S_34,9.7
2,7,50,S,S_24,S_38,9.7
2,7,50,S,S_24,S_27,10
2,7,50,S,S_24,S_41,10
2,7,50,S,S_24,S_48,10
2,7,50,S,S_24,S_39,10
2,7,50,S,S_24,S_40,9.7
2,7,50,S,S_24,S_29,9.7
2,7,50,S,S_24,S_37,9.7
2,7,50,S,S_25,S_26,10
2,7,50,S,S_25,S_31,10.3
2,7,50,S,S_25,S_34,10.3
2,7,50,S,S_25,S_41,10.3
2,7,50,S,S_25,S_50,10.3
2,7,50,S,S_25,S_33,10
2,7,50,S,S_25,S_42,10
2,7,50,S,S_25,S_36,9.7
2,7,50,S,S_25,S_38,9.7
2,7,50,S,S_25,S_40,9.7
2,7,50,S,S_25,S_29,10
2,7,50,S,S_25,S_47,10
2,7,50,S,S_25,S_45,9.7
2,7,50,S,S_25,S_43,10
2,7,50,S,S_25,S_39,10
2,7,50,S,S_26,S_30,10
2,7,50,S,S_26,S_35,10
2,7,50,S,S_26,S_39,10
2,7,50,S,S_26,S_31,10.3
2,7,50,S,S_26,S_42,10.3
2,7,50,S,S_26,S_44,10.3
2,7,50,S,S_26,S_27,10.3
2,7,50,S,S_26,S_29,10.3
2,7,50,S,S_26,S_33,10.3
2,7,50,S,S_26,S_32,10
2,7,50,S,S_26,S_43,9.4
2,7,50,S,S_26,S_49,9.4
2,7,50,S,S_26,S_36,9.4
2,7,50,S,S_26,S_41,9.7
2,7,50,S,S_26,S_50,9.7
2,7,50,S,S_26,S_38,10
2,7,50,S,S_26,S_47,10
2,7,50,S,S_26,S_34,10
2,7,50,S,S_26,S_48,10
2,7,50,S,S_27,S_38,9.7
2,7,50,S,S_27,S_30,10
2,7,50,S,S_27,S_36,10
2,7,50,S,S_27,S_50,10
2,7,50,S,S_27,S_45,10
2,7,50,S,S_28,S_46,9.4
2,7,50,S,S_28,S_36,9.4
2,7,50,S,S_28,S_45,9.4
2,7,50,S,S_28,S_47,9.7
2,7,50,S,S_28,S_33,9.7
2,7,50,S,S_28,S_38,10
2,7,50,S,S_29,S_35,9.7
2,7,50,S,S_29,S_45,9.7
2,7,50,S,S_29,S_32,10
2,7,50,S,S_29,S_46,10
2,7,50,S,S_30,S_36,9.4
2,7,50,S,S_30,S_40,10
2,7,50,S,S_30,S_42,10
2,7,50,S,S_30,S_44,10
2,7,50,S,S_31,S_35,9.4
2,7,50,S,S_31,S_34,9.7
2,7,50,S,S_31,S_44,9.7
2,7,50,S,S_31,S_46,9.7
2,7,50,S,S_31,S_50,10
2,7,50,S,S_32,S_49,9.4
2,7,50,S,S_32,S_36,9.7
2,7,50,S,S_32,S_46,9.7
2,7,50,S,S_32,S_48,9.7
2,7,50,S,S_33,S_34,9.4
2,7,50,S,S_33,S_42,9.4
2,7,50,S,S_33,S_40,9.4
2,7,50,S,S_33,S_49,9.4
2,7,50,S,S_33,S_35,9.7
2,7,50,S,S_33,S_44,10
2,7,50,S,S_34,S_47,9.4
2,7,50,S,S_34,S_44,9.7
2,7,50,S,S_35,S_43,9.4
2,7,50,S,S_35,S_46,9.7
2,7,50,S,S_35,S_49,9.7
2,7,50,S,S_36,S_47,9.4
2,7,50,S,S_36,S_42,9.7
2,7,50,S,S_37,S_41,9.4
2,7,50,S,S_37,S_43,10
2,7,50,S,S_37,S_39,10
2,7,50,S,S_38,S_47,9.7
2,7,50,S,S_38,S_50,10
2,7,50,S,S_39,S_40,9.4
2,7,50,S,S_39,S_42,9.4
2,7,50,S,S_39,S_44,9.7
2,7,50,S,S_40,S_47,9.4
2,7,50,S,S_40,S_42,10
2,7,50,S,S_41,S_45,9.4
2,7,50,S,S_41,S_42,9.7
2,7,50,S,S_41,S_46,9.7
2,7,50,S,S_42,S_44,9.4
2,7,50,S,S_42,S_46,9.7
2,7,50,S,S_42,S_49,10
2,7,50,S,S_43,S_50,9.4
2,7,50,S,S_43,S_48,9.7
2,7,50,S,S_43,S_49,9.7
2,7,50,S,S_44,S_46,9.4
2,7,50,S,S_44,S_49,10
2,7,50,S,S_47,S_49,9.4
2,7,50,S,S_47,S_50,9.4
2,8,50,S,S_1,S_5,9.4
2,8,50,S,S_1,S_19,9.7
2,8,50,S,S_1,S_29,9.7
2,8,50,S,S_1,S_37,9.7
2,8,50,S,S_1,S_43,9.7
2,8,50,S,S_1,S_18,9.7
2,8,50,S,S_1,S_46,10
2,8,50,S,S_1,S_6,10
2,8,50,S,S_2,S_15,9.4
2,8,50,S,S_2,S_16,9.4
2,8,50,S,S_2,S_19,9.4
2,8,50,S,S_2,S_4,9.4
2,8,50,S,S_2,S_49,9.4
2,8,50,S,S_2,S_30,9.7
2,8,50,S,S_2,S_34,9.7
2,8,50,S,S_2,S_41,9.7
2,8,50,S,S_2,S_48,9.7
2,8,50,S,S_2,S_11,10
2,8,50,S,S_2,S_18,10
2,8,50,S,S_2,S_22,10
2,8,50,S,S_2,S_38,10
2,8,50,S,S_3,S_22,9.4
2,8,50,S,S_3,S_8,9.4
2,8,50,S,S_3,S_19,9.7
2,8,50,S,S_3,S_39,9.7
2,8,50,S,S_3,S_41,9.7
2,8,50,S,S_3,S_16,9.4
2,8,50,S,S_3,S_45,9.4
2,8,50,S,S_3,S_47,9.4
2,8,50,S,S_3,S_7,9.7
2,8,50,S,S_3,S_14,9.7
2,8,50,S,S_3,S_32,9.7
2,8,50,S,S_3,S_38,9.7
2,8,50,S,S_3,S_21,9.7
2,8,50,S,S_3,S_17,10
2,8,50,S,S_3,S_18,10
2,8,50,S,S_3,S_24,10
2,8,50,S,S_3,S_31,10
2,8,50,S,S_3,S_27,10
2,8,50,S,S_3,S_28,10
2,8,50,S,S_3,S_50,10
2,8,50,S,S_4,S_18,9.7
2,8,50,S,S_4,S_25,9.7
2,8,50,S,S_4,S_31,9.7
2,8,50,S,S_4,S_33,9.7
2,8,50,S,S_4,S_24,9.7
2,8,50,S,S_4,S_29,9.7
2,8,50,S,S_4,S_43,9.4
2,8,50,S,S_4,S_13,9.4
2,8,50,S,S_4,S_49,9.4
2,8,50,S,S_4,S_15,9.4
2,8,50,S,S_4,S_37,9.4
2,8,50,S,S_4,S_42,9.4
2,8,50,S,S_4,S_48,9.4
2,8,50,S,S_4,S_6,9.4
2,8,50,S,S_4,S_45,9.7
2,8,50,S,S_4,S_20,9.4
2,8,50,S,S_4,S_30,9.4
2,8,50,S,S_4,S_35,9.4
2,8,50,S,S_4,S_32,9.7
2,8,50,S,S_4,S_39,9.7
2,8,50,S,S_4,S_47,9.7
2,8,50,S,S_4,S_23,10
2,8,50,S,S_5,S_24,9.7
2,8,50,S,S_5,S_33,9.7
2,8,50,S,S_5,S_18,9.7
2,8,50,S,S_5,S_45,9.7
2,8,50,S,S_5,S_35,9.4
2,8,50,S,S_5,S_13,9.4
2,8,50,S,S_5,S_36,9.4
2,8,50,S,S_5,S_31,9.4
2,8,50,S,S_5,S_10,9.4
2,8,50,S,S_5,S_30,9.4
2,8,50,S,S_5,S_40,9.4
2,8,50,S,S_5,S_27,9.7
2,8,50,S,S_5,S_38,9.7
2,8,50,S,S_5,S_15,9.7
2,8,50,S,S_5,S_17,9.7
2,8,50,S,S_5,S_7,9.4
2,8,50,S,S_5,S_11,9.4
2,8,50,S,S_5,S_48,9.4
2,8,50,S,S_5,S_44,9.7
2,8,50,S,S_5,S_9,9.7
2,8,50,S,S_5,S_14,9.7
2,8,50,S,S_5,S_20,10
2,8,50,S,S_5,S_43,10
2,8,50,S,S_5,S_8,10
2,8,50,S,S_5,S_12,10
2,8,50,S,S_5,S_28,10
2,8,50,S,S_5,S_39,10
2,8,50,S,S_6,S_25,9.7
2,8,50,S,S_6,S_45,9.7
2,8,50,S,S_6,S_47,9.7
2,8,50,S,S_6,S_9,9.7
2,8,50,S,S_6,S_15,9.7
2,8,50,S,S_6,S_21,9.7
2,8,50,S,S_6,S_24,9.7
2,8,50,S,S_6,S_42,9.4
2,8,50,S,S_6,S_18,9.4
2,8,50,S,S_6,S_28,9.4
2,8,50,S,S_6,S_43,9.7
2,8,50,S,S_6,S_44,9.7
2,8,50,S,S_6,S_38,10
2,8,50,S,S_6,S_39,10
2,8,50,S,S_6,S_49,10
2,8,50,S,S_6,S_22,10.3
2,8,50,S,S_6,S_20,10.3
2,8,50,S,S_6,S_40,9.7
2,8,50,S,S_6,S_17,10
2,8,50,S,S_6,S_29,10
2,8,50,S,S_6,S_26,10
2,8,50,S,S_6,S_30,10
2,8,50,S,S_6,S_50,9.7
2,8,50,S,S_6,S_23,10
2,8,50,S,S_6,S_27,10
2,8,50,S,S_6,S_34,10
2,8,50,S,S_6,S_35,10
2,8,50,S,S_6,S_33,10
2,8,50,S,S_7,S_8,9.7
2,8,50,S,S_7,S_22,9.7
2,8,50,S,S_7,S_31,9.7
2,8,50,S,S_7,S_39,9.7
2,8,50,S,S_7,S_40,9.7
2,8,50,S,S_7,S_29,9.7
2,8,50,S,S_7,S_32,9.7
2,8,50,S,S_7,S_38,9.7
2,8,50,S,S_7,S_42,9.7
2,8,50,S,S_7,S_50,9.7
2,8,50,S,S_7,S_18,9.4
2,8,50,S,S_7,S_45,9.4
2,8,50,S,S_7,S_14,9.4
2,8,50,S,S_7,S_15,9.4
2,8,50,S,S_7,S_30,9.4
2,8,50,S,S_7,S_35,9.4
2,8,50,S,S_7,S_11,9.4
2,8,50,S,S_7,S_20,9.4
2,8,50,S,S_7,S_36,9.4
2,8,50,S,S_7,S_13,9.7
2,8,50,S,S_7,S_33,9.7
2,8,50,S,S_7,S_41,9.7
2,8,50,S,S_7,S_46,9.7
2,8,50,S,S_7,S_25,10
2,8,50,S,S_7,S_28,10
2,8,50,S,S_7,S_43,10
2,8,50,S,S_7,S_9,9.7
2,8,50,S,S_7,S_21,9.7
2,8,50,S,S_7,S_19,10
2,8,50,S,S_7,S_34,10
2,8,50,S,S_8,S_11,10
2,8,50,S,S_8,S_22,9.7
2,8,50,S,S_8,S_30,9.7
2,8,50,S,S_8,S_34,9.7
2,8,50,S,S_8,S_45,9.7
2,8,50,S,S_8,S_47,9.7
2,8,50,S,S_8,S_31,9.7
2,8,50,S,S_8,S_39,9.7
2,8,50,S,S_8,S_44,9.7
2,8,50,S,S_8,S_14,9.4
2,8,50,S,S_8,S_43,9.4
2,8,50,S,S_8,S_16,9.4
2,8,50,S,S_8,S_32,9.4
2,8,50,S,S_8,S_13,9.4
2,8,50,S,S_8,S_41,9.4
2,8,50,S,S_8,S_26,9.7
2,8,50,S,S_8,S_33,9.7
2,8,50,S,S_8,S_40,9.7
2,8,50,S,S_8,S_19,9.7
2,8,50,S,S_8,S_37,9.7
2,8,50,S,S_8,S_50,9.7
2,8,50,S,S_8,S_21,10
2,8,50,S,S_8,S_48,9.7
2,8,50,S,S_8,S_15,9.7
2,8,50,S,S_9,S_20,9.7
2,8,50,S,S_9,S_39,9.7
2,8,50,S,S_9,S_28,9.4
2,8,50,S,S_9,S_17,9.4
2,8,50,S,S_9,S_27,9.4
2,8,50,S,S_9,S_38,9.4
2,8,50,S,S_9,S_19,9.4
2,8,50,S,S_9,S_31,9.4
2,8,50,S,S_9,S_32,9.4
2,8,50,S,S_9,S_36,9.4
2,8,50,S,S_9,S_13,9.4
2,8,50,S,S_9,S_40,9.4
2,8,50,S,S_9,S_14,9.7
2,8,50,S,S_9,S_21,9.7
2,8,50,S,S_9,S_44,9.7
2,8,50,S,S_9,S_10,10
2,8,50,S,S_9,S_42,10
2,8,50,S,S_9,S_43,10
2,8,50,S,S_9,S_12,10
2,8,50,S,S_9,S_22,10
2,8,50,S,S_10,S_16,9.4
2,8,50,S,S_10,S_19,9.4
2,8,50,S,S_10,S_24,9.4
2,8,50,S,S_10,S_32,9.4
2,8,50,S,S_10,S_25,9.7
2,8,50,S,S_10,S_23,9.7
2,8,50,S,S_10,S_31,9.7
2,8,50,S,S_10,S_43,10
2,8,50,S,S_10,S_40,10
2,8,50,S,S_11,S_23,9.4
2,8,50,S,S_11,S_38,9.4
2,8,50,S,S_11,S_42,9.4
2,8,50,S,S_11,S_22,9.7
2,8,50,S,S_11,S_41,9.7
2,8,50,S,S_11,S_29,9.7
2,8,50,S,S_11,S_14,10
2,8,50,S,S_11,S_15,10
2,8,50,S,S_12,S_32,9.4
2,8,50,S,S_12,S_41,9.4
2,8,50,S,S_12,S_45,9.4
2,8,50,S,S_12,S_19,9.4
2,8,50,S,S_12,S_42,9.4
2,8,50,S,S_12,S_31,10
2,8,50,S,S_12,S_13,10
2,8,50,S,S_13,S_32,9.4
2,8,50,S,S_13,S_28,9.4
2,8,50,S,S_13,S_15,9.7
2,8,50,S,S_13,S_42,9.7
2,8,50,S,S_13,S_49,9.7
2,8,50,S,S_13,S_16,10
2,8,50,S,S_13,S_19,10
2,8,50,S,S_13,S_40,10
2,8,50,S,S_13,S_44,10
2,8,50,S,S_13,S_23,10
2,8,50,S,S_13,S_31,10
2,8,50,S,S_13,S_41,10
2,8,50,S,S_14,S_29,9.4
2,8,50,S,S_14,S_34,9.4
2,8,50,S,S_14,S_17,9.4
2,8,50,S,S_14,S_36,9.4
2,8,50,S,S_14,S_37,9.4
2,8,50,S,S_15,S_34,9.4
2,8,50,S,S_15,S_26,9.7
2,8,50,S,S_16,S_32,9.7
2,8,50,S,S_16,S_19,9.7
2,8,50,S,S_16,S_22,10
2,8,50,S,S_16,S_30,10
2,8,50,S,S_16,S_41,10
2,8,50,S,S_16,S_42,10
2,8,50,S,S_16,S_47,10
2,8,50,S,S_16,S_18,10
2,8,50,S,S_17,S_35,9.4
2,8,50,S,S_17,S_20,9.4
2,8,50,S,S_17,S_44,9.4
2,8,50,S,S_17,S_18,9.7
2,8,50,S,S_17,S_31,9.7
2,8,50,S,S_17,S_32,9.7
2,8,50,S,S_17,S_19,10
2,8,50,S,S_17,S_24,10
2,8,50,S,S_17,S_26,10
2,8,50,S,S_17,S_28,10
2,8,50,S,S_18,S_28,9.4
2,8,50,S,S_18,S_47,9.4
2,8,50,S,S_18,S_24,9.7
2,8,50,S,S_18,S_31,9.7
2,8,50,S,S_18,S_45,9.7
2,8,50,S,S_18,S_40,10
2,8,50,S,S_18,S_44,10
2,8,50,S,S_18,S_32,10
2,8,50,S,S_18,S_50,10
2,8,50,S,S_19,S_32,9.4
2,8,50,S,S_19,S_44,9.4
2,8,50,S,S_19,S_20,9.4
2,8,50,S,S_19,S_31,9.4
2,8,50,S,S_19,S_26,10
2,8,50,S,S_19,S_42,10
2,8,50,S,S_20,S_28,9.4
2,8,50,S,S_20,S_30,9.4
2,8,50,S,S_20,S_36,9.4
2,8,50,S,S_20,S_35,9.4
2,8,50,S,S_20,S_40,9.4
2,8,50,S,S_20,S_26,9.4
2,8,50,S,S_20,S_42,9.4
2,8,50,S,S_20,S_43,9.4
2,8,50,S,S_20,S_21,9.7
2,8,50,S,S_20,S_34,9.7
2,8,50,S,S_20,S_27,10
2,8,50,S,S_20,S_44,10
2,8,50,S,S_21,S_32,9.4
2,8,50,S,S_21,S_40,9.4
2,8,50,S,S_21,S_42,10
2,8,50,S,S_21,S_28,10
2,8,50,S,S_21,S_34,10
2,8,50,S,S_21,S_22,9.7
2,8,50,S,S_21,S_35,9.7
2,8,50,S,S_21,S_37,9.7
2,8,50,S,S_21,S_47,9.7
2,8,50,S,S_21,S_23,9.7
2,8,50,S,S_21,S_29,9.7
2,8,50,S,S_21,S_31,9.7
2,8,50,S,S_21,S_24,10
2,8,50,S,S_21,S_50,10
2,8,50,S,S_21,S_36,10.3
2,8,50,S,S_21,S_38,10.3
2,8,50,S,S_21,S_41,10.3
2,8,50,S,S_21,S_45,10.3
2,8,50,S,S_21,S_25,10
2,8,50,S,S_21,S_49,10
2,8,50,S,S_22,S_44,9.7
2,8,50,S,S_22,S_50,9.7
2,8,50,S,S_22,S_26,9.7
2,8,50,S,S_22,S_42,9.7
2,8,50,S,S_22,S_35,10.6
2,8,50,S,S_22,S_49,10.6
2,8,50,S,S_22,S_27,10.6
2,8,50,S,S_22,S_30,10.3
2,8,50,S,S_22,S_37,10.3
2,8,50,S,S_22,S_23,10
2,8,50,S,S_22,S_25,10
2,8,50,S,S_22,S_28,10
2,8,50,S,S_22,S_29,10
2,8,50,S,S_22,S_39,10.3
2,8,50,S,S_22,S_34,10
2,8,50,S,S_22,S_33,10.3
2,8,50,S,S_22,S_43,10.3
2,8,50,S,S_22,S_36,10
2,8,50,S,S_22,S_41,10
2,8,50,S,S_22,S_47,10
2,8,50,S,S_23,S_31,10.3
2,8,50,S,S_23,S_39,10.3
2,8,50,S,S_23,S_40,10.3
2,8,50,S,S_23,S_44,10.3
2,8,50,S,S_23,S_26,10.6
2,8,50,S,S_23,S_28,10.6
2,8,50,S,S_23,S_24,10.3
2,8,50,S,S_23,S_36,10
2,8,50,S,S_23,S_49,10
2,8,50,S,S_23,S_29,10
2,8,50,S,S_23,S_33,10
2,8,50,S,S_23,S_34,10
2,8,50,S,S_23,S_48,10
2,8,50,S,S_23,S_25,10.3
2,8,50,S,S_23,S_41,10
2,8,50,S,S_23,S_50,10.3
2,8,50,S,S_23,S_32,10
2,8,50,S,S_23,S_38,10
2,8,50,S,S_23,S_45,10
2,8,50,S,S_24,S_42,10.3
2,8,50,S,S_24,S_45,10.3
2,8,50,S,S_24,S_50,10.3
2,8,50,S,S_24,S_33,10.6
2,8,50,S,S_24,S_25,10.3
2,8,50,S,S_24,S_26,10.3
2,8,50,S,S_24,S_47,10.3
2,8,50,S,S_24,S_43,10.3
2,8,50,S,S_24,S_49,10.3
2,8,50,S,S_24,S_30,10
2,8,50,S,S_24,S_34,10
2,8,50,S,S_24,S_38,10
2,8,50,S,S_24,S_27,10.3
2,8,50,S,S_24,S_41,10.3
2,8,50,S,S_24,S_48,10.3
2,8,50,S,S_24,S_39,10.3
2,8,50,S,S_24,S_40,10
2,8,50,S,S_24,S_29,10
2,8,50,S,S_24,S_37,10
2,8,50,S,S_24,S_44,10
2,8,50,S,S_25,S_26,10.3
2,8,50,S,S_25,S_31,10.6
2,8,50,S,S_25,S_34,10.6
2,8,50,S,S_25,S_41,10.6
2,8,50,S,S_25,S_50,10.6
2,8,50,S,S_25,S_33,10.3
2,8,50,S,S_25,S_42,10.3
2,8,50,S,S_25,S_36,10
2,8,50,S,S_25,S_38,10
2,8,50,S,S_25,S_40,10
2,8,50,S,S_25,S_29,10.3
2,8,50,S,S_25,S_47,10.3
2,8,50,S,S_25,S_45,10
2,8,50,S,S_25,S_43,10.3
2,8,50,S,S_25,S_39,10.3
2,8,50,S,S_25,S_35,10
2,8,50,S,S_26,S_30,10.3
2,8,50,S,S_26,S_35,10.3
2,8,50,S,S_26,S_39,10.3
2,8,50,S,S_26,S_31,10.6
2,8,50,S,S_26,S_42,10.6
2,8,50,S,S_26,S_44,10.6
2,8,50,S,S_26,S_27,10.6
2,8,50,S,S_26,S_29,10.6
2,8,50,S,S_26,S_33,10.6
2,8,50,S,S_26,S_32,10.3
2,8,50,S,S_26,S_43,9.7
2,8,50,S,S_26,S_49,9.7
2,8,50,S,S_26,S_36,9.7
2,8,50,S,S_26,S_41,10
2,8,50,S,S_26,S_50,10
2,8,50,S,S_26,S_38,10.3
2,8,50,S,S_26,S_47,10.3
2,8,50,S,S_26,S_34,10.3
2,8,50,S,S_26,S_48,10.3
2,8,50,S,S_27,S_38,10
2,8,50,S,S_27,S_30,10.3
2,8,50,S,S_27,S_36,10.3
2,8,50,S,S_27,S_50,10.3
2,8,50,S,S_27,S_45,10.3
2,8,50,S,S_27,S_28,10
2,8,50,S,S_28,S_46,9.7
2,8,50,S,S_28,S_36,9.7
2,8,50,S,S_28,S_45,9.7
2,8,50,S,S_28,S_47,10
2,8,50,S,S_28,S_33,10
2,8,50,S,S_28,S_38,10.3
2,8,50,S,S_28,S_32,10
2,8,50,S,S_28,S_42,10
2,8,50,S,S_29,S_35,10
2,8,50,S,S_29,S_45,10
2,8,50,S,S_29,S_32,10.3
2,8,50,S,S_29,S_46,10.3
2,8,50,S,S_29,S_38,10
2,8,50,S,S_29,S_47,10
2,8,50,S,S_30,S_36,9.7
2,8,50,S,S_30,S_40,10.3
2,8,50,S,S_30,S_42,10.3
2,8,50,S,S_30,S_44,10.3
2,8,50,S,S_31,S_35,9.7
2,8,50,S,S_31,S_34,10
2,8,50,S,S_31,S_44,10
2,8,50,S,S_31,S_46,10
2,8,50,S,S_31,S_50,10.3
2,8,50,S,S_31,S_36,10
2,8,50,S,S_31,S_41,10
2,8,50,S,S_32,S_49,9.7
2,8,50,S,S_32,S_36,10
2,8,50,S,S_32,S_46,10
2,8,50,S,S_32,S_48,10
2,8,50,S,S_32,S_47,10
2,8,50,S,S_33,S_34,9.7
2,8,50,S,S_33,S_42,9.7
2,8,50,S,S_33,S_40,9.7
2,8,50,S,S_33,S_49,9.7
2,8,50,S,S_33,S_35,10
2,8,50,S,S_33,S_44,10.3
2,8,50,S,S_34,S_47,9.7
2,8,50,S,S_34,S_44,10
2,8,50,S,S_35,S_43,9.7
2,8,50,S,S_35,S_46,10
2,8,50,S,S_35,S_49,10
2,8,50,S,S_35,S_44,10
2,8,50,S,S_36,S_47,9.7
2,8,50,S,S_36,S_42,10
2,8,50,S,S_36,S_44,10
2,8,50,S,S_37,S_41,9.7
2,8,50,S,S_37,S_43,9.7
2,8,50,S,S_37,S_39,9.7
2,8,50,S,S_37,S_49,10
2,8,50,S,S_37,S_47,10
2,8,50,S,S_38,S_47,9.4
2,8,50,S,S_38,S_50,9.7
2,8,50,S,S_38,S_41,10
2,8,50,S,S_38,S_39,10
2,8,50,S,S_38,S_42,10
2,8,50,S,S_39,S_44,9.4
2,8,50,S,S_40,S_42,9.7
2,8,50,S,S_41,S_42,9.4
2,8,50,S,S_41,S_46,9.4
2,8,50,S,S_42,S_46,9.4
2,8,50,S,S_42,S_49,9.7
2,8,50,S,S_42,S_47,10
2,8,50,S,S_43,S_48,9.4
2,8,50,S,S_43,S_49,9.4
2,8,50,S,S_44,S_49,9.7
2,8,50,S,S_44,S_48,10
2,8,50,S,S_44,S_50,10
2,8,50,S,S_47,S_48,10
2,9,50,S,S_1,S_19,9.4
2,9,50,S,S_1,S_29,9.4
2,9,50,S,S_1,S_37,9.4
2,9,50,S,S_1,S_43,9.4
2,9,50,S,S_1,S_18,9.4
2,9,50,S,S_1,S_46,9.7
2,9,50,S,S_1,S_6,9.7
2,9,50,S,S_1,S_35,10
2,9,50,S,S_2,S_30,9.4
2,9,50,S,S_2,S_34,9.4
2,9,50,S,S_2,S_41,9.4
2,9,50,S,S_2,S_48,9.4
2,9,50,S,S_2,S_11,9.7
2,9,50,S,S_2,S_18,9.7
2,9,50,S,S_2,S_22,9.7
2,9,50,S,S_2,S_38,9.7
2,9,50,S,S_3,S_19,9.4
2,9,50,S,S_3,S_39,9.4
2,9,50,S,S_3,S_41,9.4
2,9,50,S,S_3,S_7,9.4
2,9,50,S,S_3,S_14,9.4
2,9,50,S,S_3,S_32,9.4
2,9,50,S,S_3,S_38,9.4
2,9,50,S,S_3,S_21,9.4
2,9,50,S,S_3,S_17,9.7
2,9,50,S,S_3,S_18,9.7
2,9,50,S,S_3,S_24,9.7
2,9,50,S,S_3,S_31,9.7
2,9,50,S,S_3,S_27,9.7
2,9,50,S,S_3,S_28,9.7
2,9,50,S,S_3,S_50,9.7
2,9,50,S,S_3,S_35,10
2,9,50,S,S_3,S_49,10
2,9,50,S,S_3,S_29,10
2,9,50,S,S_3,S_40,10
2,9,50,S,S_4,S_18,9.4
2,9,50,S,S_4,S_25,9.4
2,9,50,S,S_4,S_31,9.4
2,9,50,S,S_4,S_33,9.4
2,9,50,S,S_4,S_24,9.4
2,9,50,S,S_4,S_29,9.4
2,9,50,S,S_4,S_45,9.4
2,9,50,S,S_4,S_32,9.4
2,9,50,S,S_4,S_39,9.4
2,9,50,S,S_4,S_47,9.4
2,9,50,S,S_4,S_23,9.7
2,9,50,S,S_4,S_8,10
2,9,50,S,S_4,S_12,10
2,9,50,S,S_4,S_16,10
2,9,50,S,S_4,S_34,10
2,9,50,S,S_4,S_36,10
2,9,50,S,S_4,S_41,10
2,9,50,S,S_5,S_24,9.4
2,9,50,S,S_5,S_33,9.4
2,9,50,S,S_5,S_18,9.4
2,9,50,S,S_5,S_45,9.4
2,9,50,S,S_5,S_27,9.4
2,9,50,S,S_5,S_38,9.4
2,9,50,S,S_5,S_15,9.4
2,9,50,S,S_5,S_17,9.4
2,9,50,S,S_5,S_44,9.4
2,9,50,S,S_5,S_9,9.4
2,9,50,S,S_5,S_14,9.4
2,9,50,S,S_5,S_20,9.7
2,9,50,S,S_5,S_43,9.7
2,9,50,S,S_5,S_8,9.7
2,9,50,S,S_5,S_12,9.7
2,9,50,S,S_5,S_28,9.7
2,9,50,S,S_5,S_39,9.7
2,9,50,S,S_5,S_23,10
2,9,50,S,S_5,S_7,10
2,9,50,S,S_5,S_21,10
2,9,50,S,S_5,S_29,10
2,9,50,S,S_6,S_25,9.4
2,9,50,S,S_6,S_45,9.4
2,9,50,S,S_6,S_47,9.4
2,9,50,S,S_6,S_9,9.4
2,9,50,S,S_6,S_15,9.4
2,9,50,S,S_6,S_21,9.4
2,9,50,S,S_6,S_24,9.4
2,9,50,S,S_6,S_43,9.4
2,9,50,S,S_6,S_44,9.4
2,9,50,S,S_6,S_38,9.7
2,9,50,S,S_6,S_39,9.7
2,9,50,S,S_6,S_49,9.7
2,9,50,S,S_6,S_22,10
2,9,50,S,S_6,S_20,10
2,9,50,S,S_6,S_40,9.4
2,9,50,S,S_6,S_17,9.7
2,9,50,S,S_6,S_29,9.7
2,9,50,S,S_6,S_26,9.7
2,9,50,S,S_6,S_30,9.7
2,9,50,S,S_6,S_50,9.4
2,9,50,S,S_6,S_23,9.7
2,9,50,S,S_6,S_27,9.7
2,9,50,S,S_6,S_34,9.7
2,9,50,S,S_6,S_35,9.7
2,9,50,S,S_6,S_33,9.7
2,9,50,S,S_6,S_37,10
2,9,50,S,S_6,S_13,10
2,9,50,S,S_6,S_19,10
2,9,50,S,S_7,S_8,9.4
2,9,50,S,S_7,S_22,9.4
2,9,50,S,S_7,S_31,9.4
2,9,50,S,S_7,S_39,9.4
2,9,50,S,S_7,S_40,9.4
2,9,50,S,S_7,S_29,9.4
2,9,50,S,S_7,S_32,9.4
2,9,50,S,S_7,S_38,9.4
2,9,50,S,S_7,S_42,9.4
2,9,50,S,S_7,S_50,9.4
2,9,50,S,S_7,S_13,9.4
2,9,50,S,S_7,S_33,9.4
2,9,50,S,S_7,S_41,9.4
2,9,50,S,S_7,S_46,9.4
2,9,50,S,S_7,S_25,9.7
2,9,50,S,S_7,S_28,9.7
2,9,50,S,S_7,S_43,9.7
2,9,50,S,S_7,S_9,9.4
2,9,50,S,S_7,S_21,9.4
2,9,50,S,S_7,S_19,9.7
2,9,50,S,S_7,S_34,9.7
2,9,50,S,S_7,S_23,10
2,9,50,S,S_7,S_26,10
2,9,50,S,S_8,S_11,9.7
2,9,50,S,S_8,S_22,9.4
2,9,50,S,S_8,S_30,9.4
2,9,50,S,S_8,S_34,9.4
2,9,50,S,S_8,S_45,9.4
2,9,50,S,S_8,S_47,9.4
2,9,50,S,S_8,S_31,9.4
2,9,50,S,S_8,S_39,9.4
2,9,50,S,S_8,S_44,9.4
2,9,50,S,S_8,S_26,9.4
2,9,50,S,S_8,S_33,9.4
2,9,50,S,S_8,S_40,9.4
2,9,50,S,S_8,S_19,9.4
2,9,50,S,S_8,S_37,9.4
2,9,50,S,S_8,S_50,9.4
2,9,50,S,S_8,S_21,9.7
2,9,50,S,S_8,S_48,9.4
2,9,50,S,S_8,S_15,9.4
2,9,50,S,S_8,S_12,10
2,9,50,S,S_8,S_17,10
2,9,50,S,S_8,S_9,10
2,9,50,S,S_9,S_20,9.4
2,9,50,S,S_9,S_39,9.4
2,9,50,S,S_9,S_14,9.4
2,9,50,S,S_9,S_21,9.4
2,9,50,S,S_9,S_44,9.4
2,9,50,S,S_9,S_10,9.7
2,9,50,S,S_9,S_42,9.7
2,9,50,S,S_9,S_43,9.7
2,9,50,S,S_9,S_12,9.7
2,9,50,S,S_9,S_22,9.7
2,9,50,S,S_9,S_11,10
2,9,50,S,S_9,S_24,10
2,9,50,S,S_9,S_35,10
2,9,50,S,S_9,S_46,10
2,9,50,S,S_10,S_25,9.4
2,9,50,S,S_10,S_23,9.4
2,9,50,S,S_10,S_31,9.4
2,9,50,S,S_10,S_43,9.7
2,9,50,S,S_10,S_40,9.7
2,9,50,S,S_10,S_47,10
2,9,50,S,S_11,S_22,9.4
2,9,50,S,S_11,S_41,9.4
2,9,50,S,S_11,S_29,9.4
2,9,50,S,S_11,S_14,9.7
2,9,50,S,S_11,S_15,9.7
2,9,50,S,S_11,S_30,10
2,9,50,S,S_11,S_37,10
2,9,50,S,S_11,S_31,10
2,9,50,S,S_12,S_31,9.7
2,9,50,S,S_12,S_13,9.7
2,9,50,S,S_12,S_38,10
2,9,50,S,S_12,S_43,10
2,9,50,S,S_12,S_46,10
2,9,50,S,S_13,S_15,9.4
2,9,50,S,S_13,S_42,9.4
2,9,50,S,S_13,S_49,9.4
2,9,50,S,S_13,S_16,9.7
2,9,50,S,S_13,S_19,9.7
2,9,50,S,S_13,S_40,9.7
2,9,50,S,S_13,S_44,9.7
2,9,50,S,S_13,S_23,9.7
2,9,50,S,S_13,S_31,9.7
2,9,50,S,S_13,S_41,9.7
2,9,50,S,S_13,S_18,10
2,9,50,S,S_13,S_43,10
2,9,50,S,S_14,S_37,9.7
2,9,50,S,S_15,S_34,9.7
2,9,50,S,S_15,S_26,10
2,9,50,S,S_15,S_17,10
2,9,50,S,S_15,S_21,10
2,9,50,S,S_15,S_45,10
2,9,50,S,S_16,S_32,10
2,9,50,S,S_16,S_19,10
2,9,50,S,S_16,S_22,10.3
2,9,50,S,S_16,S_30,10.3
2,9,50,S,S_16,S_41,10.3
2,9,50,S,S_16,S_42,10.3
2,9,50,S,S_16,S_47,10.3
2,9,50,S,S_16,S_18,10.3
2,9,50,S,S_16,S_44,10
2,9,50,S,S_16,S_25,10
2,9,50,S,S_17,S_35,9.7
2,9,50,S,S_17,S_20,9.7
2,9,50,S,S_17,S_44,9.7
2,9,50,S,S_17,S_18,10
2,9,50,S,S_17,S_31,10
2,9,50,S,S_17,S_32,10
2,9,50,S,S_17,S_19,10.3
2,9,50,S,S_17,S_24,10.3
2,9,50,S,S_17,S_26,10.3
2,9,50,S,S_17,S_28,10.3
2,9,50,S,S_17,S_25,10
2,9,50,S,S_17,S_50,10
2,9,50,S,S_17,S_22,10
2,9,50,S,S_18,S_28,9.7
2,9,50,S,S_18,S_47,9.7
2,9,50,S,S_18,S_24,10
2,9,50,S,S_18,S_31,10
2,9,50,S,S_18,S_45,10
2,9,50,S,S_18,S_40,10.3
2,9,50,S,S_18,S_44,10.3
2,9,50,S,S_18,S_32,10.3
2,9,50,S,S_18,S_50,10.3
2,9,50,S,S_18,S_22,10
2,9,50,S,S_18,S_42,10
2,9,50,S,S_18,S_37,10
2,9,50,S,S_19,S_32,9.7
2,9,50,S,S_19,S_44,9.7
2,9,50,S,S_19,S_20,9.7
2,9,50,S,S_19,S_31,9.7
2,9,50,S,S_19,S_26,10.3
2,9,50,S,S_19,S_42,10.3
2,9,50,S,S_19,S_25,10
2,9,50,S,S_20,S_28,9.7
2,9,50,S,S_20,S_30,9.7
2,9,50,S,S_20,S_36,9.7
2,9,50,S,S_20,S_35,9.7
2,9,50,S,S_20,S_40,9.7
2,9,50,S,S_20,S_26,9.7
2,9,50,S,S_20,S_42,9.7
2,9,50,S,S_20,S_43,9.7
2,9,50,S,S_20,S_21,10
2,9,50,S,S_20,S_34,10
2,9,50,S,S_20,S_27,10.3
2,9,50,S,S_20,S_44,10.3
2,9,50,S,S_20,S_47,10
2,9,50,S,S_21,S_32,9.7
2,9,50,S,S_21,S_40,9.7
2,9,50,S,S_21,S_42,10.3
2,9,50,S,S_21,S_28,10.3
2,9,50,S,S_21,S_34,10.3
2,9,50,S,S_21,S_22,10
2,9,50,S,S_21,S_35,10
2,9,50,S,S_21,S_37,10
2,9,50,S,S_21,S_47,10
2,9,50,S,S_21,S_23,10
2,9,50,S,S_21,S_29,10
2,9,50,S,S_21,S_31,10
2,9,50,S,S_21,S_24,10.3
2,9,50,S,S_21,S_50,10.3
2,9,50,S,S_21,S_36,10.6
2,9,50,S,S_21,S_38,10.6
2,9,50,S,S_21,S_41,10.6
2,9,50,S,S_21,S_45,10.6
2,9,50,S,S_21,S_25,10.3
2,9,50,S,S_21,S_49,10.3
2,9,50,S,S_22,S_44,10
2,9,50,S,S_22,S_50,10
2,9,50,S,S_22,S_26,10
2,9,50,S,S_22,S_42,9.4
2,9,50,S,S_22,S_35,10.3
2,9,50,S,S_22,S_49,10.3
2,9,50,S,S_22,S_27,10.3
2,9,50,S,S_22,S_30,10
2,9,50,S,S_22,S_37,10
2,9,50,S,S_22,S_23,9.7
2,9,50,S,S_22,S_25,9.7
2,9,50,S,S_22,S_28,9.7
2,9,50,S,S_22,S_29,9.7
2,9,50,S,S_22,S_39,10
2,9,50,S,S_22,S_34,9.7
2,9,50,S,S_22,S_33,10
2,9,50,S,S_22,S_43,10
2,9,50,S,S_22,S_36,9.7
2,9,50,S,S_22,S_41,9.7
2,9,50,S,S_22,S_47,9.7
2,9,50,S,S_22,S_40,10
2,9,50,S,S_22,S_46,10
2,9,50,S,S_23,S_31,10
2,9,50,S,S_23,S_39,10
2,9,50,S,S_23,S_40,10
2,9,50,S,S_23,S_44,10
2,9,50,S,S_23,S_26,10.3
2,9,50,S,S_23,S_28,10.3
2,9,50,S,S_23,S_24,10
2,9,50,S,S_23,S_36,9.7
2,9,50,S,S_23,S_49,9.7
2,9,50,S,S_23,S_29,9.7
2,9,50,S,S_23,S_33,9.7
2,9,50,S,S_23,S_34,9.7
2,9,50,S,S_23,S_48,9.7
2,9,50,S,S_23,S_25,10
2,9,50,S,S_23,S_41,9.7
2,9,50,S,S_23,S_50,10
2,9,50,S,S_23,S_32,9.7
2,9,50,S,S_23,S_38,9.7
2,9,50,S,S_23,S_45,9.7
2,9,50,S,S_23,S_42,10
2,9,50,S,S_23,S_30,10
2,9,50,S,S_23,S_35,10
2,9,50,S,S_24,S_42,10
2,9,50,S,S_24,S_45,10
2,9,50,S,S_24,S_50,10
2,9,50,S,S_24,S_33,10.3
2,9,50,S,S_24,S_25,10
2,9,50,S,S_24,S_26,10
2,9,50,S,S_24,S_47,10
2,9,50,S,S_24,S_43,10
2,9,50,S,S_24,S_49,10
2,9,50,S,S_24,S_30,9.7
2,9,50,S,S_24,S_34,9.7
2,9,50,S,S_24,S_38,9.7
2,9,50,S,S_24,S_27,10
2,9,50,S,S_24,S_41,10
2,9,50,S,S_24,S_48,10
2,9,50,S,S_24,S_39,10
2,9,50,S,S_24,S_40,9.7
2,9,50,S,S_24,S_29,9.7
2,9,50,S,S_24,S_37,9.7
2,9,50,S,S_24,S_44,9.7
2,9,50,S,S_24,S_35,10
2,9,50,S,S_24,S_36,10
2,9,50,S,S_25,S_26,10
2,9,50,S,S_25,S_31,10.3
2,9,50,S,S_25,S_34,10.3
2,9,50,S,S_25,S_41,10.3
2,9,50,S,S_25,S_50,10.3
2,9,50,S,S_25,S_33,10
2,9,50,S,S_25,S_42,10
2,9,50,S,S_25,S_36,9.7
2,9,50,S,S_25,S_38,9.7
2,9,50,S,S_25,S_40,9.7
2,9,50,S,S_25,S_29,10
2,9,50,S,S_25,S_47,10
2,9,50,S,S_25,S_45,9.7
2,9,50,S,S_25,S_43,10
2,9,50,S,S_25,S_39,10
2,9,50,S,S_25,S_35,9.7
2,9,50,S,S_25,S_44,10
2,9,50,S,S_25,S_48,10
2,9,50,S,S_25,S_32,10
2,9,50,S,S_26,S_30,10
2,9,50,S,S_26,S_35,10
2,9,50,S,S_26,S_39,10
2,9,50,S,S_26,S_31,10.3
2,9,50,S,S_26,S_42,10.3
2,9,50,S,S_26,S_44,10.3
2,9,50,S,S_26,S_27,10.3
2,9,50,S,S_26,S_29,10.3
2,9,50,S,S_26,S_33,10.3
2,9,50,S,S_26,S_32,10
2,9,50,S,S_26,S_43,9.4
2,9,50,S,S_26,S_49,9.4
2,9,50,S,S_26,S_36,9.4
2,9,50,S,S_26,S_41,9.7
2,9,50,S,S_26,S_50,9.7
2,9,50,S,S_26,S_38,10
2,9,50,S,S_26,S_47,10
2,9,50,S,S_26,S_34,10
2,9,50,S,S_26,S_48,10
2,9,50,S,S_26,S_45,10
2,9,50,S,S_27,S_38,9.7
2,9,50,S,S_27,S_30,10
2,9,50,S,S_27,S_36,10
2,9,50,S,S_27,S_50,10
2,9,50,S,S_27,S_45,10
2,9,50,S,S_27,S_28,9.7
2,9,50,S,S_27,S_47,10
2,9,50,S,S_27,S_46,10
2,9,50,S,S_28,S_46,9.4
2,9,50,S,S_28,S_36,9.4
2,9,50,S,S_28,S_45,9.4
2,9,50,S,S_28,S_47,9.7
2,9,50,S,S_28,S_33,9.7
2,9,50,S,S_28,S_38,10
2,9,50,S,S_28,S_32,9.7
2,9,50,S,S_28,S_42,9.7
2,9,50,S,S_28,S_29,10
2,9,50,S,S_29,S_35,9.7
2,9,50,S,S_29,S_45,9.7
2,9,50,S,S_29,S_32,10
2,9,50,S,S_29,S_46,10
2,9,50,S,S_29,S_38,9.7
2,9,50,S,S_29,S_47,9.7
2,9,50,S,S_29,S_36,10
2,9,50,S,S_29,S_39,10
2,9,50,S,S_29,S_30,10
2,9,50,S,S_29,S_49,10
2,9,50,S,S_30,S_36,9.4
2,9,50,S,S_30,S_40,10
2,9,50,S,S_30,S_42,10
2,9,50,S,S_30,S_44,10
2,9,50,S,S_30,S_31,10
2,9,50,S,S_31,S_35,9.4
2,9,50,S,S_31,S_34,9.7
2,9,50,S,S_31,S_44,9.7
2,9,50,S,S_31,S_46,9.7
2,9,50,S,S_31,S_50,10
2,9,50,S,S_31,S_36,9.7
2,9,50,S,S_31,S_41,9.7
2,9,50,S,S_31,S_32,10
2,9,50,S,S_31,S_42,10
2,9,50,S,S_32,S_49,9.4
2,9,50,S,S_32,S_36,9.7
2,9,50,S,S_32,S_46,9.7
2,9,50,S,S_32,S_48,9.7
2,9,50,S,S_32,S_47,9.7
2,9,50,S,S_33,S_34,9.4
2,9,50,S,S_33,S_42,9.4
2,9,50,S,S_33,S_40,9.4
2,9,50,S,S_33,S_49,9.4
2,9,50,S,S_33,S_35,9.7
2,9,50,S,S_33,S_44,10
2,9,50,S,S_33,S_43,10
2,9,50,S,S_34,S_47,9.4
2,9,50,S,S_34,S_44,9.7
2,9,50,S,S_34,S_36,10
2,9,50,S,S_35,S_43,9.4
2,9,50,S,S_35,S_46,9.7
2,9,50,S,S_35,S_49,9.7
2,9,50,S,S_35,S_44,9.7
2,9,50,S,S_35,S_47,10
2,9,50,S,S_36,S_47,9.4
2,9,50,S,S_36,S_42,9.7
2,9,50,S,S_36,S_44,9.7
2,9,50,S,S_37,S_41,9.4
2,9,50,S,S_37,S_43,9.4
2,9,50,S,S_37,S_39,9.4
2,9,50,S,S_37,S_49,9.7
2,9,50,S,S_37,S_47,9.7
2,9,50,S,S_38,S_50,9.4
2,9,50,S,S_38,S_41,9.7
2,9,50,S,S_38,S_39,9.7
2,9,50,S,S_38,S_42,9.7
2,9,50,S,S_38,S_45,10
2,9,50,S,S_40,S_42,9.4
2,9,50,S,S_41,S_48,10
2,9,50,S,S_42,S_49,9.4
2,9,50,S,S_42,S_47,9.7
2,9,50,S,S_42,S_43,10
2,9,50,S,S_44,S_49,9.4
2,9,50,S,S_44,S_48,9.7
2,9,50,S,S_44,S_50,9.7
2,9,50,S,S_46,S_50,10
2,9,50,S,S_47,S_48,9.7
2,9,50,S,S_48,S_49,10
2,10,50,S,S_1,S_46,9.4
2,10,50,S,S_1,S_6,9.4
2,10,50,S,S_1,S_35,9.7
2,10,50,S,S_1,S_34,10
2,10,50,S,S_1,S_14,10
2,10,50,S,S_2,S_11,9.4
2,10,50,S,S_2,S_18,9.4
2,10,50,S,S_2,S_22,9.4
2,10,50,S,S_2,S_38,9.4
2,10,50,S,S_2,S_23,10
2,10,50,S,S_2,S_26,10
2,10,50,S,S_2,S_46,10
2,10,50,S,S_3,S_17,9.4
2,10,50,S,S_3,S_18,9.4
2,10,50,S,S_3,S_24,9.4
2,10,50,S,S_3,S_31,9.4
2,10,50,S,S_3,S_27,9.4
2,10,50,S,S_3,S_28,9.4
2,10,50,S,S_3,S_50,9.4
2,10,50,S,S_3,S_35,9.7
2,10,50,S,S_3,S_49,9.7
2,10,50,S,S_3,S_29,9.7
2,10,50,S,S_3,S_40,9.7
2,10,50,S,S_3,S_13,10
2,10,50,S,S_3,S_26,10
2,10,50,S,S_3,S_36,10
2,10,50,S,S_3,S_44,10
2,10,50,S,S_4,S_23,9.4
2,10,50,S,S_4,S_8,9.7
2,10,50,S,S_4,S_12,9.7
2,10,50,S,S_4,S_16,9.7
2,10,50,S,S_4,S_34,9.7
2,10,50,S,S_4,S_36,9.7
2,10,50,S,S_4,S_41,9.7
2,10,50,S,S_4,S_21,10
2,10,50,S,S_4,S_44,10
2,10,50,S,S_4,S_40,10
2,10,50,S,S_5,S_20,9.4
2,10,50,S,S_5,S_43,9.4
2,10,50,S,S_5,S_8,9.4
2,10,50,S,S_5,S_12,9.4
2,10,50,S,S_5,S_28,9.4
2,10,50,S,S_5,S_39,9.4
2,10,50,S,S_5,S_23,9.7
2,10,50,S,S_5,S_7,9.7
2,10,50,S,S_5,S_21,9.7
2,10,50,S,S_5,S_29,9.7
2,10,50,S,S_6,S_38,9.4
2,10,50,S,S_6,S_39,9.4
2,10,50,S,S_6,S_49,9.4
2,10,50,S,S_6,S_22,9.7
2,10,50,S,S_6,S_20,9.7
2,10,50,S,S_6,S_17,9.4
2,10,50,S,S_6,S_29,9.4
2,10,50,S,S_6,S_26,9.4
2,10,50,S,S_6,S_30,9.4
2,10,50,S,S_6,S_23,9.4
2,10,50,S,S_6,S_27,9.4
2,10,50,S,S_6,S_34,9.4
2,10,50,S,S_6,S_35,9.4
2,10,50,S,S_6,S_33,9.4
2,10,50,S,S_6,S_37,9.7
2,10,50,S,S_6,S_13,9.7
2,10,50,S,S_6,S_19,9.7
2,10,50,S,S_6,S_36,10
2,10,50,S,S_7,S_25,9.4
2,10,50,S,S_7,S_28,9.4
2,10,50,S,S_7,S_43,9.4
2,10,50,S,S_7,S_19,9.4
2,10,50,S,S_7,S_34,9.4
2,10,50,S,S_7,S_23,9.7
2,10,50,S,S_7,S_26,9.7
2,10,50,S,S_8,S_11,9.4
2,10,50,S,S_8,S_21,9.4
2,10,50,S,S_8,S_12,9.7
2,10,50,S,S_8,S_17,9.7
2,10,50,S,S_8,S_9,9.7
2,10,50,S,S_8,S_20,10
2,10,50,S,S_8,S_36,10
2,10,50,S,S_9,S_10,9.4
2,10,50,S,S_9,S_42,9.4
2,10,50,S,S_9,S_43,9.4
2,10,50,S,S_9,S_12,9.4
2,10,50,S,S_9,S_22,9.4
2,10,50,S,S_9,S_11,9.7
2,10,50,S,S_9,S_24,9.7
2,10,50,S,S_9,S_35,9.7
2,10,50,S,S_9,S_46,9.7
2,10,50,S,S_10,S_43,9.4
2,10,50,S,S_10,S_40,9.4
2,10,50,S,S_10,S_47,9.7
2,10,50,S,S_11,S_14,9.4
2,10,50,S,S_11,S_15,9.4
2,10,50,S,S_11,S_30,9.7
2,10,50,S,S_11,S_37,9.7
2,10,50,S,S_11,S_31,9.7
2,10,50,S,S_11,S_16,10
2,10,50,S,S_11,S_45,10
2,10,50,S,S_11,S_26,10
2,10,50,S,S_11,S_32,10
2,10,50,S,S_12,S_31,9.4
2,10,50,S,S_12,S_13,9.4
2,10,50,S,S_12,S_38,9.7
2,10,50,S,S_12,S_43,9.7
2,10,50,S,S_12,S_46,9.7
2,10,50,S,S_13,S_16,9.4
2,10,50,S,S_13,S_19,9.4
2,10,50,S,S_13,S_40,9.4
2,10,50,S,S_13,S_44,9.4
2,10,50,S,S_13,S_23,9.4
2,10,50,S,S_13,S_31,9.4
2,10,50,S,S_13,S_41,9.4
2,10,50,S,S_13,S_18,9.7
2,10,50,S,S_13,S_43,9.7
2,10,50,S,S_13,S_20,10
2,10,50,S,S_13,S_30,10
2,10,50,S,S_14,S_37,9.4
2,10,50,S,S_14,S_18,10
2,10,50,S,S_14,S_31,10
2,10,50,S,S_14,S_39,10
2,10,50,S,S_14,S_40,10
2,10,50,S,S_15,S_34,9.4
2,10,50,S,S_15,S_26,9.7
2,10,50,S,S_15,S_17,9.7
2,10,50,S,S_15,S_21,9.7
2,10,50,S,S_15,S_45,9.7
2,10,50,S,S_15,S_28,10
2,10,50,S,S_15,S_39,10
2,10,50,S,S_15,S_44,10
2,10,50,S,S_15,S_27,10
2,10,50,S,S_15,S_36,10
2,10,50,S,S_15,S_41,10
2,10,50,S,S_16,S_32,9.7
2,10,50,S,S_16,S_19,9.7
2,10,50,S,S_16,S_22,10
2,10,50,S,S_16,S_30,10
2,10,50,S,S_16,S_41,10
2,10,50,S,S_16,S_42,10
2,10,50,S,S_16,S_47,10
2,10,50,S,S_16,S_18,10
2,10,50,S,S_16,S_44,9.7
2,10,50,S,S_16,S_25,9.7
2,10,50,S,S_16,S_26,10
2,10,50,S,S_16,S_49,10
2,10,50,S,S_17,S_35,9.4
2,10,50,S,S_17,S_20,9.4
2,10,50,S,S_17,S_44,9.4
2,10,50,S,S_17,S_18,9.7
2,10,50,S,S_17,S_31,9.7
2,10,50,S,S_17,S_32,9.7
2,10,50,S,S_17,S_19,10
2,10,50,S,S_17,S_24,10
2,10,50,S,S_17,S_26,10
2,10,50,S,S_17,S_28,10
2,10,50,S,S_17,S_25,9.7
2,10,50,S,S_17,S_50,9.7
2,10,50,S,S_17,S_22,9.7
2,10,50,S,S_17,S_43,10
2,10,50,S,S_18,S_28,9.4
2,10,50,S,S_18,S_47,9.4
2,10,50,S,S_18,S_24,9.7
2,10,50,S,S_18,S_31,9.7
2,10,50,S,S_18,S_45,9.7
2,10,50,S,S_18,S_40,10
2,10,50,S,S_18,S_44,10
2,10,50,S,S_18,S_32,10
2,10,50,S,S_18,S_50,10
2,10,50,S,S_18,S_22,9.7
2,10,50,S,S_18,S_42,9.7
2,10,50,S,S_18,S_37,9.7
2,10,50,S,S_18,S_20,10
2,10,50,S,S_18,S_30,10
2,10,50,S,S_19,S_32,9.4
2,10,50,S,S_19,S_44,9.4
2,10,50,S,S_19,S_20,9.4
2,10,50,S,S_19,S_31,9.4
2,10,50,S,S_19,S_26,10
2,10,50,S,S_19,S_42,10
2,10,50,S,S_19,S_25,9.7
2,10,50,S,S_19,S_34,10
2,10,50,S,S_19,S_39,10
2,10,50,S,S_20,S_28,9.4
2,10,50,S,S_20,S_30,9.4
2,10,50,S,S_20,S_36,9.4
2,10,50,S,S_20,S_35,9.4
2,10,50,S,S_20,S_40,9.4
2,10,50,S,S_20,S_26,9.4
2,10,50,S,S_20,S_42,9.4
2,10,50,S,S_20,S_43,9.4
2,10,50,S,S_20,S_21,9.7
2,10,50,S,S_20,S_34,9.7
2,10,50,S,S_20,S_27,10
2,10,50,S,S_20,S_44,10
2,10,50,S,S_20,S_47,9.7
2,10,50,S,S_21,S_32,9.4
2,10,50,S,S_21,S_40,9.4
2,10,50,S,S_21,S_42,10
2,10,50,S,S_21,S_28,10
2,10,50,S,S_21,S_34,10
2,10,50,S,S_21,S_22,9.7
2,10,50,S,S_21,S_35,9.7
2,10,50,S,S_21,S_37,9.7
2,10,50,S,S_21,S_47,9.7
2,10,50,S,S_21,S_23,9.7
2,10,50,S,S_21,S_29,9.7
2,10,50,S,S_21,S_31,9.7
2,10,50,S,S_21,S_24,10
2,10,50,S,S_21,S_50,10
2,10,50,S,S_21,S_36,10.3
2,10,50,S,S_21,S_38,10.3
2,10,50,S,S_21,S_41,10.3
2,10,50,S,S_21,S_45,10.3
2,10,50,S,S_21,S_25,10
2,10,50,S,S_21,S_49,10
2,10,50,S,S_21,S_43,10
2,10,50,S,S_22,S_44,9.7
2,10,50,S,S_22,S_50,9.7
2,10,50,S,S_22,S_26,9.7
2,10,50,S,S_22,S_35,10
2,10,50,S,S_22,S_49,10
2,10,50,S,S_22,S_27,10
2,10,50,S,S_22,S_30,9.7
2,10,50,S,S_22,S_37,9.7
2,10,50,S,S_22,S_23,9.4
2,10,50,S,S_22,S_25,9.4
2,10,50,S,S_22,S_28,9.4
2,10,50,S,S_22,S_29,9.4
2,10,50,S,S_22,S_39,9.7
2,10,50,S,S_22,S_34,9.4
2,10,50,S,S_22,S_33,9.7
2,10,50,S,S_22,S_43,9.7
2,10,50,S,S_22,S_36,9.4
2,10,50,S,S_22,S_41,9.4
2,10,50,S,S_22,S_47,9.4
2,10,50,S,S_22,S_40,9.7
2,10,50,S,S_22,S_46,9.7
2,10,50,S,S_22,S_24,10
2,10,50,S,S_22,S_32,10
2,10,50,S,S_22,S_45,10
2,10,50,S,S_23,S_31,9.7
2,10,50,S,S_23,S_39,9.7
2,10,50,S,S_23,S_40,9.7
2,10,50,S,S_23,S_44,9.7
2,10,50,S,S_23,S_26,10
2,10,50,S,S_23,S_28,10
2,10,50,S,S_23,S_24,9.7
2,10,50,S,S_23,S_36,9.4
2,10,50,S,S_23,S_49,9.4
2,10,50,S,S_23,S_29,9.4
2,10,50,S,S_23,S_33,9.4
2,10,50,S,S_23,S_34,9.4
2,10,50,S,S_23,S_48,9.4
2,10,50,S,S_23,S_25,9.7
2,10,50,S,S_23,S_41,9.4
2,10,50,S,S_23,S_50,9.7
2,10,50,S,S_23,S_32,9.4
2,10,50,S,S_23,S_38,9.4
2,10,50,S,S_23,S_45,9.4
2,10,50,S,S_23,S_42,9.7
2,10,50,S,S_23,S_30,9.7
2,10,50,S,S_23,S_35,9.7
2,10,50,S,S_24,S_42,9.7
2,10,50,S,S_24,S_45,9.7
2,10,50,S,S_24,S_50,9.7
2,10,50,S,S_24,S_33,10
2,10,50,S,S_24,S_25,9.7
2,10,50,S,S_24,S_26,9.7
2,10,50,S,S_24,S_47,9.7
2,10,50,S,S_24,S_43,9.7
2,10,50,S,S_24,S_49,9.7
2,10,50,S,S_24,S_30,9.4
2,10,50,S,S_24,S_34,9.4
2,10,50,S,S_24,S_38,9.4
2,10,50,S,S_24,S_27,9.7
2,10,50,S,S_24,S_41,9.7
2,10,50,S,S_24,S_48,9.7
2,10,50,S,S_24,S_39,9.7
2,10,50,S,S_24,S_40,9.4
2,10,50,S,S_24,S_29,9.4
2,10,50,S,S_24,S_37,9.4
2,10,50,S,S_24,S_44,9.4
2,10,50,S,S_24,S_35,9.7
2,10,50,S,S_24,S_36,9.7
2,10,50,S,S_24,S_31,10
2,10,50,S,S_25,S_26,9.7
2,10,50,S,S_25,S_31,10
2,10,50,S,S_25,S_34,10
2,10,50,S,S_25,S_41,10
2,10,50,S,S_25,S_50,10
2,10,50,S,S_25,S_33,9.7
2,10,50,S,S_25,S_42,9.7
2,10,50,S,S_25,S_36,9.4
2,10,50,S,S_25,S_38,9.4
2,10,50,S,S_25,S_40,9.4
2,10,50,S,S_25,S_29,9.7
2,10,50,S,S_25,S_47,9.7
2,10,50,S,S_25,S_45,9.4
2,10,50,S,S_25,S_43,9.7
2,10,50,S,S_25,S_39,9.7
2,10,50,S,S_25,S_35,9.4
2,10,50,S,S_25,S_44,9.7
2,10,50,S,S_25,S_48,9.7
2,10,50,S,S_25,S_32,9.7
2,10,50,S,S_25,S_46,10
2,10,50,S,S_26,S_30,9.7
2,10,50,S,S_26,S_35,9.7
2,10,50,S,S_26,S_39,9.7
2,10,50,S,S_26,S_31,10
2,10,50,S,S_26,S_42,10
2,10,50,S,S_26,S_44,10
2,10,50,S,S_26,S_27,10
2,10,50,S,S_26,S_29,10
2,10,50,S,S_26,S_33,10
2,10,50,S,S_26,S_32,9.7
2,10,50,S,S_26,S_41,9.4
2,10,50,S,S_26,S_50,9.4
2,10,50,S,S_26,S_38,9.7
2,10,50,S,S_26,S_47,9.7
2,10,50,S,S_26,S_34,9.7
2,10,50,S,S_26,S_48,9.7
2,10,50,S,S_26,S_45,9.7
2,10,50,S,S_27,S_38,9.4
2,10,50,S,S_27,S_30,9.7
2,10,50,S,S_27,S_36,9.7
2,10,50,S,S_27,S_50,9.7
2,10,50,S,S_27,S_45,9.7
2,10,50,S,S_27,S_28,9.4
2,10,50,S,S_27,S_47,9.7
2,10,50,S,S_27,S_46,9.7
2,10,50,S,S_27,S_33,10
2,10,50,S,S_28,S_47,9.4
2,10,50,S,S_28,S_33,9.4
2,10,50,S,S_28,S_38,9.7
2,10,50,S,S_28,S_32,9.4
2,10,50,S,S_28,S_42,9.4
2,10,50,S,S_28,S_29,9.7
2,10,50,S,S_28,S_30,10
2,10,50,S,S_28,S_35,10
2,10,50,S,S_29,S_35,9.4
2,10,50,S,S_29,S_45,9.4
2,10,50,S,S_29,S_32,9.7
2,10,50,S,S_29,S_46,9.7
2,10,50,S,S_29,S_38,9.4
2,10,50,S,S_29,S_47,9.4
2,10,50,S,S_29,S_36,9.7
2,10,50,S,S_29,S_39,9.7
2,10,50,S,S_29,S_30,9.7
2,10,50,S,S_29,S_49,9.7
2,10,50,S,S_30,S_40,9.7
2,10,50,S,S_30,S_42,9.7
2,10,50,S,S_30,S_44,9.7
2,10,50,S,S_30,S_31,9.7
2,10,50,S,S_30,S_46,10
2,10,50,S,S_31,S_34,9.4
2,10,50,S,S_31,S_44,9.4
2,10,50,S,S_31,S_46,9.4
2,10,50,S,S_31,S_50,9.7
2,10,50,S,S_31,S_36,9.4
2,10,50,S,S_31,S_41,9.4
2,10,50,S,S_31,S_32,9.7
2,10,50,S,S_31,S_42,9.7
2,10,50,S,S_31,S_37,10
2,10,50,S,S_32,S_36,9.4
2,10,50,S,S_32,S_46,9.4
2,10,50,S,S_32,S_48,9.4
2,10,50,S,S_32,S_47,9.4
2,10,50,S,S_32,S_42,10
2,10,50,S,S_33,S_35,9.4
2,10,50,S,S_33,S_44,9.7
2,10,50,S,S_33,S_43,9.7
2,10,50,S,S_33,S_36,10
2,10,50,S,S_34,S_44,9.4
2,10,50,S,S_34,S_36,9.7
2,10,50,S,S_34,S_49,10
2,10,50,S,S_34,S_43,10
2,10,50,S,S_35,S_46,9.4
2,10,50,S,S_35,S_49,9.4
2,10,50,S,S_35,S_44,9.4
2,10,50,S,S_35,S_47,9.7
2,10,50,S,S_36,S_42,9.4
2,10,50,S,S_36,S_44,9.4
2,10,50,S,S_36,S_38,10
2,10,50,S,S_36,S_49,10
2,10,50,S,S_37,S_49,9.4
2,10,50,S,S_37,S_47,9.4
2,10,50,S,S_38,S_41,9.4
2,10,50,S,S_38,S_39,9.4
2,10,50,S,S_38,S_42,9.4
2,10,50,S,S_38,S_45,9.7
2,10,50,S,S_40,S_43,10
2,10,50,S,S_41,S_48,9.7
2,10,50,S,S_42,S_47,9.4
2,10,50,S,S_42,S_43,9.7
2,10,50,S,S_44,S_48,9.4
2,10,50,S,S_44,S_50,9.4
2,10,50,S,S_45,S_46,10
2,10,50,S,S_46,S_50,9.7
2,10,50,S,S_47,S_48,9.4
2,10,50,S,S_48,S_49,9.7
2,11,50,S,S_1,S_35,9.4
2,11,50,S,S_1,S_34,9.7
2,11,50,S,S_1,S_14,9.7
2,11,50,S,S_1,S_9,10
2,11,50,S,S_1,S_23,10
2,11,50,S,S_1,S_48,10
2,11,50,S,S_1,S_22,10
2,11,50,S,S_2,S_23,9.7
2,11,50,S,S_2,S_26,9.7
2,11,50,S,S_2,S_46,9.7
2,11,50,S,S_2,S_27,10
2,11,50,S,S_2,S_5,10
2,11,50,S,S_2,S_8,10
2,11,50,S,S_2,S_13,10
2,11,50,S,S_2,S_28,10
2,11,50,S,S_3,S_35,9.4
2,11,50,S,S_3,S_49,9.4
2,11,50,S,S_3,S_29,9.4
2,11,50,S,S_3,S_40,9.4
2,11,50,S,S_3,S_13,9.7
2,11,50,S,S_3,S_26,9.7
2,11,50,S,S_3,S_36,9.7
2,11,50,S,S_3,S_44,10.3
2,11,50,S,S_3,S_7,10
2,11,50,S,S_4,S_23,9.7
2,11,50,S,S_4,S_8,10
2,11,50,S,S_4,S_12,10
2,11,50,S,S_4,S_16,10
2,11,50,S,S_4,S_34,10
2,11,50,S,S_4,S_36,10
2,11,50,S,S_4,S_41,10
2,11,50,S,S_4,S_21,10.3
2,11,50,S,S_4,S_44,10.3
2,11,50,S,S_4,S_40,10.3
2,11,50,S,S_4,S_26,10
2,11,50,S,S_4,S_17,10
2,11,50,S,S_4,S_22,10
2,11,50,S,S_4,S_35,10
2,11,50,S,S_4,S_39,10
2,11,50,S,S_5,S_20,9.7
2,11,50,S,S_5,S_43,9.7
2,11,50,S,S_5,S_8,9.7
2,11,50,S,S_5,S_12,9.7
2,11,50,S,S_5,S_28,9.7
2,11,50,S,S_5,S_39,9.7
2,11,50,S,S_5,S_23,10
2,11,50,S,S_5,S_7,10
2,11,50,S,S_5,S_21,10
2,11,50,S,S_5,S_29,10
2,11,50,S,S_5,S_9,10
2,11,50,S,S_5,S_11,10
2,11,50,S,S_5,S_41,10
2,11,50,S,S_5,S_48,10
2,11,50,S,S_6,S_38,9.7
2,11,50,S,S_6,S_39,9.7
2,11,50,S,S_6,S_49,9.7
2,11,50,S,S_6,S_22,10
2,11,50,S,S_6,S_20,10
2,11,50,S,S_6,S_17,9.7
2,11,50,S,S_6,S_29,9.7
2,11,50,S,S_6,S_26,9.7
2,11,50,S,S_6,S_30,9.7
2,11,50,S,S_6,S_23,9.7
2,11,50,S,S_6,S_27,9.7
2,11,50,S,S_6,S_34,9.7
2,11,50,S,S_6,S_35,9.7
2,11,50,S,S_6,S_33,9.7
2,11,50,S,S_6,S_37,10
2,11,50,S,S_6,S_13,10
2,11,50,S,S_6,S_19,10
2,11,50,S,S_6,S_36,10.3
2,11,50,S,S_6,S_11,10
2,11,50,S,S_7,S_25,9.7
2,11,50,S,S_7,S_28,9.7
2,11,50,S,S_7,S_43,9.7
2,11,50,S,S_7,S_19,9.7
2,11,50,S,S_7,S_34,9.7
2,11,50,S,S_7,S_23,10
2,11,50,S,S_7,S_26,10
2,11,50,S,S_7,S_10,10
2,11,50,S,S_8,S_11,9.7
2,11,50,S,S_8,S_21,9.7
2,11,50,S,S_8,S_12,10
2,11,50,S,S_8,S_17,10
2,11,50,S,S_8,S_9,10
2,11,50,S,S_8,S_20,10.3
2,11,50,S,S_8,S_36,10.3
2,11,50,S,S_8,S_23,10
2,11,50,S,S_8,S_28,10
2,11,50,S,S_8,S_29,10
2,11,50,S,S_9,S_10,9.7
2,11,50,S,S_9,S_42,9.7
2,11,50,S,S_9,S_43,9.7
2,11,50,S,S_9,S_12,9.7
2,11,50,S,S_9,S_22,9.7
2,11,50,S,S_9,S_11,10
2,11,50,S,S_9,S_24,10
2,11,50,S,S_9,S_35,10
2,11,50,S,S_9,S_46,10
2,11,50,S,S_9,S_41,10
2,11,50,S,S_9,S_49,10
2,11,50,S,S_10,S_43,9.7
2,11,50,S,S_10,S_40,9.7
2,11,50,S,S_10,S_47,10
2,11,50,S,S_10,S_14,10
2,11,50,S,S_10,S_28,10
2,11,50,S,S_10,S_50,10
2,11,50,S,S_11,S_14,9.7
2,11,50,S,S_11,S_15,9.7
2,11,50,S,S_11,S_30,10
2,11,50,S,S_11,S_37,10
2,11,50,S,S_11,S_31,10
2,11,50,S,S_11,S_16,10.3
2,11,50,S,S_11,S_45,9.7
2,11,50,S,S_11,S_26,9.7
2,11,50,S,S_11,S_32,9.7
2,11,50,S,S_12,S_38,9.4
2,11,50,S,S_12,S_43,9.4
2,11,50,S,S_12,S_46,9.4
2,11,50,S,S_12,S_14,10
2,11,50,S,S_12,S_26,10
2,11,50,S,S_13,S_18,9.4
2,11,50,S,S_13,S_43,9.4
2,11,50,S,S_13,S_20,9.7
2,11,50,S,S_13,S_30,9.7
2,11,50,S,S_13,S_35,10
2,11,50,S,S_13,S_50,10
2,11,50,S,S_13,S_16,10
2,11,50,S,S_13,S_47,10
2,11,50,S,S_14,S_18,9.7
2,11,50,S,S_14,S_31,9.7
2,11,50,S,S_14,S_39,9.7
2,11,50,S,S_14,S_40,9.7
2,11,50,S,S_15,S_26,9.4
2,11,50,S,S_15,S_17,9.4
2,11,50,S,S_15,S_21,9.4
2,11,50,S,S_15,S_45,9.4
2,11,50,S,S_15,S_28,9.7
2,11,50,S,S_15,S_39,9.7
2,11,50,S,S_15,S_44,9.7
2,11,50,S,S_15,S_27,9.7
2,11,50,S,S_15,S_36,9.7
2,11,50,S,S_15,S_41,9.7
2,11,50,S,S_15,S_19,10
2,11,50,S,S_15,S_23,10
2,11,50,S,S_15,S_37,10
2,11,50,S,S_16,S_32,9.4
2,11,50,S,S_16,S_19,9.4
2,11,50,S,S_16,S_22,9.7
2,11,50,S,S_16,S_30,9.7
2,11,50,S,S_16,S_41,9.7
2,11,50,S,S_16,S_42,9.7
2,11,50,S,S_16,S_47,9.7
2,11,50,S,S_16,S_18,9.7
2,11,50,S,S_16,S_44,9.4
2,11,50,S,S_16,S_25,9.4
2,11,50,S,S_16,S_26,9.7
2,11,50,S,S_16,S_49,9.7
2,11,50,S,S_16,S_17,10
2,11,50,S,S_16,S_43,10
2,11,50,S,S_16,S_23,10
2,11,50,S,S_17,S_18,9.4
2,11,50,S,S_17,S_31,9.4
2,11,50,S,S_17,S_32,9.4
2,11,50,S,S_17,S_19,9.7
2,11,50,S,S_17,S_24,9.7
2,11,50,S,S_17,S_26,9.7
2,11,50,S,S_17,S_28,9.7
2,11,50,S,S_17,S_25,9.4
2,11,50,S,S_17,S_50,9.4
2,11,50,S,S_17,S_22,9.4
2,11,50,S,S_17,S_43,9.7
2,11,50,S,S_17,S_23,10
2,11,50,S,S_17,S_29,10
2,11,50,S,S_17,S_36,10
2,11,50,S,S_17,S_49,10
2,11,50,S,S_18,S_24,9.4
2,11,50,S,S_18,S_31,9.4
2,11,50,S,S_18,S_45,9.4
2,11,50,S,S_18,S_40,9.7
2,11,50,S,S_18,S_44,9.7
2,11,50,S,S_18,S_32,9.7
2,11,50,S,S_18,S_50,9.7
2,11,50,S,S_18,S_22,9.4
2,11,50,S,S_18,S_42,9.4
2,11,50,S,S_18,S_37,9.4
2,11,50,S,S_18,S_20,9.7
2,11,50,S,S_18,S_30,9.7
2,11,50,S,S_18,S_21,10
2,11,50,S,S_18,S_26,10
2,11,50,S,S_18,S_29,10
2,11,50,S,S_19,S_26,9.7
2,11,50,S,S_19,S_42,9.7
2,11,50,S,S_19,S_25,9.4
2,11,50,S,S_19,S_34,9.7
2,11,50,S,S_19,S_39,9.7
2,11,50,S,S_19,S_24,10
2,11,50,S,S_20,S_21,9.4
2,11,50,S,S_20,S_34,9.4
2,11,50,S,S_20,S_27,9.7
2,11,50,S,S_20,S_44,9.7
2,11,50,S,S_20,S_47,9.4
2,11,50,S,S_20,S_32,10
2,11,50,S,S_20,S_50,10
2,11,50,S,S_21,S_42,9.7
2,11,50,S,S_21,S_28,9.7
2,11,50,S,S_21,S_34,9.7
2,11,50,S,S_21,S_22,9.4
2,11,50,S,S_21,S_35,9.4
2,11,50,S,S_21,S_37,9.4
2,11,50,S,S_21,S_47,9.4
2,11,50,S,S_21,S_23,9.4
2,11,50,S,S_21,S_29,9.4
2,11,50,S,S_21,S_31,9.4
2,11,50,S,S_21,S_24,9.7
2,11,50,S,S_21,S_50,9.7
2,11,50,S,S_21,S_36,10
2,11,50,S,S_21,S_38,10
2,11,50,S,S_21,S_41,10
2,11,50,S,S_21,S_45,10
2,11,50,S,S_21,S_25,9.7
2,11,50,S,S_21,S_49,9.7
2,11,50,S,S_21,S_43,9.7
2,11,50,S,S_21,S_26,10
2,11,50,S,S_21,S_46,10
2,11,50,S,S_22,S_44,9.4
2,11,50,S,S_22,S_50,9.4
2,11,50,S,S_22,S_26,9.4
2,11,50,S,S_22,S_35,9.7
2,11,50,S,S_22,S_49,9.7
2,11,50,S,S_22,S_27,9.7
2,11,50,S,S_22,S_30,9.4
2,11,50,S,S_22,S_37,9.4
2,11,50,S,S_22,S_39,9.4
2,11,50,S,S_22,S_33,9.4
2,11,50,S,S_22,S_43,9.4
2,11,50,S,S_22,S_40,9.4
2,11,50,S,S_22,S_46,9.4
2,11,50,S,S_22,S_24,9.7
2,11,50,S,S_22,S_32,9.7
2,11,50,S,S_22,S_45,9.7
2,11,50,S,S_23,S_31,9.4
2,11,50,S,S_23,S_39,9.4
2,11,50,S,S_23,S_40,9.4
2,11,50,S,S_23,S_44,9.4
2,11,50,S,S_23,S_26,9.7
2,11,50,S,S_23,S_28,9.7
2,11,50,S,S_23,S_24,9.4
2,11,50,S,S_23,S_25,9.4
2,11,50,S,S_23,S_50,9.4
2,11,50,S,S_23,S_42,9.4
2,11,50,S,S_23,S_30,9.4
2,11,50,S,S_23,S_35,9.4
2,11,50,S,S_24,S_42,9.4
2,11,50,S,S_24,S_45,9.4
2,11,50,S,S_24,S_50,9.4
2,11,50,S,S_24,S_33,9.7
2,11,50,S,S_24,S_25,9.4
2,11,50,S,S_24,S_26,9.4
2,11,50,S,S_24,S_47,9.4
2,11,50,S,S_24,S_43,9.4
2,11,50,S,S_24,S_49,9.4
2,11,50,S,S_24,S_27,9.4
2,11,50,S,S_24,S_41,9.4
2,11,50,S,S_24,S_48,9.4
2,11,50,S,S_24,S_39,9.4
2,11,50,S,S_24,S_35,9.4
2,11,50,S,S_24,S_36,9.4
2,11,50,S,S_24,S_31,9.7
2,11,50,S,S_25,S_26,9.4
2,11,50,S,S_25,S_31,9.7
2,11,50,S,S_25,S_34,9.7
2,11,50,S,S_25,S_41,9.7
2,11,50,S,S_25,S_50,9.7
2,11,50,S,S_25,S_33,9.4
2,11,50,S,S_25,S_42,9.4
2,11,50,S,S_25,S_29,9.4
2,11,50,S,S_25,S_47,9.4
2,11,50,S,S_25,S_43,9.4
2,11,50,S,S_25,S_39,9.4
2,11,50,S,S_25,S_44,9.4
2,11,50,S,S_25,S_48,9.4
2,11,50,S,S_25,S_32,9.4
2,11,50,S,S_25,S_46,9.7
2,11,50,S,S_25,S_27,10
2,11,50,S,S_25,S_30,10
2,11,50,S,S_26,S_30,9.4
2,11,50,S,S_26,S_35,9.4
2,11,50,S,S_26,S_39,9.4
2,11,50,S,S_26,S_31,9.7
2,11,50,S,S_26,S_42,9.7
2,11,50,S,S_26,S_44,9.7
2,11,50,S,S_26,S_27,9.7
2,11,50,S,S_26,S_29,9.7
2,11,50,S,S_26,S_33,9.7
2,11,50,S,S_26,S_32,9.4
2,11,50,S,S_26,S_38,9.4
2,11,50,S,S_26,S_47,9.4
2,11,50,S,S_26,S_34,9.4
2,11,50,S,S_26,S_48,9.4
2,11,50,S,S_26,S_45,9.4
2,11,50,S,S_26,S_40,10
2,11,50,S,S_27,S_30,9.4
2,11,50,S,S_27,S_36,9.4
2,11,50,S,S_27,S_50,9.4
2,11,50,S,S_27,S_45,9.4
2,11,50,S,S_27,S_47,9.4
2,11,50,S,S_27,S_46,9.4
2,11,50,S,S_27,S_33,9.7
2,11,50,S,S_28,S_38,9.4
2,11,50,S,S_28,S_29,9.4
2,11,50,S,S_28,S_30,9.7
2,11,50,S,S_28,S_35,9.7
2,11,50,S,S_28,S_34,10
2,11,50,S,S_29,S_32,9.4
2,11,50,S,S_29,S_46,9.4
2,11,50,S,S_29,S_36,9.4
2,11,50,S,S_29,S_39,9.4
2,11,50,S,S_29,S_30,9.4
2,11,50,S,S_29,S_49,9.4
2,11,50,S,S_29,S_37,10
2,11,50,S,S_30,S_40,9.4
2,11,50,S,S_30,S_42,9.4
2,11,50,S,S_30,S_44,9.4
2,11,50,S,S_30,S_31,9.4
2,11,50,S,S_30,S_46,9.7
2,11,50,S,S_30,S_33,10
2,11,50,S,S_30,S_35,10
2,11,50,S,S_30,S_49,10
2,11,50,S,S_30,S_45,10
2,11,50,S,S_31,S_50,9.4
2,11,50,S,S_31,S_32,9.4
2,11,50,S,S_31,S_42,9.4
2,11,50,S,S_31,S_37,9.7
2,11,50,S,S_32,S_42,9.7
2,11,50,S,S_33,S_44,9.4
2,11,50,S,S_33,S_43,9.4
2,11,50,S,S_33,S_36,9.7
2,11,50,S,S_34,S_36,9.4
2,11,50,S,S_34,S_49,9.7
2,11,50,S,S_34,S_43,9.7
2,11,50,S,S_35,S_47,9.4
2,11,50,S,S_35,S_45,10
2,11,50,S,S_36,S_38,9.7
2,11,50,S,S_36,S_49,9.7
2,11,50,S,S_38,S_45,9.4
2,11,50,S,S_38,S_43,10
2,11,50,S,S_39,S_49,10
2,11,50,S,S_40,S_43,9.7
2,11,50,S,S_41,S_48,9.4
2,11,50,S,S_42,S_43,9.4
2,11,50,S,S_45,S_46,9.7
2,11,50,S,S_46,S_50,9.4
2,11,50,S,S_48,S_49,9.4
2,11,50,S,S_49,S_50,10
2,12,50,S,S_1,S_34,9.4
2,12,50,S,S_1,S_14,9.4
2,12,50,S,S_1,S_9,9.7
2,12,50,S,S_1,S_23,9.7
2,12,50,S,S_1,S_48,9.7
2,12,50,S,S_1,S_22,9.7
2,12,50,S,S_1,S_12,10
2,12,50,S,S_1,S_28,10
2,12,50,S,S_2,S_23,9.4
2,12,50,S,S_2,S_26,9.4
2,12,50,S,S_2,S_46,9.4
2,12,50,S,S_2,S_27,9.7
2,12,50,S,S_2,S_5,9.7
2,12,50,S,S_2,S_8,9.7
2,12,50,S,S_2,S_13,9.7
2,12,50,S,S_2,S_28,9.7
2,12,50,S,S_2,S_37,10
2,12,50,S,S_2,S_44,10
2,12,50,S,S_2,S_43,10
2,12,50,S,S_3,S_13,9.4
2,12,50,S,S_3,S_26,9.4
2,12,50,S,S_3,S_36,9.4
2,12,50,S,S_3,S_44,10
2,12,50,S,S_3,S_7,9.7
2,12,50,S,S_3,S_15,10
2,12,50,S,S_3,S_38,10
2,12,50,S,S_3,S_17,10
2,12,50,S,S_3,S_21,10
2,12,50,S,S_3,S_30,10
2,12,50,S,S_3,S_46,10
2,12,50,S,S_3,S_48,10
2,12,50,S,S_4,S_23,9.4
2,12,50,S,S_4,S_8,9.7
2,12,50,S,S_4,S_12,9.7
2,12,50,S,S_4,S_16,9.7
2,12,50,S,S_4,S_34,9.7
2,12,50,S,S_4,S_36,9.7
2,12,50,S,S_4,S_41,9.7
2,12,50,S,S_4,S_21,10
2,12,50,S,S_4,S_44,10
2,12,50,S,S_4,S_40,10
2,12,50,S,S_4,S_26,9.7
2,12,50,S,S_4,S_17,9.7
2,12,50,S,S_4,S_22,9.7
2,12,50,S,S_4,S_35,9.7
2,12,50,S,S_4,S_39,9.7
2,12,50,S,S_4,S_28,10
2,12,50,S,S_4,S_32,10
2,12,50,S,S_4,S_46,10
2,12,50,S,S_5,S_20,9.4
2,12,50,S,S_5,S_43,9.4
2,12,50,S,S_5,S_8,9.4
2,12,50,S,S_5,S_12,9.4
2,12,50,S,S_5,S_28,9.4
2,12,50,S,S_5,S_39,9.4
2,12,50,S,S_5,S_23,9.7
2,12,50,S,S_5,S_7,9.7
2,12,50,S,S_5,S_21,9.7
2,12,50,S,S_5,S_29,9.7
2,12,50,S,S_5,S_9,9.7
2,12,50,S,S_5,S_11,9.7
2,12,50,S,S_5,S_41,9.7
2,12,50,S,S_5,S_48,9.7
2,12,50,S,S_5,S_14,10
2,12,50,S,S_6,S_38,9.4
2,12,50,S,S_6,S_39,9.4
2,12,50,S,S_6,S_49,9.4
2,12,50,S,S_6,S_22,9.7
2,12,50,S,S_6,S_20,9.7
2,12,50,S,S_6,S_17,9.4
2,12,50,S,S_6,S_29,9.4
2,12,50,S,S_6,S_26,9.4
2,12,50,S,S_6,S_30,9.4
2,12,50,S,S_6,S_23,9.4
2,12,50,S,S_6,S_27,9.4
2,12,50,S,S_6,S_34,9.4
2,12,50,S,S_6,S_35,9.4
2,12,50,S,S_6,S_33,9.4
2,12,50,S,S_6,S_37,9.7
2,12,50,S,S_6,S_13,9.7
2,12,50,S,S_6,S_19,9.7
2,12,50,S,S_6,S_36,10
2,12,50,S,S_6,S_11,9.7
2,12,50,S,S_6,S_41,10
2,12,50,S,S_7,S_25,9.4
2,12,50,S,S_7,S_28,9.4
2,12,50,S,S_7,S_43,9.4
2,12,50,S,S_7,S_19,9.4
2,12,50,S,S_7,S_34,9.4
2,12,50,S,S_7,S_23,9.7
2,12,50,S,S_7,S_26,9.7
2,12,50,S,S_7,S_10,9.7
2,12,50,S,S_8,S_11,9.4
2,12,50,S,S_8,S_21,9.4
2,12,50,S,S_8,S_12,9.7
2,12,50,S,S_8,S_17,9.7
2,12,50,S,S_8,S_9,9.7
2,12,50,S,S_8,S_20,10
2,12,50,S,S_8,S_36,10
2,12,50,S,S_8,S_23,9.7
2,12,50,S,S_8,S_28,9.7
2,12,50,S,S_8,S_29,9.7
2,12,50,S,S_8,S_35,10
2,12,50,S,S_9,S_10,9.4
2,12,50,S,S_9,S_42,9.4
2,12,50,S,S_9,S_43,9.4
2,12,50,S,S_9,S_12,9.4
2,12,50,S,S_9,S_22,9.4
2,12,50,S,S_9,S_11,9.7
2,12,50,S,S_9,S_24,9.7
2,12,50,S,S_9,S_35,9.7
2,12,50,S,S_9,S_46,9.7
2,12,50,S,S_9,S_41,9.7
2,12,50,S,S_9,S_49,9.7
2,12,50,S,S_9,S_15,10
2,12,50,S,S_9,S_33,10
2,12,50,S,S_9,S_29,10
2,12,50,S,S_10,S_43,9.4
2,12,50,S,S_10,S_40,9.4
2,12,50,S,S_10,S_47,9.7
2,12,50,S,S_10,S_14,9.7
2,12,50,S,S_10,S_28,9.7
2,12,50,S,S_10,S_50,9.7
2,12,50,S,S_11,S_14,9.4
2,12,50,S,S_11,S_15,9.4
2,12,50,S,S_11,S_30,9.7
2,12,50,S,S_11,S_37,9.7
2,12,50,S,S_11,S_31,9.7
2,12,50,S,S_11,S_16,10
2,12,50,S,S_11,S_45,9.4
2,12,50,S,S_11,S_26,9.4
2,12,50,S,S_11,S_32,9.4
2,12,50,S,S_11,S_20,10
2,12,50,S,S_11,S_36,10
2,12,50,S,S_11,S_44,10
2,12,50,S,S_12,S_14,9.7
2,12,50,S,S_12,S_26,9.7
2,12,50,S,S_12,S_15,10
2,12,50,S,S_13,S_20,9.4
2,12,50,S,S_13,S_30,9.4
2,12,50,S,S_13,S_35,9.7
2,12,50,S,S_13,S_50,9.7
2,12,50,S,S_13,S_16,9.7
2,12,50,S,S_13,S_47,9.7
2,12,50,S,S_13,S_38,10
2,12,50,S,S_13,S_39,10
2,12,50,S,S_14,S_18,9.4
2,12,50,S,S_14,S_31,9.4
2,12,50,S,S_14,S_39,9.4
2,12,50,S,S_14,S_40,9.4
2,12,50,S,S_14,S_28,10
2,12,50,S,S_14,S_43,10
2,12,50,S,S_14,S_46,10
2,12,50,S,S_15,S_28,9.4
2,12,50,S,S_15,S_39,9.4
2,12,50,S,S_15,S_44,9.4
2,12,50,S,S_15,S_27,9.4
2,12,50,S,S_15,S_36,9.4
2,12,50,S,S_15,S_41,9.4
2,12,50,S,S_15,S_19,9.7
2,12,50,S,S_15,S_23,9.7
2,12,50,S,S_15,S_37,9.7
2,12,50,S,S_15,S_21,10
2,12,50,S,S_15,S_35,10
2,12,50,S,S_15,S_47,10
2,12,50,S,S_16,S_22,9.4
2,12,50,S,S_16,S_30,9.4
2,12,50,S,S_16,S_41,9.4
2,12,50,S,S_16,S_42,9.4
2,12,50,S,S_16,S_47,9.4
2,12,50,S,S_16,S_18,9.4
2,12,50,S,S_16,S_26,9.4
2,12,50,S,S_16,S_49,9.4
2,12,50,S,S_16,S_17,9.7
2,12,50,S,S_16,S_43,9.7
2,12,50,S,S_16,S_23,9.7
2,12,50,S,S_17,S_19,9.4
2,12,50,S,S_17,S_24,9.4
2,12,50,S,S_17,S_26,9.4
2,12,50,S,S_17,S_28,9.4
2,12,50,S,S_17,S_43,9.4
2,12,50,S,S_17,S_23,9.7
2,12,50,S,S_17,S_29,9.7
2,12,50,S,S_17,S_36,9.7
2,12,50,S,S_17,S_49,9.7
2,12,50,S,S_17,S_37,10
2,12,50,S,S_18,S_40,9.4
2,12,50,S,S_18,S_44,9.4
2,12,50,S,S_18,S_32,9.4
2,12,50,S,S_18,S_50,9.4
2,12,50,S,S_18,S_20,9.4
2,12,50,S,S_18,S_30,9.4
2,12,50,S,S_18,S_21,9.7
2,12,50,S,S_18,S_26,9.7
2,12,50,S,S_18,S_29,9.7
2,12,50,S,S_18,S_25,10
2,12,50,S,S_18,S_39,10
2,12,50,S,S_18,S_42,10
2,12,50,S,S_19,S_26,9.4
2,12,50,S,S_19,S_42,9.4
2,12,50,S,S_19,S_34,9.4
2,12,50,S,S_19,S_39,9.4
2,12,50,S,S_19,S_24,9.7
2,12,50,S,S_20,S_27,9.4
2,12,50,S,S_20,S_44,9.4
2,12,50,S,S_20,S_32,9.7
2,12,50,S,S_20,S_50,9.7
2,12,50,S,S_20,S_24,10
2,12,50,S,S_20,S_29,10
2,12,50,S,S_21,S_42,9.4
2,12,50,S,S_21,S_28,9.4
2,12,50,S,S_21,S_34,9.4
2,12,50,S,S_21,S_24,9.4
2,12,50,S,S_21,S_50,9.4
2,12,50,S,S_21,S_36,9.7
2,12,50,S,S_21,S_38,9.7
2,12,50,S,S_21,S_41,9.7
2,12,50,S,S_21,S_45,9.7
2,12,50,S,S_21,S_25,9.4
2,12,50,S,S_21,S_49,9.4
2,12,50,S,S_21,S_43,9.4
2,12,50,S,S_21,S_26,9.7
2,12,50,S,S_21,S_46,9.7
2,12,50,S,S_22,S_35,9.4
2,12,50,S,S_22,S_49,9.4
2,12,50,S,S_22,S_27,9.4
2,12,50,S,S_22,S_24,9.4
2,12,50,S,S_22,S_32,9.4
2,12,50,S,S_22,S_45,9.4
2,12,50,S,S_23,S_26,9.4
2,12,50,S,S_23,S_28,9.4
2,12,50,S,S_23,S_32,10
2,12,50,S,S_23,S_38,10
2,12,50,S,S_23,S_47,10
2,12,50,S,S_23,S_27,10
2,12,50,S,S_23,S_46,10
2,12,50,S,S_24,S_33,9.4
2,12,50,S,S_24,S_31,9.4
2,12,50,S,S_25,S_31,9.4
2,12,50,S,S_25,S_34,9.4
2,12,50,S,S_25,S_41,9.4
2,12,50,S,S_25,S_50,9.4
2,12,50,S,S_25,S_46,9.4
2,12,50,S,S_25,S_27,9.7
2,12,50,S,S_25,S_30,9.7
2,12,50,S,S_25,S_28,10
2,12,50,S,S_26,S_31,9.4
2,12,50,S,S_26,S_42,9.4
2,12,50,S,S_26,S_44,9.4
2,12,50,S,S_26,S_27,9.4
2,12,50,S,S_26,S_29,9.4
2,12,50,S,S_26,S_33,9.4
2,12,50,S,S_26,S_40,9.7
2,12,50,S,S_26,S_46,10
2,12,50,S,S_27,S_33,9.4
2,12,50,S,S_28,S_30,9.4
2,12,50,S,S_28,S_35,9.4
2,12,50,S,S_28,S_34,9.7
2,12,50,S,S_29,S_37,9.7
2,12,50,S,S_29,S_31,10
2,12,50,S,S_30,S_46,9.4
2,12,50,S,S_30,S_33,9.7
2,12,50,S,S_30,S_35,9.7
2,12,50,S,S_30,S_49,9.7
2,12,50,S,S_30,S_45,9.7
2,12,50,S,S_30,S_34,10
2,12,50,S,S_31,S_37,9.4
2,12,50,S,S_31,S_43,10
2,12,50,S,S_32,S_42,9.4
2,12,50,S,S_32,S_34,10
2,12,50,S,S_33,S_36,9.4
2,12,50,S,S_33,S_37,10
2,12,50,S,S_34,S_49,9.4
2,12,50,S,S_34,S_43,9.4
2,12,50,S,S_35,S_45,9.7
2,12,50,S,S_35,S_41,10
2,12,50,S,S_36,S_38,9.4
2,12,50,S,S_36,S_49,9.4
2,12,50,S,S_36,S_37,10
2,12,50,S,S_36,S_40,10
2,12,50,S,S_37,S_46,10
2,12,50,S,S_38,S_43,9.7
2,12,50,S,S_38,S_44,10
2,12,50,S,S_38,S_49,10
2,12,50,S,S_39,S_49,9.7
2,12,50,S,S_40,S_43,9.4
2,12,50,S,S_40,S_44,10
2,12,50,S,S_45,S_46,9.4
2,12,50,S,S_49,S_50,9.7
2,13,50,S,S_1,S_9,9.4
2,13,50,S,S_1,S_23,9.4
2,13,50,S,S_1,S_48,9.4
2,13,50,S,S_1,S_22,9.4
2,13,50,S,S_1,S_12,9.7
2,13,50,S,S_1,S_28,9.7
2,13,50,S,S_1,S_42,10
2,13,50,S,S_2,S_27,9.4
2,13,50,S,S_2,S_5,9.4
2,13,50,S,S_2,S_8,9.4
2,13,50,S,S_2,S_13,9.4
2,13,50,S,S_2,S_28,9.4
2,13,50,S,S_2,S_37,9.7
2,13,50,S,S_2,S_44,9.7
2,13,50,S,S_2,S_43,9.7
2,13,50,S,S_2,S_3,10
2,13,50,S,S_2,S_7,10
2,13,50,S,S_2,S_9,10
2,13,50,S,S_2,S_17,10
2,13,50,S,S_2,S_35,10
2,13,50,S,S_3,S_44,9.7
2,13,50,S,S_3,S_7,9.4
2,13,50,S,S_3,S_15,9.7
2,13,50,S,S_3,S_38,9.7
2,13,50,S,S_3,S_17,9.7
2,13,50,S,S_3,S_21,9.7
2,13,50,S,S_3,S_30,9.7
2,13,50,S,S_3,S_46,9.7
2,13,50,S,S_3,S_48,9.7
2,13,50,S,S_3,S_5,10
2,13,50,S,S_4,S_8,9.4
2,13,50,S,S_4,S_12,9.4
2,13,50,S,S_4,S_16,9.4
2,13,50,S,S_4,S_34,9.4
2,13,50,S,S_4,S_36,9.4
2,13,50,S,S_4,S_41,9.4
2,13,50,S,S_4,S_21,9.7
2,13,50,S,S_4,S_44,9.7
2,13,50,S,S_4,S_40,9.7
2,13,50,S,S_4,S_26,9.4
2,13,50,S,S_4,S_17,9.4
2,13,50,S,S_4,S_22,9.4
2,13,50,S,S_4,S_35,9.4
2,13,50,S,S_4,S_39,9.4
2,13,50,S,S_4,S_28,9.7
2,13,50,S,S_4,S_32,9.7
2,13,50,S,S_4,S_46,9.7
2,13,50,S,S_4,S_20,10
2,13,50,S,S_5,S_23,9.4
2,13,50,S,S_5,S_7,9.4
2,13,50,S,S_5,S_21,9.4
2,13,50,S,S_5,S_29,9.4
2,13,50,S,S_5,S_9,9.4
2,13,50,S,S_5,S_11,9.4
2,13,50,S,S_5,S_41,9.4
2,13,50,S,S_5,S_48,9.4
2,13,50,S,S_5,S_14,9.7
2,13,50,S,S_5,S_22,10
2,13,50,S,S_5,S_47,10
2,13,50,S,S_5,S_46,10
2,13,50,S,S_6,S_22,9.4
2,13,50,S,S_6,S_20,9.4
2,13,50,S,S_6,S_37,9.4
2,13,50,S,S_6,S_13,9.4
2,13,50,S,S_6,S_19,9.4
2,13,50,S,S_6,S_36,9.7
2,13,50,S,S_6,S_11,9.4
2,13,50,S,S_6,S_41,9.7
2,13,50,S,S_6,S_46,10
2,13,50,S,S_7,S_23,9.4
2,13,50,S,S_7,S_26,9.4
2,13,50,S,S_7,S_10,9.4
2,13,50,S,S_7,S_17,10
2,13,50,S,S_8,S_12,9.4
2,13,50,S,S_8,S_17,9.4
2,13,50,S,S_8,S_9,9.4
2,13,50,S,S_8,S_20,9.7
2,13,50,S,S_8,S_36,9.7
2,13,50,S,S_8,S_23,9.4
2,13,50,S,S_8,S_28,9.4
2,13,50,S,S_8,S_29,9.4
2,13,50,S,S_8,S_35,9.7
2,13,50,S,S_8,S_10,10
2,13,50,S,S_9,S_11,9.4
2,13,50,S,S_9,S_24,9.4
2,13,50,S,S_9,S_35,9.4
2,13,50,S,S_9,S_46,9.4
2,13,50,S,S_9,S_41,9.4
2,13,50,S,S_9,S_49,9.4
2,13,50,S,S_9,S_15,9.7
2,13,50,S,S_9,S_33,9.7
2,13,50,S,S_9,S_29,9.7
2,13,50,S,S_9,S_48,10
2,13,50,S,S_10,S_47,9.4
2,13,50,S,S_10,S_14,9.4
2,13,50,S,S_10,S_28,9.4
2,13,50,S,S_10,S_50,9.4
2,13,50,S,S_10,S_42,10
2,13,50,S,S_10,S_34,10
2,13,50,S,S_11,S_30,9.4
2,13,50,S,S_11,S_37,9.4
2,13,50,S,S_11,S_31,9.4
2,13,50,S,S_11,S_16,9.7
2,13,50,S,S_11,S_20,9.7
2,13,50,S,S_11,S_36,9.7
2,13,50,S,S_11,S_44,9.7
2,13,50,S,S_11,S_35,10
2,13,50,S,S_11,S_26,10
2,13,50,S,S_11,S_27,10
2,13,50,S,S_12,S_14,9.4
2,13,50,S,S_12,S_26,9.4
2,13,50,S,S_12,S_15,9.7
2,13,50,S,S_13,S_35,9.4
2,13,50,S,S_13,S_50,9.4
2,13,50,S,S_13,S_16,9.4
2,13,50,S,S_13,S_47,9.4
2,13,50,S,S_13,S_38,9.7
2,13,50,S,S_13,S_39,9.7
2,13,50,S,S_13,S_23,10
2,13,50,S,S_13,S_33,10
2,13,50,S,S_14,S_28,9.7
2,13,50,S,S_14,S_43,9.7
2,13,50,S,S_14,S_46,9.7
2,13,50,S,S_14,S_27,10
2,13,50,S,S_15,S_19,9.4
2,13,50,S,S_15,S_23,9.4
2,13,50,S,S_15,S_37,9.4
2,13,50,S,S_15,S_21,9.7
2,13,50,S,S_15,S_35,9.7
2,13,50,S,S_15,S_47,9.7
2,13,50,S,S_15,S_16,10
2,13,50,S,S_16,S_17,9.4
2,13,50,S,S_16,S_43,9.4
2,13,50,S,S_16,S_23,9.4
2,13,50,S,S_16,S_48,10
2,13,50,S,S_17,S_23,9.4
2,13,50,S,S_17,S_29,9.4
2,13,50,S,S_17,S_36,9.4
2,13,50,S,S_17,S_49,9.4
2,13,50,S,S_17,S_37,9.7
2,13,50,S,S_17,S_34,10
2,13,50,S,S_17,S_39,10
2,13,50,S,S_17,S_41,10
2,13,50,S,S_17,S_38,10
2,13,50,S,S_17,S_47,10
2,13,50,S,S_18,S_21,9.4
2,13,50,S,S_18,S_26,9.4
2,13,50,S,S_18,S_29,9.4
2,13,50,S,S_18,S_25,9.7
2,13,50,S,S_18,S_39,9.7
2,13,50,S,S_18,S_42,9.7
2,13,50,S,S_18,S_46,10
2,13,50,S,S_19,S_24,9.4
2,13,50,S,S_19,S_34,10
2,13,50,S,S_20,S_32,9.4
2,13,50,S,S_20,S_50,9.4
2,13,50,S,S_20,S_24,9.7
2,13,50,S,S_20,S_29,9.7
2,13,50,S,S_20,S_47,10
2,13,50,S,S_21,S_36,9.4
2,13,50,S,S_21,S_38,9.4
2,13,50,S,S_21,S_41,9.4
2,13,50,S,S_21,S_45,9.4
2,13,50,S,S_21,S_26,9.4
2,13,50,S,S_21,S_46,9.4
2,13,50,S,S_21,S_39,10
2,13,50,S,S_21,S_30,10
2,13,50,S,S_21,S_33,10
2,13,50,S,S_22,S_40,10
2,13,50,S,S_23,S_32,9.7
2,13,50,S,S_23,S_38,9.7
2,13,50,S,S_23,S_47,9.7
2,13,50,S,S_23,S_27,9.7
2,13,50,S,S_23,S_46,9.7
2,13,50,S,S_23,S_45,10
2,13,50,S,S_25,S_27,9.4
2,13,50,S,S_25,S_30,9.4
2,13,50,S,S_25,S_28,9.7
2,13,50,S,S_26,S_40,9.4
2,13,50,S,S_26,S_46,9.7
2,13,50,S,S_28,S_34,9.4
2,13,50,S,S_29,S_37,9.4
2,13,50,S,S_29,S_31,9.7
2,13,50,S,S_29,S_36,10
2,13,50,S,S_29,S_41,10
2,13,50,S,S_30,S_33,9.4
2,13,50,S,S_30,S_35,9.4
2,13,50,S,S_30,S_49,9.4
2,13,50,S,S_30,S_45,9.4
2,13,50,S,S_30,S_34,9.7
2,13,50,S,S_30,S_31,10
2,13,50,S,S_31,S_43,9.7
2,13,50,S,S_31,S_32,10
2,13,50,S,S_32,S_34,9.7
2,13,50,S,S_32,S_35,10
2,13,50,S,S_33,S_37,9.7
2,13,50,S,S_35,S_45,9.4
2,13,50,S,S_35,S_41,9.7
2,13,50,S,S_35,S_39,10
2,13,50,S,S_36,S_37,9.7
2,13,50,S,S_36,S_40,9.7
2,13,50,S,S_36,S_41,10
2,13,50,S,S_37,S_46,9.7
2,13,50,S,S_37,S_38,10
2,13,50,S,S_38,S_43,9.4
2,13,50,S,S_38,S_44,9.7
2,13,50,S,S_38,S_49,9.7
2,13,50,S,S_39,S_49,9.4
2,13,50,S,S_39,S_50,10
2,13,50,S,S_40,S_44,9.7
2,13,50,S,S_49,S_50,9.4
2,14,50,S,S_1,S_12,9.4
2,14,50,S,S_1,S_28,9.4
2,14,50,S,S_1,S_42,9.7
2,14,50,S,S_1,S_24,10
2,14,50,S,S_1,S_36,10
2,14,50,S,S_1,S_4,10
2,14,50,S,S_2,S_37,9.4
2,14,50,S,S_2,S_44,9.4
2,14,50,S,S_2,S_43,9.4
2,14,50,S,S_2,S_3,9.7
2,14,50,S,S_2,S_7,9.7
2,14,50,S,S_2,S_9,9.7
2,14,50,S,S_2,S_17,9.7
2,14,50,S,S_2,S_35,9.7
2,14,50,S,S_2,S_40,10
2,14,50,S,S_2,S_32,10
2,14,50,S,S_3,S_44,9.4
2,14,50,S,S_3,S_15,9.4
2,14,50,S,S_3,S_38,9.4
2,14,50,S,S_3,S_17,9.4
2,14,50,S,S_3,S_21,9.4
2,14,50,S,S_3,S_30,9.4
2,14,50,S,S_3,S_46,9.4
2,14,50,S,S_3,S_48,9.4
2,14,50,S,S_3,S_5,9.7
2,14,50,S,S_3,S_20,10
2,14,50,S,S_3,S_24,10
2,14,50,S,S_3,S_27,10
2,14,50,S,S_4,S_21,9.4
2,14,50,S,S_4,S_44,9.4
2,14,50,S,S_4,S_40,9.4
2,14,50,S,S_4,S_28,9.4
2,14,50,S,S_4,S_32,9.4
2,14,50,S,S_4,S_46,9.4
2,14,50,S,S_4,S_20,9.7
2,14,50,S,S_5,S_14,9.4
2,14,50,S,S_5,S_22,9.7
2,14,50,S,S_5,S_47,9.7
2,14,50,S,S_5,S_46,9.7
2,14,50,S,S_6,S_36,9.4
2,14,50,S,S_6,S_41,9.4
2,14,50,S,S_6,S_46,9.7
2,14,50,S,S_7,S_17,9.7
2,14,50,S,S_7,S_44,10
2,14,50,S,S_7,S_47,10
2,14,50,S,S_8,S_20,9.4
2,14,50,S,S_8,S_36,9.4
2,14,50,S,S_8,S_35,9.4
2,14,50,S,S_8,S_10,9.7
2,14,50,S,S_8,S_25,10
2,14,50,S,S_9,S_15,9.4
2,14,50,S,S_9,S_33,9.4
2,14,50,S,S_9,S_29,9.4
2,14,50,S,S_9,S_48,9.7
2,14,50,S,S_10,S_42,9.7
2,14,50,S,S_10,S_34,9.7
2,14,50,S,S_10,S_45,10
2,14,50,S,S_11,S_16,9.4
2,14,50,S,S_11,S_20,9.4
2,14,50,S,S_11,S_36,9.4
2,14,50,S,S_11,S_44,9.4
2,14,50,S,S_11,S_35,9.7
2,14,50,S,S_11,S_26,9.7
2,14,50,S,S_11,S_27,9.7
2,14,50,S,S_12,S_15,9.4
2,14,50,S,S_12,S_38,10
2,14,50,S,S_12,S_18,10
2,14,50,S,S_12,S_20,10
2,14,50,S,S_12,S_29,10
2,14,50,S,S_12,S_43,10
2,14,50,S,S_13,S_38,9.4
2,14,50,S,S_13,S_39,9.4
2,14,50,S,S_13,S_23,9.7
2,14,50,S,S_13,S_33,9.7
2,14,50,S,S_13,S_43,10
2,14,50,S,S_13,S_44,10
2,14,50,S,S_13,S_45,10
2,14,50,S,S_13,S_17,10
2,14,50,S,S_14,S_28,9.4
2,14,50,S,S_14,S_43,9.4
2,14,50,S,S_14,S_46,9.4
2,14,50,S,S_14,S_27,9.7
2,14,50,S,S_14,S_15,10
2,14,50,S,S_14,S_45,10
2,14,50,S,S_15,S_21,9.4
2,14,50,S,S_15,S_35,9.4
2,14,50,S,S_15,S_47,9.4
2,14,50,S,S_15,S_16,9.7
2,14,50,S,S_15,S_24,10
2,14,50,S,S_15,S_44,10
2,14,50,S,S_16,S_48,9.7
2,14,50,S,S_16,S_25,10
2,14,50,S,S_17,S_37,9.4
2,14,50,S,S_17,S_34,9.7
2,14,50,S,S_17,S_39,9.7
2,14,50,S,S_17,S_41,9.7
2,14,50,S,S_17,S_38,9.7
2,14,50,S,S_17,S_47,9.7
2,14,50,S,S_18,S_25,9.4
2,14,50,S,S_18,S_39,9.4
2,14,50,S,S_18,S_42,9.4
2,14,50,S,S_18,S_46,9.7
2,14,50,S,S_18,S_37,10
2,14,50,S,S_18,S_20,10
2,14,50,S,S_18,S_22,10
2,14,50,S,S_19,S_34,9.7
2,14,50,S,S_19,S_23,10
2,14,50,S,S_19,S_46,10
2,14,50,S,S_20,S_24,9.4
2,14,50,S,S_20,S_29,9.4
2,14,50,S,S_20,S_47,9.7
2,14,50,S,S_21,S_39,9.7
2,14,50,S,S_21,S_30,9.7
2,14,50,S,S_21,S_33,9.7
2,14,50,S,S_21,S_43,10
2,14,50,S,S_22,S_40,9.7
2,14,50,S,S_22,S_46,10
2,14,50,S,S_23,S_32,9.4
2,14,50,S,S_23,S_38,9.4
2,14,50,S,S_23,S_47,9.4
2,14,50,S,S_23,S_27,9.4
2,14,50,S,S_23,S_46,9.4
2,14,50,S,S_23,S_45,9.7
2,14,50,S,S_24,S_32,10
2,14,50,S,S_25,S_28,9.4
2,14,50,S,S_26,S_46,9.4
2,14,50,S,S_26,S_28,10
2,14,50,S,S_27,S_31,10
2,14,50,S,S_27,S_39,10
2,14,50,S,S_29,S_31,9.4
2,14,50,S,S_29,S_36,9.7
2,14,50,S,S_29,S_41,9.7
2,14,50,S,S_29,S_30,10
2,14,50,S,S_29,S_34,10
2,14,50,S,S_30,S_34,9.4
2,14,50,S,S_30,S_31,9.7
2,14,50,S,S_30,S_39,10
2,14,50,S,S_30,S_45,10
2,14,50,S,S_31,S_43,9.4
2,14,50,S,S_31,S_32,9.7
2,14,50,S,S_31,S_45,10
2,14,50,S,S_32,S_34,9.4
2,14,50,S,S_32,S_35,9.7
2,14,50,S,S_32,S_40,10
2,14,50,S,S_33,S_37,9.4
2,14,50,S,S_35,S_41,9.4
2,14,50,S,S_35,S_39,9.7
2,14,50,S,S_35,S_48,10
2,14,50,S,S_36,S_37,9.4
2,14,50,S,S_36,S_40,9.4
2,14,50,S,S_36,S_41,9.7
2,14,50,S,S_37,S_46,9.4
2,14,50,S,S_37,S_38,9.7
2,14,50,S,S_37,S_44,10
2,14,50,S,S_38,S_44,9.4
2,14,50,S,S_38,S_49,9.4
2,14,50,S,S_39,S_50,9.7
2,14,50,S,S_39,S_49,10
2,14,50,S,S_40,S_44,9.4
2,14,50,S,S_49,S_50,10
2,15,50,S,S_1,S_42,9.4
2,15,50,S,S_1,S_24,9.7
2,15,50,S,S_1,S_36,9.7
2,15,50,S,S_1,S_4,9.7
2,15,50,S,S_2,S_3,9.4
2,15,50,S,S_2,S_7,9.4
2,15,50,S,S_2,S_9,9.4
2,15,50,S,S_2,S_17,9.4
2,15,50,S,S_2,S_35,9.4
2,15,50,S,S_2,S_40,9.7
2,15,50,S,S_2,S_32,9.7
2,15,50,S,S_2,S_25,10
2,15,50,S,S_3,S_5,9.4
2,15,50,S,S_3,S_20,9.7
2,15,50,S,S_3,S_24,9.7
2,15,50,S,S_3,S_27,9.7
2,15,50,S,S_3,S_6,10
2,15,50,S,S_3,S_10,10
2,15,50,S,S_3,S_11,10
2,15,50,S,S_3,S_43,10
2,15,50,S,S_4,S_20,9.4
2,15,50,S,S_5,S_22,9.4
2,15,50,S,S_5,S_47,9.4
2,15,50,S,S_5,S_46,9.4
2,15,50,S,S_5,S_19,10
2,15,50,S,S_6,S_46,9.4
2,15,50,S,S_6,S_14,10
2,15,50,S,S_6,S_32,10
2,15,50,S,S_7,S_17,9.4
2,15,50,S,S_7,S_44,9.7
2,15,50,S,S_7,S_47,9.7
2,15,50,S,S_7,S_48,10
2,15,50,S,S_8,S_10,9.4
2,15,50,S,S_8,S_25,9.7
2,15,50,S,S_9,S_48,9.4
2,15,50,S,S_9,S_18,10
2,15,50,S,S_10,S_42,9.4
2,15,50,S,S_10,S_34,9.4
2,15,50,S,S_10,S_45,9.7
2,15,50,S,S_10,S_27,10
2,15,50,S,S_11,S_35,9.4
2,15,50,S,S_11,S_26,9.4
2,15,50,S,S_11,S_27,9.4
2,15,50,S,S_12,S_38,9.7
2,15,50,S,S_12,S_18,9.7
2,15,50,S,S_12,S_20,9.7
2,15,50,S,S_12,S_29,9.7
2,15,50,S,S_12,S_43,9.7
2,15,50,S,S_12,S_46,10
2,15,50,S,S_13,S_23,9.4
2,15,50,S,S_13,S_33,9.4
2,15,50,S,S_13,S_43,9.7
2,15,50,S,S_13,S_44,9.7
2,15,50,S,S_13,S_45,9.7
2,15,50,S,S_13,S_17,9.7
2,15,50,S,S_13,S_40,10
2,15,50,S,S_14,S_27,9.4
2,15,50,S,S_14,S_15,9.7
2,15,50,S,S_14,S_45,9.7
2,15,50,S,S_14,S_33,10
2,15,50,S,S_15,S_16,9.4
2,15,50,S,S_15,S_24,9.7
2,15,50,S,S_15,S_44,9.7
2,15,50,S,S_15,S_41,10
2,15,50,S,S_16,S_48,9.4
2,15,50,S,S_16,S_25,9.7
2,15,50,S,S_16,S_40,10
2,15,50,S,S_16,S_45,10
2,15,50,S,S_17,S_34,9.4
2,15,50,S,S_17,S_39,9.4
2,15,50,S,S_17,S_41,9.4
2,15,50,S,S_17,S_38,9.4
2,15,50,S,S_17,S_47,9.4
2,15,50,S,S_17,S_40,10
2,15,50,S,S_17,S_49,10
2,15,50,S,S_18,S_46,9.4
2,15,50,S,S_18,S_37,9.7
2,15,50,S,S_18,S_20,9.7
2,15,50,S,S_18,S_22,9.7
2,15,50,S,S_18,S_36,10
2,15,50,S,S_18,S_39,10
2,15,50,S,S_19,S_34,9.4
2,15,50,S,S_19,S_23,9.7
2,15,50,S,S_19,S_46,9.7
2,15,50,S,S_19,S_39,10
2,15,50,S,S_20,S_47,9.4
2,15,50,S,S_20,S_50,10
2,15,50,S,S_20,S_45,10
2,15,50,S,S_21,S_39,9.4
2,15,50,S,S_21,S_30,9.4
2,15,50,S,S_21,S_33,9.4
2,15,50,S,S_21,S_43,9.7
2,15,50,S,S_21,S_48,10
2,15,50,S,S_22,S_40,9.4
2,15,50,S,S_22,S_46,9.7
2,15,50,S,S_23,S_45,9.4
2,15,50,S,S_23,S_46,10
2,15,50,S,S_24,S_32,9.7
2,15,50,S,S_24,S_44,10
2,15,50,S,S_26,S_28,9.7
2,15,50,S,S_26,S_37,10
2,15,50,S,S_27,S_31,9.7
2,15,50,S,S_27,S_39,9.7
2,15,50,S,S_27,S_43,10
2,15,50,S,S_29,S_36,9.4
2,15,50,S,S_29,S_41,9.4
2,15,50,S,S_29,S_30,9.7
2,15,50,S,S_29,S_34,9.7
2,15,50,S,S_30,S_31,9.4
2,15,50,S,S_30,S_39,9.7
2,15,50,S,S_30,S_45,9.7
2,15,50,S,S_30,S_35,10
2,15,50,S,S_31,S_32,9.4
2,15,50,S,S_31,S_45,9.7
2,15,50,S,S_32,S_35,9.4
2,15,50,S,S_32,S_40,9.7
2,15,50,S,S_35,S_39,9.4
2,15,50,S,S_35,S_48,9.7
2,15,50,S,S_35,S_50,10
2,15,50,S,S_36,S_41,9.4
2,15,50,S,S_36,S_48,10
2,15,50,S,S_37,S_38,9.4
2,15,50,S,S_37,S_44,9.7
2,15,50,S,S_37,S_42,10
2,15,50,S,S_38,S_40,10
2,15,50,S,S_39,S_50,9.4
2,15,50,S,S_39,S_49,9.7
2,15,50,S,S_39,S_45,10
2,15,50,S,S_49,S_50,9.7
2,16,50,S,S_1,S_24,9.4
2,16,50,S,S_1,S_36,9.4
2,16,50,S,S_1,S_4,9.4
2,16,50,S,S_1,S_38,10
2,16,50,S,S_1,S_13,10
2,16,50,S,S_1,S_40,10
2,16,50,S,S_2,S_40,9.4
2,16,50,S,S_2,S_32,9.4
2,16,50,S,S_2,S_25,9.7
2,16,50,S,S_2,S_47,10
2,16,50,S,S_2,S_39,10
2,16,50,S,S_3,S_20,9.4
2,16,50,S,S_3,S_24,9.4
2,16,50,S,S_3,S_27,9.4
2,16,50,S,S_3,S_6,9.7
2,16,50,S,S_3,S_10,9.7
2,16,50,S,S_3,S_11,9.7
2,16,50,S,S_3,S_43,9.7
2,16,50,S,S_3,S_23,10
2,16,50,S,S_5,S_19,9.7
2,16,50,S,S_5,S_37,10
2,16,50,S,S_6,S_14,9.7
2,16,50,S,S_6,S_32,9.7
2,16,50,S,S_7,S_44,9.4
2,16,50,S,S_7,S_47,9.4
2,16,50,S,S_7,S_48,9.7
2,16,50,S,S_8,S_25,9.4
2,16,50,S,S_8,S_49,10
2,16,50,S,S_9,S_18,9.7
2,16,50,S,S_10,S_34,9.7
2,16,50,S,S_10,S_45,10
2,16,50,S,S_10,S_27,10.3
2,16,50,S,S_10,S_13,10
2,16,50,S,S_10,S_44,10
2,16,50,S,S_11,S_35,9.7
2,16,50,S,S_11,S_26,9.7
2,16,50,S,S_11,S_27,9.7
2,16,50,S,S_12,S_38,10
2,16,50,S,S_12,S_18,10
2,16,50,S,S_12,S_20,10
2,16,50,S,S_12,S_29,10
2,16,50,S,S_12,S_43,10
2,16,50,S,S_12,S_46,10.3
2,16,50,S,S_12,S_25,10
2,16,50,S,S_12,S_33,10
2,16,50,S,S_12,S_47,10
2,16,50,S,S_13,S_23,9.7
2,16,50,S,S_13,S_33,9.7
2,16,50,S,S_13,S_43,10
2,16,50,S,S_13,S_44,10
2,16,50,S,S_13,S_45,10
2,16,50,S,S_13,S_17,10
2,16,50,S,S_13,S_40,10.3
2,16,50,S,S_13,S_18,10
2,16,50,S,S_13,S_27,10
2,16,50,S,S_13,S_41,10
2,16,50,S,S_13,S_47,10
2,16,50,S,S_14,S_27,9.7
2,16,50,S,S_14,S_15,10
2,16,50,S,S_14,S_45,10
2,16,50,S,S_14,S_33,10.3
2,16,50,S,S_14,S_18,10
2,16,50,S,S_14,S_23,10
2,16,50,S,S_14,S_31,10
2,16,50,S,S_15,S_16,9.7
2,16,50,S,S_15,S_24,10
2,16,50,S,S_15,S_44,10
2,16,50,S,S_15,S_41,10.3
2,16,50,S,S_15,S_40,10
2,16,50,S,S_16,S_48,9.7
2,16,50,S,S_16,S_25,10
2,16,50,S,S_16,S_40,10.3
2,16,50,S,S_16,S_45,10.3
2,16,50,S,S_16,S_20,10
2,16,50,S,S_17,S_34,9.7
2,16,50,S,S_17,S_39,9.7
2,16,50,S,S_17,S_41,9.7
2,16,50,S,S_17,S_38,9.7
2,16,50,S,S_17,S_47,9.7
2,16,50,S,S_17,S_40,10.3
2,16,50,S,S_17,S_49,10.3
2,16,50,S,S_17,S_23,10
2,16,50,S,S_18,S_46,9.7
2,16,50,S,S_18,S_37,10
2,16,50,S,S_18,S_20,10
2,16,50,S,S_18,S_22,10
2,16,50,S,S_18,S_36,10.3
2,16,50,S,S_18,S_39,10.3
2,16,50,S,S_18,S_21,10
2,16,50,S,S_19,S_34,9.7
2,16,50,S,S_19,S_23,10
2,16,50,S,S_19,S_46,10
2,16,50,S,S_19,S_39,10.3
2,16,50,S,S_20,S_47,9.7
2,16,50,S,S_20,S_50,10.3
2,16,50,S,S_20,S_45,10.3
2,16,50,S,S_20,S_29,10
2,16,50,S,S_20,S_32,10
2,16,50,S,S_20,S_33,10
2,16,50,S,S_20,S_24,10
2,16,50,S,S_21,S_39,9.7
2,16,50,S,S_21,S_30,9.7
2,16,50,S,S_21,S_33,9.7
2,16,50,S,S_21,S_43,10
2,16,50,S,S_21,S_48,10.3
2,16,50,S,S_22,S_40,9.7
2,16,50,S,S_22,S_46,10
2,16,50,S,S_22,S_31,10
2,16,50,S,S_22,S_24,10
2,16,50,S,S_23,S_45,9.7
2,16,50,S,S_23,S_46,10.3
2,16,50,S,S_23,S_43,10
2,16,50,S,S_24,S_32,10
2,16,50,S,S_24,S_44,10.3
2,16,50,S,S_24,S_28,10
2,16,50,S,S_25,S_28,10
2,16,50,S,S_25,S_37,10
2,16,50,S,S_25,S_49,10
2,16,50,S,S_26,S_28,10
2,16,50,S,S_26,S_37,10.3
2,16,50,S,S_26,S_46,10
2,16,50,S,S_27,S_31,10
2,16,50,S,S_27,S_39,10
2,16,50,S,S_27,S_43,10.3
2,16,50,S,S_27,S_40,10
2,16,50,S,S_29,S_36,9.7
2,16,50,S,S_29,S_41,9.7
2,16,50,S,S_29,S_30,10
2,16,50,S,S_29,S_34,10
2,16,50,S,S_29,S_39,10
2,16,50,S,S_29,S_49,10
2,16,50,S,S_30,S_31,9.7
2,16,50,S,S_30,S_39,10
2,16,50,S,S_30,S_45,10
2,16,50,S,S_30,S_35,10.3
2,16,50,S,S_30,S_33,10
2,16,50,S,S_31,S_32,9.7
2,16,50,S,S_31,S_45,10
2,16,50,S,S_31,S_42,10
2,16,50,S,S_32,S_35,9.7
2,16,50,S,S_32,S_40,10
2,16,50,S,S_33,S_47,10
2,16,50,S,S_33,S_48,10
2,16,50,S,S_34,S_40,10
2,16,50,S,S_35,S_39,9.7
2,16,50,S,S_35,S_48,10
2,16,50,S,S_35,S_50,10.3
2,16,50,S,S_35,S_45,10
2,16,50,S,S_35,S_47,10
2,16,50,S,S_36,S_41,9.7
2,16,50,S,S_36,S_48,10.3
2,16,50,S,S_37,S_38,9.7
2,16,50,S,S_37,S_44,10
2,16,50,S,S_37,S_42,10.3
2,16,50,S,S_38,S_40,10.3
2,16,50,S,S_38,S_43,10
2,16,50,S,S_38,S_46,10
2,16,50,S,S_39,S_50,9.7
2,16,50,S,S_39,S_49,10
2,16,50,S,S_39,S_45,10.3
2,16,50,S,S_39,S_41,10
2,16,50,S,S_40,S_46,10
2,16,50,S,S_40,S_49,10
2,16,50,S,S_46,S_49,10
2,16,50,S,S_49,S_50,10
2,17,50,S,S_1,S_24,9.7
2,17,50,S,S_1,S_36,9.7
2,17,50,S,S_1,S_4,9.7
2,17,50,S,S_1,S_38,10.3
2,17,50,S,S_1,S_13,10.3
2,17,50,S,S_1,S_40,10.3
2,17,50,S,S_1,S_25,10
2,17,50,S,S_2,S_40,9.7
2,17,50,S,S_2,S_32,9.7
2,17,50,S,S_2,S_25,10
2,17,50,S,S_2,S_47,10.3
2,17,50,S,S_2,S_39,10.3
2,17,50,S,S_2,S_14,10
2,17,50,S,S_3,S_20,9.7
2,17,50,S,S_3,S_24,9.7
2,17,50,S,S_3,S_27,9.7
2,17,50,S,S_3,S_6,10
2,17,50,S,S_3,S_10,10
2,17,50,S,S_3,S_11,9.4
2,17,50,S,S_3,S_43,9.4
2,17,50,S,S_3,S_23,9.7
2,17,50,S,S_3,S_9,10
2,17,50,S,S_3,S_50,10
2,17,50,S,S_4,S_47,10
2,17,50,S,S_4,S_10,10
2,17,50,S,S_5,S_19,9.4
2,17,50,S,S_5,S_37,9.7
2,17,50,S,S_6,S_14,9.4
2,17,50,S,S_6,S_32,9.4
2,17,50,S,S_7,S_48,9.4
2,17,50,S,S_8,S_49,9.7
2,17,50,S,S_9,S_18,9.4
2,17,50,S,S_10,S_34,9.4
2,17,50,S,S_10,S_45,9.7
2,17,50,S,S_10,S_27,10
2,17,50,S,S_10,S_13,9.7
2,17,50,S,S_10,S_44,9.7
2,17,50,S,S_11,S_35,9.4
2,17,50,S,S_11,S_26,9.4
2,17,50,S,S_11,S_27,9.4
2,17,50,S,S_11,S_45,10
2,17,50,S,S_12,S_38,9.7
2,17,50,S,S_12,S_18,9.7
2,17,50,S,S_12,S_20,9.7
2,17,50,S,S_12,S_29,9.7
2,17,50,S,S_12,S_43,9.7
2,17,50,S,S_12,S_46,10
2,17,50,S,S_12,S_25,9.7
2,17,50,S,S_12,S_33,9.7
2,17,50,S,S_12,S_47,9.7
2,17,50,S,S_13,S_23,9.4
2,17,50,S,S_13,S_33,9.4
2,17,50,S,S_13,S_43,9.7
2,17,50,S,S_13,S_44,9.7
2,17,50,S,S_13,S_45,9.7
2,17,50,S,S_13,S_17,9.7
2,17,50,S,S_13,S_40,10
2,17,50,S,S_13,S_18,9.7
2,17,50,S,S_13,S_27,9.7
2,17,50,S,S_13,S_41,9.7
2,17,50,S,S_13,S_47,9.7
2,17,50,S,S_13,S_30,10
2,17,50,S,S_13,S_38,10
2,17,50,S,S_13,S_48,10
2,17,50,S,S_14,S_27,9.4
2,17,50,S,S_14,S_15,9.7
2,17,50,S,S_14,S_45,9.7
2,17,50,S,S_14,S_33,10
2,17,50,S,S_14,S_18,9.7
2,17,50,S,S_14,S_23,9.7
2,17,50,S,S_14,S_31,9.7
2,17,50,S,S_14,S_38,10
2,17,50,S,S_14,S_46,10
2,17,50,S,S_15,S_16,9.4
2,17,50,S,S_15,S_24,9.7
2,17,50,S,S_15,S_44,9.7
2,17,50,S,S_15,S_41,10
2,17,50,S,S_15,S_40,9.7
2,17,50,S,S_15,S_22,10
2,17,50,S,S_15,S_31,10
2,17,50,S,S_15,S_17,10
2,17,50,S,S_15,S_30,10
2,17,50,S,S_16,S_48,9.4
2,17,50,S,S_16,S_25,9.7
2,17,50,S,S_16,S_40,10
2,17,50,S,S_16,S_45,10
2,17,50,S,S_16,S_20,9.7
2,17,50,S,S_16,S_23,10
2,17,50,S,S_16,S_33,10
2,17,50,S,S_16,S_39,10
2,17,50,S,S_16,S_49,10
2,17,50,S,S_17,S_34,9.4
2,17,50,S,S_17,S_39,9.4
2,17,50,S,S_17,S_41,9.4
2,17,50,S,S_17,S_38,9.4
2,17,50,S,S_17,S_47,9.4
2,17,50,S,S_17,S_40,10
2,17,50,S,S_17,S_49,10
2,17,50,S,S_17,S_23,9.7
2,17,50,S,S_17,S_43,10
2,17,50,S,S_17,S_46,10
2,17,50,S,S_18,S_46,9.4
2,17,50,S,S_18,S_37,9.7
2,17,50,S,S_18,S_20,9.7
2,17,50,S,S_18,S_22,9.7
2,17,50,S,S_18,S_36,10
2,17,50,S,S_18,S_39,10
2,17,50,S,S_18,S_21,9.7
2,17,50,S,S_18,S_29,10
2,17,50,S,S_19,S_34,9.4
2,17,50,S,S_19,S_23,9.7
2,17,50,S,S_19,S_46,9.7
2,17,50,S,S_19,S_39,10
2,17,50,S,S_20,S_47,9.4
2,17,50,S,S_20,S_50,10
2,17,50,S,S_20,S_45,10
2,17,50,S,S_20,S_29,9.7
2,17,50,S,S_20,S_32,9.7
2,17,50,S,S_20,S_33,9.7
2,17,50,S,S_20,S_24,9.7
2,17,50,S,S_20,S_37,10
2,17,50,S,S_20,S_46,10
2,17,50,S,S_21,S_39,9.4
2,17,50,S,S_21,S_30,9.4
2,17,50,S,S_21,S_33,9.4
2,17,50,S,S_21,S_43,9.7
2,17,50,S,S_21,S_48,10
2,17,50,S,S_22,S_40,9.4
2,17,50,S,S_22,S_46,9.7
2,17,50,S,S_22,S_31,9.7
2,17,50,S,S_22,S_24,9.7
2,17,50,S,S_23,S_45,9.4
2,17,50,S,S_23,S_46,10
2,17,50,S,S_23,S_43,9.7
2,17,50,S,S_24,S_32,9.7
2,17,50,S,S_24,S_44,10
2,17,50,S,S_24,S_28,9.7
2,17,50,S,S_25,S_28,9.7
2,17,50,S,S_25,S_37,9.7
2,17,50,S,S_25,S_49,9.7
2,17,50,S,S_26,S_28,9.7
2,17,50,S,S_26,S_37,10
2,17,50,S,S_26,S_46,9.7
2,17,50,S,S_27,S_31,9.7
2,17,50,S,S_27,S_39,9.7
2,17,50,S,S_27,S_43,10
2,17,50,S,S_27,S_40,9.7
2,17,50,S,S_28,S_37,10
2,17,50,S,S_29,S_36,9.4
2,17,50,S,S_29,S_41,9.4
2,17,50,S,S_29,S_30,9.7
2,17,50,S,S_29,S_34,9.7
2,17,50,S,S_29,S_39,9.7
2,17,50,S,S_29,S_49,9.7
2,17,50,S,S_30,S_31,9.4
2,17,50,S,S_30,S_39,9.7
2,17,50,S,S_30,S_45,9.7
2,17,50,S,S_30,S_35,10
2,17,50,S,S_30,S_33,9.7
2,17,50,S,S_31,S_32,9.4
2,17,50,S,S_31,S_45,9.7
2,17,50,S,S_31,S_42,9.7
2,17,50,S,S_32,S_35,9.4
2,17,50,S,S_32,S_40,9.7
2,17,50,S,S_33,S_47,9.7
2,17,50,S,S_33,S_48,9.7
2,17,50,S,S_33,S_43,10
2,17,50,S,S_34,S_40,9.7
2,17,50,S,S_34,S_39,10
2,17,50,S,S_35,S_39,9.4
2,17,50,S,S_35,S_48,9.7
2,17,50,S,S_35,S_50,10
2,17,50,S,S_35,S_45,9.7
2,17,50,S,S_35,S_47,9.7
2,17,50,S,S_36,S_41,9.4
2,17,50,S,S_36,S_48,10
2,17,50,S,S_37,S_38,9.4
2,17,50,S,S_37,S_44,9.7
2,17,50,S,S_37,S_42,10
2,17,50,S,S_38,S_40,10
2,17,50,S,S_38,S_43,9.7
2,17,50,S,S_38,S_46,9.7
2,17,50,S,S_39,S_50,9.4
2,17,50,S,S_39,S_49,9.7
2,17,50,S,S_39,S_45,10
2,17,50,S,S_39,S_41,9.7
2,17,50,S,S_40,S_46,9.7
2,17,50,S,S_40,S_49,9.7
2,17,50,S,S_45,S_49,10
2,17,50,S,S_46,S_49,9.7
2,17,50,S,S_49,S_50,9.7
2,18,50,S,S_1,S_24,9.4
2,18,50,S,S_1,S_36,9.4
2,18,50,S,S_1,S_4,9.4
2,18,50,S,S_1,S_38,10
2,18,50,S,S_1,S_13,10
2,18,50,S,S_1,S_40,10
2,18,50,S,S_1,S_25,9.7
2,18,50,S,S_1,S_15,10
2,18,50,S,S_1,S_17,10
2,18,50,S,S_2,S_40,9.4
2,18,50,S,S_2,S_32,9.4
2,18,50,S,S_2,S_25,9.7
2,18,50,S,S_2,S_47,10
2,18,50,S,S_2,S_39,10
2,18,50,S,S_2,S_14,9.7
2,18,50,S,S_2,S_24,10
2,18,50,S,S_3,S_20,9.4
2,18,50,S,S_3,S_24,9.4
2,18,50,S,S_3,S_27,9.4
2,18,50,S,S_3,S_6,9.7
2,18,50,S,S_3,S_10,9.7
2,18,50,S,S_3,S_23,9.4
2,18,50,S,S_3,S_9,9.7
2,18,50,S,S_3,S_50,9.7
2,18,50,S,S_3,S_4,10
2,18,50,S,S_3,S_25,10
2,18,50,S,S_3,S_31,10
2,18,50,S,S_4,S_47,9.7
2,18,50,S,S_4,S_10,9.7
2,18,50,S,S_4,S_30,10
2,18,50,S,S_5,S_37,9.4
2,18,50,S,S_5,S_16,10
2,18,50,S,S_6,S_10,10
2,18,50,S,S_7,S_49,10
2,18,50,S,S_8,S_49,9.4
2,18,50,S,S_10,S_45,9.4
2,18,50,S,S_10,S_27,9.7
2,18,50,S,S_10,S_13,9.4
2,18,50,S,S_10,S_44,9.4
2,18,50,S,S_10,S_48,10
2,18,50,S,S_11,S_45,9.7
2,18,50,S,S_12,S_38,9.4
2,18,50,S,S_12,S_18,9.4
2,18,50,S,S_12,S_20,9.4
2,18,50,S,S_12,S_29,9.4
2,18,50,S,S_12,S_43,9.4
2,18,50,S,S_12,S_46,9.7
2,18,50,S,S_12,S_25,9.4
2,18,50,S,S_12,S_33,9.4
2,18,50,S,S_12,S_47,9.4
2,18,50,S,S_12,S_48,10
2,18,50,S,S_13,S_43,9.4
2,18,50,S,S_13,S_44,9.4
2,18,50,S,S_13,S_45,9.4
2,18,50,S,S_13,S_17,9.4
2,18,50,S,S_13,S_40,9.7
2,18,50,S,S_13,S_18,9.4
2,18,50,S,S_13,S_27,9.4
2,18,50,S,S_13,S_41,9.4
2,18,50,S,S_13,S_47,9.4
2,18,50,S,S_13,S_30,9.7
2,18,50,S,S_13,S_38,9.7
2,18,50,S,S_13,S_48,9.7
2,18,50,S,S_13,S_14,10
2,18,50,S,S_13,S_19,10
2,18,50,S,S_13,S_22,10
2,18,50,S,S_13,S_39,10
2,18,50,S,S_14,S_15,9.4
2,18,50,S,S_14,S_45,9.4
2,18,50,S,S_14,S_33,9.7
2,18,50,S,S_14,S_18,9.4
2,18,50,S,S_14,S_23,9.4
2,18,50,S,S_14,S_31,9.4
2,18,50,S,S_14,S_38,9.7
2,18,50,S,S_14,S_46,9.7
2,18,50,S,S_15,S_24,9.4
2,18,50,S,S_15,S_44,9.4
2,18,50,S,S_15,S_41,9.7
2,18,50,S,S_15,S_40,9.4
2,18,50,S,S_15,S_22,9.7
2,18,50,S,S_15,S_31,9.7
2,18,50,S,S_15,S_17,9.7
2,18,50,S,S_15,S_30,9.7
2,18,50,S,S_15,S_47,10
2,18,50,S,S_15,S_25,10
2,18,50,S,S_15,S_45,10
2,18,50,S,S_16,S_25,9.4
2,18,50,S,S_16,S_40,9.7
2,18,50,S,S_16,S_45,9.7
2,18,50,S,S_16,S_20,9.4
2,18,50,S,S_16,S_23,9.7
2,18,50,S,S_16,S_33,9.7
2,18,50,S,S_16,S_39,9.7
2,18,50,S,S_16,S_49,9.7
2,18,50,S,S_17,S_40,9.7
2,18,50,S,S_17,S_49,9.7
2,18,50,S,S_17,S_23,9.4
2,18,50,S,S_17,S_43,9.7
2,18,50,S,S_17,S_46,9.7
2,18,50,S,S_18,S_37,9.4
2,18,50,S,S_18,S_20,9.4
2,18,50,S,S_18,S_22,9.4
2,18,50,S,S_18,S_36,9.7
2,18,50,S,S_18,S_39,9.7
2,18,50,S,S_18,S_21,9.4
2,18,50,S,S_18,S_29,9.7
2,18,50,S,S_19,S_23,9.4
2,18,50,S,S_19,S_46,9.4
2,18,50,S,S_19,S_39,9.7
2,18,50,S,S_20,S_50,9.7
2,18,50,S,S_20,S_45,9.7
2,18,50,S,S_20,S_29,9.4
2,18,50,S,S_20,S_32,9.4
2,18,50,S,S_20,S_33,9.4
2,18,50,S,S_20,S_24,9.4
2,18,50,S,S_20,S_37,9.7
2,18,50,S,S_20,S_46,9.7
2,18,50,S,S_21,S_43,9.4
2,18,50,S,S_21,S_48,9.7
2,18,50,S,S_21,S_46,10
2,18,50,S,S_22,S_46,9.4
2,18,50,S,S_22,S_31,9.4
2,18,50,S,S_22,S_24,9.4
2,18,50,S,S_23,S_46,9.7
2,18,50,S,S_23,S_43,9.4
2,18,50,S,S_23,S_27,10
2,18,50,S,S_24,S_32,9.4
2,18,50,S,S_24,S_44,9.7
2,18,50,S,S_24,S_28,9.4
2,18,50,S,S_25,S_28,9.4
2,18,50,S,S_25,S_37,9.4
2,18,50,S,S_25,S_49,9.4
2,18,50,S,S_26,S_28,9.4
2,18,50,S,S_26,S_37,9.7
2,18,50,S,S_26,S_46,9.4
2,18,50,S,S_27,S_31,9.4
2,18,50,S,S_27,S_39,9.4
2,18,50,S,S_27,S_43,9.7
2,18,50,S,S_27,S_40,9.4
2,18,50,S,S_27,S_41,10
2,18,50,S,S_28,S_37,9.7
2,18,50,S,S_29,S_30,9.4
2,18,50,S,S_29,S_34,9.4
2,18,50,S,S_29,S_39,9.4
2,18,50,S,S_29,S_49,9.4
2,18,50,S,S_30,S_39,9.4
2,18,50,S,S_30,S_45,9.4
2,18,50,S,S_30,S_35,9.7
2,18,50,S,S_30,S_33,9.4
2,18,50,S,S_30,S_49,10
2,18,50,S,S_31,S_45,9.4
2,18,50,S,S_31,S_42,9.4
2,18,50,S,S_32,S_40,9.4
2,18,50,S,S_33,S_47,9.4
2,18,50,S,S_33,S_48,9.4
2,18,50,S,S_33,S_43,9.7
2,18,50,S,S_34,S_40,9.4
2,18,50,S,S_34,S_39,9.7
2,18,50,S,S_35,S_48,9.4
2,18,50,S,S_35,S_50,9.7
2,18,50,S,S_35,S_45,9.4
2,18,50,S,S_35,S_47,9.4
2,18,50,S,S_36,S_48,9.7
2,18,50,S,S_37,S_44,9.4
2,18,50,S,S_37,S_42,9.7
2,18,50,S,S_37,S_48,10
2,18,50,S,S_38,S_40,9.7
2,18,50,S,S_38,S_43,9.4
2,18,50,S,S_38,S_46,9.4
2,18,50,S,S_39,S_49,9.4
2,18,50,S,S_39,S_45,9.7
2,18,50,S,S_39,S_41,9.4
2,18,50,S,S_40,S_46,9.4
2,18,50,S,S_40,S_49,9.4
2,18,50,S,S_43,S_44,10
2,18,50,S,S_45,S_49,9.7
2,18,50,S,S_46,S_49,9.4
2,18,50,S,S_49,S_50,9.4
2,19,50,S,S_1,S_38,9.7
2,19,50,S,S_1,S_13,9.7
2,19,50,S,S_1,S_40,9.7
2,19,50,S,S_1,S_25,9.4
2,19,50,S,S_1,S_15,9.7
2,19,50,S,S_1,S_17,9.7
2,19,50,S,S_1,S_50,10
2,19,50,S,S_2,S_25,9.4
2,19,50,S,S_2,S_47,9.7
2,19,50,S,S_2,S_39,9.7
2,19,50,S,S_2,S_14,9.4
2,19,50,S,S_2,S_24,9.7
2,19,50,S,S_3,S_6,9.4
2,19,50,S,S_3,S_10,9.4
2,19,50,S,S_3,S_9,9.4
2,19,50,S,S_3,S_50,9.4
2,19,50,S,S_3,S_4,9.7
2,19,50,S,S_3,S_25,9.7
2,19,50,S,S_3,S_31,9.7
2,19,50,S,S_3,S_42,10
2,19,50,S,S_4,S_47,9.4
2,19,50,S,S_4,S_10,9.4
2,19,50,S,S_4,S_30,9.7
2,19,50,S,S_5,S_16,9.7
2,19,50,S,S_6,S_10,9.7
2,19,50,S,S_6,S_12,10
2,19,50,S,S_6,S_16,10
2,19,50,S,S_7,S_49,9.7
2,19,50,S,S_9,S_30,10
2,19,50,S,S_10,S_27,9.4
2,19,50,S,S_10,S_48,9.7
2,19,50,S,S_10,S_46,10
2,19,50,S,S_11,S_45,9.4
2,19,50,S,S_11,S_32,10
2,19,50,S,S_12,S_46,9.4
2,19,50,S,S_12,S_48,9.7
2,19,50,S,S_13,S_40,9.4
2,19,50,S,S_13,S_30,9.4
2,19,50,S,S_13,S_38,9.4
2,19,50,S,S_13,S_48,9.4
2,19,50,S,S_13,S_14,9.7
2,19,50,S,S_13,S_19,9.7
2,19,50,S,S_13,S_22,9.7
2,19,50,S,S_13,S_39,9.7
2,19,50,S,S_14,S_33,9.4
2,19,50,S,S_14,S_38,9.4
2,19,50,S,S_14,S_46,9.4
2,19,50,S,S_14,S_21,10
2,19,50,S,S_14,S_43,10
2,19,50,S,S_15,S_41,9.4
2,19,50,S,S_15,S_22,9.4
2,19,50,S,S_15,S_31,9.4
2,19,50,S,S_15,S_17,9.4
2,19,50,S,S_15,S_30,9.4
2,19,50,S,S_15,S_47,9.7
2,19,50,S,S_15,S_25,9.7
2,19,50,S,S_15,S_45,9.7
2,19,50,S,S_15,S_28,10
2,19,50,S,S_15,S_35,10
2,19,50,S,S_15,S_43,10
2,19,50,S,S_15,S_29,10
2,19,50,S,S_16,S_40,9.4
2,19,50,S,S_16,S_45,9.4
2,19,50,S,S_16,S_23,9.4
2,19,50,S,S_16,S_33,9.4
2,19,50,S,S_16,S_39,9.4
2,19,50,S,S_16,S_49,9.4
2,19,50,S,S_17,S_40,9.4
2,19,50,S,S_17,S_49,9.4
2,19,50,S,S_17,S_43,9.4
2,19,50,S,S_17,S_46,9.4
2,19,50,S,S_17,S_50,10
2,19,50,S,S_18,S_36,9.4
2,19,50,S,S_18,S_39,9.4
2,19,50,S,S_18,S_29,9.4
2,19,50,S,S_18,S_26,10
2,19,50,S,S_18,S_41,10
2,19,50,S,S_19,S_39,9.4
2,19,50,S,S_20,S_50,9.4
2,19,50,S,S_20,S_45,9.4
2,19,50,S,S_20,S_37,9.4
2,19,50,S,S_20,S_46,9.4
2,19,50,S,S_20,S_48,10
2,19,50,S,S_21,S_48,9.4
2,19,50,S,S_21,S_46,9.7
2,19,50,S,S_23,S_46,9.4
2,19,50,S,S_23,S_27,9.7
2,19,50,S,S_23,S_47,10
2,19,50,S,S_24,S_44,9.4
2,19,50,S,S_24,S_46,10
2,19,50,S,S_26,S_37,9.4
2,19,50,S,S_27,S_43,9.4
2,19,50,S,S_27,S_41,9.7
2,19,50,S,S_27,S_37,10
2,19,50,S,S_27,S_34,10
2,19,50,S,S_28,S_37,9.4
2,19,50,S,S_30,S_35,9.4
2,19,50,S,S_30,S_49,9.7
2,19,50,S,S_32,S_33,10
2,19,50,S,S_33,S_43,9.4
2,19,50,S,S_34,S_39,9.4
2,19,50,S,S_35,S_50,9.4
2,19,50,S,S_36,S_48,9.4
2,19,50,S,S_36,S_43,10
2,19,50,S,S_36,S_46,10
2,19,50,S,S_37,S_42,9.4
2,19,50,S,S_37,S_48,9.7
2,19,50,S,S_37,S_50,10
2,19,50,S,S_38,S_40,9.4
2,19,50,S,S_39,S_45,9.4
2,19,50,S,S_40,S_48,10
2,19,50,S,S_43,S_44,9.7
2,19,50,S,S_45,S_49,9.4
2,20,50,S,S_1,S_38,9.4
2,20,50,S,S_1,S_13,9.4
2,20,50,S,S_1,S_40,9.4
2,20,50,S,S_1,S_15,9.4
2,20,50,S,S_1,S_17,9.4
2,20,50,S,S_1,S_50,9.7
2,20,50,S,S_1,S_49,10
2,20,50,S,S_2,S_47,9.4
2,20,50,S,S_2,S_39,9.4
2,20,50,S,S_2,S_24,9.4
2,20,50,S,S_3,S_4,9.4
2,20,50,S,S_3,S_25,9.4
2,20,50,S,S_3,S_31,9.4
2,20,50,S,S_3,S_42,9.7
2,20,50,S,S_3,S_18,10
2,20,50,S,S_3,S_33,10
2,20,50,S,S_4,S_30,9.4
2,20,50,S,S_5,S_16,9.4
2,20,50,S,S_5,S_44,10
2,20,50,S,S_6,S_10,9.4
2,20,50,S,S_6,S_12,9.7
2,20,50,S,S_6,S_16,9.7
2,20,50,S,S_6,S_48,10
2,20,50,S,S_7,S_49,9.4
2,20,50,S,S_9,S_30,9.7
2,20,50,S,S_9,S_34,10
2,20,50,S,S_10,S_48,9.4
2,20,50,S,S_10,S_46,9.7
2,20,50,S,S_10,S_18,10
2,20,50,S,S_10,S_38,10
2,20,50,S,S_11,S_32,9.7
2,20,50,S,S_12,S_48,9.4
2,20,50,S,S_12,S_23,10
2,20,50,S,S_13,S_14,9.4
2,20,50,S,S_13,S_19,9.4
2,20,50,S,S_13,S_22,9.4
2,20,50,S,S_13,S_39,10
2,20,50,S,S_14,S_33,9.7
2,20,50,S,S_14,S_38,9.7
2,20,50,S,S_14,S_46,9.7
2,20,50,S,S_14,S_21,10.3
2,20,50,S,S_14,S_43,10.3
2,20,50,S,S_15,S_41,9.7
2,20,50,S,S_15,S_22,9.7
2,20,50,S,S_15,S_31,9.7
2,20,50,S,S_15,S_17,9.7
2,20,50,S,S_15,S_30,9.7
2,20,50,S,S_15,S_47,10
2,20,50,S,S_15,S_25,10
2,20,50,S,S_15,S_45,10
2,20,50,S,S_15,S_28,10.3
2,20,50,S,S_15,S_35,10.3
2,20,50,S,S_15,S_43,10.3
2,20,50,S,S_15,S_29,10.3
2,20,50,S,S_15,S_39,10
2,20,50,S,S_15,S_19,10
2,20,50,S,S_16,S_40,9.7
2,20,50,S,S_16,S_45,9.7
2,20,50,S,S_16,S_23,9.7
2,20,50,S,S_16,S_33,9.7
2,20,50,S,S_16,S_39,9.7
2,20,50,S,S_16,S_49,9.7
2,20,50,S,S_17,S_40,9.7
2,20,50,S,S_17,S_49,9.7
2,20,50,S,S_17,S_43,9.7
2,20,50,S,S_17,S_46,9.7
2,20,50,S,S_17,S_50,10.3
2,20,50,S,S_17,S_45,10
2,20,50,S,S_17,S_48,10
2,20,50,S,S_18,S_36,9.7
2,20,50,S,S_18,S_39,9.7
2,20,50,S,S_18,S_29,9.7
2,20,50,S,S_18,S_26,10.3
2,20,50,S,S_18,S_41,10.3
2,20,50,S,S_19,S_39,9.7
2,20,50,S,S_19,S_48,10
2,20,50,S,S_20,S_50,9.7
2,20,50,S,S_20,S_45,9.7
2,20,50,S,S_20,S_37,9.7
2,20,50,S,S_20,S_46,9.7
2,20,50,S,S_20,S_48,10.3
2,20,50,S,S_21,S_48,9.7
2,20,50,S,S_21,S_46,10
2,20,50,S,S_23,S_46,9.7
2,20,50,S,S_23,S_27,10
2,20,50,S,S_23,S_47,10.3
2,20,50,S,S_24,S_44,9.7
2,20,50,S,S_24,S_46,10.3
2,20,50,S,S_25,S_37,10
2,20,50,S,S_26,S_37,9.7
2,20,50,S,S_27,S_43,9.7
2,20,50,S,S_27,S_41,10
2,20,50,S,S_27,S_37,10.3
2,20,50,S,S_27,S_34,10.3
2,20,50,S,S_27,S_40,10
2,20,50,S,S_27,S_48,10
2,20,50,S,S_28,S_37,9.7
2,20,50,S,S_28,S_48,10
2,20,50,S,S_30,S_35,9.7
2,20,50,S,S_30,S_49,10
2,20,50,S,S_32,S_33,10.3
2,20,50,S,S_33,S_43,9.7
2,20,50,S,S_33,S_47,10
2,20,50,S,S_34,S_39,9.7
2,20,50,S,S_34,S_35,10
2,20,50,S,S_34,S_37,10
2,20,50,S,S_35,S_50,9.7
2,20,50,S,S_36,S_48,9.7
2,20,50,S,S_36,S_43,10.3
2,20,50,S,S_36,S_46,10.3
2,20,50,S,S_36,S_50,10
2,20,50,S,S_37,S_42,9.7
2,20,50,S,S_37,S_48,10
2,20,50,S,S_37,S_50,10.3
2,20,50,S,S_38,S_40,9.7
2,20,50,S,S_39,S_45,9.7
2,20,50,S,S_39,S_47,10
2,20,50,S,S_40,S_48,10.3
2,20,50,S,S_43,S_44,10
2,20,50,S,S_45,S_49,9.7
