network_id,iteration,num_agents,skill_type,source,target,weight
1,1,50,S++,S++_1,S++_12,10
1,1,50,S++,S++_1,S++_14,10
1,1,50,S++,S++_1,S++_18,10
1,1,50,S++,S++_1,S++_24,10
1,1,50,S++,S++_1,S++_26,10
1,1,50,S++,S++_1,S++_33,10
1,1,50,S++,S++_1,S++_6,10
1,1,50,S++,S++_1,S++_44,10
1,1,50,S++,S++_1,S++_45,10
1,1,50,S++,S++_2,S++_39,9.7
1,1,50,S++,S++_2,S++_11,10
1,1,50,S++,S++_2,S++_25,10
1,1,50,S++,S++_2,S++_33,10
1,1,50,S++,S++_2,S++_41,10
1,1,50,S++,S++_2,S++_6,10
1,1,50,S++,S++_2,S++_49,10
1,1,50,S++,S++_3,S++_11,10
1,1,50,S++,S++_3,S++_21,10
1,1,50,S++,S++_3,S++_22,10
1,1,50,S++,S++_3,S++_24,10
1,1,50,S++,S++_3,S++_17,10
1,1,50,S++,S++_3,S++_32,10
1,1,50,S++,S++_3,S++_33,10
1,1,50,S++,S++_3,S++_35,10
1,1,50,S++,S++_3,S++_40,10
1,1,50,S++,S++_4,S++_7,10
1,1,50,S++,S++_4,S++_27,10
1,1,50,S++,S++_4,S++_31,10
1,1,50,S++,S++_4,S++_46,10
1,1,50,S++,S++_4,S++_5,10
1,1,50,S++,S++_4,S++_8,10
1,1,50,S++,S++_4,S++_15,10
1,1,50,S++,S++_4,S++_45,10
1,1,50,S++,S++_5,S++_15,10
1,1,50,S++,S++_5,S++_10,10
1,1,50,S++,S++_5,S++_14,10
1,1,50,S++,S++_5,S++_18,10
1,1,50,S++,S++_5,S++_24,10
1,1,50,S++,S++_5,S++_26,10
1,1,50,S++,S++_5,S++_31,10
1,1,50,S++,S++_5,S++_35,10
1,1,50,S++,S++_6,S++_10,10
1,1,50,S++,S++_6,S++_21,10
1,1,50,S++,S++_6,S++_28,10
1,1,50,S++,S++_6,S++_48,10
1,1,50,S++,S++_6,S++_17,10
1,1,50,S++,S++_6,S++_25,10
1,1,50,S++,S++_6,S++_34,10
1,1,50,S++,S++_6,S++_49,10
1,1,50,S++,S++_7,S++_9,10
1,1,50,S++,S++_7,S++_11,10
1,1,50,S++,S++_7,S++_17,10
1,1,50,S++,S++_7,S++_22,10
1,1,50,S++,S++_7,S++_30,10
1,1,50,S++,S++_7,S++_45,10
1,1,50,S++,S++_8,S++_17,10
1,1,50,S++,S++_8,S++_19,10
1,1,50,S++,S++_8,S++_23,10
1,1,50,S++,S++_8,S++_35,10
1,1,50,S++,S++_8,S++_47,10
1,1,50,S++,S++_8,S++_10,10
1,1,50,S++,S++_8,S++_24,10
1,1,50,S++,S++_9,S++_30,10
1,1,50,S++,S++_9,S++_36,10
1,1,50,S++,S++_9,S++_47,10
1,1,50,S++,S++_9,S++_27,10
1,1,50,S++,S++_10,S++_22,10
1,1,50,S++,S++_10,S++_33,10
1,1,50,S++,S++_10,S++_44,10
1,1,50,S++,S++_10,S++_45,10
1,1,50,S++,S++_10,S++_47,10
1,1,50,S++,S++_10,S++_21,10
1,1,50,S++,S++_10,S++_48,10
1,1,50,S++,S++_11,S++_13,10
1,1,50,S++,S++_11,S++_16,10
1,1,50,S++,S++_11,S++_34,10
1,1,50,S++,S++_11,S++_37,10
1,1,50,S++,S++_11,S++_49,10
1,1,50,S++,S++_12,S++_23,10
1,1,50,S++,S++_12,S++_31,10
1,1,50,S++,S++_12,S++_18,10
1,1,50,S++,S++_12,S++_35,10
1,1,50,S++,S++_12,S++_42,10
1,1,50,S++,S++_13,S++_16,10
1,1,50,S++,S++_13,S++_19,10
1,1,50,S++,S++_13,S++_28,10
1,1,50,S++,S++_13,S++_34,10
1,1,50,S++,S++_13,S++_37,10
1,1,50,S++,S++_13,S++_43,10
1,1,50,S++,S++_13,S++_40,10
1,1,50,S++,S++_13,S++_48,10
1,1,50,S++,S++_14,S++_28,10
1,1,50,S++,S++_14,S++_43,10
1,1,50,S++,S++_14,S++_44,10
1,1,50,S++,S++_14,S++_42,10
1,1,50,S++,S++_14,S++_46,10
1,1,50,S++,S++_15,S++_19,10
1,1,50,S++,S++_15,S++_41,10
1,1,50,S++,S++_15,S++_43,10
1,1,50,S++,S++_15,S++_50,10
1,1,50,S++,S++_15,S++_16,10
1,1,50,S++,S++_15,S++_24,10
1,1,50,S++,S++_15,S++_32,10
1,1,50,S++,S++_15,S++_36,10
1,1,50,S++,S++_15,S++_47,10
1,1,50,S++,S++_16,S++_41,9.7
1,1,50,S++,S++_16,S++_24,10
1,1,50,S++,S++_16,S++_28,10
1,1,50,S++,S++_16,S++_40,10
1,1,50,S++,S++_16,S++_42,10
1,1,50,S++,S++_16,S++_25,10
1,1,50,S++,S++_17,S++_19,10
1,1,50,S++,S++_17,S++_45,10
1,1,50,S++,S++_18,S++_26,10
1,1,50,S++,S++_18,S++_28,10
1,1,50,S++,S++_18,S++_29,10
1,1,50,S++,S++_18,S++_39,10
1,1,50,S++,S++_18,S++_50,10
1,1,50,S++,S++_19,S++_24,10
1,1,50,S++,S++_19,S++_44,10
1,1,50,S++,S++_19,S++_49,10
1,1,50,S++,S++_20,S++_24,10
1,1,50,S++,S++_20,S++_44,10
1,1,50,S++,S++_20,S++_28,10
1,1,50,S++,S++_21,S++_27,10
1,1,50,S++,S++_21,S++_34,10
1,1,50,S++,S++_22,S++_24,10
1,1,50,S++,S++_22,S++_39,10
1,1,50,S++,S++_22,S++_49,10
1,1,50,S++,S++_23,S++_45,10
1,1,50,S++,S++_24,S++_28,10
1,1,50,S++,S++_24,S++_32,10
1,1,50,S++,S++_24,S++_35,10
1,1,50,S++,S++_25,S++_40,10
1,1,50,S++,S++_25,S++_31,10
1,1,50,S++,S++_25,S++_33,10
1,1,50,S++,S++_25,S++_48,10
1,1,50,S++,S++_26,S++_42,10
1,1,50,S++,S++_26,S++_37,10
1,1,50,S++,S++_26,S++_39,10
1,1,50,S++,S++_27,S++_45,10
1,1,50,S++,S++_27,S++_34,10
1,1,50,S++,S++_27,S++_48,10
1,1,50,S++,S++_28,S++_44,10
1,1,50,S++,S++_28,S++_45,10
1,1,50,S++,S++_29,S++_32,10
1,1,50,S++,S++_29,S++_38,10
1,1,50,S++,S++_29,S++_46,10
1,1,50,S++,S++_30,S++_36,10
1,1,50,S++,S++_30,S++_39,10
1,1,50,S++,S++_30,S++_45,10
1,1,50,S++,S++_31,S++_46,10
1,1,50,S++,S++_32,S++_39,10
1,1,50,S++,S++_32,S++_43,10
1,1,50,S++,S++_32,S++_50,10
1,1,50,S++,S++_32,S++_41,10
1,1,50,S++,S++_33,S++_34,10
1,1,50,S++,S++_34,S++_36,10
1,1,50,S++,S++_34,S++_41,10
1,1,50,S++,S++_35,S++_38,10
1,1,50,S++,S++_35,S++_40,10
1,1,50,S++,S++_35,S++_43,10
1,1,50,S++,S++_35,S++_46,10
1,1,50,S++,S++_35,S++_47,10
1,1,50,S++,S++_37,S++_49,10
1,1,50,S++,S++_37,S++_41,10
1,1,50,S++,S++_38,S++_43,10
1,1,50,S++,S++_38,S++_46,10
1,1,50,S++,S++_38,S++_48,10
1,1,50,S++,S++_40,S++_43,10
1,1,50,S++,S++_41,S++_44,10
1,1,50,S++,S++_41,S++_49,10
1,1,50,S++,S++_41,S++_48,10
1,1,50,S++,S++_42,S++_49,10
1,1,50,S++,S++_44,S++_45,10
1,1,50,S++,S++_44,S++_46,10
1,1,50,S++,S++_44,S++_50,10
1,1,50,S++,S++_45,S++_50,10
1,1,50,S++,S++_47,S++_50,10
1,2,50,S++,S++_1,S++_12,10.3
1,2,50,S++,S++_1,S++_14,10.3
1,2,50,S++,S++_1,S++_18,10.3
1,2,50,S++,S++_1,S++_24,10.3
1,2,50,S++,S++_1,S++_26,10.3
1,2,50,S++,S++_1,S++_33,10.3
1,2,50,S++,S++_1,S++_6,10.3
1,2,50,S++,S++_1,S++_44,10.3
1,2,50,S++,S++_1,S++_45,10.3
1,2,50,S++,S++_1,S++_17,10
1,2,50,S++,S++_1,S++_27,10
1,2,50,S++,S++_1,S++_50,10
1,2,50,S++,S++_1,S++_20,10
1,2,50,S++,S++_2,S++_39,10
1,2,50,S++,S++_2,S++_11,10.3
1,2,50,S++,S++_2,S++_25,10.3
1,2,50,S++,S++_2,S++_33,10.3
1,2,50,S++,S++_2,S++_41,10.3
1,2,50,S++,S++_2,S++_6,10.3
1,2,50,S++,S++_2,S++_49,10.3
1,2,50,S++,S++_2,S++_40,10
1,2,50,S++,S++_2,S++_48,10
1,2,50,S++,S++_2,S++_3,10
1,2,50,S++,S++_3,S++_11,10.3
1,2,50,S++,S++_3,S++_21,10.3
1,2,50,S++,S++_3,S++_22,10.3
1,2,50,S++,S++_3,S++_24,10.3
1,2,50,S++,S++_3,S++_17,10.3
1,2,50,S++,S++_3,S++_32,10.3
1,2,50,S++,S++_3,S++_33,10.3
1,2,50,S++,S++_3,S++_35,10.3
1,2,50,S++,S++_3,S++_40,10.3
1,2,50,S++,S++_3,S++_39,10
1,2,50,S++,S++_3,S++_4,10
1,2,50,S++,S++_3,S++_27,10
1,2,50,S++,S++_3,S++_28,10
1,2,50,S++,S++_3,S++_37,10
1,2,50,S++,S++_3,S++_44,10
1,2,50,S++,S++_3,S++_45,10
1,2,50,S++,S++_3,S++_48,10
1,2,50,S++,S++_4,S++_7,10.3
1,2,50,S++,S++_4,S++_27,10.3
1,2,50,S++,S++_4,S++_31,10.3
1,2,50,S++,S++_4,S++_46,10.3
1,2,50,S++,S++_4,S++_5,10.3
1,2,50,S++,S++_4,S++_8,10.3
1,2,50,S++,S++_4,S++_15,10.3
1,2,50,S++,S++_4,S++_45,10.3
1,2,50,S++,S++_4,S++_25,10
1,2,50,S++,S++_4,S++_34,10
1,2,50,S++,S++_4,S++_23,10
1,2,50,S++,S++_4,S++_32,10
1,2,50,S++,S++_4,S++_44,10
1,2,50,S++,S++_5,S++_15,10.3
1,2,50,S++,S++_5,S++_10,10.3
1,2,50,S++,S++_5,S++_14,10.3
1,2,50,S++,S++_5,S++_18,10.3
1,2,50,S++,S++_5,S++_24,10.3
1,2,50,S++,S++_5,S++_26,10.3
1,2,50,S++,S++_5,S++_31,10.3
1,2,50,S++,S++_5,S++_35,10.3
1,2,50,S++,S++_5,S++_12,10
1,2,50,S++,S++_5,S++_16,10
1,2,50,S++,S++_5,S++_20,10
1,2,50,S++,S++_5,S++_42,10
1,2,50,S++,S++_5,S++_8,10
1,2,50,S++,S++_5,S++_37,10
1,2,50,S++,S++_5,S++_39,10
1,2,50,S++,S++_6,S++_10,10.3
1,2,50,S++,S++_6,S++_21,10.3
1,2,50,S++,S++_6,S++_28,10.3
1,2,50,S++,S++_6,S++_48,10.3
1,2,50,S++,S++_6,S++_17,10.3
1,2,50,S++,S++_6,S++_25,10.3
1,2,50,S++,S++_6,S++_34,10.3
1,2,50,S++,S++_6,S++_49,10.3
1,2,50,S++,S++_6,S++_16,10
1,2,50,S++,S++_6,S++_41,10
1,2,50,S++,S++_6,S++_42,10
1,2,50,S++,S++_6,S++_43,10
1,2,50,S++,S++_6,S++_13,10
1,2,50,S++,S++_6,S++_35,10
1,2,50,S++,S++_7,S++_9,10.3
1,2,50,S++,S++_7,S++_11,10.3
1,2,50,S++,S++_7,S++_17,10.3
1,2,50,S++,S++_7,S++_22,10.3
1,2,50,S++,S++_7,S++_30,10.3
1,2,50,S++,S++_7,S++_45,10.3
1,2,50,S++,S++_7,S++_46,10
1,2,50,S++,S++_8,S++_17,10.3
1,2,50,S++,S++_8,S++_19,10.3
1,2,50,S++,S++_8,S++_23,10.3
1,2,50,S++,S++_8,S++_35,10.3
1,2,50,S++,S++_8,S++_47,10.3
1,2,50,S++,S++_8,S++_10,10.3
1,2,50,S++,S++_8,S++_24,10.3
1,2,50,S++,S++_8,S++_43,10
1,2,50,S++,S++_8,S++_50,10
1,2,50,S++,S++_8,S++_25,10
1,2,50,S++,S++_8,S++_37,10
1,2,50,S++,S++_8,S++_44,10
1,2,50,S++,S++_8,S++_45,10
1,2,50,S++,S++_9,S++_30,10.3
1,2,50,S++,S++_9,S++_36,10.3
1,2,50,S++,S++_9,S++_47,10.3
1,2,50,S++,S++_9,S++_27,10.3
1,2,50,S++,S++_9,S++_14,10
1,2,50,S++,S++_9,S++_37,10
1,2,50,S++,S++_9,S++_22,10
1,2,50,S++,S++_9,S++_33,10
1,2,50,S++,S++_9,S++_44,10
1,2,50,S++,S++_10,S++_22,10.3
1,2,50,S++,S++_10,S++_33,10.3
1,2,50,S++,S++_10,S++_44,10.3
1,2,50,S++,S++_10,S++_45,10.3
1,2,50,S++,S++_10,S++_47,10.3
1,2,50,S++,S++_10,S++_21,10.3
1,2,50,S++,S++_10,S++_48,10.3
1,2,50,S++,S++_10,S++_13,10
1,2,50,S++,S++_10,S++_20,10
1,2,50,S++,S++_10,S++_46,10
1,2,50,S++,S++_10,S++_15,10
1,2,50,S++,S++_10,S++_17,10
1,2,50,S++,S++_11,S++_13,10.3
1,2,50,S++,S++_11,S++_16,10.3
1,2,50,S++,S++_11,S++_34,10.3
1,2,50,S++,S++_11,S++_37,10.3
1,2,50,S++,S++_11,S++_49,10.3
1,2,50,S++,S++_11,S++_27,10
1,2,50,S++,S++_11,S++_36,10
1,2,50,S++,S++_11,S++_48,10
1,2,50,S++,S++_11,S++_40,10
1,2,50,S++,S++_11,S++_46,10
1,2,50,S++,S++_12,S++_23,10.3
1,2,50,S++,S++_12,S++_31,10.3
1,2,50,S++,S++_12,S++_18,10.3
1,2,50,S++,S++_12,S++_35,10.3
1,2,50,S++,S++_12,S++_42,10.3
1,2,50,S++,S++_12,S++_33,10
1,2,50,S++,S++_12,S++_43,10
1,2,50,S++,S++_12,S++_45,10
1,2,50,S++,S++_13,S++_16,10.3
1,2,50,S++,S++_13,S++_19,10.3
1,2,50,S++,S++_13,S++_28,10.3
1,2,50,S++,S++_13,S++_34,10.3
1,2,50,S++,S++_13,S++_37,10.3
1,2,50,S++,S++_13,S++_43,10.3
1,2,50,S++,S++_13,S++_40,10.3
1,2,50,S++,S++_13,S++_48,10.3
1,2,50,S++,S++_13,S++_25,10
1,2,50,S++,S++_13,S++_42,10
1,2,50,S++,S++_13,S++_46,10
1,2,50,S++,S++_14,S++_28,10.3
1,2,50,S++,S++_14,S++_43,10.3
1,2,50,S++,S++_14,S++_44,10.3
1,2,50,S++,S++_14,S++_42,10.3
1,2,50,S++,S++_14,S++_46,10.3
1,2,50,S++,S++_14,S++_26,10
1,2,50,S++,S++_15,S++_19,10.3
1,2,50,S++,S++_15,S++_41,10.3
1,2,50,S++,S++_15,S++_43,10.3
1,2,50,S++,S++_15,S++_50,10.3
1,2,50,S++,S++_15,S++_16,10.3
1,2,50,S++,S++_15,S++_24,10.3
1,2,50,S++,S++_15,S++_32,10.3
1,2,50,S++,S++_15,S++_36,10.3
1,2,50,S++,S++_15,S++_47,10.3
1,2,50,S++,S++_15,S++_29,10
1,2,50,S++,S++_15,S++_45,10
1,2,50,S++,S++_16,S++_41,10
1,2,50,S++,S++_16,S++_24,10.3
1,2,50,S++,S++_16,S++_28,10.3
1,2,50,S++,S++_16,S++_40,10.3
1,2,50,S++,S++_16,S++_42,10.3
1,2,50,S++,S++_16,S++_25,10.3
1,2,50,S++,S++_16,S++_43,10
1,2,50,S++,S++_16,S++_48,10
1,2,50,S++,S++_16,S++_34,10
1,2,50,S++,S++_17,S++_19,10.3
1,2,50,S++,S++_17,S++_45,10.3
1,2,50,S++,S++_17,S++_30,10
1,2,50,S++,S++_17,S++_46,10
1,2,50,S++,S++_17,S++_33,10
1,2,50,S++,S++_17,S++_38,10
1,2,50,S++,S++_18,S++_26,10.3
1,2,50,S++,S++_18,S++_28,10.3
1,2,50,S++,S++_18,S++_29,10.3
1,2,50,S++,S++_18,S++_39,10.3
1,2,50,S++,S++_18,S++_50,10.3
1,2,50,S++,S++_18,S++_42,10
1,2,50,S++,S++_19,S++_24,10.3
1,2,50,S++,S++_19,S++_44,10.3
1,2,50,S++,S++_19,S++_49,10.3
1,2,50,S++,S++_19,S++_34,10
1,2,50,S++,S++_19,S++_47,10
1,2,50,S++,S++_19,S++_48,10
1,2,50,S++,S++_20,S++_24,10.3
1,2,50,S++,S++_20,S++_44,10.3
1,2,50,S++,S++_20,S++_28,10.3
1,2,50,S++,S++_20,S++_33,10
1,2,50,S++,S++_20,S++_38,10
1,2,50,S++,S++_20,S++_23,10
1,2,50,S++,S++_20,S++_36,10
1,2,50,S++,S++_21,S++_27,10.3
1,2,50,S++,S++_21,S++_34,10.3
1,2,50,S++,S++_21,S++_31,10
1,2,50,S++,S++_21,S++_35,10
1,2,50,S++,S++_22,S++_24,10.3
1,2,50,S++,S++_22,S++_39,10.3
1,2,50,S++,S++_22,S++_49,10.3
1,2,50,S++,S++_22,S++_33,10
1,2,50,S++,S++_22,S++_35,10
1,2,50,S++,S++_22,S++_36,10
1,2,50,S++,S++_23,S++_45,10.3
1,2,50,S++,S++_23,S++_24,10
1,2,50,S++,S++_23,S++_28,10
1,2,50,S++,S++_23,S++_32,10
1,2,50,S++,S++_23,S++_43,10
1,2,50,S++,S++_23,S++_44,10
1,2,50,S++,S++_24,S++_28,10.3
1,2,50,S++,S++_24,S++_32,10.3
1,2,50,S++,S++_24,S++_35,10.3
1,2,50,S++,S++_24,S++_39,10
1,2,50,S++,S++_24,S++_40,10
1,2,50,S++,S++_24,S++_27,10
1,2,50,S++,S++_24,S++_47,10
1,2,50,S++,S++_25,S++_40,10.3
1,2,50,S++,S++_25,S++_31,10.3
1,2,50,S++,S++_25,S++_33,10.3
1,2,50,S++,S++_25,S++_48,10.3
1,2,50,S++,S++_25,S++_27,10
1,2,50,S++,S++_25,S++_47,10
1,2,50,S++,S++_25,S++_28,10
1,2,50,S++,S++_26,S++_42,10.3
1,2,50,S++,S++_26,S++_37,10.3
1,2,50,S++,S++_26,S++_39,10.3
1,2,50,S++,S++_27,S++_45,10.3
1,2,50,S++,S++_27,S++_34,10.3
1,2,50,S++,S++_27,S++_48,10.3
1,2,50,S++,S++_28,S++_44,10.3
1,2,50,S++,S++_28,S++_45,10.3
1,2,50,S++,S++_28,S++_43,10
1,2,50,S++,S++_28,S++_48,10
1,2,50,S++,S++_28,S++_35,10
1,2,50,S++,S++_28,S++_36,10
1,2,50,S++,S++_29,S++_32,10.3
1,2,50,S++,S++_29,S++_38,10.3
1,2,50,S++,S++_29,S++_46,10.3
1,2,50,S++,S++_29,S++_47,10
1,2,50,S++,S++_29,S++_39,10
1,2,50,S++,S++_29,S++_48,10
1,2,50,S++,S++_30,S++_36,10.3
1,2,50,S++,S++_30,S++_39,10.3
1,2,50,S++,S++_30,S++_45,10.3
1,2,50,S++,S++_30,S++_33,10
1,2,50,S++,S++_30,S++_44,10
1,2,50,S++,S++_30,S++_48,10
1,2,50,S++,S++_30,S++_49,10
1,2,50,S++,S++_31,S++_46,10.3
1,2,50,S++,S++_31,S++_47,10
1,2,50,S++,S++_32,S++_39,10.3
1,2,50,S++,S++_32,S++_43,9.7
1,2,50,S++,S++_32,S++_50,9.7
1,2,50,S++,S++_32,S++_41,9.7
1,2,50,S++,S++_32,S++_33,10
1,2,50,S++,S++_32,S++_42,10
1,2,50,S++,S++_33,S++_34,9.7
1,2,50,S++,S++_33,S++_37,10
1,2,50,S++,S++_33,S++_45,10
1,2,50,S++,S++_33,S++_50,10
1,2,50,S++,S++_33,S++_42,10
1,2,50,S++,S++_34,S++_36,9.7
1,2,50,S++,S++_34,S++_41,9.7
1,2,50,S++,S++_35,S++_38,9.7
1,2,50,S++,S++_35,S++_40,9.7
1,2,50,S++,S++_35,S++_43,9.7
1,2,50,S++,S++_35,S++_46,9.7
1,2,50,S++,S++_35,S++_47,9.7
1,2,50,S++,S++_36,S++_37,10
1,2,50,S++,S++_36,S++_50,10
1,2,50,S++,S++_37,S++_49,9.7
1,2,50,S++,S++_37,S++_41,9.7
1,2,50,S++,S++_38,S++_43,9.7
1,2,50,S++,S++_38,S++_46,9.7
1,2,50,S++,S++_38,S++_48,9.7
1,2,50,S++,S++_38,S++_42,10
1,2,50,S++,S++_39,S++_42,10
1,2,50,S++,S++_40,S++_43,9.7
1,2,50,S++,S++_40,S++_48,10
1,2,50,S++,S++_40,S++_49,10
1,2,50,S++,S++_41,S++_44,9.7
1,2,50,S++,S++_41,S++_49,9.7
1,2,50,S++,S++_41,S++_48,9.7
1,2,50,S++,S++_42,S++_49,9.7
1,2,50,S++,S++_42,S++_45,10
1,2,50,S++,S++_44,S++_45,9.7
1,2,50,S++,S++_44,S++_46,9.7
1,2,50,S++,S++_44,S++_50,9.7
1,2,50,S++,S++_44,S++_47,10
1,2,50,S++,S++_45,S++_50,9.7
1,2,50,S++,S++_47,S++_50,9.7
1,3,50,S++,S++_1,S++_12,10
1,3,50,S++,S++_1,S++_14,10
1,3,50,S++,S++_1,S++_18,10
1,3,50,S++,S++_1,S++_24,10
1,3,50,S++,S++_1,S++_26,10
1,3,50,S++,S++_1,S++_33,10
1,3,50,S++,S++_1,S++_6,10
1,3,50,S++,S++_1,S++_44,10
1,3,50,S++,S++_1,S++_45,10
1,3,50,S++,S++_1,S++_17,9.7
1,3,50,S++,S++_1,S++_27,9.7
1,3,50,S++,S++_1,S++_50,9.7
1,3,50,S++,S++_1,S++_20,9.7
1,3,50,S++,S++_1,S++_29,10
1,3,50,S++,S++_1,S++_30,10
1,3,50,S++,S++_1,S++_35,10
1,3,50,S++,S++_1,S++_16,10
1,3,50,S++,S++_2,S++_39,9.7
1,3,50,S++,S++_2,S++_11,10
1,3,50,S++,S++_2,S++_25,10
1,3,50,S++,S++_2,S++_33,10
1,3,50,S++,S++_2,S++_41,10
1,3,50,S++,S++_2,S++_6,10
1,3,50,S++,S++_2,S++_49,10
1,3,50,S++,S++_2,S++_40,9.7
1,3,50,S++,S++_2,S++_48,9.7
1,3,50,S++,S++_2,S++_3,9.7
1,3,50,S++,S++_2,S++_13,10
1,3,50,S++,S++_2,S++_21,10
1,3,50,S++,S++_2,S++_30,10
1,3,50,S++,S++_2,S++_36,10
1,3,50,S++,S++_2,S++_17,10
1,3,50,S++,S++_2,S++_37,10
1,3,50,S++,S++_2,S++_43,10
1,3,50,S++,S++_3,S++_11,10
1,3,50,S++,S++_3,S++_21,10
1,3,50,S++,S++_3,S++_22,10
1,3,50,S++,S++_3,S++_24,10
1,3,50,S++,S++_3,S++_17,10
1,3,50,S++,S++_3,S++_32,10
1,3,50,S++,S++_3,S++_33,10
1,3,50,S++,S++_3,S++_35,10
1,3,50,S++,S++_3,S++_40,10
1,3,50,S++,S++_3,S++_39,9.7
1,3,50,S++,S++_3,S++_4,9.7
1,3,50,S++,S++_3,S++_27,9.7
1,3,50,S++,S++_3,S++_28,9.7
1,3,50,S++,S++_3,S++_37,9.7
1,3,50,S++,S++_3,S++_44,9.7
1,3,50,S++,S++_3,S++_45,9.7
1,3,50,S++,S++_3,S++_48,9.7
1,3,50,S++,S++_3,S++_9,10
1,3,50,S++,S++_3,S++_13,10
1,3,50,S++,S++_3,S++_36,10
1,3,50,S++,S++_4,S++_7,10
1,3,50,S++,S++_4,S++_27,10
1,3,50,S++,S++_4,S++_31,10
1,3,50,S++,S++_4,S++_46,10
1,3,50,S++,S++_4,S++_5,10
1,3,50,S++,S++_4,S++_8,10
1,3,50,S++,S++_4,S++_15,10
1,3,50,S++,S++_4,S++_45,10
1,3,50,S++,S++_4,S++_25,9.7
1,3,50,S++,S++_4,S++_34,9.7
1,3,50,S++,S++_4,S++_23,9.7
1,3,50,S++,S++_4,S++_32,9.7
1,3,50,S++,S++_4,S++_44,9.7
1,3,50,S++,S++_4,S++_10,10
1,3,50,S++,S++_4,S++_20,10
1,3,50,S++,S++_4,S++_50,10
1,3,50,S++,S++_5,S++_15,10
1,3,50,S++,S++_5,S++_10,10
1,3,50,S++,S++_5,S++_14,10
1,3,50,S++,S++_5,S++_18,10
1,3,50,S++,S++_5,S++_24,10
1,3,50,S++,S++_5,S++_26,10
1,3,50,S++,S++_5,S++_31,10
1,3,50,S++,S++_5,S++_35,10
1,3,50,S++,S++_5,S++_12,9.7
1,3,50,S++,S++_5,S++_16,9.7
1,3,50,S++,S++_5,S++_20,9.7
1,3,50,S++,S++_5,S++_42,9.7
1,3,50,S++,S++_5,S++_8,9.7
1,3,50,S++,S++_5,S++_37,9.7
1,3,50,S++,S++_5,S++_39,9.7
1,3,50,S++,S++_5,S++_6,10
1,3,50,S++,S++_5,S++_29,10
1,3,50,S++,S++_5,S++_43,10
1,3,50,S++,S++_5,S++_45,10
1,3,50,S++,S++_6,S++_10,10
1,3,50,S++,S++_6,S++_21,10
1,3,50,S++,S++_6,S++_28,10
1,3,50,S++,S++_6,S++_48,10
1,3,50,S++,S++_6,S++_17,10
1,3,50,S++,S++_6,S++_25,10
1,3,50,S++,S++_6,S++_34,10
1,3,50,S++,S++_6,S++_49,10
1,3,50,S++,S++_6,S++_16,9.7
1,3,50,S++,S++_6,S++_41,9.7
1,3,50,S++,S++_6,S++_42,9.7
1,3,50,S++,S++_6,S++_43,9.7
1,3,50,S++,S++_6,S++_13,9.7
1,3,50,S++,S++_6,S++_35,9.7
1,3,50,S++,S++_6,S++_37,10
1,3,50,S++,S++_6,S++_22,10
1,3,50,S++,S++_6,S++_27,10
1,3,50,S++,S++_6,S++_32,10
1,3,50,S++,S++_6,S++_40,10
1,3,50,S++,S++_7,S++_9,10
1,3,50,S++,S++_7,S++_11,10
1,3,50,S++,S++_7,S++_17,10
1,3,50,S++,S++_7,S++_22,10
1,3,50,S++,S++_7,S++_30,10
1,3,50,S++,S++_7,S++_45,10
1,3,50,S++,S++_7,S++_46,9.7
1,3,50,S++,S++_7,S++_35,10
1,3,50,S++,S++_8,S++_17,10
1,3,50,S++,S++_8,S++_19,10
1,3,50,S++,S++_8,S++_23,10
1,3,50,S++,S++_8,S++_35,10
1,3,50,S++,S++_8,S++_47,10
1,3,50,S++,S++_8,S++_10,10
1,3,50,S++,S++_8,S++_24,10
1,3,50,S++,S++_8,S++_43,9.7
1,3,50,S++,S++_8,S++_50,9.7
1,3,50,S++,S++_8,S++_25,9.7
1,3,50,S++,S++_8,S++_37,9.7
1,3,50,S++,S++_8,S++_44,9.7
1,3,50,S++,S++_8,S++_45,9.7
1,3,50,S++,S++_8,S++_11,10
1,3,50,S++,S++_8,S++_18,10
1,3,50,S++,S++_8,S++_20,10
1,3,50,S++,S++_8,S++_12,10
1,3,50,S++,S++_8,S++_32,10
1,3,50,S++,S++_9,S++_30,10
1,3,50,S++,S++_9,S++_36,10
1,3,50,S++,S++_9,S++_47,10
1,3,50,S++,S++_9,S++_27,10
1,3,50,S++,S++_9,S++_14,9.7
1,3,50,S++,S++_9,S++_37,9.7
1,3,50,S++,S++_9,S++_22,9.7
1,3,50,S++,S++_9,S++_33,9.7
1,3,50,S++,S++_9,S++_44,9.7
1,3,50,S++,S++_9,S++_16,10
1,3,50,S++,S++_9,S++_43,10
1,3,50,S++,S++_9,S++_45,10
1,3,50,S++,S++_10,S++_22,10
1,3,50,S++,S++_10,S++_33,10
1,3,50,S++,S++_10,S++_44,10
1,3,50,S++,S++_10,S++_45,10
1,3,50,S++,S++_10,S++_47,10
1,3,50,S++,S++_10,S++_21,10
1,3,50,S++,S++_10,S++_48,10
1,3,50,S++,S++_10,S++_13,9.7
1,3,50,S++,S++_10,S++_20,9.7
1,3,50,S++,S++_10,S++_46,9.7
1,3,50,S++,S++_10,S++_15,9.7
1,3,50,S++,S++_10,S++_17,9.7
1,3,50,S++,S++_10,S++_14,10
1,3,50,S++,S++_10,S++_19,10
1,3,50,S++,S++_10,S++_27,10
1,3,50,S++,S++_10,S++_30,10
1,3,50,S++,S++_11,S++_13,10
1,3,50,S++,S++_11,S++_16,10
1,3,50,S++,S++_11,S++_34,10
1,3,50,S++,S++_11,S++_37,10
1,3,50,S++,S++_11,S++_49,10
1,3,50,S++,S++_11,S++_27,9.7
1,3,50,S++,S++_11,S++_36,9.7
1,3,50,S++,S++_11,S++_48,9.7
1,3,50,S++,S++_11,S++_40,9.7
1,3,50,S++,S++_11,S++_46,9.7
1,3,50,S++,S++_11,S++_15,10
1,3,50,S++,S++_11,S++_33,10
1,3,50,S++,S++_11,S++_44,10
1,3,50,S++,S++_12,S++_23,10
1,3,50,S++,S++_12,S++_31,10
1,3,50,S++,S++_12,S++_18,10
1,3,50,S++,S++_12,S++_35,10
1,3,50,S++,S++_12,S++_42,10
1,3,50,S++,S++_12,S++_33,9.7
1,3,50,S++,S++_12,S++_43,9.7
1,3,50,S++,S++_12,S++_45,9.7
1,3,50,S++,S++_12,S++_28,10
1,3,50,S++,S++_12,S++_19,10
1,3,50,S++,S++_13,S++_16,10
1,3,50,S++,S++_13,S++_19,10
1,3,50,S++,S++_13,S++_28,10
1,3,50,S++,S++_13,S++_34,10
1,3,50,S++,S++_13,S++_37,10
1,3,50,S++,S++_13,S++_43,10
1,3,50,S++,S++_13,S++_40,10
1,3,50,S++,S++_13,S++_48,10
1,3,50,S++,S++_13,S++_25,9.7
1,3,50,S++,S++_13,S++_42,9.7
1,3,50,S++,S++_13,S++_46,9.7
1,3,50,S++,S++_13,S++_21,10
1,3,50,S++,S++_13,S++_24,10
1,3,50,S++,S++_13,S++_31,10
1,3,50,S++,S++_13,S++_35,10
1,3,50,S++,S++_13,S++_39,10
1,3,50,S++,S++_13,S++_29,10
1,3,50,S++,S++_13,S++_38,10
1,3,50,S++,S++_13,S++_41,10
1,3,50,S++,S++_13,S++_50,10
1,3,50,S++,S++_14,S++_28,10
1,3,50,S++,S++_14,S++_43,10
1,3,50,S++,S++_14,S++_44,10
1,3,50,S++,S++_14,S++_42,10
1,3,50,S++,S++_14,S++_46,10
1,3,50,S++,S++_14,S++_26,9.7
1,3,50,S++,S++_14,S++_21,10
1,3,50,S++,S++_14,S++_34,10
1,3,50,S++,S++_14,S++_40,10
1,3,50,S++,S++_15,S++_19,10
1,3,50,S++,S++_15,S++_41,10
1,3,50,S++,S++_15,S++_43,10
1,3,50,S++,S++_15,S++_50,10
1,3,50,S++,S++_15,S++_16,10
1,3,50,S++,S++_15,S++_24,10
1,3,50,S++,S++_15,S++_32,10
1,3,50,S++,S++_15,S++_36,10
1,3,50,S++,S++_15,S++_47,10
1,3,50,S++,S++_15,S++_29,9.7
1,3,50,S++,S++_15,S++_45,9.7
1,3,50,S++,S++_15,S++_31,10
1,3,50,S++,S++_16,S++_41,9.7
1,3,50,S++,S++_16,S++_24,10
1,3,50,S++,S++_16,S++_28,10
1,3,50,S++,S++_16,S++_40,10
1,3,50,S++,S++_16,S++_42,10
1,3,50,S++,S++_16,S++_25,10
1,3,50,S++,S++_16,S++_43,9.7
1,3,50,S++,S++_16,S++_48,9.7
1,3,50,S++,S++_16,S++_34,9.7
1,3,50,S++,S++_17,S++_19,10
1,3,50,S++,S++_17,S++_45,10
1,3,50,S++,S++_17,S++_30,9.7
1,3,50,S++,S++_17,S++_46,9.7
1,3,50,S++,S++_17,S++_33,9.7
1,3,50,S++,S++_17,S++_38,9.7
1,3,50,S++,S++_17,S++_32,10
1,3,50,S++,S++_18,S++_26,10
1,3,50,S++,S++_18,S++_28,10.6
1,3,50,S++,S++_18,S++_29,10.6
1,3,50,S++,S++_18,S++_39,10.6
1,3,50,S++,S++_18,S++_50,10.6
1,3,50,S++,S++_18,S++_42,10.3
1,3,50,S++,S++_18,S++_23,10
1,3,50,S++,S++_18,S++_27,10
1,3,50,S++,S++_18,S++_36,10
1,3,50,S++,S++_18,S++_38,10
1,3,50,S++,S++_18,S++_44,10
1,3,50,S++,S++_19,S++_24,10.6
1,3,50,S++,S++_19,S++_44,10.6
1,3,50,S++,S++_19,S++_49,10.6
1,3,50,S++,S++_19,S++_34,10.3
1,3,50,S++,S++_19,S++_47,10.3
1,3,50,S++,S++_19,S++_48,10.3
1,3,50,S++,S++_19,S++_30,10
1,3,50,S++,S++_19,S++_46,10
1,3,50,S++,S++_20,S++_24,10.6
1,3,50,S++,S++_20,S++_44,10.6
1,3,50,S++,S++_20,S++_28,10.6
1,3,50,S++,S++_20,S++_33,10.3
1,3,50,S++,S++_20,S++_38,10.3
1,3,50,S++,S++_20,S++_23,10.3
1,3,50,S++,S++_20,S++_36,10.3
1,3,50,S++,S++_20,S++_34,10
1,3,50,S++,S++_20,S++_39,10
1,3,50,S++,S++_20,S++_47,10
1,3,50,S++,S++_20,S++_42,10
1,3,50,S++,S++_21,S++_27,10.6
1,3,50,S++,S++_21,S++_34,10.6
1,3,50,S++,S++_21,S++_31,10.3
1,3,50,S++,S++_21,S++_35,10.3
1,3,50,S++,S++_21,S++_36,10
1,3,50,S++,S++_21,S++_24,10
1,3,50,S++,S++_21,S++_25,10
1,3,50,S++,S++_21,S++_37,10
1,3,50,S++,S++_22,S++_24,10.6
1,3,50,S++,S++_22,S++_39,10.6
1,3,50,S++,S++_22,S++_49,10.6
1,3,50,S++,S++_22,S++_33,10.3
1,3,50,S++,S++_22,S++_35,10.3
1,3,50,S++,S++_22,S++_36,10.3
1,3,50,S++,S++_22,S++_27,10
1,3,50,S++,S++_22,S++_29,10
1,3,50,S++,S++_22,S++_40,10
1,3,50,S++,S++_22,S++_26,10
1,3,50,S++,S++_22,S++_48,10
1,3,50,S++,S++_23,S++_45,10.6
1,3,50,S++,S++_23,S++_24,10.3
1,3,50,S++,S++_23,S++_28,10.3
1,3,50,S++,S++_23,S++_32,10.3
1,3,50,S++,S++_23,S++_43,10.3
1,3,50,S++,S++_23,S++_44,10.3
1,3,50,S++,S++_23,S++_29,10
1,3,50,S++,S++_23,S++_37,10
1,3,50,S++,S++_23,S++_42,10
1,3,50,S++,S++_23,S++_26,10
1,3,50,S++,S++_24,S++_28,10.6
1,3,50,S++,S++_24,S++_32,10.6
1,3,50,S++,S++_24,S++_35,10.6
1,3,50,S++,S++_24,S++_39,10.3
1,3,50,S++,S++_24,S++_40,10.3
1,3,50,S++,S++_24,S++_27,10.3
1,3,50,S++,S++_24,S++_47,10.3
1,3,50,S++,S++_24,S++_26,10
1,3,50,S++,S++_24,S++_42,10
1,3,50,S++,S++_25,S++_40,10.6
1,3,50,S++,S++_25,S++_31,10.6
1,3,50,S++,S++_25,S++_33,10.6
1,3,50,S++,S++_25,S++_48,10.6
1,3,50,S++,S++_25,S++_27,10.3
1,3,50,S++,S++_25,S++_47,10.3
1,3,50,S++,S++_25,S++_28,10.3
1,3,50,S++,S++_26,S++_42,10.6
1,3,50,S++,S++_26,S++_37,10.6
1,3,50,S++,S++_26,S++_39,10.6
1,3,50,S++,S++_26,S++_38,10
1,3,50,S++,S++_26,S++_47,10
1,3,50,S++,S++_27,S++_45,10.6
1,3,50,S++,S++_27,S++_34,10.6
1,3,50,S++,S++_27,S++_48,10.6
1,3,50,S++,S++_27,S++_37,10
1,3,50,S++,S++_27,S++_41,10
1,3,50,S++,S++_27,S++_49,10
1,3,50,S++,S++_28,S++_44,10.6
1,3,50,S++,S++_28,S++_45,10.6
1,3,50,S++,S++_28,S++_43,10.3
1,3,50,S++,S++_28,S++_48,10.3
1,3,50,S++,S++_28,S++_35,10.3
1,3,50,S++,S++_28,S++_36,10.3
1,3,50,S++,S++_28,S++_41,10
1,3,50,S++,S++_28,S++_49,10
1,3,50,S++,S++_29,S++_32,10.6
1,3,50,S++,S++_29,S++_38,10.6
1,3,50,S++,S++_29,S++_46,10.6
1,3,50,S++,S++_29,S++_47,10.3
1,3,50,S++,S++_29,S++_39,10.3
1,3,50,S++,S++_29,S++_48,10.3
1,3,50,S++,S++_30,S++_36,10.6
1,3,50,S++,S++_30,S++_39,10.6
1,3,50,S++,S++_30,S++_45,10.6
1,3,50,S++,S++_30,S++_33,10.3
1,3,50,S++,S++_30,S++_44,10.3
1,3,50,S++,S++_30,S++_48,10.3
1,3,50,S++,S++_30,S++_49,10.3
1,3,50,S++,S++_31,S++_46,10.6
1,3,50,S++,S++_31,S++_47,10.3
1,3,50,S++,S++_31,S++_32,10
1,3,50,S++,S++_31,S++_36,10
1,3,50,S++,S++_31,S++_39,10
1,3,50,S++,S++_32,S++_39,10.6
1,3,50,S++,S++_32,S++_43,10
1,3,50,S++,S++_32,S++_50,10
1,3,50,S++,S++_32,S++_41,10
1,3,50,S++,S++_32,S++_33,10.3
1,3,50,S++,S++_32,S++_42,10.3
1,3,50,S++,S++_32,S++_37,10
1,3,50,S++,S++_32,S++_35,10
1,3,50,S++,S++_32,S++_38,10
1,3,50,S++,S++_33,S++_34,10
1,3,50,S++,S++_33,S++_37,10.3
1,3,50,S++,S++_33,S++_45,10.3
1,3,50,S++,S++_33,S++_50,10.3
1,3,50,S++,S++_33,S++_42,9.7
1,3,50,S++,S++_33,S++_41,10
1,3,50,S++,S++_33,S++_48,10
1,3,50,S++,S++_34,S++_36,9.4
1,3,50,S++,S++_34,S++_41,9.4
1,3,50,S++,S++_34,S++_37,10
1,3,50,S++,S++_34,S++_42,10
1,3,50,S++,S++_34,S++_48,10
1,3,50,S++,S++_35,S++_38,9.4
1,3,50,S++,S++_35,S++_40,9.4
1,3,50,S++,S++_35,S++_43,9.4
1,3,50,S++,S++_35,S++_46,9.4
1,3,50,S++,S++_35,S++_47,9.4
1,3,50,S++,S++_36,S++_37,9.7
1,3,50,S++,S++_36,S++_50,9.7
1,3,50,S++,S++_37,S++_49,9.4
1,3,50,S++,S++_37,S++_41,9.4
1,3,50,S++,S++_37,S++_38,10
1,3,50,S++,S++_38,S++_43,9.4
1,3,50,S++,S++_38,S++_46,9.4
1,3,50,S++,S++_38,S++_48,9.4
1,3,50,S++,S++_38,S++_42,9.7
1,3,50,S++,S++_39,S++_42,9.7
1,3,50,S++,S++_39,S++_43,10
1,3,50,S++,S++_39,S++_47,10
1,3,50,S++,S++_39,S++_50,10
1,3,50,S++,S++_39,S++_44,10
1,3,50,S++,S++_40,S++_43,9.4
1,3,50,S++,S++_40,S++_48,9.7
1,3,50,S++,S++_40,S++_49,9.7
1,3,50,S++,S++_41,S++_44,9.4
1,3,50,S++,S++_41,S++_49,9.4
1,3,50,S++,S++_41,S++_48,9.4
1,3,50,S++,S++_42,S++_49,9.4
1,3,50,S++,S++_42,S++_45,9.7
1,3,50,S++,S++_42,S++_43,10
1,3,50,S++,S++_44,S++_45,9.4
1,3,50,S++,S++_44,S++_46,9.4
1,3,50,S++,S++_44,S++_50,9.4
1,3,50,S++,S++_44,S++_47,9.7
1,3,50,S++,S++_45,S++_50,9.4
1,3,50,S++,S++_47,S++_50,9.4
1,3,50,S++,S++_48,S++_50,10
1,4,50,S++,S++_1,S++_12,9.7
1,4,50,S++,S++_1,S++_14,9.7
1,4,50,S++,S++_1,S++_18,9.7
1,4,50,S++,S++_1,S++_24,9.7
1,4,50,S++,S++_1,S++_26,9.7
1,4,50,S++,S++_1,S++_33,9.7
1,4,50,S++,S++_1,S++_6,9.7
1,4,50,S++,S++_1,S++_44,9.7
1,4,50,S++,S++_1,S++_45,9.7
1,4,50,S++,S++_1,S++_17,9.4
1,4,50,S++,S++_1,S++_27,9.4
1,4,50,S++,S++_1,S++_50,9.4
1,4,50,S++,S++_1,S++_20,9.4
1,4,50,S++,S++_1,S++_29,9.7
1,4,50,S++,S++_1,S++_30,9.7
1,4,50,S++,S++_1,S++_35,9.7
1,4,50,S++,S++_1,S++_16,9.7
1,4,50,S++,S++_1,S++_7,10
1,4,50,S++,S++_1,S++_9,10
1,4,50,S++,S++_1,S++_32,10
1,4,50,S++,S++_1,S++_42,10
1,4,50,S++,S++_2,S++_39,10
1,4,50,S++,S++_2,S++_11,10.3
1,4,50,S++,S++_2,S++_25,10.3
1,4,50,S++,S++_2,S++_33,10.3
1,4,50,S++,S++_2,S++_41,10.3
1,4,50,S++,S++_2,S++_6,10.3
1,4,50,S++,S++_2,S++_49,10.3
1,4,50,S++,S++_2,S++_40,10
1,4,50,S++,S++_2,S++_48,10
1,4,50,S++,S++_2,S++_3,10
1,4,50,S++,S++_2,S++_13,10.3
1,4,50,S++,S++_2,S++_21,10.3
1,4,50,S++,S++_2,S++_30,10.3
1,4,50,S++,S++_2,S++_36,10.3
1,4,50,S++,S++_2,S++_17,10.3
1,4,50,S++,S++_2,S++_37,10.3
1,4,50,S++,S++_2,S++_43,10.3
1,4,50,S++,S++_2,S++_5,10
1,4,50,S++,S++_2,S++_34,10
1,4,50,S++,S++_2,S++_45,10
1,4,50,S++,S++_3,S++_11,10.3
1,4,50,S++,S++_3,S++_21,10.3
1,4,50,S++,S++_3,S++_22,10.3
1,4,50,S++,S++_3,S++_24,10.3
1,4,50,S++,S++_3,S++_17,10.3
1,4,50,S++,S++_3,S++_32,10.3
1,4,50,S++,S++_3,S++_33,10.3
1,4,50,S++,S++_3,S++_35,10.3
1,4,50,S++,S++_3,S++_40,10.3
1,4,50,S++,S++_3,S++_39,10
1,4,50,S++,S++_3,S++_4,10
1,4,50,S++,S++_3,S++_27,10
1,4,50,S++,S++_3,S++_28,10
1,4,50,S++,S++_3,S++_37,10
1,4,50,S++,S++_3,S++_44,10
1,4,50,S++,S++_3,S++_45,10
1,4,50,S++,S++_3,S++_48,10
1,4,50,S++,S++_3,S++_9,10.3
1,4,50,S++,S++_3,S++_13,10.3
1,4,50,S++,S++_3,S++_36,10.3
1,4,50,S++,S++_3,S++_8,10
1,4,50,S++,S++_3,S++_10,10
1,4,50,S++,S++_3,S++_12,10
1,4,50,S++,S++_3,S++_25,10
1,4,50,S++,S++_3,S++_30,10
1,4,50,S++,S++_4,S++_7,10.3
1,4,50,S++,S++_4,S++_27,10.3
1,4,50,S++,S++_4,S++_31,10.3
1,4,50,S++,S++_4,S++_46,10.3
1,4,50,S++,S++_4,S++_5,10.3
1,4,50,S++,S++_4,S++_8,10.3
1,4,50,S++,S++_4,S++_15,10.3
1,4,50,S++,S++_4,S++_45,10.3
1,4,50,S++,S++_4,S++_25,10
1,4,50,S++,S++_4,S++_34,10
1,4,50,S++,S++_4,S++_23,10
1,4,50,S++,S++_4,S++_32,10
1,4,50,S++,S++_4,S++_44,10
1,4,50,S++,S++_4,S++_10,10.3
1,4,50,S++,S++_4,S++_20,10.3
1,4,50,S++,S++_4,S++_50,10.3
1,4,50,S++,S++_4,S++_36,10
1,4,50,S++,S++_4,S++_37,10
1,4,50,S++,S++_5,S++_15,10.3
1,4,50,S++,S++_5,S++_10,10.3
1,4,50,S++,S++_5,S++_14,10.3
1,4,50,S++,S++_5,S++_18,10.3
1,4,50,S++,S++_5,S++_24,10.3
1,4,50,S++,S++_5,S++_26,10.3
1,4,50,S++,S++_5,S++_31,10.3
1,4,50,S++,S++_5,S++_35,10.3
1,4,50,S++,S++_5,S++_12,10
1,4,50,S++,S++_5,S++_16,10
1,4,50,S++,S++_5,S++_20,10
1,4,50,S++,S++_5,S++_42,10
1,4,50,S++,S++_5,S++_8,10
1,4,50,S++,S++_5,S++_37,10
1,4,50,S++,S++_5,S++_39,10
1,4,50,S++,S++_5,S++_6,10.3
1,4,50,S++,S++_5,S++_29,10.3
1,4,50,S++,S++_5,S++_43,10.3
1,4,50,S++,S++_5,S++_45,10.3
1,4,50,S++,S++_5,S++_23,10
1,4,50,S++,S++_5,S++_34,10
1,4,50,S++,S++_5,S++_46,10
1,4,50,S++,S++_6,S++_10,10.3
1,4,50,S++,S++_6,S++_21,10.3
1,4,50,S++,S++_6,S++_28,10.3
1,4,50,S++,S++_6,S++_48,10.3
1,4,50,S++,S++_6,S++_17,10.3
1,4,50,S++,S++_6,S++_25,10.3
1,4,50,S++,S++_6,S++_34,10.3
1,4,50,S++,S++_6,S++_49,10.3
1,4,50,S++,S++_6,S++_16,10
1,4,50,S++,S++_6,S++_41,10
1,4,50,S++,S++_6,S++_42,10
1,4,50,S++,S++_6,S++_43,10
1,4,50,S++,S++_6,S++_13,10
1,4,50,S++,S++_6,S++_35,10
1,4,50,S++,S++_6,S++_37,10.3
1,4,50,S++,S++_6,S++_22,10.3
1,4,50,S++,S++_6,S++_27,10.3
1,4,50,S++,S++_6,S++_32,10.3
1,4,50,S++,S++_6,S++_40,10.3
1,4,50,S++,S++_6,S++_9,10
1,4,50,S++,S++_6,S++_18,10
1,4,50,S++,S++_6,S++_46,10
1,4,50,S++,S++_7,S++_9,10.3
1,4,50,S++,S++_7,S++_11,10.3
1,4,50,S++,S++_7,S++_17,10.3
1,4,50,S++,S++_7,S++_22,10.3
1,4,50,S++,S++_7,S++_30,10.3
1,4,50,S++,S++_7,S++_45,10.3
1,4,50,S++,S++_7,S++_46,10
1,4,50,S++,S++_7,S++_35,10.3
1,4,50,S++,S++_7,S++_19,10
1,4,50,S++,S++_7,S++_36,10
1,4,50,S++,S++_7,S++_40,10
1,4,50,S++,S++_7,S++_48,10
1,4,50,S++,S++_8,S++_17,10.3
1,4,50,S++,S++_8,S++_19,10.3
1,4,50,S++,S++_8,S++_23,10.3
1,4,50,S++,S++_8,S++_35,10.3
1,4,50,S++,S++_8,S++_47,10.3
1,4,50,S++,S++_8,S++_10,10.3
1,4,50,S++,S++_8,S++_24,10.3
1,4,50,S++,S++_8,S++_43,10
1,4,50,S++,S++_8,S++_50,10
1,4,50,S++,S++_8,S++_25,10
1,4,50,S++,S++_8,S++_37,10
1,4,50,S++,S++_8,S++_44,10
1,4,50,S++,S++_8,S++_45,10
1,4,50,S++,S++_8,S++_11,10.3
1,4,50,S++,S++_8,S++_18,10.3
1,4,50,S++,S++_8,S++_20,10.3
1,4,50,S++,S++_8,S++_12,10.3
1,4,50,S++,S++_8,S++_32,10.3
1,4,50,S++,S++_8,S++_15,10
1,4,50,S++,S++_8,S++_31,10
1,4,50,S++,S++_8,S++_9,10
1,4,50,S++,S++_8,S++_29,10
1,4,50,S++,S++_9,S++_30,10.3
1,4,50,S++,S++_9,S++_36,10.3
1,4,50,S++,S++_9,S++_47,10.3
1,4,50,S++,S++_9,S++_27,10.3
1,4,50,S++,S++_9,S++_14,10
1,4,50,S++,S++_9,S++_37,10
1,4,50,S++,S++_9,S++_22,10
1,4,50,S++,S++_9,S++_33,10
1,4,50,S++,S++_9,S++_44,10
1,4,50,S++,S++_9,S++_16,10.3
1,4,50,S++,S++_9,S++_43,10.3
1,4,50,S++,S++_9,S++_45,10.3
1,4,50,S++,S++_9,S++_15,10
1,4,50,S++,S++_9,S++_38,10
1,4,50,S++,S++_9,S++_46,10
1,4,50,S++,S++_9,S++_19,10
1,4,50,S++,S++_10,S++_22,10.3
1,4,50,S++,S++_10,S++_33,10.3
1,4,50,S++,S++_10,S++_44,10.3
1,4,50,S++,S++_10,S++_45,10.3
1,4,50,S++,S++_10,S++_47,10.3
1,4,50,S++,S++_10,S++_21,10.3
1,4,50,S++,S++_10,S++_48,10.3
1,4,50,S++,S++_10,S++_13,10
1,4,50,S++,S++_10,S++_20,10
1,4,50,S++,S++_10,S++_46,10
1,4,50,S++,S++_10,S++_15,10
1,4,50,S++,S++_10,S++_17,10
1,4,50,S++,S++_10,S++_14,10.3
1,4,50,S++,S++_10,S++_19,10.3
1,4,50,S++,S++_10,S++_27,10.3
1,4,50,S++,S++_10,S++_30,10.3
1,4,50,S++,S++_10,S++_11,10
1,4,50,S++,S++_10,S++_25,10
1,4,50,S++,S++_10,S++_28,10
1,4,50,S++,S++_10,S++_29,10
1,4,50,S++,S++_10,S++_37,10
1,4,50,S++,S++_11,S++_13,10.3
1,4,50,S++,S++_11,S++_16,10.3
1,4,50,S++,S++_11,S++_34,10.3
1,4,50,S++,S++_11,S++_37,10.3
1,4,50,S++,S++_11,S++_49,10.3
1,4,50,S++,S++_11,S++_27,10
1,4,50,S++,S++_11,S++_36,10
1,4,50,S++,S++_11,S++_48,10
1,4,50,S++,S++_11,S++_40,10
1,4,50,S++,S++_11,S++_46,10
1,4,50,S++,S++_11,S++_15,10.3
1,4,50,S++,S++_11,S++_33,10.3
1,4,50,S++,S++_11,S++_44,10.3
1,4,50,S++,S++_11,S++_22,10
1,4,50,S++,S++_11,S++_39,10
1,4,50,S++,S++_11,S++_21,10
1,4,50,S++,S++_11,S++_30,10
1,4,50,S++,S++_12,S++_23,10.3
1,4,50,S++,S++_12,S++_31,10.3
1,4,50,S++,S++_12,S++_18,10.3
1,4,50,S++,S++_12,S++_35,9.7
1,4,50,S++,S++_12,S++_42,9.7
1,4,50,S++,S++_12,S++_33,9.4
1,4,50,S++,S++_12,S++_43,9.4
1,4,50,S++,S++_12,S++_45,9.4
1,4,50,S++,S++_12,S++_28,9.7
1,4,50,S++,S++_12,S++_19,9.7
1,4,50,S++,S++_12,S++_29,10
1,4,50,S++,S++_12,S++_27,10
1,4,50,S++,S++_12,S++_36,10
1,4,50,S++,S++_13,S++_16,9.7
1,4,50,S++,S++_13,S++_19,9.7
1,4,50,S++,S++_13,S++_28,9.7
1,4,50,S++,S++_13,S++_34,9.7
1,4,50,S++,S++_13,S++_37,9.7
1,4,50,S++,S++_13,S++_43,9.7
1,4,50,S++,S++_13,S++_40,9.7
1,4,50,S++,S++_13,S++_48,9.7
1,4,50,S++,S++_13,S++_25,9.4
1,4,50,S++,S++_13,S++_42,9.4
1,4,50,S++,S++_13,S++_46,9.4
1,4,50,S++,S++_13,S++_21,9.7
1,4,50,S++,S++_13,S++_24,9.7
1,4,50,S++,S++_13,S++_31,9.7
1,4,50,S++,S++_13,S++_35,9.7
1,4,50,S++,S++_13,S++_39,9.7
1,4,50,S++,S++_13,S++_29,9.7
1,4,50,S++,S++_13,S++_38,9.7
1,4,50,S++,S++_13,S++_41,9.7
1,4,50,S++,S++_13,S++_50,9.7
1,4,50,S++,S++_14,S++_28,9.7
1,4,50,S++,S++_14,S++_43,9.7
1,4,50,S++,S++_14,S++_44,9.7
1,4,50,S++,S++_14,S++_42,9.7
1,4,50,S++,S++_14,S++_46,9.7
1,4,50,S++,S++_14,S++_26,9.4
1,4,50,S++,S++_14,S++_21,9.7
1,4,50,S++,S++_14,S++_34,9.7
1,4,50,S++,S++_14,S++_40,9.7
1,4,50,S++,S++_14,S++_18,10
1,4,50,S++,S++_14,S++_20,10
1,4,50,S++,S++_14,S++_33,10
1,4,50,S++,S++_15,S++_19,9.7
1,4,50,S++,S++_15,S++_41,9.7
1,4,50,S++,S++_15,S++_43,9.7
1,4,50,S++,S++_15,S++_50,9.7
1,4,50,S++,S++_15,S++_16,9.7
1,4,50,S++,S++_15,S++_24,9.7
1,4,50,S++,S++_15,S++_32,9.7
1,4,50,S++,S++_15,S++_36,9.7
1,4,50,S++,S++_15,S++_47,9.7
1,4,50,S++,S++_15,S++_29,9.4
1,4,50,S++,S++_15,S++_45,9.4
1,4,50,S++,S++_15,S++_31,9.7
1,4,50,S++,S++_15,S++_34,10
1,4,50,S++,S++_15,S++_35,10
1,4,50,S++,S++_15,S++_44,10
1,4,50,S++,S++_16,S++_41,9.4
1,4,50,S++,S++_16,S++_24,9.7
1,4,50,S++,S++_16,S++_28,9.7
1,4,50,S++,S++_16,S++_40,9.7
1,4,50,S++,S++_16,S++_42,9.7
1,4,50,S++,S++_16,S++_25,9.7
1,4,50,S++,S++_16,S++_43,9.4
1,4,50,S++,S++_16,S++_48,9.4
1,4,50,S++,S++_16,S++_34,9.4
1,4,50,S++,S++_16,S++_19,10
1,4,50,S++,S++_16,S++_27,10
1,4,50,S++,S++_16,S++_36,10
1,4,50,S++,S++_17,S++_19,9.7
1,4,50,S++,S++_17,S++_45,9.7
1,4,50,S++,S++_17,S++_30,9.4
1,4,50,S++,S++_17,S++_46,9.4
1,4,50,S++,S++_17,S++_33,9.4
1,4,50,S++,S++_17,S++_38,9.4
1,4,50,S++,S++_17,S++_32,9.7
1,4,50,S++,S++_17,S++_18,10
1,4,50,S++,S++_17,S++_36,10
1,4,50,S++,S++_17,S++_44,10
1,4,50,S++,S++_18,S++_26,9.7
1,4,50,S++,S++_18,S++_28,10.3
1,4,50,S++,S++_18,S++_29,10.3
1,4,50,S++,S++_18,S++_39,10.3
1,4,50,S++,S++_18,S++_50,10.3
1,4,50,S++,S++_18,S++_42,10
1,4,50,S++,S++_18,S++_23,9.7
1,4,50,S++,S++_18,S++_27,9.7
1,4,50,S++,S++_18,S++_36,9.7
1,4,50,S++,S++_18,S++_38,9.7
1,4,50,S++,S++_18,S++_44,9.7
1,4,50,S++,S++_18,S++_19,10
1,4,50,S++,S++_19,S++_24,10.3
1,4,50,S++,S++_19,S++_44,10.3
1,4,50,S++,S++_19,S++_49,10.3
1,4,50,S++,S++_19,S++_34,10
1,4,50,S++,S++_19,S++_47,10
1,4,50,S++,S++_19,S++_48,10.6
1,4,50,S++,S++_19,S++_30,10.3
1,4,50,S++,S++_19,S++_46,10.3
1,4,50,S++,S++_19,S++_22,10
1,4,50,S++,S++_19,S++_27,10
1,4,50,S++,S++_19,S++_32,10
1,4,50,S++,S++_19,S++_23,10
1,4,50,S++,S++_20,S++_24,10.9
1,4,50,S++,S++_20,S++_44,10.9
1,4,50,S++,S++_20,S++_28,10.9
1,4,50,S++,S++_20,S++_33,10.6
1,4,50,S++,S++_20,S++_38,10.6
1,4,50,S++,S++_20,S++_23,10.6
1,4,50,S++,S++_20,S++_36,10.6
1,4,50,S++,S++_20,S++_34,10.3
1,4,50,S++,S++_20,S++_39,10.3
1,4,50,S++,S++_20,S++_47,10.3
1,4,50,S++,S++_20,S++_42,10.3
1,4,50,S++,S++_20,S++_31,10
1,4,50,S++,S++_20,S++_32,10
1,4,50,S++,S++_20,S++_40,10
1,4,50,S++,S++_20,S++_43,10
1,4,50,S++,S++_21,S++_27,10.9
1,4,50,S++,S++_21,S++_34,10.9
1,4,50,S++,S++_21,S++_31,10.6
1,4,50,S++,S++_21,S++_35,10.6
1,4,50,S++,S++_21,S++_36,10.3
1,4,50,S++,S++_21,S++_24,10.3
1,4,50,S++,S++_21,S++_25,10.3
1,4,50,S++,S++_21,S++_37,10.3
1,4,50,S++,S++_21,S++_22,10
1,4,50,S++,S++_21,S++_33,10
1,4,50,S++,S++_21,S++_38,10
1,4,50,S++,S++_21,S++_28,10
1,4,50,S++,S++_22,S++_24,10.9
1,4,50,S++,S++_22,S++_39,10.9
1,4,50,S++,S++_22,S++_49,10.9
1,4,50,S++,S++_22,S++_33,10.6
1,4,50,S++,S++_22,S++_35,10.6
1,4,50,S++,S++_22,S++_36,10.6
1,4,50,S++,S++_22,S++_27,10.3
1,4,50,S++,S++_22,S++_29,10.3
1,4,50,S++,S++_22,S++_40,10.3
1,4,50,S++,S++_22,S++_26,10.3
1,4,50,S++,S++_22,S++_48,10.3
1,4,50,S++,S++_22,S++_23,10
1,4,50,S++,S++_22,S++_31,10
1,4,50,S++,S++_22,S++_34,10
1,4,50,S++,S++_23,S++_45,10.9
1,4,50,S++,S++_23,S++_24,10.6
1,4,50,S++,S++_23,S++_28,10.6
1,4,50,S++,S++_23,S++_32,10.6
1,4,50,S++,S++_23,S++_43,10.6
1,4,50,S++,S++_23,S++_44,10.6
1,4,50,S++,S++_23,S++_29,10.3
1,4,50,S++,S++_23,S++_37,10.3
1,4,50,S++,S++_23,S++_42,10.3
1,4,50,S++,S++_23,S++_26,10.3
1,4,50,S++,S++_23,S++_31,10
1,4,50,S++,S++_23,S++_50,10
1,4,50,S++,S++_23,S++_36,10
1,4,50,S++,S++_24,S++_28,10.9
1,4,50,S++,S++_24,S++_32,10.9
1,4,50,S++,S++_24,S++_35,10.9
1,4,50,S++,S++_24,S++_39,10.6
1,4,50,S++,S++_24,S++_40,10.6
1,4,50,S++,S++_24,S++_27,10.6
1,4,50,S++,S++_24,S++_47,10.6
1,4,50,S++,S++_24,S++_26,10.3
1,4,50,S++,S++_24,S++_42,10.3
1,4,50,S++,S++_24,S++_44,10
1,4,50,S++,S++_24,S++_49,10
1,4,50,S++,S++_25,S++_40,10.9
1,4,50,S++,S++_25,S++_31,10.9
1,4,50,S++,S++_25,S++_33,10.9
1,4,50,S++,S++_25,S++_48,10.9
1,4,50,S++,S++_25,S++_27,10.6
1,4,50,S++,S++_25,S++_47,10.6
1,4,50,S++,S++_25,S++_28,10.6
1,4,50,S++,S++_25,S++_29,10
1,4,50,S++,S++_25,S++_34,10
1,4,50,S++,S++_25,S++_38,10
1,4,50,S++,S++_25,S++_46,10
1,4,50,S++,S++_26,S++_42,10.9
1,4,50,S++,S++_26,S++_37,10.9
1,4,50,S++,S++_26,S++_39,10.9
1,4,50,S++,S++_26,S++_38,10.3
1,4,50,S++,S++_26,S++_47,10.3
1,4,50,S++,S++_26,S++_35,10
1,4,50,S++,S++_26,S++_44,10
1,4,50,S++,S++_26,S++_50,10
1,4,50,S++,S++_26,S++_46,10
1,4,50,S++,S++_27,S++_45,10.9
1,4,50,S++,S++_27,S++_34,10.9
1,4,50,S++,S++_27,S++_48,10.9
1,4,50,S++,S++_27,S++_37,10.3
1,4,50,S++,S++_27,S++_41,10.3
1,4,50,S++,S++_27,S++_49,10.3
1,4,50,S++,S++_27,S++_30,10
1,4,50,S++,S++_28,S++_44,10.9
1,4,50,S++,S++_28,S++_45,10.9
1,4,50,S++,S++_28,S++_43,10.6
1,4,50,S++,S++_28,S++_48,10.6
1,4,50,S++,S++_28,S++_35,10.6
1,4,50,S++,S++_28,S++_36,10.6
1,4,50,S++,S++_28,S++_41,10.3
1,4,50,S++,S++_28,S++_49,10.3
1,4,50,S++,S++_28,S++_32,10
1,4,50,S++,S++_29,S++_32,10.9
1,4,50,S++,S++_29,S++_38,10.9
1,4,50,S++,S++_29,S++_46,10.9
1,4,50,S++,S++_29,S++_47,10
1,4,50,S++,S++_29,S++_39,10
1,4,50,S++,S++_29,S++_48,10
1,4,50,S++,S++_29,S++_43,10
1,4,50,S++,S++_30,S++_36,10.3
1,4,50,S++,S++_30,S++_39,10.3
1,4,50,S++,S++_30,S++_45,10.3
1,4,50,S++,S++_30,S++_33,10
1,4,50,S++,S++_30,S++_44,10
1,4,50,S++,S++_30,S++_48,10
1,4,50,S++,S++_30,S++_49,10
1,4,50,S++,S++_31,S++_46,10.3
1,4,50,S++,S++_31,S++_47,10
1,4,50,S++,S++_31,S++_32,9.7
1,4,50,S++,S++_31,S++_36,9.7
1,4,50,S++,S++_31,S++_39,9.7
1,4,50,S++,S++_31,S++_35,10
1,4,50,S++,S++_31,S++_50,10
1,4,50,S++,S++_32,S++_39,10.3
1,4,50,S++,S++_32,S++_43,9.7
1,4,50,S++,S++_32,S++_50,9.7
1,4,50,S++,S++_32,S++_41,9.7
1,4,50,S++,S++_32,S++_33,10
1,4,50,S++,S++_32,S++_42,10
1,4,50,S++,S++_32,S++_37,9.7
1,4,50,S++,S++_32,S++_35,9.7
1,4,50,S++,S++_32,S++_38,9.7
1,4,50,S++,S++_32,S++_46,10
1,4,50,S++,S++_32,S++_49,10
1,4,50,S++,S++_33,S++_34,9.7
1,4,50,S++,S++_33,S++_37,10
1,4,50,S++,S++_33,S++_45,10
1,4,50,S++,S++_33,S++_50,10
1,4,50,S++,S++_33,S++_42,9.4
1,4,50,S++,S++_33,S++_41,9.7
1,4,50,S++,S++_33,S++_48,9.7
1,4,50,S++,S++_33,S++_49,10
1,4,50,S++,S++_34,S++_37,9.7
1,4,50,S++,S++_34,S++_42,9.7
1,4,50,S++,S++_34,S++_48,9.7
1,4,50,S++,S++_34,S++_44,10
1,4,50,S++,S++_34,S++_49,10
1,4,50,S++,S++_35,S++_37,10
1,4,50,S++,S++_35,S++_39,10
1,4,50,S++,S++_35,S++_41,10
1,4,50,S++,S++_35,S++_42,10
1,4,50,S++,S++_35,S++_50,10
1,4,50,S++,S++_36,S++_37,9.4
1,4,50,S++,S++_36,S++_50,9.4
1,4,50,S++,S++_37,S++_38,9.7
1,4,50,S++,S++_37,S++_45,10
1,4,50,S++,S++_37,S++_48,10
1,4,50,S++,S++_38,S++_42,9.4
1,4,50,S++,S++_39,S++_42,9.4
1,4,50,S++,S++_39,S++_43,9.7
1,4,50,S++,S++_39,S++_47,9.7
1,4,50,S++,S++_39,S++_50,9.7
1,4,50,S++,S++_39,S++_44,9.7
1,4,50,S++,S++_40,S++_48,9.4
1,4,50,S++,S++_40,S++_49,9.4
1,4,50,S++,S++_40,S++_41,10
1,4,50,S++,S++_41,S++_42,10
1,4,50,S++,S++_41,S++_47,10
1,4,50,S++,S++_42,S++_45,9.4
1,4,50,S++,S++_42,S++_43,9.7
1,4,50,S++,S++_42,S++_50,10
1,4,50,S++,S++_43,S++_49,10
1,4,50,S++,S++_44,S++_47,9.4
1,4,50,S++,S++_44,S++_50,10
1,4,50,S++,S++_46,S++_48,10
1,4,50,S++,S++_47,S++_50,10
1,4,50,S++,S++_48,S++_50,9.7
1,5,50,S++,S++_1,S++_12,10
1,5,50,S++,S++_1,S++_14,10
1,5,50,S++,S++_1,S++_18,10
1,5,50,S++,S++_1,S++_24,10
1,5,50,S++,S++_1,S++_26,10
1,5,50,S++,S++_1,S++_33,10
1,5,50,S++,S++_1,S++_6,10
1,5,50,S++,S++_1,S++_44,10
1,5,50,S++,S++_1,S++_45,10
1,5,50,S++,S++_1,S++_17,9.7
1,5,50,S++,S++_1,S++_27,9.7
1,5,50,S++,S++_1,S++_50,9.7
1,5,50,S++,S++_1,S++_20,9.7
1,5,50,S++,S++_1,S++_29,10
1,5,50,S++,S++_1,S++_30,10
1,5,50,S++,S++_1,S++_35,10
1,5,50,S++,S++_1,S++_16,10
1,5,50,S++,S++_1,S++_7,10.3
1,5,50,S++,S++_1,S++_9,10.3
1,5,50,S++,S++_1,S++_32,10.3
1,5,50,S++,S++_1,S++_42,10.3
1,5,50,S++,S++_1,S++_15,10
1,5,50,S++,S++_1,S++_5,10
1,5,50,S++,S++_1,S++_21,10
1,5,50,S++,S++_1,S++_39,10
1,5,50,S++,S++_2,S++_39,10.3
1,5,50,S++,S++_2,S++_11,10.6
1,5,50,S++,S++_2,S++_25,10.6
1,5,50,S++,S++_2,S++_33,10.6
1,5,50,S++,S++_2,S++_41,10.6
1,5,50,S++,S++_2,S++_6,10.6
1,5,50,S++,S++_2,S++_49,10.6
1,5,50,S++,S++_2,S++_40,10.3
1,5,50,S++,S++_2,S++_48,10.3
1,5,50,S++,S++_2,S++_3,10.3
1,5,50,S++,S++_2,S++_13,10.6
1,5,50,S++,S++_2,S++_21,10.6
1,5,50,S++,S++_2,S++_30,10.6
1,5,50,S++,S++_2,S++_36,10.6
1,5,50,S++,S++_2,S++_17,10.6
1,5,50,S++,S++_2,S++_37,10.6
1,5,50,S++,S++_2,S++_43,10.6
1,5,50,S++,S++_2,S++_5,10.3
1,5,50,S++,S++_2,S++_34,10.3
1,5,50,S++,S++_2,S++_45,10.3
1,5,50,S++,S++_2,S++_8,10
1,5,50,S++,S++_2,S++_14,10
1,5,50,S++,S++_2,S++_10,10
1,5,50,S++,S++_3,S++_11,10.6
1,5,50,S++,S++_3,S++_21,10.6
1,5,50,S++,S++_3,S++_22,10.6
1,5,50,S++,S++_3,S++_24,10.6
1,5,50,S++,S++_3,S++_17,10.6
1,5,50,S++,S++_3,S++_32,10.6
1,5,50,S++,S++_3,S++_33,10.6
1,5,50,S++,S++_3,S++_35,10.6
1,5,50,S++,S++_3,S++_40,10.6
1,5,50,S++,S++_3,S++_39,10.3
1,5,50,S++,S++_3,S++_4,10.3
1,5,50,S++,S++_3,S++_27,10.3
1,5,50,S++,S++_3,S++_28,10.3
1,5,50,S++,S++_3,S++_37,10.3
1,5,50,S++,S++_3,S++_44,10.3
1,5,50,S++,S++_3,S++_45,10.3
1,5,50,S++,S++_3,S++_48,10.3
1,5,50,S++,S++_3,S++_9,10.6
1,5,50,S++,S++_3,S++_13,10
1,5,50,S++,S++_3,S++_36,10
1,5,50,S++,S++_3,S++_8,9.7
1,5,50,S++,S++_3,S++_10,9.7
1,5,50,S++,S++_3,S++_12,9.7
1,5,50,S++,S++_3,S++_25,9.7
1,5,50,S++,S++_3,S++_30,9.7
1,5,50,S++,S++_3,S++_14,10
1,5,50,S++,S++_3,S++_16,10
1,5,50,S++,S++_3,S++_50,10
1,5,50,S++,S++_3,S++_19,10
1,5,50,S++,S++_4,S++_7,10
1,5,50,S++,S++_4,S++_27,10
1,5,50,S++,S++_4,S++_31,10
1,5,50,S++,S++_4,S++_46,10
1,5,50,S++,S++_4,S++_5,10
1,5,50,S++,S++_4,S++_8,10
1,5,50,S++,S++_4,S++_15,10
1,5,50,S++,S++_4,S++_45,10
1,5,50,S++,S++_4,S++_25,9.7
1,5,50,S++,S++_4,S++_34,9.7
1,5,50,S++,S++_4,S++_23,9.7
1,5,50,S++,S++_4,S++_32,9.7
1,5,50,S++,S++_4,S++_44,9.7
1,5,50,S++,S++_4,S++_10,10
1,5,50,S++,S++_4,S++_20,10
1,5,50,S++,S++_4,S++_50,10
1,5,50,S++,S++_4,S++_36,9.7
1,5,50,S++,S++_4,S++_37,9.7
1,5,50,S++,S++_4,S++_9,10
1,5,50,S++,S++_4,S++_19,10
1,5,50,S++,S++_4,S++_22,10
1,5,50,S++,S++_4,S++_26,10
1,5,50,S++,S++_4,S++_47,10
1,5,50,S++,S++_4,S++_33,10
1,5,50,S++,S++_4,S++_41,10
1,5,50,S++,S++_4,S++_42,10
1,5,50,S++,S++_4,S++_48,10
1,5,50,S++,S++_5,S++_15,10
1,5,50,S++,S++_5,S++_10,10
1,5,50,S++,S++_5,S++_14,10
1,5,50,S++,S++_5,S++_18,10
1,5,50,S++,S++_5,S++_24,10
1,5,50,S++,S++_5,S++_26,10
1,5,50,S++,S++_5,S++_31,10
1,5,50,S++,S++_5,S++_35,10
1,5,50,S++,S++_5,S++_12,9.7
1,5,50,S++,S++_5,S++_16,9.7
1,5,50,S++,S++_5,S++_20,9.7
1,5,50,S++,S++_5,S++_42,9.7
1,5,50,S++,S++_5,S++_8,9.7
1,5,50,S++,S++_5,S++_37,9.7
1,5,50,S++,S++_5,S++_39,9.7
1,5,50,S++,S++_5,S++_6,10
1,5,50,S++,S++_5,S++_29,10
1,5,50,S++,S++_5,S++_43,10
1,5,50,S++,S++_5,S++_45,10
1,5,50,S++,S++_5,S++_23,9.7
1,5,50,S++,S++_5,S++_34,9.7
1,5,50,S++,S++_5,S++_46,9.7
1,5,50,S++,S++_5,S++_19,10
1,5,50,S++,S++_5,S++_28,10
1,5,50,S++,S++_5,S++_48,10
1,5,50,S++,S++_6,S++_10,10
1,5,50,S++,S++_6,S++_21,10
1,5,50,S++,S++_6,S++_28,10
1,5,50,S++,S++_6,S++_48,10
1,5,50,S++,S++_6,S++_17,10
1,5,50,S++,S++_6,S++_25,10
1,5,50,S++,S++_6,S++_34,10
1,5,50,S++,S++_6,S++_49,10
1,5,50,S++,S++_6,S++_16,9.7
1,5,50,S++,S++_6,S++_41,9.7
1,5,50,S++,S++_6,S++_42,9.7
1,5,50,S++,S++_6,S++_43,9.7
1,5,50,S++,S++_6,S++_13,9.7
1,5,50,S++,S++_6,S++_35,9.7
1,5,50,S++,S++_6,S++_37,10
1,5,50,S++,S++_6,S++_22,10
1,5,50,S++,S++_6,S++_27,10
1,5,50,S++,S++_6,S++_32,10
1,5,50,S++,S++_6,S++_40,10
1,5,50,S++,S++_6,S++_9,9.7
1,5,50,S++,S++_6,S++_18,9.7
1,5,50,S++,S++_6,S++_46,9.7
1,5,50,S++,S++_6,S++_11,10
1,5,50,S++,S++_6,S++_26,10
1,5,50,S++,S++_6,S++_33,10
1,5,50,S++,S++_6,S++_44,10
1,5,50,S++,S++_7,S++_9,10
1,5,50,S++,S++_7,S++_11,10
1,5,50,S++,S++_7,S++_17,10
1,5,50,S++,S++_7,S++_22,10
1,5,50,S++,S++_7,S++_30,10
1,5,50,S++,S++_7,S++_45,10
1,5,50,S++,S++_7,S++_46,9.7
1,5,50,S++,S++_7,S++_35,10
1,5,50,S++,S++_7,S++_19,9.7
1,5,50,S++,S++_7,S++_36,9.7
1,5,50,S++,S++_7,S++_40,9.7
1,5,50,S++,S++_7,S++_48,9.7
1,5,50,S++,S++_7,S++_8,10
1,5,50,S++,S++_7,S++_16,10
1,5,50,S++,S++_7,S++_25,10
1,5,50,S++,S++_7,S++_34,10
1,5,50,S++,S++_7,S++_47,10
1,5,50,S++,S++_7,S++_49,10
1,5,50,S++,S++_7,S++_43,10
1,5,50,S++,S++_8,S++_17,10
1,5,50,S++,S++_8,S++_19,10
1,5,50,S++,S++_8,S++_23,10.6
1,5,50,S++,S++_8,S++_35,10.6
1,5,50,S++,S++_8,S++_47,10.6
1,5,50,S++,S++_8,S++_10,10.6
1,5,50,S++,S++_8,S++_24,10.6
1,5,50,S++,S++_8,S++_43,10.3
1,5,50,S++,S++_8,S++_50,10.3
1,5,50,S++,S++_8,S++_25,10.3
1,5,50,S++,S++_8,S++_37,10.3
1,5,50,S++,S++_8,S++_44,10.3
1,5,50,S++,S++_8,S++_45,10.3
1,5,50,S++,S++_8,S++_11,10.6
1,5,50,S++,S++_8,S++_18,10.6
1,5,50,S++,S++_8,S++_20,10.6
1,5,50,S++,S++_8,S++_12,10.6
1,5,50,S++,S++_8,S++_32,10.6
1,5,50,S++,S++_8,S++_15,10.3
1,5,50,S++,S++_8,S++_31,10.3
1,5,50,S++,S++_8,S++_9,10.3
1,5,50,S++,S++_8,S++_29,10.3
1,5,50,S++,S++_8,S++_34,10
1,5,50,S++,S++_8,S++_46,10
1,5,50,S++,S++_9,S++_30,10.6
1,5,50,S++,S++_9,S++_36,10.6
1,5,50,S++,S++_9,S++_47,10.6
1,5,50,S++,S++_9,S++_27,10.6
1,5,50,S++,S++_9,S++_14,10.3
1,5,50,S++,S++_9,S++_37,10.3
1,5,50,S++,S++_9,S++_22,10.3
1,5,50,S++,S++_9,S++_33,10.3
1,5,50,S++,S++_9,S++_44,10.3
1,5,50,S++,S++_9,S++_16,10.6
1,5,50,S++,S++_9,S++_43,10.6
1,5,50,S++,S++_9,S++_45,10.6
1,5,50,S++,S++_9,S++_15,10.3
1,5,50,S++,S++_9,S++_38,10.3
1,5,50,S++,S++_9,S++_46,10.3
1,5,50,S++,S++_9,S++_19,10.3
1,5,50,S++,S++_9,S++_21,10
1,5,50,S++,S++_9,S++_25,10
1,5,50,S++,S++_10,S++_22,10.6
1,5,50,S++,S++_10,S++_33,10.6
1,5,50,S++,S++_10,S++_44,10.6
1,5,50,S++,S++_10,S++_45,10.6
1,5,50,S++,S++_10,S++_47,10.6
1,5,50,S++,S++_10,S++_21,10.6
1,5,50,S++,S++_10,S++_48,10.6
1,5,50,S++,S++_10,S++_13,10.3
1,5,50,S++,S++_10,S++_20,10.3
1,5,50,S++,S++_10,S++_46,10.3
1,5,50,S++,S++_10,S++_15,10.3
1,5,50,S++,S++_10,S++_17,10.3
1,5,50,S++,S++_10,S++_14,10.6
1,5,50,S++,S++_10,S++_19,10.6
1,5,50,S++,S++_10,S++_27,10.6
1,5,50,S++,S++_10,S++_30,10.6
1,5,50,S++,S++_10,S++_11,10.3
1,5,50,S++,S++_10,S++_25,10.3
1,5,50,S++,S++_10,S++_28,10.3
1,5,50,S++,S++_10,S++_29,10.3
1,5,50,S++,S++_10,S++_37,10.3
1,5,50,S++,S++_10,S++_36,10
1,5,50,S++,S++_10,S++_42,10
1,5,50,S++,S++_10,S++_43,10
1,5,50,S++,S++_10,S++_18,10
1,5,50,S++,S++_10,S++_26,10
1,5,50,S++,S++_10,S++_31,10
1,5,50,S++,S++_10,S++_50,10
1,5,50,S++,S++_11,S++_13,10.6
1,5,50,S++,S++_11,S++_16,10.6
1,5,50,S++,S++_11,S++_34,10.6
1,5,50,S++,S++_11,S++_37,10.6
1,5,50,S++,S++_11,S++_49,10.6
1,5,50,S++,S++_11,S++_27,10.3
1,5,50,S++,S++_11,S++_36,10.3
1,5,50,S++,S++_11,S++_48,10.3
1,5,50,S++,S++_11,S++_40,10.3
1,5,50,S++,S++_11,S++_46,10.3
1,5,50,S++,S++_11,S++_15,10.6
1,5,50,S++,S++_11,S++_33,10.6
1,5,50,S++,S++_11,S++_44,10.6
1,5,50,S++,S++_11,S++_22,10.3
1,5,50,S++,S++_11,S++_39,10.3
1,5,50,S++,S++_11,S++_21,10.3
1,5,50,S++,S++_11,S++_30,10.3
1,5,50,S++,S++_11,S++_14,10
1,5,50,S++,S++_11,S++_23,10
1,5,50,S++,S++_11,S++_28,10
1,5,50,S++,S++_11,S++_29,10
1,5,50,S++,S++_11,S++_25,10
1,5,50,S++,S++_12,S++_23,10.6
1,5,50,S++,S++_12,S++_31,10.6
1,5,50,S++,S++_12,S++_18,10.6
1,5,50,S++,S++_12,S++_35,10
1,5,50,S++,S++_12,S++_42,10
1,5,50,S++,S++_12,S++_33,9.7
1,5,50,S++,S++_12,S++_43,9.7
1,5,50,S++,S++_12,S++_28,9.4
1,5,50,S++,S++_12,S++_19,9.4
1,5,50,S++,S++_12,S++_29,9.7
1,5,50,S++,S++_12,S++_27,9.7
1,5,50,S++,S++_12,S++_36,9.7
1,5,50,S++,S++_12,S++_17,10
1,5,50,S++,S++_12,S++_24,10
1,5,50,S++,S++_12,S++_39,10
1,5,50,S++,S++_12,S++_48,10
1,5,50,S++,S++_13,S++_16,9.4
1,5,50,S++,S++_13,S++_19,9.4
1,5,50,S++,S++_13,S++_28,9.4
1,5,50,S++,S++_13,S++_34,9.4
1,5,50,S++,S++_13,S++_37,9.4
1,5,50,S++,S++_13,S++_43,9.4
1,5,50,S++,S++_13,S++_40,9.4
1,5,50,S++,S++_13,S++_48,9.4
1,5,50,S++,S++_13,S++_21,9.4
1,5,50,S++,S++_13,S++_24,9.4
1,5,50,S++,S++_13,S++_31,9.4
1,5,50,S++,S++_13,S++_35,9.4
1,5,50,S++,S++_13,S++_39,9.4
1,5,50,S++,S++_13,S++_29,9.4
1,5,50,S++,S++_13,S++_38,9.4
1,5,50,S++,S++_13,S++_41,9.4
1,5,50,S++,S++_13,S++_50,9.4
1,5,50,S++,S++_13,S++_15,10
1,5,50,S++,S++_13,S++_27,10
1,5,50,S++,S++_13,S++_36,10
1,5,50,S++,S++_14,S++_28,9.4
1,5,50,S++,S++_14,S++_43,9.4
1,5,50,S++,S++_14,S++_44,9.4
1,5,50,S++,S++_14,S++_42,9.4
1,5,50,S++,S++_14,S++_46,9.4
1,5,50,S++,S++_14,S++_21,9.4
1,5,50,S++,S++_14,S++_34,9.4
1,5,50,S++,S++_14,S++_40,9.4
1,5,50,S++,S++_14,S++_18,9.7
1,5,50,S++,S++_14,S++_20,9.7
1,5,50,S++,S++_14,S++_33,9.7
1,5,50,S++,S++_14,S++_29,10
1,5,50,S++,S++_14,S++_48,10
1,5,50,S++,S++_14,S++_23,10
1,5,50,S++,S++_14,S++_45,10
1,5,50,S++,S++_14,S++_47,10
1,5,50,S++,S++_15,S++_19,9.4
1,5,50,S++,S++_15,S++_41,9.4
1,5,50,S++,S++_15,S++_43,9.4
1,5,50,S++,S++_15,S++_50,9.4
1,5,50,S++,S++_15,S++_16,9.4
1,5,50,S++,S++_15,S++_24,9.4
1,5,50,S++,S++_15,S++_32,9.4
1,5,50,S++,S++_15,S++_36,9.4
1,5,50,S++,S++_15,S++_47,9.4
1,5,50,S++,S++_15,S++_31,9.4
1,5,50,S++,S++_15,S++_34,9.7
1,5,50,S++,S++_15,S++_35,9.7
1,5,50,S++,S++_15,S++_44,9.7
1,5,50,S++,S++_15,S++_18,10
1,5,50,S++,S++_15,S++_46,10
1,5,50,S++,S++_15,S++_49,10
1,5,50,S++,S++_16,S++_24,9.4
1,5,50,S++,S++_16,S++_28,9.4
1,5,50,S++,S++_16,S++_40,9.4
1,5,50,S++,S++_16,S++_42,9.4
1,5,50,S++,S++_16,S++_25,9.4
1,5,50,S++,S++_16,S++_19,9.7
1,5,50,S++,S++_16,S++_27,9.7
1,5,50,S++,S++_16,S++_36,9.7
1,5,50,S++,S++_16,S++_30,10
1,5,50,S++,S++_16,S++_37,10
1,5,50,S++,S++_16,S++_38,10
1,5,50,S++,S++_17,S++_19,9.4
1,5,50,S++,S++_17,S++_45,9.4
1,5,50,S++,S++_17,S++_32,9.4
1,5,50,S++,S++_17,S++_18,9.7
1,5,50,S++,S++_17,S++_36,9.7
1,5,50,S++,S++_17,S++_44,9.7
1,5,50,S++,S++_17,S++_21,10
1,5,50,S++,S++_17,S++_24,10
1,5,50,S++,S++_17,S++_27,10
1,5,50,S++,S++_17,S++_29,10
1,5,50,S++,S++_17,S++_34,10
1,5,50,S++,S++_17,S++_47,10
1,5,50,S++,S++_17,S++_49,10
1,5,50,S++,S++_17,S++_50,10
1,5,50,S++,S++_17,S++_46,10
1,5,50,S++,S++_18,S++_26,9.4
1,5,50,S++,S++_18,S++_28,10
1,5,50,S++,S++_18,S++_29,10
1,5,50,S++,S++_18,S++_39,10
1,5,50,S++,S++_18,S++_50,10
1,5,50,S++,S++_18,S++_42,9.7
1,5,50,S++,S++_18,S++_23,9.4
1,5,50,S++,S++_18,S++_27,9.4
1,5,50,S++,S++_18,S++_36,9.4
1,5,50,S++,S++_18,S++_38,10
1,5,50,S++,S++_18,S++_44,10
1,5,50,S++,S++_18,S++_19,10.3
1,5,50,S++,S++_18,S++_41,10
1,5,50,S++,S++_18,S++_46,10
1,5,50,S++,S++_19,S++_24,10.6
1,5,50,S++,S++_19,S++_44,10.6
1,5,50,S++,S++_19,S++_49,10.6
1,5,50,S++,S++_19,S++_34,10.3
1,5,50,S++,S++_19,S++_47,10.3
1,5,50,S++,S++_19,S++_48,10.9
1,5,50,S++,S++_19,S++_30,10.6
1,5,50,S++,S++_19,S++_46,10.6
1,5,50,S++,S++_19,S++_22,10.3
1,5,50,S++,S++_19,S++_27,10.3
1,5,50,S++,S++_19,S++_32,10.3
1,5,50,S++,S++_19,S++_23,10.3
1,5,50,S++,S++_19,S++_42,10
1,5,50,S++,S++_19,S++_43,10
1,5,50,S++,S++_19,S++_45,10
1,5,50,S++,S++_20,S++_24,11.2
1,5,50,S++,S++_20,S++_44,11.2
1,5,50,S++,S++_20,S++_28,11.2
1,5,50,S++,S++_20,S++_33,10.9
1,5,50,S++,S++_20,S++_38,10.9
1,5,50,S++,S++_20,S++_23,10.9
1,5,50,S++,S++_20,S++_36,10.9
1,5,50,S++,S++_20,S++_34,10.6
1,5,50,S++,S++_20,S++_39,10.6
1,5,50,S++,S++_20,S++_47,10.6
1,5,50,S++,S++_20,S++_42,10.6
1,5,50,S++,S++_20,S++_31,10.3
1,5,50,S++,S++_20,S++_32,10.3
1,5,50,S++,S++_20,S++_40,10.3
1,5,50,S++,S++_20,S++_43,10.3
1,5,50,S++,S++_20,S++_21,10
1,5,50,S++,S++_20,S++_49,10
1,5,50,S++,S++_21,S++_27,11.2
1,5,50,S++,S++_21,S++_34,11.2
1,5,50,S++,S++_21,S++_31,10.9
1,5,50,S++,S++_21,S++_35,10.9
1,5,50,S++,S++_21,S++_36,10.6
1,5,50,S++,S++_21,S++_24,10.6
1,5,50,S++,S++_21,S++_25,10.6
1,5,50,S++,S++_21,S++_37,10.6
1,5,50,S++,S++_21,S++_22,10.3
1,5,50,S++,S++_21,S++_33,10.3
1,5,50,S++,S++_21,S++_38,10.3
1,5,50,S++,S++_21,S++_28,10.3
1,5,50,S++,S++_21,S++_49,10
1,5,50,S++,S++_21,S++_29,10
1,5,50,S++,S++_21,S++_32,10
1,5,50,S++,S++_21,S++_40,10
1,5,50,S++,S++_21,S++_44,10
1,5,50,S++,S++_21,S++_46,10
1,5,50,S++,S++_22,S++_24,11.2
1,5,50,S++,S++_22,S++_39,11.2
1,5,50,S++,S++_22,S++_49,11.2
1,5,50,S++,S++_22,S++_33,10.9
1,5,50,S++,S++_22,S++_35,10.9
1,5,50,S++,S++_22,S++_36,10.9
1,5,50,S++,S++_22,S++_27,10.6
1,5,50,S++,S++_22,S++_29,10.6
1,5,50,S++,S++_22,S++_40,10.6
1,5,50,S++,S++_22,S++_26,10.6
1,5,50,S++,S++_22,S++_48,10.6
1,5,50,S++,S++_22,S++_23,10.3
1,5,50,S++,S++_22,S++_31,10.3
1,5,50,S++,S++_22,S++_34,10.3
1,5,50,S++,S++_22,S++_37,10
1,5,50,S++,S++_22,S++_44,10
1,5,50,S++,S++_22,S++_25,10
1,5,50,S++,S++_22,S++_30,10
1,5,50,S++,S++_23,S++_45,11.2
1,5,50,S++,S++_23,S++_24,10.9
1,5,50,S++,S++_23,S++_28,10.9
1,5,50,S++,S++_23,S++_32,10.9
1,5,50,S++,S++_23,S++_43,10.9
1,5,50,S++,S++_23,S++_44,10.9
1,5,50,S++,S++_23,S++_29,10.6
1,5,50,S++,S++_23,S++_37,10.6
1,5,50,S++,S++_23,S++_42,10.6
1,5,50,S++,S++_23,S++_26,10.6
1,5,50,S++,S++_23,S++_31,10.3
1,5,50,S++,S++_23,S++_50,10.3
1,5,50,S++,S++_23,S++_36,10.3
1,5,50,S++,S++_23,S++_35,10
1,5,50,S++,S++_23,S++_39,10
1,5,50,S++,S++_23,S++_30,10
1,5,50,S++,S++_23,S++_47,10
1,5,50,S++,S++_24,S++_28,11.2
1,5,50,S++,S++_24,S++_32,11.2
1,5,50,S++,S++_24,S++_35,11.2
1,5,50,S++,S++_24,S++_39,10.9
1,5,50,S++,S++_24,S++_40,10.9
1,5,50,S++,S++_24,S++_27,10.9
1,5,50,S++,S++_24,S++_47,10.9
1,5,50,S++,S++_24,S++_26,10.6
1,5,50,S++,S++_24,S++_42,10.6
1,5,50,S++,S++_24,S++_44,10.3
1,5,50,S++,S++_24,S++_49,10.3
1,5,50,S++,S++_24,S++_25,10
1,5,50,S++,S++_24,S++_38,10
1,5,50,S++,S++_25,S++_40,11.2
1,5,50,S++,S++_25,S++_31,11.2
1,5,50,S++,S++_25,S++_33,11.2
1,5,50,S++,S++_25,S++_48,11.2
1,5,50,S++,S++_25,S++_27,10.9
1,5,50,S++,S++_25,S++_47,10.9
1,5,50,S++,S++_25,S++_28,10.9
1,5,50,S++,S++_25,S++_29,10.3
1,5,50,S++,S++_25,S++_34,10.3
1,5,50,S++,S++_25,S++_38,10.3
1,5,50,S++,S++_25,S++_46,10.3
1,5,50,S++,S++_25,S++_26,10
1,5,50,S++,S++_25,S++_30,10
1,5,50,S++,S++_25,S++_44,10
1,5,50,S++,S++_25,S++_36,10
1,5,50,S++,S++_25,S++_39,10
1,5,50,S++,S++_25,S++_50,10
1,5,50,S++,S++_26,S++_42,11.2
1,5,50,S++,S++_26,S++_37,11.2
1,5,50,S++,S++_26,S++_39,11.2
1,5,50,S++,S++_26,S++_38,10.6
1,5,50,S++,S++_26,S++_47,10.6
1,5,50,S++,S++_26,S++_35,10.3
1,5,50,S++,S++_26,S++_44,10.3
1,5,50,S++,S++_26,S++_50,10.3
1,5,50,S++,S++_26,S++_46,10.3
1,5,50,S++,S++_26,S++_31,10
1,5,50,S++,S++_26,S++_45,10
1,5,50,S++,S++_27,S++_45,11.2
1,5,50,S++,S++_27,S++_34,11.2
1,5,50,S++,S++_27,S++_48,11.2
1,5,50,S++,S++_27,S++_37,10.6
1,5,50,S++,S++_27,S++_41,10.6
1,5,50,S++,S++_27,S++_49,10.6
1,5,50,S++,S++_27,S++_30,10.3
1,5,50,S++,S++_27,S++_35,10
1,5,50,S++,S++_27,S++_36,10
1,5,50,S++,S++_27,S++_40,10
1,5,50,S++,S++_27,S++_46,10
1,5,50,S++,S++_28,S++_44,11.2
1,5,50,S++,S++_28,S++_45,11.2
1,5,50,S++,S++_28,S++_43,10.9
1,5,50,S++,S++_28,S++_48,10.9
1,5,50,S++,S++_28,S++_35,10.9
1,5,50,S++,S++_28,S++_36,10.9
1,5,50,S++,S++_28,S++_41,10.6
1,5,50,S++,S++_28,S++_49,10.6
1,5,50,S++,S++_28,S++_32,10.3
1,5,50,S++,S++_28,S++_31,10
1,5,50,S++,S++_28,S++_34,10
1,5,50,S++,S++_29,S++_32,11.2
1,5,50,S++,S++_29,S++_38,11.2
1,5,50,S++,S++_29,S++_46,11.2
1,5,50,S++,S++_29,S++_47,10.3
1,5,50,S++,S++_29,S++_39,10.3
1,5,50,S++,S++_29,S++_48,10.3
1,5,50,S++,S++_29,S++_43,10.3
1,5,50,S++,S++_29,S++_37,10
1,5,50,S++,S++_30,S++_36,10.6
1,5,50,S++,S++_30,S++_39,10.6
1,5,50,S++,S++_30,S++_45,10.6
1,5,50,S++,S++_30,S++_33,10.3
1,5,50,S++,S++_30,S++_44,10.3
1,5,50,S++,S++_30,S++_48,10.3
1,5,50,S++,S++_30,S++_49,10.3
1,5,50,S++,S++_30,S++_37,10
1,5,50,S++,S++_30,S++_47,10
1,5,50,S++,S++_31,S++_46,10.6
1,5,50,S++,S++_31,S++_47,10.3
1,5,50,S++,S++_31,S++_32,10
1,5,50,S++,S++_31,S++_36,10
1,5,50,S++,S++_31,S++_39,10
1,5,50,S++,S++_31,S++_35,10.3
1,5,50,S++,S++_31,S++_50,10.3
1,5,50,S++,S++_31,S++_44,10
1,5,50,S++,S++_32,S++_39,10.6
1,5,50,S++,S++_32,S++_43,10
1,5,50,S++,S++_32,S++_50,10
1,5,50,S++,S++_32,S++_41,10
1,5,50,S++,S++_32,S++_33,10.3
1,5,50,S++,S++_32,S++_42,10.3
1,5,50,S++,S++_32,S++_37,10
1,5,50,S++,S++_32,S++_35,10
1,5,50,S++,S++_32,S++_38,10
1,5,50,S++,S++_32,S++_46,10.3
1,5,50,S++,S++_32,S++_49,10.3
1,5,50,S++,S++_32,S++_44,10
1,5,50,S++,S++_33,S++_34,10
1,5,50,S++,S++_33,S++_37,10.3
1,5,50,S++,S++_33,S++_45,10.3
1,5,50,S++,S++_33,S++_50,10.3
1,5,50,S++,S++_33,S++_42,9.7
1,5,50,S++,S++_33,S++_41,10
1,5,50,S++,S++_33,S++_48,10
1,5,50,S++,S++_33,S++_49,10.3
1,5,50,S++,S++_33,S++_44,10
1,5,50,S++,S++_34,S++_37,10
1,5,50,S++,S++_34,S++_42,10
1,5,50,S++,S++_34,S++_48,10
1,5,50,S++,S++_34,S++_44,10.3
1,5,50,S++,S++_34,S++_49,10.3
1,5,50,S++,S++_34,S++_39,10
1,5,50,S++,S++_35,S++_37,9.7
1,5,50,S++,S++_35,S++_39,9.7
1,5,50,S++,S++_35,S++_41,9.7
1,5,50,S++,S++_35,S++_42,9.7
1,5,50,S++,S++_35,S++_50,9.7
1,5,50,S++,S++_35,S++_46,10
1,5,50,S++,S++_35,S++_47,10
1,5,50,S++,S++_36,S++_44,10
1,5,50,S++,S++_36,S++_48,10
1,5,50,S++,S++_36,S++_41,10
1,5,50,S++,S++_36,S++_45,10
1,5,50,S++,S++_37,S++_38,9.4
1,5,50,S++,S++_37,S++_45,9.7
1,5,50,S++,S++_37,S++_48,9.7
1,5,50,S++,S++_37,S++_40,10
1,5,50,S++,S++_37,S++_43,10
1,5,50,S++,S++_37,S++_46,10
1,5,50,S++,S++_37,S++_49,10
1,5,50,S++,S++_37,S++_39,10
1,5,50,S++,S++_38,S++_47,10
1,5,50,S++,S++_38,S++_39,10
1,5,50,S++,S++_38,S++_42,10
1,5,50,S++,S++_38,S++_50,10
1,5,50,S++,S++_39,S++_43,9.4
1,5,50,S++,S++_39,S++_47,9.4
1,5,50,S++,S++_39,S++_50,9.4
1,5,50,S++,S++_39,S++_44,9.4
1,5,50,S++,S++_39,S++_46,10
1,5,50,S++,S++_40,S++_41,9.7
1,5,50,S++,S++_40,S++_42,10
1,5,50,S++,S++_40,S++_50,10
1,5,50,S++,S++_40,S++_48,10
1,5,50,S++,S++_41,S++_42,9.7
1,5,50,S++,S++_41,S++_47,9.7
1,5,50,S++,S++_42,S++_43,9.4
1,5,50,S++,S++_42,S++_50,9.7
1,5,50,S++,S++_43,S++_49,9.7
1,5,50,S++,S++_44,S++_50,9.7
1,5,50,S++,S++_44,S++_45,10
1,5,50,S++,S++_45,S++_46,10
1,5,50,S++,S++_46,S++_48,9.7
1,5,50,S++,S++_47,S++_50,9.7
1,5,50,S++,S++_48,S++_50,9.4
1,6,50,S++,S++_1,S++_12,9.7
1,6,50,S++,S++_1,S++_14,9.7
1,6,50,S++,S++_1,S++_18,9.7
1,6,50,S++,S++_1,S++_24,9.7
1,6,50,S++,S++_1,S++_26,9.7
1,6,50,S++,S++_1,S++_33,9.7
1,6,50,S++,S++_1,S++_6,9.7
1,6,50,S++,S++_1,S++_44,9.7
1,6,50,S++,S++_1,S++_45,9.7
1,6,50,S++,S++_1,S++_17,9.4
1,6,50,S++,S++_1,S++_27,9.4
1,6,50,S++,S++_1,S++_50,9.4
1,6,50,S++,S++_1,S++_20,9.4
1,6,50,S++,S++_1,S++_29,9.7
1,6,50,S++,S++_1,S++_30,9.7
1,6,50,S++,S++_1,S++_35,9.7
1,6,50,S++,S++_1,S++_16,9.7
1,6,50,S++,S++_1,S++_7,10
1,6,50,S++,S++_1,S++_9,10
1,6,50,S++,S++_1,S++_32,10
1,6,50,S++,S++_1,S++_42,10
1,6,50,S++,S++_1,S++_15,9.7
1,6,50,S++,S++_1,S++_5,9.7
1,6,50,S++,S++_1,S++_21,9.7
1,6,50,S++,S++_1,S++_39,9.7
1,6,50,S++,S++_1,S++_23,10
1,6,50,S++,S++_1,S++_36,10
1,6,50,S++,S++_1,S++_46,10
1,6,50,S++,S++_1,S++_37,10
1,6,50,S++,S++_1,S++_38,10
1,6,50,S++,S++_2,S++_39,10
1,6,50,S++,S++_2,S++_11,10.3
1,6,50,S++,S++_2,S++_25,10.3
1,6,50,S++,S++_2,S++_33,10.3
1,6,50,S++,S++_2,S++_41,10.3
1,6,50,S++,S++_2,S++_6,10.3
1,6,50,S++,S++_2,S++_49,10.3
1,6,50,S++,S++_2,S++_40,10
1,6,50,S++,S++_2,S++_48,10
1,6,50,S++,S++_2,S++_3,10
1,6,50,S++,S++_2,S++_13,10.3
1,6,50,S++,S++_2,S++_21,10.3
1,6,50,S++,S++_2,S++_30,10.3
1,6,50,S++,S++_2,S++_36,10.3
1,6,50,S++,S++_2,S++_17,10.3
1,6,50,S++,S++_2,S++_37,10.3
1,6,50,S++,S++_2,S++_43,10.3
1,6,50,S++,S++_2,S++_5,10
1,6,50,S++,S++_2,S++_34,10
1,6,50,S++,S++_2,S++_45,10
1,6,50,S++,S++_2,S++_8,9.7
1,6,50,S++,S++_2,S++_14,9.7
1,6,50,S++,S++_2,S++_10,9.7
1,6,50,S++,S++_2,S++_22,10
1,6,50,S++,S++_2,S++_50,10
1,6,50,S++,S++_2,S++_9,10
1,6,50,S++,S++_2,S++_18,10
1,6,50,S++,S++_2,S++_29,10
1,6,50,S++,S++_3,S++_11,10.3
1,6,50,S++,S++_3,S++_21,10.3
1,6,50,S++,S++_3,S++_22,10.3
1,6,50,S++,S++_3,S++_24,10.3
1,6,50,S++,S++_3,S++_17,10.3
1,6,50,S++,S++_3,S++_32,10.3
1,6,50,S++,S++_3,S++_33,10.3
1,6,50,S++,S++_3,S++_35,10.3
1,6,50,S++,S++_3,S++_40,10.3
1,6,50,S++,S++_3,S++_39,10
1,6,50,S++,S++_3,S++_4,10
1,6,50,S++,S++_3,S++_27,10
1,6,50,S++,S++_3,S++_28,10
1,6,50,S++,S++_3,S++_37,10
1,6,50,S++,S++_3,S++_44,10
1,6,50,S++,S++_3,S++_45,10
1,6,50,S++,S++_3,S++_48,10
1,6,50,S++,S++_3,S++_9,10.3
1,6,50,S++,S++_3,S++_13,9.7
1,6,50,S++,S++_3,S++_36,9.7
1,6,50,S++,S++_3,S++_8,9.4
1,6,50,S++,S++_3,S++_10,9.4
1,6,50,S++,S++_3,S++_12,9.4
1,6,50,S++,S++_3,S++_25,9.4
1,6,50,S++,S++_3,S++_30,9.4
1,6,50,S++,S++_3,S++_14,9.7
1,6,50,S++,S++_3,S++_16,9.7
1,6,50,S++,S++_3,S++_50,9.7
1,6,50,S++,S++_3,S++_19,9.7
1,6,50,S++,S++_3,S++_18,10
1,6,50,S++,S++_3,S++_34,10
1,6,50,S++,S++_3,S++_46,10
1,6,50,S++,S++_3,S++_31,10
1,6,50,S++,S++_4,S++_7,9.7
1,6,50,S++,S++_4,S++_27,9.7
1,6,50,S++,S++_4,S++_31,9.7
1,6,50,S++,S++_4,S++_46,9.7
1,6,50,S++,S++_4,S++_5,9.7
1,6,50,S++,S++_4,S++_8,9.7
1,6,50,S++,S++_4,S++_15,9.7
1,6,50,S++,S++_4,S++_45,9.7
1,6,50,S++,S++_4,S++_25,9.4
1,6,50,S++,S++_4,S++_34,9.4
1,6,50,S++,S++_4,S++_23,9.4
1,6,50,S++,S++_4,S++_32,10
1,6,50,S++,S++_4,S++_44,10
1,6,50,S++,S++_4,S++_10,10.3
1,6,50,S++,S++_4,S++_20,10.3
1,6,50,S++,S++_4,S++_50,10.3
1,6,50,S++,S++_4,S++_36,10
1,6,50,S++,S++_4,S++_37,10
1,6,50,S++,S++_4,S++_9,10.3
1,6,50,S++,S++_4,S++_19,10.3
1,6,50,S++,S++_4,S++_22,10.3
1,6,50,S++,S++_4,S++_26,10.3
1,6,50,S++,S++_4,S++_47,10.3
1,6,50,S++,S++_4,S++_33,10.3
1,6,50,S++,S++_4,S++_41,10.3
1,6,50,S++,S++_4,S++_42,10.3
1,6,50,S++,S++_4,S++_48,10.3
1,6,50,S++,S++_4,S++_17,10
1,6,50,S++,S++_4,S++_30,10
1,6,50,S++,S++_4,S++_11,10
1,6,50,S++,S++_4,S++_43,10
1,6,50,S++,S++_5,S++_15,10.3
1,6,50,S++,S++_5,S++_10,10.3
1,6,50,S++,S++_5,S++_14,10.3
1,6,50,S++,S++_5,S++_18,10.3
1,6,50,S++,S++_5,S++_24,10.3
1,6,50,S++,S++_5,S++_26,10.3
1,6,50,S++,S++_5,S++_31,10.3
1,6,50,S++,S++_5,S++_35,10.3
1,6,50,S++,S++_5,S++_12,10
1,6,50,S++,S++_5,S++_16,10
1,6,50,S++,S++_5,S++_20,10
1,6,50,S++,S++_5,S++_42,10
1,6,50,S++,S++_5,S++_8,10
1,6,50,S++,S++_5,S++_37,10
1,6,50,S++,S++_5,S++_39,10
1,6,50,S++,S++_5,S++_6,10.3
1,6,50,S++,S++_5,S++_29,10.3
1,6,50,S++,S++_5,S++_43,10.3
1,6,50,S++,S++_5,S++_45,10.3
1,6,50,S++,S++_5,S++_23,10
1,6,50,S++,S++_5,S++_34,10
1,6,50,S++,S++_5,S++_46,10
1,6,50,S++,S++_5,S++_19,10.3
1,6,50,S++,S++_5,S++_28,10.3
1,6,50,S++,S++_5,S++_48,10.3
1,6,50,S++,S++_5,S++_22,10
1,6,50,S++,S++_5,S++_30,10
1,6,50,S++,S++_5,S++_41,10
1,6,50,S++,S++_5,S++_47,10
1,6,50,S++,S++_5,S++_7,10
1,6,50,S++,S++_5,S++_11,10
1,6,50,S++,S++_5,S++_44,10
1,6,50,S++,S++_5,S++_49,10
1,6,50,S++,S++_6,S++_10,10.3
1,6,50,S++,S++_6,S++_21,10.3
1,6,50,S++,S++_6,S++_28,10.3
1,6,50,S++,S++_6,S++_48,10.3
1,6,50,S++,S++_6,S++_17,10.3
1,6,50,S++,S++_6,S++_25,10.3
1,6,50,S++,S++_6,S++_34,10.3
1,6,50,S++,S++_6,S++_49,10.3
1,6,50,S++,S++_6,S++_16,10
1,6,50,S++,S++_6,S++_41,10
1,6,50,S++,S++_6,S++_42,10
1,6,50,S++,S++_6,S++_43,10
1,6,50,S++,S++_6,S++_13,10
1,6,50,S++,S++_6,S++_35,10
1,6,50,S++,S++_6,S++_37,10.3
1,6,50,S++,S++_6,S++_22,10.3
1,6,50,S++,S++_6,S++_27,10.3
1,6,50,S++,S++_6,S++_32,10.3
1,6,50,S++,S++_6,S++_40,10.3
1,6,50,S++,S++_6,S++_9,10
1,6,50,S++,S++_6,S++_18,10
1,6,50,S++,S++_6,S++_46,10
1,6,50,S++,S++_6,S++_11,10.3
1,6,50,S++,S++_6,S++_26,10.3
1,6,50,S++,S++_6,S++_33,10.3
1,6,50,S++,S++_6,S++_44,10.3
1,6,50,S++,S++_6,S++_8,10
1,6,50,S++,S++_6,S++_50,10
1,6,50,S++,S++_6,S++_23,10
1,6,50,S++,S++_6,S++_45,10
1,6,50,S++,S++_7,S++_9,10.3
1,6,50,S++,S++_7,S++_11,10.3
1,6,50,S++,S++_7,S++_17,10.3
1,6,50,S++,S++_7,S++_22,10.3
1,6,50,S++,S++_7,S++_30,10.3
1,6,50,S++,S++_7,S++_45,10.3
1,6,50,S++,S++_7,S++_46,10
1,6,50,S++,S++_7,S++_35,10.3
1,6,50,S++,S++_7,S++_19,10
1,6,50,S++,S++_7,S++_36,10
1,6,50,S++,S++_7,S++_40,10
1,6,50,S++,S++_7,S++_48,10
1,6,50,S++,S++_7,S++_8,10.3
1,6,50,S++,S++_7,S++_16,10.3
1,6,50,S++,S++_7,S++_25,10.3
1,6,50,S++,S++_7,S++_34,10.3
1,6,50,S++,S++_7,S++_47,9.7
1,6,50,S++,S++_7,S++_49,9.7
1,6,50,S++,S++_7,S++_43,9.7
1,6,50,S++,S++_7,S++_28,10
1,6,50,S++,S++_7,S++_24,10
1,6,50,S++,S++_7,S++_31,10
1,6,50,S++,S++_7,S++_37,10
1,6,50,S++,S++_8,S++_17,9.7
1,6,50,S++,S++_8,S++_19,9.7
1,6,50,S++,S++_8,S++_23,10.3
1,6,50,S++,S++_8,S++_35,10.3
1,6,50,S++,S++_8,S++_47,10.3
1,6,50,S++,S++_8,S++_10,10.3
1,6,50,S++,S++_8,S++_24,10.3
1,6,50,S++,S++_8,S++_43,10
1,6,50,S++,S++_8,S++_50,10
1,6,50,S++,S++_8,S++_25,10
1,6,50,S++,S++_8,S++_37,10
1,6,50,S++,S++_8,S++_44,10
1,6,50,S++,S++_8,S++_45,10
1,6,50,S++,S++_8,S++_11,10.3
1,6,50,S++,S++_8,S++_18,10.3
1,6,50,S++,S++_8,S++_20,10.3
1,6,50,S++,S++_8,S++_12,10.3
1,6,50,S++,S++_8,S++_32,10.3
1,6,50,S++,S++_8,S++_15,10
1,6,50,S++,S++_8,S++_31,10
1,6,50,S++,S++_8,S++_9,10
1,6,50,S++,S++_8,S++_29,10
1,6,50,S++,S++_8,S++_34,9.7
1,6,50,S++,S++_8,S++_46,9.7
1,6,50,S++,S++_8,S++_36,10
1,6,50,S++,S++_8,S++_41,10
1,6,50,S++,S++_9,S++_30,10.3
1,6,50,S++,S++_9,S++_36,10.3
1,6,50,S++,S++_9,S++_47,10.3
1,6,50,S++,S++_9,S++_27,10.3
1,6,50,S++,S++_9,S++_14,10
1,6,50,S++,S++_9,S++_37,10
1,6,50,S++,S++_9,S++_22,10
1,6,50,S++,S++_9,S++_33,10
1,6,50,S++,S++_9,S++_44,10
1,6,50,S++,S++_9,S++_16,10.3
1,6,50,S++,S++_9,S++_43,10.3
1,6,50,S++,S++_9,S++_45,10.3
1,6,50,S++,S++_9,S++_15,10
1,6,50,S++,S++_9,S++_38,10
1,6,50,S++,S++_9,S++_46,10
1,6,50,S++,S++_9,S++_19,10
1,6,50,S++,S++_9,S++_21,9.7
1,6,50,S++,S++_9,S++_25,9.7
1,6,50,S++,S++_9,S++_29,10
1,6,50,S++,S++_9,S++_32,10
1,6,50,S++,S++_9,S++_26,10
1,6,50,S++,S++_9,S++_34,10
1,6,50,S++,S++_9,S++_40,10
1,6,50,S++,S++_9,S++_48,10
1,6,50,S++,S++_10,S++_22,10.3
1,6,50,S++,S++_10,S++_33,10.3
1,6,50,S++,S++_10,S++_44,10.3
1,6,50,S++,S++_10,S++_45,10.3
1,6,50,S++,S++_10,S++_47,10.3
1,6,50,S++,S++_10,S++_21,10.3
1,6,50,S++,S++_10,S++_48,10.3
1,6,50,S++,S++_10,S++_13,10
1,6,50,S++,S++_10,S++_20,10
1,6,50,S++,S++_10,S++_46,10
1,6,50,S++,S++_10,S++_15,10
1,6,50,S++,S++_10,S++_17,10
1,6,50,S++,S++_10,S++_14,10.3
1,6,50,S++,S++_10,S++_19,10.3
1,6,50,S++,S++_10,S++_27,10.3
1,6,50,S++,S++_10,S++_30,10.3
1,6,50,S++,S++_10,S++_11,10
1,6,50,S++,S++_10,S++_25,10
1,6,50,S++,S++_10,S++_28,10
1,6,50,S++,S++_10,S++_29,10
1,6,50,S++,S++_10,S++_37,10
1,6,50,S++,S++_10,S++_36,9.7
1,6,50,S++,S++_10,S++_42,9.7
1,6,50,S++,S++_10,S++_43,9.7
1,6,50,S++,S++_10,S++_18,9.7
1,6,50,S++,S++_10,S++_26,9.7
1,6,50,S++,S++_10,S++_31,9.7
1,6,50,S++,S++_10,S++_50,9.7
1,6,50,S++,S++_10,S++_24,10
1,6,50,S++,S++_10,S++_41,10
1,6,50,S++,S++_10,S++_49,10
1,6,50,S++,S++_11,S++_13,10.3
1,6,50,S++,S++_11,S++_16,10.3
1,6,50,S++,S++_11,S++_34,10.3
1,6,50,S++,S++_11,S++_37,10.3
1,6,50,S++,S++_11,S++_49,10.3
1,6,50,S++,S++_11,S++_27,10
1,6,50,S++,S++_11,S++_36,10
1,6,50,S++,S++_11,S++_48,10
1,6,50,S++,S++_11,S++_40,10
1,6,50,S++,S++_11,S++_46,10
1,6,50,S++,S++_11,S++_15,10.3
1,6,50,S++,S++_11,S++_33,10.3
1,6,50,S++,S++_11,S++_44,10.3
1,6,50,S++,S++_11,S++_22,10
1,6,50,S++,S++_11,S++_39,10
1,6,50,S++,S++_11,S++_21,10
1,6,50,S++,S++_11,S++_30,10
1,6,50,S++,S++_11,S++_14,9.7
1,6,50,S++,S++_11,S++_23,9.7
1,6,50,S++,S++_11,S++_28,9.7
1,6,50,S++,S++_11,S++_29,9.7
1,6,50,S++,S++_11,S++_25,9.7
1,6,50,S++,S++_11,S++_12,10
1,6,50,S++,S++_11,S++_24,10
1,6,50,S++,S++_11,S++_42,10
1,6,50,S++,S++_11,S++_45,10
1,6,50,S++,S++_11,S++_47,10
1,6,50,S++,S++_11,S++_43,10
1,6,50,S++,S++_12,S++_23,10.3
1,6,50,S++,S++_12,S++_31,10.3
1,6,50,S++,S++_12,S++_18,10.3
1,6,50,S++,S++_12,S++_35,9.7
1,6,50,S++,S++_12,S++_42,9.7
1,6,50,S++,S++_12,S++_33,9.4
1,6,50,S++,S++_12,S++_43,9.4
1,6,50,S++,S++_12,S++_29,9.4
1,6,50,S++,S++_12,S++_27,9.4
1,6,50,S++,S++_12,S++_36,9.4
1,6,50,S++,S++_12,S++_17,9.7
1,6,50,S++,S++_12,S++_24,9.7
1,6,50,S++,S++_12,S++_39,9.7
1,6,50,S++,S++_12,S++_48,9.7
1,6,50,S++,S++_12,S++_14,10
1,6,50,S++,S++_12,S++_16,10
1,6,50,S++,S++_12,S++_21,10
1,6,50,S++,S++_12,S++_38,10
1,6,50,S++,S++_12,S++_41,10
1,6,50,S++,S++_12,S++_45,10
1,6,50,S++,S++_13,S++_15,9.7
1,6,50,S++,S++_13,S++_27,9.7
1,6,50,S++,S++_13,S++_36,9.7
1,6,50,S++,S++_13,S++_32,10
1,6,50,S++,S++_13,S++_49,10
1,6,50,S++,S++_14,S++_18,9.4
1,6,50,S++,S++_14,S++_20,9.4
1,6,50,S++,S++_14,S++_33,9.4
1,6,50,S++,S++_14,S++_29,9.7
1,6,50,S++,S++_14,S++_48,9.7
1,6,50,S++,S++_14,S++_23,9.7
1,6,50,S++,S++_14,S++_45,9.7
1,6,50,S++,S++_14,S++_47,9.7
1,6,50,S++,S++_14,S++_32,10
1,6,50,S++,S++_14,S++_49,10
1,6,50,S++,S++_14,S++_16,10
1,6,50,S++,S++_14,S++_37,10
1,6,50,S++,S++_15,S++_34,9.4
1,6,50,S++,S++_15,S++_35,9.4
1,6,50,S++,S++_15,S++_44,9.4
1,6,50,S++,S++_15,S++_18,9.7
1,6,50,S++,S++_15,S++_46,9.7
1,6,50,S++,S++_15,S++_49,9.7
1,6,50,S++,S++_15,S++_37,10
1,6,50,S++,S++_15,S++_48,10
1,6,50,S++,S++_15,S++_22,10
1,6,50,S++,S++_15,S++_40,10
1,6,50,S++,S++_16,S++_19,9.4
1,6,50,S++,S++_16,S++_27,9.4
1,6,50,S++,S++_16,S++_36,9.4
1,6,50,S++,S++_16,S++_30,9.7
1,6,50,S++,S++_16,S++_37,9.7
1,6,50,S++,S++_16,S++_38,9.7
1,6,50,S++,S++_16,S++_17,10
1,6,50,S++,S++_16,S++_18,10
1,6,50,S++,S++_16,S++_34,10
1,6,50,S++,S++_16,S++_43,10
1,6,50,S++,S++_16,S++_45,10
1,6,50,S++,S++_17,S++_18,9.4
1,6,50,S++,S++_17,S++_36,9.4
1,6,50,S++,S++_17,S++_44,9.4
1,6,50,S++,S++_17,S++_21,9.7
1,6,50,S++,S++_17,S++_24,9.7
1,6,50,S++,S++_17,S++_27,9.7
1,6,50,S++,S++_17,S++_29,9.7
1,6,50,S++,S++_17,S++_34,9.7
1,6,50,S++,S++_17,S++_47,9.7
1,6,50,S++,S++_17,S++_49,9.7
1,6,50,S++,S++_17,S++_50,9.7
1,6,50,S++,S++_17,S++_46,9.7
1,6,50,S++,S++_17,S++_22,10
1,6,50,S++,S++_18,S++_28,9.7
1,6,50,S++,S++_18,S++_29,9.7
1,6,50,S++,S++_18,S++_39,9.7
1,6,50,S++,S++_18,S++_50,9.7
1,6,50,S++,S++_18,S++_42,9.4
1,6,50,S++,S++_18,S++_38,9.7
1,6,50,S++,S++_18,S++_44,9.7
1,6,50,S++,S++_18,S++_19,10
1,6,50,S++,S++_18,S++_41,9.7
1,6,50,S++,S++_18,S++_46,9.7
1,6,50,S++,S++_18,S++_33,10
1,6,50,S++,S++_19,S++_24,10.3
1,6,50,S++,S++_19,S++_44,10.3
1,6,50,S++,S++_19,S++_49,10.3
1,6,50,S++,S++_19,S++_34,10
1,6,50,S++,S++_19,S++_47,10
1,6,50,S++,S++_19,S++_48,10.6
1,6,50,S++,S++_19,S++_30,10.3
1,6,50,S++,S++_19,S++_46,10.3
1,6,50,S++,S++_19,S++_22,10
1,6,50,S++,S++_19,S++_27,10
1,6,50,S++,S++_19,S++_32,10
1,6,50,S++,S++_19,S++_23,10
1,6,50,S++,S++_19,S++_42,9.7
1,6,50,S++,S++_19,S++_43,9.7
1,6,50,S++,S++_19,S++_45,9.7
1,6,50,S++,S++_19,S++_21,10
1,6,50,S++,S++_19,S++_33,10
1,6,50,S++,S++_19,S++_35,10
1,6,50,S++,S++_19,S++_36,10
1,6,50,S++,S++_19,S++_20,10
1,6,50,S++,S++_19,S++_37,10
1,6,50,S++,S++_19,S++_50,10
1,6,50,S++,S++_20,S++_24,10.9
1,6,50,S++,S++_20,S++_44,10.9
1,6,50,S++,S++_20,S++_28,10.9
1,6,50,S++,S++_20,S++_33,10.6
1,6,50,S++,S++_20,S++_38,10.6
1,6,50,S++,S++_20,S++_23,10.6
1,6,50,S++,S++_20,S++_36,10.6
1,6,50,S++,S++_20,S++_34,10.3
1,6,50,S++,S++_20,S++_39,10.3
1,6,50,S++,S++_20,S++_47,10.3
1,6,50,S++,S++_20,S++_42,10.3
1,6,50,S++,S++_20,S++_31,10
1,6,50,S++,S++_20,S++_32,10
1,6,50,S++,S++_20,S++_40,10
1,6,50,S++,S++_20,S++_43,10
1,6,50,S++,S++_20,S++_21,9.7
1,6,50,S++,S++_20,S++_49,9.7
1,6,50,S++,S++_20,S++_22,10
1,6,50,S++,S++_20,S++_35,10
1,6,50,S++,S++_20,S++_50,10
1,6,50,S++,S++_20,S++_26,10
1,6,50,S++,S++_21,S++_27,10.9
1,6,50,S++,S++_21,S++_34,10.9
1,6,50,S++,S++_21,S++_31,10.6
1,6,50,S++,S++_21,S++_35,10.6
1,6,50,S++,S++_21,S++_36,10.3
1,6,50,S++,S++_21,S++_24,10.3
1,6,50,S++,S++_21,S++_25,10.3
1,6,50,S++,S++_21,S++_37,10.3
1,6,50,S++,S++_21,S++_22,10
1,6,50,S++,S++_21,S++_33,10
1,6,50,S++,S++_21,S++_38,10
1,6,50,S++,S++_21,S++_28,10
1,6,50,S++,S++_21,S++_49,9.7
1,6,50,S++,S++_21,S++_29,10.3
1,6,50,S++,S++_21,S++_32,10.3
1,6,50,S++,S++_21,S++_40,10.3
1,6,50,S++,S++_21,S++_44,10.3
1,6,50,S++,S++_21,S++_46,10.3
1,6,50,S++,S++_21,S++_26,10
1,6,50,S++,S++_21,S++_42,10
1,6,50,S++,S++_21,S++_50,10
1,6,50,S++,S++_21,S++_30,10
1,6,50,S++,S++_22,S++_24,11.5
1,6,50,S++,S++_22,S++_39,11.5
1,6,50,S++,S++_22,S++_49,11.5
1,6,50,S++,S++_22,S++_33,11.2
1,6,50,S++,S++_22,S++_35,11.2
1,6,50,S++,S++_22,S++_36,11.2
1,6,50,S++,S++_22,S++_27,10.9
1,6,50,S++,S++_22,S++_29,10.9
1,6,50,S++,S++_22,S++_40,10.9
1,6,50,S++,S++_22,S++_26,10.9
1,6,50,S++,S++_22,S++_48,10.9
1,6,50,S++,S++_22,S++_23,10.6
1,6,50,S++,S++_22,S++_31,10.6
1,6,50,S++,S++_22,S++_34,10.6
1,6,50,S++,S++_22,S++_37,10.3
1,6,50,S++,S++_22,S++_44,10.3
1,6,50,S++,S++_22,S++_25,10.3
1,6,50,S++,S++_22,S++_30,10.3
1,6,50,S++,S++_22,S++_38,10
1,6,50,S++,S++_22,S++_41,10
1,6,50,S++,S++_22,S++_42,10
1,6,50,S++,S++_22,S++_46,10
1,6,50,S++,S++_22,S++_50,10
1,6,50,S++,S++_22,S++_28,10
1,6,50,S++,S++_22,S++_45,10
1,6,50,S++,S++_23,S++_45,11.5
1,6,50,S++,S++_23,S++_24,11.2
1,6,50,S++,S++_23,S++_28,11.2
1,6,50,S++,S++_23,S++_32,11.2
1,6,50,S++,S++_23,S++_43,11.2
1,6,50,S++,S++_23,S++_44,11.2
1,6,50,S++,S++_23,S++_29,10.9
1,6,50,S++,S++_23,S++_37,10.9
1,6,50,S++,S++_23,S++_42,10.9
1,6,50,S++,S++_23,S++_26,10.9
1,6,50,S++,S++_23,S++_31,10.6
1,6,50,S++,S++_23,S++_50,10.6
1,6,50,S++,S++_23,S++_36,10.6
1,6,50,S++,S++_23,S++_35,10.3
1,6,50,S++,S++_23,S++_39,10.3
1,6,50,S++,S++_23,S++_30,10.3
1,6,50,S++,S++_23,S++_47,10.3
1,6,50,S++,S++_23,S++_27,10
1,6,50,S++,S++_23,S++_41,10
1,6,50,S++,S++_23,S++_49,10
1,6,50,S++,S++_23,S++_33,10
1,6,50,S++,S++_23,S++_34,10
1,6,50,S++,S++_24,S++_28,11.5
1,6,50,S++,S++_24,S++_32,11.5
1,6,50,S++,S++_24,S++_35,11.5
1,6,50,S++,S++_24,S++_39,11.2
1,6,50,S++,S++_24,S++_40,11.2
1,6,50,S++,S++_24,S++_27,11.2
1,6,50,S++,S++_24,S++_47,11.2
1,6,50,S++,S++_24,S++_26,10.9
1,6,50,S++,S++_24,S++_42,10.9
1,6,50,S++,S++_24,S++_44,10.6
1,6,50,S++,S++_24,S++_49,10.6
1,6,50,S++,S++_24,S++_25,10.3
1,6,50,S++,S++_24,S++_38,10.3
1,6,50,S++,S++_24,S++_29,10
1,6,50,S++,S++_24,S++_41,10
1,6,50,S++,S++_24,S++_43,10
1,6,50,S++,S++_24,S++_46,10
1,6,50,S++,S++_24,S++_48,10
1,6,50,S++,S++_24,S++_31,10
1,6,50,S++,S++_25,S++_40,11.5
1,6,50,S++,S++_25,S++_31,11.5
1,6,50,S++,S++_25,S++_33,11.5
1,6,50,S++,S++_25,S++_48,11.5
1,6,50,S++,S++_25,S++_27,11.2
1,6,50,S++,S++_25,S++_47,11.2
1,6,50,S++,S++_25,S++_28,11.2
1,6,50,S++,S++_25,S++_29,10.6
1,6,50,S++,S++_25,S++_34,10.6
1,6,50,S++,S++_25,S++_38,10.6
1,6,50,S++,S++_25,S++_46,10.6
1,6,50,S++,S++_25,S++_26,10.3
1,6,50,S++,S++_25,S++_30,10.3
1,6,50,S++,S++_25,S++_44,10.3
1,6,50,S++,S++_25,S++_36,10.3
1,6,50,S++,S++_25,S++_39,10.3
1,6,50,S++,S++_25,S++_50,10.3
1,6,50,S++,S++_25,S++_35,10
1,6,50,S++,S++_25,S++_37,10
1,6,50,S++,S++_25,S++_32,10
1,6,50,S++,S++_26,S++_42,11.5
1,6,50,S++,S++_26,S++_37,11.5
1,6,50,S++,S++_26,S++_39,11.5
1,6,50,S++,S++_26,S++_38,10.9
1,6,50,S++,S++_26,S++_47,10.9
1,6,50,S++,S++_26,S++_35,10.6
1,6,50,S++,S++_26,S++_44,10.6
1,6,50,S++,S++_26,S++_50,10.6
1,6,50,S++,S++_26,S++_46,10.6
1,6,50,S++,S++_26,S++_31,10.3
1,6,50,S++,S++_26,S++_45,10.3
1,6,50,S++,S++_26,S++_28,10
1,6,50,S++,S++_26,S++_29,10
1,6,50,S++,S++_26,S++_32,10
1,6,50,S++,S++_26,S++_33,10
1,6,50,S++,S++_26,S++_43,10
1,6,50,S++,S++_27,S++_45,11.5
1,6,50,S++,S++_27,S++_34,11.5
1,6,50,S++,S++_27,S++_48,11.5
1,6,50,S++,S++_27,S++_37,10.9
1,6,50,S++,S++_27,S++_41,10.9
1,6,50,S++,S++_27,S++_49,10.9
1,6,50,S++,S++_27,S++_30,10.6
1,6,50,S++,S++_27,S++_35,10.3
1,6,50,S++,S++_27,S++_36,10.3
1,6,50,S++,S++_27,S++_40,10.3
1,6,50,S++,S++_27,S++_46,10.3
1,6,50,S++,S++_27,S++_28,10
1,6,50,S++,S++_27,S++_32,10
1,6,50,S++,S++_27,S++_38,10
1,6,50,S++,S++_27,S++_33,10
1,6,50,S++,S++_27,S++_43,10
1,6,50,S++,S++_27,S++_47,10
1,6,50,S++,S++_28,S++_44,11.5
1,6,50,S++,S++_28,S++_45,11.5
1,6,50,S++,S++_28,S++_43,11.2
1,6,50,S++,S++_28,S++_48,11.2
1,6,50,S++,S++_28,S++_35,11.2
1,6,50,S++,S++_28,S++_36,11.2
1,6,50,S++,S++_28,S++_41,10.9
1,6,50,S++,S++_28,S++_49,10.9
1,6,50,S++,S++_28,S++_32,10.6
1,6,50,S++,S++_28,S++_31,10.3
1,6,50,S++,S++_28,S++_34,10.3
1,6,50,S++,S++_28,S++_29,10
1,6,50,S++,S++_28,S++_30,10
1,6,50,S++,S++_28,S++_33,10
1,6,50,S++,S++_28,S++_39,10
1,6,50,S++,S++_28,S++_42,10
1,6,50,S++,S++_28,S++_46,10
1,6,50,S++,S++_29,S++_32,11.5
1,6,50,S++,S++_29,S++_38,11.5
1,6,50,S++,S++_29,S++_46,11.5
1,6,50,S++,S++_29,S++_47,10.6
1,6,50,S++,S++_29,S++_39,10.6
1,6,50,S++,S++_29,S++_48,10.6
1,6,50,S++,S++_29,S++_43,10.6
1,6,50,S++,S++_29,S++_37,10.3
1,6,50,S++,S++_29,S++_36,10
1,6,50,S++,S++_29,S++_42,10
1,6,50,S++,S++_29,S++_45,10
1,6,50,S++,S++_29,S++_33,10
1,6,50,S++,S++_29,S++_49,10
1,6,50,S++,S++_30,S++_36,10.9
1,6,50,S++,S++_30,S++_39,10.9
1,6,50,S++,S++_30,S++_45,10.9
1,6,50,S++,S++_30,S++_33,10.6
1,6,50,S++,S++_30,S++_44,10.6
1,6,50,S++,S++_30,S++_48,10.6
1,6,50,S++,S++_30,S++_49,10.6
1,6,50,S++,S++_30,S++_37,10.3
1,6,50,S++,S++_30,S++_47,10.3
1,6,50,S++,S++_30,S++_41,10
1,6,50,S++,S++_31,S++_46,10.9
1,6,50,S++,S++_31,S++_47,10.6
1,6,50,S++,S++_31,S++_32,10.3
1,6,50,S++,S++_31,S++_36,10.3
1,6,50,S++,S++_31,S++_39,10.3
1,6,50,S++,S++_31,S++_35,10.6
1,6,50,S++,S++_31,S++_50,10.6
1,6,50,S++,S++_31,S++_44,10.3
1,6,50,S++,S++_31,S++_45,10
1,6,50,S++,S++_31,S++_48,10
1,6,50,S++,S++_31,S++_33,10
1,6,50,S++,S++_31,S++_37,10
1,6,50,S++,S++_32,S++_39,10.9
1,6,50,S++,S++_32,S++_43,10.3
1,6,50,S++,S++_32,S++_50,10.3
1,6,50,S++,S++_32,S++_41,10.3
1,6,50,S++,S++_32,S++_33,10.6
1,6,50,S++,S++_32,S++_42,10.6
1,6,50,S++,S++_32,S++_37,10.3
1,6,50,S++,S++_32,S++_35,10.3
1,6,50,S++,S++_32,S++_38,10.3
1,6,50,S++,S++_32,S++_46,10.6
1,6,50,S++,S++_32,S++_49,10.6
1,6,50,S++,S++_32,S++_44,10.3
1,6,50,S++,S++_32,S++_34,10
1,6,50,S++,S++_32,S++_40,10
1,6,50,S++,S++_33,S++_34,10.3
1,6,50,S++,S++_33,S++_37,10.6
1,6,50,S++,S++_33,S++_45,10.6
1,6,50,S++,S++_33,S++_50,10.6
1,6,50,S++,S++_33,S++_42,10
1,6,50,S++,S++_33,S++_41,10.3
1,6,50,S++,S++_33,S++_48,10.3
1,6,50,S++,S++_33,S++_49,10.6
1,6,50,S++,S++_33,S++_44,10.3
1,6,50,S++,S++_33,S++_35,10
1,6,50,S++,S++_33,S++_40,10
1,6,50,S++,S++_33,S++_47,10
1,6,50,S++,S++_34,S++_37,10.3
1,6,50,S++,S++_34,S++_42,10.3
1,6,50,S++,S++_34,S++_48,10.3
1,6,50,S++,S++_34,S++_44,10.6
1,6,50,S++,S++_34,S++_49,10.6
1,6,50,S++,S++_34,S++_39,10.3
1,6,50,S++,S++_34,S++_47,10
1,6,50,S++,S++_34,S++_46,10
1,6,50,S++,S++_35,S++_37,10
1,6,50,S++,S++_35,S++_39,10
1,6,50,S++,S++_35,S++_41,10
1,6,50,S++,S++_35,S++_42,10
1,6,50,S++,S++_35,S++_50,10
1,6,50,S++,S++_35,S++_46,10.3
1,6,50,S++,S++_35,S++_47,10.3
1,6,50,S++,S++_35,S++_45,10
1,6,50,S++,S++_35,S++_36,10
1,6,50,S++,S++_36,S++_44,10.3
1,6,50,S++,S++_36,S++_48,10.3
1,6,50,S++,S++_36,S++_41,10.3
1,6,50,S++,S++_36,S++_45,10.3
1,6,50,S++,S++_36,S++_37,10
1,6,50,S++,S++_37,S++_38,9.7
1,6,50,S++,S++_37,S++_45,10
1,6,50,S++,S++_37,S++_48,10
1,6,50,S++,S++_37,S++_40,10.3
1,6,50,S++,S++_37,S++_43,10.3
1,6,50,S++,S++_37,S++_46,10.3
1,6,50,S++,S++_37,S++_49,10.3
1,6,50,S++,S++_37,S++_39,10.3
1,6,50,S++,S++_37,S++_44,10
1,6,50,S++,S++_37,S++_47,10
1,6,50,S++,S++_37,S++_50,10
1,6,50,S++,S++_38,S++_47,10.3
1,6,50,S++,S++_38,S++_39,10.3
1,6,50,S++,S++_38,S++_42,10.3
1,6,50,S++,S++_38,S++_50,10.3
1,6,50,S++,S++_38,S++_44,10
1,6,50,S++,S++_39,S++_43,9.7
1,6,50,S++,S++_39,S++_47,9.7
1,6,50,S++,S++_39,S++_50,9.7
1,6,50,S++,S++_39,S++_44,9.7
1,6,50,S++,S++_39,S++_46,10.3
1,6,50,S++,S++_39,S++_48,10
1,6,50,S++,S++_40,S++_41,10
1,6,50,S++,S++_40,S++_42,10.3
1,6,50,S++,S++_40,S++_50,10.3
1,6,50,S++,S++_40,S++_48,10.3
1,6,50,S++,S++_40,S++_46,10
1,6,50,S++,S++_40,S++_47,10
1,6,50,S++,S++_41,S++_42,10
1,6,50,S++,S++_41,S++_47,10
1,6,50,S++,S++_41,S++_49,10
1,6,50,S++,S++_42,S++_43,9.7
1,6,50,S++,S++_42,S++_50,10
1,6,50,S++,S++_42,S++_44,10
1,6,50,S++,S++_42,S++_48,10
1,6,50,S++,S++_43,S++_49,10
1,6,50,S++,S++_44,S++_50,10
1,6,50,S++,S++_44,S++_45,10.3
1,6,50,S++,S++_44,S++_48,10
1,6,50,S++,S++_44,S++_46,10
1,6,50,S++,S++_44,S++_47,10
1,6,50,S++,S++_45,S++_46,10.3
1,6,50,S++,S++_45,S++_49,10
1,6,50,S++,S++_45,S++_50,10
1,6,50,S++,S++_46,S++_48,10
1,6,50,S++,S++_47,S++_50,10
1,6,50,S++,S++_48,S++_50,9.7
1,6,50,S++,S++_48,S++_49,10
1,7,50,S++,S++_1,S++_12,10
1,7,50,S++,S++_1,S++_14,10
1,7,50,S++,S++_1,S++_18,10
1,7,50,S++,S++_1,S++_24,10
1,7,50,S++,S++_1,S++_26,10
1,7,50,S++,S++_1,S++_33,10
1,7,50,S++,S++_1,S++_6,9.4
1,7,50,S++,S++_1,S++_44,9.4
1,7,50,S++,S++_1,S++_45,9.4
1,7,50,S++,S++_1,S++_29,9.4
1,7,50,S++,S++_1,S++_30,9.4
1,7,50,S++,S++_1,S++_35,9.4
1,7,50,S++,S++_1,S++_16,9.4
1,7,50,S++,S++_1,S++_7,9.7
1,7,50,S++,S++_1,S++_9,9.7
1,7,50,S++,S++_1,S++_32,9.7
1,7,50,S++,S++_1,S++_42,9.7
1,7,50,S++,S++_1,S++_15,9.4
1,7,50,S++,S++_1,S++_5,9.4
1,7,50,S++,S++_1,S++_21,9.4
1,7,50,S++,S++_1,S++_39,9.4
1,7,50,S++,S++_1,S++_23,9.7
1,7,50,S++,S++_1,S++_36,9.7
1,7,50,S++,S++_1,S++_46,9.7
1,7,50,S++,S++_1,S++_37,9.7
1,7,50,S++,S++_1,S++_38,9.7
1,7,50,S++,S++_1,S++_10,10
1,7,50,S++,S++_1,S++_25,10
1,7,50,S++,S++_1,S++_34,10
1,7,50,S++,S++_1,S++_40,10
1,7,50,S++,S++_1,S++_4,10
1,7,50,S++,S++_1,S++_28,10
1,7,50,S++,S++_1,S++_41,10
1,7,50,S++,S++_1,S++_43,10
1,7,50,S++,S++_1,S++_47,10
1,7,50,S++,S++_2,S++_39,9.7
1,7,50,S++,S++_2,S++_11,10
1,7,50,S++,S++_2,S++_25,10
1,7,50,S++,S++_2,S++_33,10
1,7,50,S++,S++_2,S++_41,10
1,7,50,S++,S++_2,S++_6,10
1,7,50,S++,S++_2,S++_49,10
1,7,50,S++,S++_2,S++_40,9.7
1,7,50,S++,S++_2,S++_48,9.7
1,7,50,S++,S++_2,S++_3,9.7
1,7,50,S++,S++_2,S++_13,10
1,7,50,S++,S++_2,S++_21,10
1,7,50,S++,S++_2,S++_30,10
1,7,50,S++,S++_2,S++_36,10
1,7,50,S++,S++_2,S++_17,10
1,7,50,S++,S++_2,S++_37,10
1,7,50,S++,S++_2,S++_43,10
1,7,50,S++,S++_2,S++_5,9.7
1,7,50,S++,S++_2,S++_34,9.7
1,7,50,S++,S++_2,S++_45,9.7
1,7,50,S++,S++_2,S++_8,9.4
1,7,50,S++,S++_2,S++_14,9.4
1,7,50,S++,S++_2,S++_10,9.4
1,7,50,S++,S++_2,S++_22,9.7
1,7,50,S++,S++_2,S++_50,9.7
1,7,50,S++,S++_2,S++_9,9.7
1,7,50,S++,S++_2,S++_18,9.7
1,7,50,S++,S++_2,S++_29,9.7
1,7,50,S++,S++_2,S++_4,10
1,7,50,S++,S++_2,S++_15,10
1,7,50,S++,S++_2,S++_24,10
1,7,50,S++,S++_3,S++_11,10
1,7,50,S++,S++_3,S++_21,10
1,7,50,S++,S++_3,S++_22,10
1,7,50,S++,S++_3,S++_24,10
1,7,50,S++,S++_3,S++_17,10
1,7,50,S++,S++_3,S++_32,10
1,7,50,S++,S++_3,S++_33,10
1,7,50,S++,S++_3,S++_35,10
1,7,50,S++,S++_3,S++_40,10
1,7,50,S++,S++_3,S++_39,9.7
1,7,50,S++,S++_3,S++_4,9.7
1,7,50,S++,S++_3,S++_27,9.7
1,7,50,S++,S++_3,S++_28,9.7
1,7,50,S++,S++_3,S++_37,9.7
1,7,50,S++,S++_3,S++_44,9.7
1,7,50,S++,S++_3,S++_45,9.7
1,7,50,S++,S++_3,S++_48,9.7
1,7,50,S++,S++_3,S++_9,10
1,7,50,S++,S++_3,S++_13,9.4
1,7,50,S++,S++_3,S++_36,9.4
1,7,50,S++,S++_3,S++_14,9.4
1,7,50,S++,S++_3,S++_16,9.4
1,7,50,S++,S++_3,S++_50,9.4
1,7,50,S++,S++_3,S++_19,9.4
1,7,50,S++,S++_3,S++_18,9.7
1,7,50,S++,S++_3,S++_34,9.7
1,7,50,S++,S++_3,S++_46,9.7
1,7,50,S++,S++_3,S++_31,9.7
1,7,50,S++,S++_3,S++_7,10
1,7,50,S++,S++_3,S++_23,10
1,7,50,S++,S++_3,S++_26,10
1,7,50,S++,S++_3,S++_29,10
1,7,50,S++,S++_3,S++_20,10
1,7,50,S++,S++_3,S++_30,10
1,7,50,S++,S++_3,S++_38,10
1,7,50,S++,S++_3,S++_41,10
1,7,50,S++,S++_3,S++_43,10
1,7,50,S++,S++_4,S++_7,9.4
1,7,50,S++,S++_4,S++_27,9.4
1,7,50,S++,S++_4,S++_31,9.4
1,7,50,S++,S++_4,S++_46,9.4
1,7,50,S++,S++_4,S++_5,9.4
1,7,50,S++,S++_4,S++_8,9.4
1,7,50,S++,S++_4,S++_15,9.4
1,7,50,S++,S++_4,S++_45,9.4
1,7,50,S++,S++_4,S++_32,9.7
1,7,50,S++,S++_4,S++_44,9.7
1,7,50,S++,S++_4,S++_10,10
1,7,50,S++,S++_4,S++_20,10
1,7,50,S++,S++_4,S++_50,10
1,7,50,S++,S++_4,S++_36,9.7
1,7,50,S++,S++_4,S++_37,9.7
1,7,50,S++,S++_4,S++_9,10
1,7,50,S++,S++_4,S++_19,10
1,7,50,S++,S++_4,S++_22,10
1,7,50,S++,S++_4,S++_26,10
1,7,50,S++,S++_4,S++_47,10
1,7,50,S++,S++_4,S++_33,10
1,7,50,S++,S++_4,S++_41,10
1,7,50,S++,S++_4,S++_42,10
1,7,50,S++,S++_4,S++_48,10
1,7,50,S++,S++_4,S++_17,9.7
1,7,50,S++,S++_4,S++_30,9.7
1,7,50,S++,S++_4,S++_11,9.7
1,7,50,S++,S++_4,S++_43,9.7
1,7,50,S++,S++_4,S++_29,10
1,7,50,S++,S++_5,S++_15,10
1,7,50,S++,S++_5,S++_10,10
1,7,50,S++,S++_5,S++_14,10
1,7,50,S++,S++_5,S++_18,10
1,7,50,S++,S++_5,S++_24,10
1,7,50,S++,S++_5,S++_26,10
1,7,50,S++,S++_5,S++_31,10
1,7,50,S++,S++_5,S++_35,10
1,7,50,S++,S++_5,S++_12,9.7
1,7,50,S++,S++_5,S++_16,9.7
1,7,50,S++,S++_5,S++_20,9.7
1,7,50,S++,S++_5,S++_42,9.7
1,7,50,S++,S++_5,S++_8,9.7
1,7,50,S++,S++_5,S++_37,9.7
1,7,50,S++,S++_5,S++_39,9.7
1,7,50,S++,S++_5,S++_6,10
1,7,50,S++,S++_5,S++_29,10
1,7,50,S++,S++_5,S++_43,10
1,7,50,S++,S++_5,S++_45,10
1,7,50,S++,S++_5,S++_23,9.7
1,7,50,S++,S++_5,S++_34,9.7
1,7,50,S++,S++_5,S++_46,9.7
1,7,50,S++,S++_5,S++_19,10
1,7,50,S++,S++_5,S++_28,10
1,7,50,S++,S++_5,S++_48,10
1,7,50,S++,S++_5,S++_22,9.7
1,7,50,S++,S++_5,S++_30,9.7
1,7,50,S++,S++_5,S++_41,9.7
1,7,50,S++,S++_5,S++_47,9.7
1,7,50,S++,S++_5,S++_7,9.7
1,7,50,S++,S++_5,S++_11,9.7
1,7,50,S++,S++_5,S++_44,9.7
1,7,50,S++,S++_5,S++_49,9.7
1,7,50,S++,S++_5,S++_38,10
1,7,50,S++,S++_5,S++_9,10
1,7,50,S++,S++_5,S++_32,10
1,7,50,S++,S++_5,S++_33,10
1,7,50,S++,S++_5,S++_36,10
1,7,50,S++,S++_5,S++_40,10
1,7,50,S++,S++_5,S++_50,10
1,7,50,S++,S++_6,S++_10,10
1,7,50,S++,S++_6,S++_21,10
1,7,50,S++,S++_6,S++_28,10
1,7,50,S++,S++_6,S++_48,10
1,7,50,S++,S++_6,S++_17,10
1,7,50,S++,S++_6,S++_25,10
1,7,50,S++,S++_6,S++_34,10
1,7,50,S++,S++_6,S++_49,10
1,7,50,S++,S++_6,S++_16,9.7
1,7,50,S++,S++_6,S++_41,9.7
1,7,50,S++,S++_6,S++_42,9.7
1,7,50,S++,S++_6,S++_43,9.7
1,7,50,S++,S++_6,S++_13,9.7
1,7,50,S++,S++_6,S++_35,9.7
1,7,50,S++,S++_6,S++_37,10
1,7,50,S++,S++_6,S++_22,10
1,7,50,S++,S++_6,S++_27,10
1,7,50,S++,S++_6,S++_32,10.6
1,7,50,S++,S++_6,S++_40,10.6
1,7,50,S++,S++_6,S++_9,10.3
1,7,50,S++,S++_6,S++_18,10.3
1,7,50,S++,S++_6,S++_46,10.3
1,7,50,S++,S++_6,S++_11,10.6
1,7,50,S++,S++_6,S++_26,10.6
1,7,50,S++,S++_6,S++_33,10.6
1,7,50,S++,S++_6,S++_44,10.6
1,7,50,S++,S++_6,S++_8,10.3
1,7,50,S++,S++_6,S++_50,10.3
1,7,50,S++,S++_6,S++_23,10.3
1,7,50,S++,S++_6,S++_45,10.3
1,7,50,S++,S++_6,S++_19,10
1,7,50,S++,S++_6,S++_29,10
1,7,50,S++,S++_6,S++_30,10
1,7,50,S++,S++_6,S++_36,10
1,7,50,S++,S++_6,S++_38,10
1,7,50,S++,S++_6,S++_47,10
1,7,50,S++,S++_6,S++_39,10
1,7,50,S++,S++_7,S++_9,10.6
1,7,50,S++,S++_7,S++_11,10.6
1,7,50,S++,S++_7,S++_17,10.6
1,7,50,S++,S++_7,S++_22,10.6
1,7,50,S++,S++_7,S++_30,10.6
1,7,50,S++,S++_7,S++_45,10.6
1,7,50,S++,S++_7,S++_46,10.3
1,7,50,S++,S++_7,S++_35,10.6
1,7,50,S++,S++_7,S++_19,10.3
1,7,50,S++,S++_7,S++_36,10.3
1,7,50,S++,S++_7,S++_40,10.3
1,7,50,S++,S++_7,S++_48,10.3
1,7,50,S++,S++_7,S++_8,10.6
1,7,50,S++,S++_7,S++_16,10.6
1,7,50,S++,S++_7,S++_25,10.6
1,7,50,S++,S++_7,S++_34,10.6
1,7,50,S++,S++_7,S++_47,10
1,7,50,S++,S++_7,S++_49,10
1,7,50,S++,S++_7,S++_43,10
1,7,50,S++,S++_7,S++_28,10.3
1,7,50,S++,S++_7,S++_24,10.3
1,7,50,S++,S++_7,S++_31,10.3
1,7,50,S++,S++_7,S++_37,10.3
1,7,50,S++,S++_7,S++_10,10
1,7,50,S++,S++_7,S++_14,10
1,7,50,S++,S++_7,S++_21,10
1,7,50,S++,S++_7,S++_33,10
1,7,50,S++,S++_7,S++_44,10
1,7,50,S++,S++_7,S++_50,10
1,7,50,S++,S++_7,S++_20,10
1,7,50,S++,S++_7,S++_23,10
1,7,50,S++,S++_7,S++_27,10
1,7,50,S++,S++_8,S++_17,10
1,7,50,S++,S++_8,S++_19,10
1,7,50,S++,S++_8,S++_23,10.6
1,7,50,S++,S++_8,S++_35,10.6
1,7,50,S++,S++_8,S++_47,10.6
1,7,50,S++,S++_8,S++_10,10.6
1,7,50,S++,S++_8,S++_24,10.6
1,7,50,S++,S++_8,S++_43,10.3
1,7,50,S++,S++_8,S++_50,10.3
1,7,50,S++,S++_8,S++_25,10.3
1,7,50,S++,S++_8,S++_37,10.3
1,7,50,S++,S++_8,S++_44,10.3
1,7,50,S++,S++_8,S++_45,10.3
1,7,50,S++,S++_8,S++_11,10.6
1,7,50,S++,S++_8,S++_18,10.6
1,7,50,S++,S++_8,S++_20,10.6
1,7,50,S++,S++_8,S++_12,10.6
1,7,50,S++,S++_8,S++_32,10.6
1,7,50,S++,S++_8,S++_15,10.3
1,7,50,S++,S++_8,S++_31,10.3
1,7,50,S++,S++_8,S++_9,10.3
1,7,50,S++,S++_8,S++_29,10.3
1,7,50,S++,S++_8,S++_34,10
1,7,50,S++,S++_8,S++_46,10
1,7,50,S++,S++_8,S++_36,10.3
1,7,50,S++,S++_8,S++_41,10.3
1,7,50,S++,S++_8,S++_21,10
1,7,50,S++,S++_8,S++_27,10
1,7,50,S++,S++_8,S++_40,10
1,7,50,S++,S++_8,S++_42,10
1,7,50,S++,S++_8,S++_48,10
1,7,50,S++,S++_8,S++_49,10
1,7,50,S++,S++_8,S++_22,10
1,7,50,S++,S++_8,S++_26,10
1,7,50,S++,S++_8,S++_28,10
1,7,50,S++,S++_8,S++_30,10
1,7,50,S++,S++_8,S++_38,10
1,7,50,S++,S++_9,S++_30,10.6
1,7,50,S++,S++_9,S++_36,10.6
1,7,50,S++,S++_9,S++_47,10.6
1,7,50,S++,S++_9,S++_27,10.6
1,7,50,S++,S++_9,S++_14,10.3
1,7,50,S++,S++_9,S++_37,10.3
1,7,50,S++,S++_9,S++_22,10.3
1,7,50,S++,S++_9,S++_33,10.3
1,7,50,S++,S++_9,S++_44,10.3
1,7,50,S++,S++_9,S++_16,10.6
1,7,50,S++,S++_9,S++_43,10.6
1,7,50,S++,S++_9,S++_45,10.6
1,7,50,S++,S++_9,S++_15,10.3
1,7,50,S++,S++_9,S++_38,10.3
1,7,50,S++,S++_9,S++_46,10.3
1,7,50,S++,S++_9,S++_19,10.3
1,7,50,S++,S++_9,S++_21,10
1,7,50,S++,S++_9,S++_25,10
1,7,50,S++,S++_9,S++_29,10.3
1,7,50,S++,S++_9,S++_32,10.3
1,7,50,S++,S++_9,S++_26,10.3
1,7,50,S++,S++_9,S++_34,10.3
1,7,50,S++,S++_9,S++_40,10.3
1,7,50,S++,S++_9,S++_48,10.3
1,7,50,S++,S++_9,S++_24,10
1,7,50,S++,S++_9,S++_49,10
1,7,50,S++,S++_9,S++_28,10
1,7,50,S++,S++_9,S++_39,10
1,7,50,S++,S++_9,S++_42,10
1,7,50,S++,S++_10,S++_22,10.6
1,7,50,S++,S++_10,S++_33,10.6
1,7,50,S++,S++_10,S++_44,10
1,7,50,S++,S++_10,S++_45,10
1,7,50,S++,S++_10,S++_47,10
1,7,50,S++,S++_10,S++_21,10
1,7,50,S++,S++_10,S++_48,10
1,7,50,S++,S++_10,S++_13,9.7
1,7,50,S++,S++_10,S++_20,9.7
1,7,50,S++,S++_10,S++_46,9.7
1,7,50,S++,S++_10,S++_15,9.7
1,7,50,S++,S++_10,S++_17,9.7
1,7,50,S++,S++_10,S++_14,10
1,7,50,S++,S++_10,S++_19,10
1,7,50,S++,S++_10,S++_27,10
1,7,50,S++,S++_10,S++_30,10
1,7,50,S++,S++_10,S++_11,9.7
1,7,50,S++,S++_10,S++_25,9.7
1,7,50,S++,S++_10,S++_28,9.7
1,7,50,S++,S++_10,S++_29,9.7
1,7,50,S++,S++_10,S++_37,9.7
1,7,50,S++,S++_10,S++_36,9.4
1,7,50,S++,S++_10,S++_42,9.4
1,7,50,S++,S++_10,S++_43,9.4
1,7,50,S++,S++_10,S++_18,9.4
1,7,50,S++,S++_10,S++_26,9.4
1,7,50,S++,S++_10,S++_31,9.4
1,7,50,S++,S++_10,S++_50,9.4
1,7,50,S++,S++_10,S++_24,9.7
1,7,50,S++,S++_10,S++_41,9.7
1,7,50,S++,S++_10,S++_49,9.7
1,7,50,S++,S++_10,S++_23,10
1,7,50,S++,S++_10,S++_35,10
1,7,50,S++,S++_10,S++_34,10
1,7,50,S++,S++_11,S++_13,10
1,7,50,S++,S++_11,S++_16,10
1,7,50,S++,S++_11,S++_34,10
1,7,50,S++,S++_11,S++_37,10
1,7,50,S++,S++_11,S++_49,10
1,7,50,S++,S++_11,S++_27,9.7
1,7,50,S++,S++_11,S++_36,9.7
1,7,50,S++,S++_11,S++_48,9.7
1,7,50,S++,S++_11,S++_40,9.7
1,7,50,S++,S++_11,S++_46,9.7
1,7,50,S++,S++_11,S++_15,10
1,7,50,S++,S++_11,S++_33,10
1,7,50,S++,S++_11,S++_44,10
1,7,50,S++,S++_11,S++_22,9.7
1,7,50,S++,S++_11,S++_39,9.7
1,7,50,S++,S++_11,S++_21,9.7
1,7,50,S++,S++_11,S++_30,9.7
1,7,50,S++,S++_11,S++_14,9.4
1,7,50,S++,S++_11,S++_23,9.4
1,7,50,S++,S++_11,S++_28,9.4
1,7,50,S++,S++_11,S++_29,9.4
1,7,50,S++,S++_11,S++_25,9.4
1,7,50,S++,S++_11,S++_12,9.7
1,7,50,S++,S++_11,S++_24,9.7
1,7,50,S++,S++_11,S++_42,9.7
1,7,50,S++,S++_11,S++_45,9.7
1,7,50,S++,S++_11,S++_47,9.7
1,7,50,S++,S++_11,S++_43,9.7
1,7,50,S++,S++_11,S++_31,10
1,7,50,S++,S++_12,S++_23,10
1,7,50,S++,S++_12,S++_31,10
1,7,50,S++,S++_12,S++_18,10
1,7,50,S++,S++_12,S++_35,9.4
1,7,50,S++,S++_12,S++_42,9.4
1,7,50,S++,S++_12,S++_17,9.4
1,7,50,S++,S++_12,S++_24,9.4
1,7,50,S++,S++_12,S++_39,9.4
1,7,50,S++,S++_12,S++_48,9.4
1,7,50,S++,S++_12,S++_14,9.7
1,7,50,S++,S++_12,S++_16,9.7
1,7,50,S++,S++_12,S++_21,9.7
1,7,50,S++,S++_12,S++_38,9.7
1,7,50,S++,S++_12,S++_41,9.7
1,7,50,S++,S++_12,S++_45,9.7
1,7,50,S++,S++_12,S++_46,10
1,7,50,S++,S++_12,S++_47,10
1,7,50,S++,S++_12,S++_50,10
1,7,50,S++,S++_13,S++_15,9.4
1,7,50,S++,S++_13,S++_27,9.4
1,7,50,S++,S++_13,S++_36,9.4
1,7,50,S++,S++_13,S++_32,9.7
1,7,50,S++,S++_13,S++_49,9.7
1,7,50,S++,S++_14,S++_29,9.4
1,7,50,S++,S++_14,S++_48,9.4
1,7,50,S++,S++_14,S++_23,9.4
1,7,50,S++,S++_14,S++_45,9.4
1,7,50,S++,S++_14,S++_47,9.4
1,7,50,S++,S++_14,S++_32,9.7
1,7,50,S++,S++_14,S++_49,9.7
1,7,50,S++,S++_14,S++_16,9.7
1,7,50,S++,S++_14,S++_37,9.7
1,7,50,S++,S++_14,S++_39,10
1,7,50,S++,S++_14,S++_20,10
1,7,50,S++,S++_15,S++_18,9.4
1,7,50,S++,S++_15,S++_46,9.4
1,7,50,S++,S++_15,S++_49,9.4
1,7,50,S++,S++_15,S++_37,9.7
1,7,50,S++,S++_15,S++_48,9.7
1,7,50,S++,S++_15,S++_22,9.7
1,7,50,S++,S++_15,S++_40,9.7
1,7,50,S++,S++_15,S++_23,10
1,7,50,S++,S++_15,S++_42,10
1,7,50,S++,S++_16,S++_30,9.4
1,7,50,S++,S++_16,S++_37,9.4
1,7,50,S++,S++_16,S++_38,9.4
1,7,50,S++,S++_16,S++_17,9.7
1,7,50,S++,S++_16,S++_18,9.7
1,7,50,S++,S++_16,S++_34,9.7
1,7,50,S++,S++_16,S++_43,9.7
1,7,50,S++,S++_16,S++_45,9.7
1,7,50,S++,S++_16,S++_39,10
1,7,50,S++,S++_16,S++_49,10
1,7,50,S++,S++_16,S++_21,10
1,7,50,S++,S++_16,S++_26,10
1,7,50,S++,S++_16,S++_33,10
1,7,50,S++,S++_16,S++_35,10
1,7,50,S++,S++_16,S++_36,10
1,7,50,S++,S++_17,S++_21,9.4
1,7,50,S++,S++_17,S++_24,9.4
1,7,50,S++,S++_17,S++_27,9.4
1,7,50,S++,S++_17,S++_29,9.4
1,7,50,S++,S++_17,S++_34,9.4
1,7,50,S++,S++_17,S++_47,9.4
1,7,50,S++,S++_17,S++_49,9.4
1,7,50,S++,S++_17,S++_50,9.4
1,7,50,S++,S++_17,S++_46,9.4
1,7,50,S++,S++_17,S++_22,9.7
1,7,50,S++,S++_17,S++_23,10
1,7,50,S++,S++_17,S++_18,10
1,7,50,S++,S++_17,S++_30,10
1,7,50,S++,S++_18,S++_28,9.4
1,7,50,S++,S++_18,S++_29,9.4
1,7,50,S++,S++_18,S++_39,9.4
1,7,50,S++,S++_18,S++_50,9.4
1,7,50,S++,S++_18,S++_38,9.4
1,7,50,S++,S++_18,S++_44,9.4
1,7,50,S++,S++_18,S++_19,9.7
1,7,50,S++,S++_18,S++_41,9.4
1,7,50,S++,S++_18,S++_46,9.4
1,7,50,S++,S++_18,S++_33,9.7
1,7,50,S++,S++_18,S++_32,10
1,7,50,S++,S++_18,S++_20,10
1,7,50,S++,S++_18,S++_22,10
1,7,50,S++,S++_18,S++_30,10
1,7,50,S++,S++_19,S++_24,10
1,7,50,S++,S++_19,S++_44,10
1,7,50,S++,S++_19,S++_49,10
1,7,50,S++,S++_19,S++_34,9.7
1,7,50,S++,S++_19,S++_47,9.7
1,7,50,S++,S++_19,S++_48,10.3
1,7,50,S++,S++_19,S++_30,10
1,7,50,S++,S++_19,S++_46,10
1,7,50,S++,S++_19,S++_22,9.7
1,7,50,S++,S++_19,S++_27,9.7
1,7,50,S++,S++_19,S++_32,9.7
1,7,50,S++,S++_19,S++_23,9.7
1,7,50,S++,S++_19,S++_42,9.4
1,7,50,S++,S++_19,S++_43,9.4
1,7,50,S++,S++_19,S++_45,9.4
1,7,50,S++,S++_19,S++_21,9.7
1,7,50,S++,S++_19,S++_33,9.7
1,7,50,S++,S++_19,S++_35,9.7
1,7,50,S++,S++_19,S++_36,9.7
1,7,50,S++,S++_19,S++_20,9.7
1,7,50,S++,S++_19,S++_37,9.7
1,7,50,S++,S++_19,S++_50,9.7
1,7,50,S++,S++_19,S++_25,10
1,7,50,S++,S++_19,S++_41,10
1,7,50,S++,S++_19,S++_26,10
1,7,50,S++,S++_19,S++_38,10
1,7,50,S++,S++_20,S++_24,10.6
1,7,50,S++,S++_20,S++_44,10.6
1,7,50,S++,S++_20,S++_28,10.6
1,7,50,S++,S++_20,S++_33,10.3
1,7,50,S++,S++_20,S++_38,10.3
1,7,50,S++,S++_20,S++_23,10.3
1,7,50,S++,S++_20,S++_36,10.3
1,7,50,S++,S++_20,S++_34,10
1,7,50,S++,S++_20,S++_39,10.6
1,7,50,S++,S++_20,S++_47,10.6
1,7,50,S++,S++_20,S++_42,10.6
1,7,50,S++,S++_20,S++_31,10.3
1,7,50,S++,S++_20,S++_32,10.3
1,7,50,S++,S++_20,S++_40,10.3
1,7,50,S++,S++_20,S++_43,10.3
1,7,50,S++,S++_20,S++_21,10
1,7,50,S++,S++_20,S++_49,10
1,7,50,S++,S++_20,S++_22,10.3
1,7,50,S++,S++_20,S++_35,10.3
1,7,50,S++,S++_20,S++_50,10.3
1,7,50,S++,S++_20,S++_26,10.3
1,7,50,S++,S++_20,S++_27,10
1,7,50,S++,S++_20,S++_29,10
1,7,50,S++,S++_20,S++_46,10
1,7,50,S++,S++_21,S++_27,11.2
1,7,50,S++,S++_21,S++_34,11.2
1,7,50,S++,S++_21,S++_31,10.9
1,7,50,S++,S++_21,S++_35,10.9
1,7,50,S++,S++_21,S++_36,10.6
1,7,50,S++,S++_21,S++_24,10.6
1,7,50,S++,S++_21,S++_25,10.6
1,7,50,S++,S++_21,S++_37,10.6
1,7,50,S++,S++_21,S++_22,10.3
1,7,50,S++,S++_21,S++_33,10.3
1,7,50,S++,S++_21,S++_38,10.3
1,7,50,S++,S++_21,S++_28,10.3
1,7,50,S++,S++_21,S++_49,10
1,7,50,S++,S++_21,S++_29,10.6
1,7,50,S++,S++_21,S++_32,10.6
1,7,50,S++,S++_21,S++_40,10.6
1,7,50,S++,S++_21,S++_44,10.6
1,7,50,S++,S++_21,S++_46,10.6
1,7,50,S++,S++_21,S++_26,10.3
1,7,50,S++,S++_21,S++_42,10.3
1,7,50,S++,S++_21,S++_50,10.3
1,7,50,S++,S++_21,S++_30,10.3
1,7,50,S++,S++_21,S++_23,10
1,7,50,S++,S++_21,S++_45,10
1,7,50,S++,S++_21,S++_47,10
1,7,50,S++,S++_21,S++_41,10
1,7,50,S++,S++_22,S++_24,11.8
1,7,50,S++,S++_22,S++_39,11.8
1,7,50,S++,S++_22,S++_49,11.8
1,7,50,S++,S++_22,S++_33,11.5
1,7,50,S++,S++_22,S++_35,11.5
1,7,50,S++,S++_22,S++_36,11.5
1,7,50,S++,S++_22,S++_27,11.2
1,7,50,S++,S++_22,S++_29,11.2
1,7,50,S++,S++_22,S++_40,11.2
1,7,50,S++,S++_22,S++_26,11.2
1,7,50,S++,S++_22,S++_48,11.2
1,7,50,S++,S++_22,S++_23,10.9
1,7,50,S++,S++_22,S++_31,10.9
1,7,50,S++,S++_22,S++_34,10.9
1,7,50,S++,S++_22,S++_37,10.6
1,7,50,S++,S++_22,S++_44,10.6
1,7,50,S++,S++_22,S++_25,10.6
1,7,50,S++,S++_22,S++_30,10.6
1,7,50,S++,S++_22,S++_38,10.3
1,7,50,S++,S++_22,S++_41,10.3
1,7,50,S++,S++_22,S++_42,10.3
1,7,50,S++,S++_22,S++_46,10.3
1,7,50,S++,S++_22,S++_50,10.3
1,7,50,S++,S++_22,S++_28,10.3
1,7,50,S++,S++_22,S++_45,10.3
1,7,50,S++,S++_22,S++_32,10
1,7,50,S++,S++_23,S++_45,11.8
1,7,50,S++,S++_23,S++_24,11.5
1,7,50,S++,S++_23,S++_28,11.5
1,7,50,S++,S++_23,S++_32,11.5
1,7,50,S++,S++_23,S++_43,11.5
1,7,50,S++,S++_23,S++_44,11.5
1,7,50,S++,S++_23,S++_29,11.2
1,7,50,S++,S++_23,S++_37,11.2
1,7,50,S++,S++_23,S++_42,11.2
1,7,50,S++,S++_23,S++_26,11.2
1,7,50,S++,S++_23,S++_31,10.9
1,7,50,S++,S++_23,S++_50,10.9
1,7,50,S++,S++_23,S++_36,10.9
1,7,50,S++,S++_23,S++_35,10.6
1,7,50,S++,S++_23,S++_39,10.6
1,7,50,S++,S++_23,S++_30,10.6
1,7,50,S++,S++_23,S++_47,10.6
1,7,50,S++,S++_23,S++_27,10.3
1,7,50,S++,S++_23,S++_41,10.3
1,7,50,S++,S++_23,S++_49,10.3
1,7,50,S++,S++_23,S++_33,10.3
1,7,50,S++,S++_23,S++_34,10.3
1,7,50,S++,S++_23,S++_38,10
1,7,50,S++,S++_23,S++_25,10
1,7,50,S++,S++_23,S++_46,10
1,7,50,S++,S++_24,S++_28,11.8
1,7,50,S++,S++_24,S++_32,11.8
1,7,50,S++,S++_24,S++_35,11.8
1,7,50,S++,S++_24,S++_39,11.5
1,7,50,S++,S++_24,S++_40,11.5
1,7,50,S++,S++_24,S++_27,11.5
1,7,50,S++,S++_24,S++_47,11.5
1,7,50,S++,S++_24,S++_26,11.2
1,7,50,S++,S++_24,S++_42,11.2
1,7,50,S++,S++_24,S++_44,10.9
1,7,50,S++,S++_24,S++_49,10.9
1,7,50,S++,S++_24,S++_25,10.6
1,7,50,S++,S++_24,S++_38,10.6
1,7,50,S++,S++_24,S++_29,10.3
1,7,50,S++,S++_24,S++_41,10.3
1,7,50,S++,S++_24,S++_43,10.3
1,7,50,S++,S++_24,S++_46,10.3
1,7,50,S++,S++_24,S++_48,10.3
1,7,50,S++,S++_24,S++_31,10.3
1,7,50,S++,S++_24,S++_50,10
1,7,50,S++,S++_24,S++_45,10
1,7,50,S++,S++_25,S++_40,11.8
1,7,50,S++,S++_25,S++_31,11.8
1,7,50,S++,S++_25,S++_33,11.8
1,7,50,S++,S++_25,S++_48,11.8
1,7,50,S++,S++_25,S++_27,11.5
1,7,50,S++,S++_25,S++_47,11.5
1,7,50,S++,S++_25,S++_28,11.5
1,7,50,S++,S++_25,S++_29,10.9
1,7,50,S++,S++_25,S++_34,10.9
1,7,50,S++,S++_25,S++_38,10.9
1,7,50,S++,S++_25,S++_46,10.9
1,7,50,S++,S++_25,S++_26,10.6
1,7,50,S++,S++_25,S++_30,10.6
1,7,50,S++,S++_25,S++_44,10.6
1,7,50,S++,S++_25,S++_36,10.6
1,7,50,S++,S++_25,S++_39,10.6
1,7,50,S++,S++_25,S++_50,10.6
1,7,50,S++,S++_25,S++_35,10.3
1,7,50,S++,S++_25,S++_37,10.3
1,7,50,S++,S++_25,S++_32,10.3
1,7,50,S++,S++_25,S++_42,10
1,7,50,S++,S++_26,S++_42,11.8
1,7,50,S++,S++_26,S++_37,11.8
1,7,50,S++,S++_26,S++_39,11.8
1,7,50,S++,S++_26,S++_38,11.2
1,7,50,S++,S++_26,S++_47,11.2
1,7,50,S++,S++_26,S++_35,10.9
1,7,50,S++,S++_26,S++_44,10.9
1,7,50,S++,S++_26,S++_50,10.9
1,7,50,S++,S++_26,S++_46,10.9
1,7,50,S++,S++_26,S++_31,10.6
1,7,50,S++,S++_26,S++_45,10.6
1,7,50,S++,S++_26,S++_28,10.3
1,7,50,S++,S++_26,S++_29,10.3
1,7,50,S++,S++_26,S++_32,10.3
1,7,50,S++,S++_26,S++_33,10.3
1,7,50,S++,S++_26,S++_43,10.3
1,7,50,S++,S++_26,S++_27,10
1,7,50,S++,S++_26,S++_34,10
1,7,50,S++,S++_27,S++_45,11.8
1,7,50,S++,S++_27,S++_34,11.8
1,7,50,S++,S++_27,S++_48,11.8
1,7,50,S++,S++_27,S++_37,11.2
1,7,50,S++,S++_27,S++_41,11.2
1,7,50,S++,S++_27,S++_49,11.2
1,7,50,S++,S++_27,S++_30,10.9
1,7,50,S++,S++_27,S++_35,10.6
1,7,50,S++,S++_27,S++_36,10.6
1,7,50,S++,S++_27,S++_40,10.6
1,7,50,S++,S++_27,S++_46,10.6
1,7,50,S++,S++_27,S++_28,10.3
1,7,50,S++,S++_27,S++_32,10.3
1,7,50,S++,S++_27,S++_38,10.3
1,7,50,S++,S++_27,S++_33,10.3
1,7,50,S++,S++_27,S++_43,10.3
1,7,50,S++,S++_27,S++_47,10.3
1,7,50,S++,S++_27,S++_29,10
1,7,50,S++,S++_27,S++_39,10
1,7,50,S++,S++_28,S++_44,11.8
1,7,50,S++,S++_28,S++_45,11.8
1,7,50,S++,S++_28,S++_43,11.5
1,7,50,S++,S++_28,S++_48,11.5
1,7,50,S++,S++_28,S++_35,11.5
1,7,50,S++,S++_28,S++_36,11.5
1,7,50,S++,S++_28,S++_41,11.2
1,7,50,S++,S++_28,S++_49,11.2
1,7,50,S++,S++_28,S++_32,10.9
1,7,50,S++,S++_28,S++_31,10.6
1,7,50,S++,S++_28,S++_34,10.6
1,7,50,S++,S++_28,S++_29,10.3
1,7,50,S++,S++_28,S++_30,10.3
1,7,50,S++,S++_28,S++_33,10.3
1,7,50,S++,S++_28,S++_39,9.7
1,7,50,S++,S++_28,S++_42,9.7
1,7,50,S++,S++_28,S++_46,9.7
1,7,50,S++,S++_28,S++_38,10
1,7,50,S++,S++_28,S++_37,10
1,7,50,S++,S++_28,S++_50,10
1,7,50,S++,S++_29,S++_32,11.2
1,7,50,S++,S++_29,S++_38,11.2
1,7,50,S++,S++_29,S++_46,11.2
1,7,50,S++,S++_29,S++_47,10.3
1,7,50,S++,S++_29,S++_39,10.3
1,7,50,S++,S++_29,S++_48,10.3
1,7,50,S++,S++_29,S++_43,10.3
1,7,50,S++,S++_29,S++_37,10
1,7,50,S++,S++_29,S++_36,9.7
1,7,50,S++,S++_29,S++_42,9.7
1,7,50,S++,S++_29,S++_45,9.7
1,7,50,S++,S++_29,S++_33,9.7
1,7,50,S++,S++_29,S++_49,9.7
1,7,50,S++,S++_29,S++_31,10
1,7,50,S++,S++_29,S++_35,10
1,7,50,S++,S++_29,S++_41,10
1,7,50,S++,S++_29,S++_44,10
1,7,50,S++,S++_30,S++_36,10.6
1,7,50,S++,S++_30,S++_39,10.6
1,7,50,S++,S++_30,S++_45,10.6
1,7,50,S++,S++_30,S++_33,10.3
1,7,50,S++,S++_30,S++_44,10.3
1,7,50,S++,S++_30,S++_48,10.3
1,7,50,S++,S++_30,S++_49,10.3
1,7,50,S++,S++_30,S++_37,10
1,7,50,S++,S++_30,S++_47,10
1,7,50,S++,S++_30,S++_41,9.7
1,7,50,S++,S++_30,S++_40,10
1,7,50,S++,S++_30,S++_46,10
1,7,50,S++,S++_31,S++_46,10.6
1,7,50,S++,S++_31,S++_47,10.3
1,7,50,S++,S++_31,S++_32,10
1,7,50,S++,S++_31,S++_36,10
1,7,50,S++,S++_31,S++_39,10
1,7,50,S++,S++_31,S++_35,10.3
1,7,50,S++,S++_31,S++_50,10.3
1,7,50,S++,S++_31,S++_44,10
1,7,50,S++,S++_31,S++_45,9.7
1,7,50,S++,S++_31,S++_48,9.7
1,7,50,S++,S++_31,S++_33,9.7
1,7,50,S++,S++_31,S++_37,9.7
1,7,50,S++,S++_31,S++_41,10
1,7,50,S++,S++_31,S++_43,10
1,7,50,S++,S++_32,S++_39,10.6
1,7,50,S++,S++_32,S++_43,10
1,7,50,S++,S++_32,S++_50,10
1,7,50,S++,S++_32,S++_41,10
1,7,50,S++,S++_32,S++_33,10.3
1,7,50,S++,S++_32,S++_42,10.3
1,7,50,S++,S++_32,S++_37,10
1,7,50,S++,S++_32,S++_35,10
1,7,50,S++,S++_32,S++_38,10
1,7,50,S++,S++_32,S++_46,10.3
1,7,50,S++,S++_32,S++_49,10.3
1,7,50,S++,S++_32,S++_44,10
1,7,50,S++,S++_32,S++_34,9.7
1,7,50,S++,S++_32,S++_40,9.7
1,7,50,S++,S++_32,S++_45,10
1,7,50,S++,S++_33,S++_34,10
1,7,50,S++,S++_33,S++_37,10.3
1,7,50,S++,S++_33,S++_45,10.3
1,7,50,S++,S++_33,S++_50,10.3
1,7,50,S++,S++_33,S++_42,9.7
1,7,50,S++,S++_33,S++_41,10
1,7,50,S++,S++_33,S++_48,10
1,7,50,S++,S++_33,S++_49,10.3
1,7,50,S++,S++_33,S++_44,10
1,7,50,S++,S++_33,S++_35,9.7
1,7,50,S++,S++_33,S++_40,9.7
1,7,50,S++,S++_33,S++_47,9.7
1,7,50,S++,S++_33,S++_43,10
1,7,50,S++,S++_33,S++_46,10
1,7,50,S++,S++_34,S++_37,10
1,7,50,S++,S++_34,S++_42,10
1,7,50,S++,S++_34,S++_48,10
1,7,50,S++,S++_34,S++_44,10.3
1,7,50,S++,S++_34,S++_49,10.3
1,7,50,S++,S++_34,S++_39,10
1,7,50,S++,S++_34,S++_47,9.7
1,7,50,S++,S++_34,S++_46,9.7
1,7,50,S++,S++_34,S++_36,10
1,7,50,S++,S++_34,S++_50,10
1,7,50,S++,S++_34,S++_41,10
1,7,50,S++,S++_35,S++_37,9.7
1,7,50,S++,S++_35,S++_39,9.7
1,7,50,S++,S++_35,S++_41,9.7
1,7,50,S++,S++_35,S++_42,9.7
1,7,50,S++,S++_35,S++_50,9.7
1,7,50,S++,S++_35,S++_46,10
1,7,50,S++,S++_35,S++_47,10
1,7,50,S++,S++_35,S++_45,9.7
1,7,50,S++,S++_35,S++_36,9.7
1,7,50,S++,S++_35,S++_40,10
1,7,50,S++,S++_35,S++_44,10
1,7,50,S++,S++_35,S++_38,10
1,7,50,S++,S++_36,S++_44,10
1,7,50,S++,S++_36,S++_48,10
1,7,50,S++,S++_36,S++_41,10
1,7,50,S++,S++_36,S++_45,10
1,7,50,S++,S++_36,S++_37,9.7
1,7,50,S++,S++_36,S++_40,10
1,7,50,S++,S++_36,S++_47,10
1,7,50,S++,S++_36,S++_49,10
1,7,50,S++,S++_37,S++_38,9.4
1,7,50,S++,S++_37,S++_45,9.7
1,7,50,S++,S++_37,S++_48,9.7
1,7,50,S++,S++_37,S++_40,10
1,7,50,S++,S++_37,S++_43,10
1,7,50,S++,S++_37,S++_46,10
1,7,50,S++,S++_37,S++_49,10
1,7,50,S++,S++_37,S++_39,10
1,7,50,S++,S++_37,S++_44,9.7
1,7,50,S++,S++_37,S++_47,9.7
1,7,50,S++,S++_37,S++_50,9.7
1,7,50,S++,S++_37,S++_42,10
1,7,50,S++,S++_38,S++_47,10
1,7,50,S++,S++_38,S++_39,10
1,7,50,S++,S++_38,S++_42,10
1,7,50,S++,S++_38,S++_50,10
1,7,50,S++,S++_38,S++_44,9.7
1,7,50,S++,S++_38,S++_43,10
1,7,50,S++,S++_38,S++_49,10
1,7,50,S++,S++_38,S++_46,10
1,7,50,S++,S++_39,S++_43,9.4
1,7,50,S++,S++_39,S++_47,9.4
1,7,50,S++,S++_39,S++_50,9.4
1,7,50,S++,S++_39,S++_44,9.4
1,7,50,S++,S++_39,S++_46,10
1,7,50,S++,S++_39,S++_48,9.7
1,7,50,S++,S++_39,S++_42,10
1,7,50,S++,S++_39,S++_45,10
1,7,50,S++,S++_39,S++_41,10
1,7,50,S++,S++_39,S++_49,10
1,7,50,S++,S++_40,S++_41,9.7
1,7,50,S++,S++_40,S++_42,10
1,7,50,S++,S++_40,S++_50,10
1,7,50,S++,S++_40,S++_48,10
1,7,50,S++,S++_40,S++_46,9.7
1,7,50,S++,S++_40,S++_47,9.7
1,7,50,S++,S++_40,S++_44,10
1,7,50,S++,S++_40,S++_45,10
1,7,50,S++,S++_41,S++_42,9.7
1,7,50,S++,S++_41,S++_47,9.7
1,7,50,S++,S++_41,S++_49,9.7
1,7,50,S++,S++_41,S++_48,10
1,7,50,S++,S++_42,S++_43,9.4
1,7,50,S++,S++_42,S++_50,9.7
1,7,50,S++,S++_42,S++_44,9.7
1,7,50,S++,S++_42,S++_48,9.7
1,7,50,S++,S++_43,S++_49,9.7
1,7,50,S++,S++_43,S++_50,10
1,7,50,S++,S++_44,S++_50,9.7
1,7,50,S++,S++_44,S++_45,10
1,7,50,S++,S++_44,S++_48,9.7
1,7,50,S++,S++_44,S++_46,9.7
1,7,50,S++,S++_44,S++_47,9.7
1,7,50,S++,S++_44,S++_49,10
1,7,50,S++,S++_45,S++_46,10
1,7,50,S++,S++_45,S++_49,9.7
1,7,50,S++,S++_45,S++_50,9.7
1,7,50,S++,S++_45,S++_47,10
1,7,50,S++,S++_46,S++_48,9.7
1,7,50,S++,S++_46,S++_47,10
1,7,50,S++,S++_46,S++_49,10
1,7,50,S++,S++_46,S++_50,10
1,7,50,S++,S++_47,S++_50,9.7
1,7,50,S++,S++_48,S++_50,9.4
1,7,50,S++,S++_48,S++_49,9.7
1,8,50,S++,S++_1,S++_12,9.7
1,8,50,S++,S++_1,S++_14,9.7
1,8,50,S++,S++_1,S++_18,9.7
1,8,50,S++,S++_1,S++_24,9.7
1,8,50,S++,S++_1,S++_26,9.7
1,8,50,S++,S++_1,S++_33,9.7
1,8,50,S++,S++_1,S++_7,9.4
1,8,50,S++,S++_1,S++_9,9.4
1,8,50,S++,S++_1,S++_32,9.4
1,8,50,S++,S++_1,S++_42,9.4
1,8,50,S++,S++_1,S++_23,9.4
1,8,50,S++,S++_1,S++_36,9.4
1,8,50,S++,S++_1,S++_46,9.4
1,8,50,S++,S++_1,S++_37,9.4
1,8,50,S++,S++_1,S++_38,9.4
1,8,50,S++,S++_1,S++_10,9.7
1,8,50,S++,S++_1,S++_25,9.7
1,8,50,S++,S++_1,S++_34,9.7
1,8,50,S++,S++_1,S++_40,9.7
1,8,50,S++,S++_1,S++_4,9.7
1,8,50,S++,S++_1,S++_28,9.7
1,8,50,S++,S++_1,S++_41,9.7
1,8,50,S++,S++_1,S++_43,9.7
1,8,50,S++,S++_1,S++_47,9.7
1,8,50,S++,S++_1,S++_2,10
1,8,50,S++,S++_1,S++_8,10
1,8,50,S++,S++_1,S++_11,10
1,8,50,S++,S++_1,S++_22,10
1,8,50,S++,S++_1,S++_31,10
1,8,50,S++,S++_2,S++_39,9.4
1,8,50,S++,S++_2,S++_11,9.7
1,8,50,S++,S++_2,S++_25,9.7
1,8,50,S++,S++_2,S++_33,9.7
1,8,50,S++,S++_2,S++_41,9.7
1,8,50,S++,S++_2,S++_6,9.7
1,8,50,S++,S++_2,S++_49,9.7
1,8,50,S++,S++_2,S++_40,9.4
1,8,50,S++,S++_2,S++_48,9.4
1,8,50,S++,S++_2,S++_3,9.4
1,8,50,S++,S++_2,S++_13,9.7
1,8,50,S++,S++_2,S++_21,9.7
1,8,50,S++,S++_2,S++_30,9.7
1,8,50,S++,S++_2,S++_36,9.7
1,8,50,S++,S++_2,S++_17,9.7
1,8,50,S++,S++_2,S++_37,9.7
1,8,50,S++,S++_2,S++_43,9.7
1,8,50,S++,S++_2,S++_5,9.4
1,8,50,S++,S++_2,S++_34,9.4
1,8,50,S++,S++_2,S++_45,9.4
1,8,50,S++,S++_2,S++_22,9.4
1,8,50,S++,S++_2,S++_50,9.4
1,8,50,S++,S++_2,S++_9,9.4
1,8,50,S++,S++_2,S++_18,9.4
1,8,50,S++,S++_2,S++_29,9.4
1,8,50,S++,S++_2,S++_4,9.7
1,8,50,S++,S++_2,S++_15,9.7
1,8,50,S++,S++_2,S++_24,9.7
1,8,50,S++,S++_2,S++_26,10
1,8,50,S++,S++_2,S++_31,10
1,8,50,S++,S++_2,S++_32,10
1,8,50,S++,S++_2,S++_44,10
1,8,50,S++,S++_2,S++_16,10
1,8,50,S++,S++_2,S++_27,10
1,8,50,S++,S++_2,S++_47,10
1,8,50,S++,S++_3,S++_11,9.7
1,8,50,S++,S++_3,S++_21,9.7
1,8,50,S++,S++_3,S++_22,9.7
1,8,50,S++,S++_3,S++_24,9.7
1,8,50,S++,S++_3,S++_17,9.7
1,8,50,S++,S++_3,S++_32,9.7
1,8,50,S++,S++_3,S++_33,9.7
1,8,50,S++,S++_3,S++_35,9.7
1,8,50,S++,S++_3,S++_40,9.7
1,8,50,S++,S++_3,S++_39,9.4
1,8,50,S++,S++_3,S++_4,9.4
1,8,50,S++,S++_3,S++_27,9.4
1,8,50,S++,S++_3,S++_28,9.4
1,8,50,S++,S++_3,S++_37,9.4
1,8,50,S++,S++_3,S++_44,9.4
1,8,50,S++,S++_3,S++_45,9.4
1,8,50,S++,S++_3,S++_48,9.4
1,8,50,S++,S++_3,S++_9,9.7
1,8,50,S++,S++_3,S++_18,9.4
1,8,50,S++,S++_3,S++_34,9.4
1,8,50,S++,S++_3,S++_46,9.4
1,8,50,S++,S++_3,S++_31,9.4
1,8,50,S++,S++_3,S++_7,9.7
1,8,50,S++,S++_3,S++_23,9.7
1,8,50,S++,S++_3,S++_26,9.7
1,8,50,S++,S++_3,S++_29,9.7
1,8,50,S++,S++_3,S++_20,9.7
1,8,50,S++,S++_3,S++_30,9.7
1,8,50,S++,S++_3,S++_38,9.7
1,8,50,S++,S++_3,S++_41,9.7
1,8,50,S++,S++_3,S++_43,9.7
1,8,50,S++,S++_3,S++_12,10
1,8,50,S++,S++_3,S++_25,10
1,8,50,S++,S++_3,S++_16,10
1,8,50,S++,S++_3,S++_36,10
1,8,50,S++,S++_3,S++_49,10
1,8,50,S++,S++_4,S++_32,9.4
1,8,50,S++,S++_4,S++_44,9.4
1,8,50,S++,S++_4,S++_10,9.7
1,8,50,S++,S++_4,S++_20,9.7
1,8,50,S++,S++_4,S++_50,9.7
1,8,50,S++,S++_4,S++_36,9.4
1,8,50,S++,S++_4,S++_37,9.4
1,8,50,S++,S++_4,S++_9,9.7
1,8,50,S++,S++_4,S++_19,9.7
1,8,50,S++,S++_4,S++_22,9.7
1,8,50,S++,S++_4,S++_26,9.7
1,8,50,S++,S++_4,S++_47,9.7
1,8,50,S++,S++_4,S++_33,9.7
1,8,50,S++,S++_4,S++_41,9.7
1,8,50,S++,S++_4,S++_42,9.7
1,8,50,S++,S++_4,S++_48,9.7
1,8,50,S++,S++_4,S++_17,9.4
1,8,50,S++,S++_4,S++_30,9.4
1,8,50,S++,S++_4,S++_11,9.4
1,8,50,S++,S++_4,S++_43,9.4
1,8,50,S++,S++_4,S++_29,9.7
1,8,50,S++,S++_4,S++_6,10
1,8,50,S++,S++_4,S++_12,10
1,8,50,S++,S++_4,S++_21,10
1,8,50,S++,S++_4,S++_28,10
1,8,50,S++,S++_5,S++_15,9.7
1,8,50,S++,S++_5,S++_10,9.7
1,8,50,S++,S++_5,S++_14,9.7
1,8,50,S++,S++_5,S++_18,9.7
1,8,50,S++,S++_5,S++_24,9.7
1,8,50,S++,S++_5,S++_26,9.7
1,8,50,S++,S++_5,S++_31,9.7
1,8,50,S++,S++_5,S++_35,9.7
1,8,50,S++,S++_5,S++_12,9.4
1,8,50,S++,S++_5,S++_16,9.4
1,8,50,S++,S++_5,S++_20,9.4
1,8,50,S++,S++_5,S++_42,9.4
1,8,50,S++,S++_5,S++_8,9.4
1,8,50,S++,S++_5,S++_37,9.4
1,8,50,S++,S++_5,S++_39,9.4
1,8,50,S++,S++_5,S++_6,9.7
1,8,50,S++,S++_5,S++_29,9.7
1,8,50,S++,S++_5,S++_43,9.7
1,8,50,S++,S++_5,S++_45,9.7
1,8,50,S++,S++_5,S++_23,9.4
1,8,50,S++,S++_5,S++_34,9.4
1,8,50,S++,S++_5,S++_46,9.4
1,8,50,S++,S++_5,S++_19,9.7
1,8,50,S++,S++_5,S++_28,9.7
1,8,50,S++,S++_5,S++_48,9.7
1,8,50,S++,S++_5,S++_22,9.4
1,8,50,S++,S++_5,S++_30,9.4
1,8,50,S++,S++_5,S++_41,9.4
1,8,50,S++,S++_5,S++_47,9.4
1,8,50,S++,S++_5,S++_7,9.4
1,8,50,S++,S++_5,S++_11,9.4
1,8,50,S++,S++_5,S++_44,9.4
1,8,50,S++,S++_5,S++_49,9.4
1,8,50,S++,S++_5,S++_38,9.7
1,8,50,S++,S++_5,S++_9,9.7
1,8,50,S++,S++_5,S++_32,9.7
1,8,50,S++,S++_5,S++_33,9.7
1,8,50,S++,S++_5,S++_36,9.7
1,8,50,S++,S++_5,S++_40,9.7
1,8,50,S++,S++_5,S++_50,9.7
1,8,50,S++,S++_5,S++_25,10
1,8,50,S++,S++_5,S++_27,10
1,8,50,S++,S++_5,S++_21,10
1,8,50,S++,S++_6,S++_10,9.7
1,8,50,S++,S++_6,S++_21,9.7
1,8,50,S++,S++_6,S++_28,9.7
1,8,50,S++,S++_6,S++_48,9.7
1,8,50,S++,S++_6,S++_17,9.7
1,8,50,S++,S++_6,S++_25,9.7
1,8,50,S++,S++_6,S++_34,9.7
1,8,50,S++,S++_6,S++_49,9.7
1,8,50,S++,S++_6,S++_16,9.4
1,8,50,S++,S++_6,S++_41,9.4
1,8,50,S++,S++_6,S++_42,9.4
1,8,50,S++,S++_6,S++_43,9.4
1,8,50,S++,S++_6,S++_13,9.4
1,8,50,S++,S++_6,S++_35,9.4
1,8,50,S++,S++_6,S++_37,9.7
1,8,50,S++,S++_6,S++_22,9.7
1,8,50,S++,S++_6,S++_27,9.7
1,8,50,S++,S++_6,S++_32,10.3
1,8,50,S++,S++_6,S++_40,10.3
1,8,50,S++,S++_6,S++_9,10
1,8,50,S++,S++_6,S++_18,10
1,8,50,S++,S++_6,S++_46,10
1,8,50,S++,S++_6,S++_11,10.3
1,8,50,S++,S++_6,S++_26,10.3
1,8,50,S++,S++_6,S++_33,10.3
1,8,50,S++,S++_6,S++_44,10.3
1,8,50,S++,S++_6,S++_8,10
1,8,50,S++,S++_6,S++_50,10
1,8,50,S++,S++_6,S++_23,10
1,8,50,S++,S++_6,S++_45,10
1,8,50,S++,S++_6,S++_19,9.7
1,8,50,S++,S++_6,S++_29,9.7
1,8,50,S++,S++_6,S++_30,9.7
1,8,50,S++,S++_6,S++_36,9.7
1,8,50,S++,S++_6,S++_38,9.7
1,8,50,S++,S++_6,S++_47,9.7
1,8,50,S++,S++_6,S++_39,9.7
1,8,50,S++,S++_6,S++_12,10
1,8,50,S++,S++_6,S++_20,10
1,8,50,S++,S++_6,S++_31,10
1,8,50,S++,S++_7,S++_9,10.3
1,8,50,S++,S++_7,S++_11,10.3
1,8,50,S++,S++_7,S++_17,10.3
1,8,50,S++,S++_7,S++_22,10.3
1,8,50,S++,S++_7,S++_30,10.3
1,8,50,S++,S++_7,S++_45,10.3
1,8,50,S++,S++_7,S++_46,10
1,8,50,S++,S++_7,S++_35,10.3
1,8,50,S++,S++_7,S++_19,10
1,8,50,S++,S++_7,S++_36,10
1,8,50,S++,S++_7,S++_40,10
1,8,50,S++,S++_7,S++_48,10
1,8,50,S++,S++_7,S++_8,10.3
1,8,50,S++,S++_7,S++_16,10.3
1,8,50,S++,S++_7,S++_25,10.3
1,8,50,S++,S++_7,S++_34,10.3
1,8,50,S++,S++_7,S++_47,9.7
1,8,50,S++,S++_7,S++_49,9.7
1,8,50,S++,S++_7,S++_43,9.7
1,8,50,S++,S++_7,S++_28,10
1,8,50,S++,S++_7,S++_24,10
1,8,50,S++,S++_7,S++_31,10
1,8,50,S++,S++_7,S++_37,10
1,8,50,S++,S++_7,S++_10,9.7
1,8,50,S++,S++_7,S++_14,9.7
1,8,50,S++,S++_7,S++_21,9.7
1,8,50,S++,S++_7,S++_33,9.7
1,8,50,S++,S++_7,S++_44,9.7
1,8,50,S++,S++_7,S++_50,9.7
1,8,50,S++,S++_7,S++_20,9.7
1,8,50,S++,S++_7,S++_23,9.7
1,8,50,S++,S++_7,S++_27,9.7
1,8,50,S++,S++_7,S++_12,10
1,8,50,S++,S++_7,S++_32,10
1,8,50,S++,S++_7,S++_26,10
1,8,50,S++,S++_7,S++_38,10
1,8,50,S++,S++_7,S++_42,10
1,8,50,S++,S++_8,S++_17,9.7
1,8,50,S++,S++_8,S++_19,9.7
1,8,50,S++,S++_8,S++_23,10.3
1,8,50,S++,S++_8,S++_35,10.3
1,8,50,S++,S++_8,S++_47,10.3
1,8,50,S++,S++_8,S++_10,10.3
1,8,50,S++,S++_8,S++_24,10.3
1,8,50,S++,S++_8,S++_43,10
1,8,50,S++,S++_8,S++_50,10
1,8,50,S++,S++_8,S++_25,10
1,8,50,S++,S++_8,S++_37,10
1,8,50,S++,S++_8,S++_44,10
1,8,50,S++,S++_8,S++_45,10
1,8,50,S++,S++_8,S++_11,10.3
1,8,50,S++,S++_8,S++_18,10.3
1,8,50,S++,S++_8,S++_20,10.3
1,8,50,S++,S++_8,S++_12,10.3
1,8,50,S++,S++_8,S++_32,10.3
1,8,50,S++,S++_8,S++_15,10
1,8,50,S++,S++_8,S++_31,10
1,8,50,S++,S++_8,S++_9,10
1,8,50,S++,S++_8,S++_29,10
1,8,50,S++,S++_8,S++_34,9.7
1,8,50,S++,S++_8,S++_46,9.7
1,8,50,S++,S++_8,S++_36,10
1,8,50,S++,S++_8,S++_41,10
1,8,50,S++,S++_8,S++_21,9.7
1,8,50,S++,S++_8,S++_27,9.7
1,8,50,S++,S++_8,S++_40,9.7
1,8,50,S++,S++_8,S++_42,9.7
1,8,50,S++,S++_8,S++_48,9.7
1,8,50,S++,S++_8,S++_49,9.7
1,8,50,S++,S++_8,S++_22,9.7
1,8,50,S++,S++_8,S++_26,9.7
1,8,50,S++,S++_8,S++_28,9.7
1,8,50,S++,S++_8,S++_30,9.7
1,8,50,S++,S++_8,S++_38,9.7
1,8,50,S++,S++_8,S++_33,10
1,8,50,S++,S++_9,S++_30,10.3
1,8,50,S++,S++_9,S++_36,10.3
1,8,50,S++,S++_9,S++_47,10.3
1,8,50,S++,S++_9,S++_27,10.3
1,8,50,S++,S++_9,S++_14,10
1,8,50,S++,S++_9,S++_37,10
1,8,50,S++,S++_9,S++_22,10
1,8,50,S++,S++_9,S++_33,10
1,8,50,S++,S++_9,S++_44,10
1,8,50,S++,S++_9,S++_16,10.3
1,8,50,S++,S++_9,S++_43,10.3
1,8,50,S++,S++_9,S++_45,10.3
1,8,50,S++,S++_9,S++_15,10
1,8,50,S++,S++_9,S++_38,10
1,8,50,S++,S++_9,S++_46,10
1,8,50,S++,S++_9,S++_19,10
1,8,50,S++,S++_9,S++_21,9.7
1,8,50,S++,S++_9,S++_25,9.7
1,8,50,S++,S++_9,S++_29,10
1,8,50,S++,S++_9,S++_32,10
1,8,50,S++,S++_9,S++_26,10
1,8,50,S++,S++_9,S++_34,10
1,8,50,S++,S++_9,S++_40,10
1,8,50,S++,S++_9,S++_48,10
1,8,50,S++,S++_9,S++_24,9.7
1,8,50,S++,S++_9,S++_49,9.7
1,8,50,S++,S++_9,S++_28,9.7
1,8,50,S++,S++_9,S++_39,9.7
1,8,50,S++,S++_9,S++_42,9.7
1,8,50,S++,S++_9,S++_18,10
1,8,50,S++,S++_9,S++_23,10
1,8,50,S++,S++_9,S++_35,10
1,8,50,S++,S++_9,S++_20,10
1,8,50,S++,S++_10,S++_22,10.3
1,8,50,S++,S++_10,S++_33,10.3
1,8,50,S++,S++_10,S++_44,9.7
1,8,50,S++,S++_10,S++_45,9.7
1,8,50,S++,S++_10,S++_47,9.7
1,8,50,S++,S++_10,S++_21,9.7
1,8,50,S++,S++_10,S++_48,9.7
1,8,50,S++,S++_10,S++_13,9.4
1,8,50,S++,S++_10,S++_20,9.4
1,8,50,S++,S++_10,S++_46,9.4
1,8,50,S++,S++_10,S++_15,9.4
1,8,50,S++,S++_10,S++_17,9.4
1,8,50,S++,S++_10,S++_14,9.7
1,8,50,S++,S++_10,S++_19,9.7
1,8,50,S++,S++_10,S++_27,9.7
1,8,50,S++,S++_10,S++_30,9.7
1,8,50,S++,S++_10,S++_11,9.4
1,8,50,S++,S++_10,S++_25,9.4
1,8,50,S++,S++_10,S++_28,9.4
1,8,50,S++,S++_10,S++_29,10
1,8,50,S++,S++_10,S++_37,10
1,8,50,S++,S++_10,S++_36,9.7
1,8,50,S++,S++_10,S++_42,9.7
1,8,50,S++,S++_10,S++_43,9.7
1,8,50,S++,S++_10,S++_18,9.7
1,8,50,S++,S++_10,S++_26,9.7
1,8,50,S++,S++_10,S++_31,9.7
1,8,50,S++,S++_10,S++_50,9.7
1,8,50,S++,S++_10,S++_24,10
1,8,50,S++,S++_10,S++_41,10
1,8,50,S++,S++_10,S++_49,10
1,8,50,S++,S++_10,S++_23,10.3
1,8,50,S++,S++_10,S++_35,10.3
1,8,50,S++,S++_10,S++_34,10.3
1,8,50,S++,S++_10,S++_39,10
1,8,50,S++,S++_10,S++_40,10
1,8,50,S++,S++_10,S++_16,10
1,8,50,S++,S++_10,S++_32,10
1,8,50,S++,S++_11,S++_13,10.3
1,8,50,S++,S++_11,S++_16,10.3
1,8,50,S++,S++_11,S++_34,10.3
1,8,50,S++,S++_11,S++_37,10.3
1,8,50,S++,S++_11,S++_49,10.3
1,8,50,S++,S++_11,S++_27,10
1,8,50,S++,S++_11,S++_36,10
1,8,50,S++,S++_11,S++_48,10
1,8,50,S++,S++_11,S++_40,10
1,8,50,S++,S++_11,S++_46,10
1,8,50,S++,S++_11,S++_15,10.3
1,8,50,S++,S++_11,S++_33,10.3
1,8,50,S++,S++_11,S++_44,10.3
1,8,50,S++,S++_11,S++_22,10
1,8,50,S++,S++_11,S++_39,10
1,8,50,S++,S++_11,S++_21,10
1,8,50,S++,S++_11,S++_30,10
1,8,50,S++,S++_11,S++_14,9.7
1,8,50,S++,S++_11,S++_23,9.7
1,8,50,S++,S++_11,S++_28,9.7
1,8,50,S++,S++_11,S++_29,9.7
1,8,50,S++,S++_11,S++_25,9.7
1,8,50,S++,S++_11,S++_12,10
1,8,50,S++,S++_11,S++_24,10
1,8,50,S++,S++_11,S++_42,10
1,8,50,S++,S++_11,S++_45,10
1,8,50,S++,S++_11,S++_47,10
1,8,50,S++,S++_11,S++_43,10
1,8,50,S++,S++_11,S++_31,10.3
1,8,50,S++,S++_11,S++_19,10
1,8,50,S++,S++_11,S++_20,10
1,8,50,S++,S++_11,S++_26,10
1,8,50,S++,S++_11,S++_35,10
1,8,50,S++,S++_11,S++_41,10
1,8,50,S++,S++_11,S++_50,10
1,8,50,S++,S++_12,S++_23,10.3
1,8,50,S++,S++_12,S++_31,10.3
1,8,50,S++,S++_12,S++_18,10.3
1,8,50,S++,S++_12,S++_35,9.7
1,8,50,S++,S++_12,S++_42,9.7
1,8,50,S++,S++_12,S++_17,9.7
1,8,50,S++,S++_12,S++_24,9.7
1,8,50,S++,S++_12,S++_39,9.7
1,8,50,S++,S++_12,S++_48,9.7
1,8,50,S++,S++_12,S++_14,10
1,8,50,S++,S++_12,S++_16,10
1,8,50,S++,S++_12,S++_21,10
1,8,50,S++,S++_12,S++_38,10
1,8,50,S++,S++_12,S++_41,10
1,8,50,S++,S++_12,S++_45,10
1,8,50,S++,S++_12,S++_46,10.3
1,8,50,S++,S++_12,S++_47,10.3
1,8,50,S++,S++_12,S++_50,10.3
1,8,50,S++,S++_12,S++_15,10
1,8,50,S++,S++_12,S++_20,10
1,8,50,S++,S++_12,S++_30,10
1,8,50,S++,S++_13,S++_15,9.7
1,8,50,S++,S++_13,S++_27,9.7
1,8,50,S++,S++_13,S++_36,9.7
1,8,50,S++,S++_13,S++_32,10
1,8,50,S++,S++_13,S++_49,10
1,8,50,S++,S++_13,S++_22,10
1,8,50,S++,S++_13,S++_44,10
1,8,50,S++,S++_14,S++_29,9.7
1,8,50,S++,S++_14,S++_48,9.7
1,8,50,S++,S++_14,S++_23,9.7
1,8,50,S++,S++_14,S++_45,9.7
1,8,50,S++,S++_14,S++_47,9.7
1,8,50,S++,S++_14,S++_32,10
1,8,50,S++,S++_14,S++_49,10
1,8,50,S++,S++_14,S++_16,10
1,8,50,S++,S++_14,S++_37,10
1,8,50,S++,S++_14,S++_39,10.3
1,8,50,S++,S++_14,S++_20,10.3
1,8,50,S++,S++_14,S++_18,10
1,8,50,S++,S++_14,S++_25,10
1,8,50,S++,S++_14,S++_26,10
1,8,50,S++,S++_14,S++_30,10
1,8,50,S++,S++_14,S++_38,10
1,8,50,S++,S++_15,S++_18,9.7
1,8,50,S++,S++_15,S++_37,9.4
1,8,50,S++,S++_15,S++_48,9.4
1,8,50,S++,S++_15,S++_22,9.4
1,8,50,S++,S++_15,S++_40,9.4
1,8,50,S++,S++_15,S++_23,9.7
1,8,50,S++,S++_15,S++_42,9.7
1,8,50,S++,S++_15,S++_26,10
1,8,50,S++,S++_15,S++_44,10
1,8,50,S++,S++_15,S++_45,10
1,8,50,S++,S++_15,S++_20,10
1,8,50,S++,S++_15,S++_29,10
1,8,50,S++,S++_15,S++_39,10
1,8,50,S++,S++_15,S++_46,10
1,8,50,S++,S++_16,S++_17,9.4
1,8,50,S++,S++_16,S++_18,9.4
1,8,50,S++,S++_16,S++_34,9.4
1,8,50,S++,S++_16,S++_43,9.4
1,8,50,S++,S++_16,S++_45,9.4
1,8,50,S++,S++_16,S++_39,9.7
1,8,50,S++,S++_16,S++_49,9.7
1,8,50,S++,S++_16,S++_21,9.7
1,8,50,S++,S++_16,S++_26,9.7
1,8,50,S++,S++_16,S++_33,9.7
1,8,50,S++,S++_16,S++_35,9.7
1,8,50,S++,S++_16,S++_36,9.7
1,8,50,S++,S++_16,S++_27,10
1,8,50,S++,S++_16,S++_19,10
1,8,50,S++,S++_16,S++_29,10
1,8,50,S++,S++_17,S++_22,9.4
1,8,50,S++,S++_17,S++_23,9.7
1,8,50,S++,S++_17,S++_18,9.7
1,8,50,S++,S++_17,S++_30,9.7
1,8,50,S++,S++_17,S++_25,10
1,8,50,S++,S++_17,S++_38,10
1,8,50,S++,S++_17,S++_43,10
1,8,50,S++,S++_17,S++_49,10
1,8,50,S++,S++_18,S++_19,9.4
1,8,50,S++,S++_18,S++_33,9.4
1,8,50,S++,S++_18,S++_32,9.7
1,8,50,S++,S++_18,S++_20,9.7
1,8,50,S++,S++_18,S++_22,9.7
1,8,50,S++,S++_18,S++_30,9.7
1,8,50,S++,S++_18,S++_35,10
1,8,50,S++,S++_18,S++_37,10
1,8,50,S++,S++_19,S++_24,9.7
1,8,50,S++,S++_19,S++_44,9.7
1,8,50,S++,S++_19,S++_49,9.7
1,8,50,S++,S++_19,S++_34,9.4
1,8,50,S++,S++_19,S++_47,9.4
1,8,50,S++,S++_19,S++_48,10
1,8,50,S++,S++_19,S++_30,9.7
1,8,50,S++,S++_19,S++_46,9.7
1,8,50,S++,S++_19,S++_22,9.4
1,8,50,S++,S++_19,S++_27,9.4
1,8,50,S++,S++_19,S++_32,9.4
1,8,50,S++,S++_19,S++_23,9.4
1,8,50,S++,S++_19,S++_21,9.4
1,8,50,S++,S++_19,S++_33,9.4
1,8,50,S++,S++_19,S++_35,9.4
1,8,50,S++,S++_19,S++_36,9.4
1,8,50,S++,S++_19,S++_20,9.4
1,8,50,S++,S++_19,S++_37,9.4
1,8,50,S++,S++_19,S++_50,9.4
1,8,50,S++,S++_19,S++_25,9.7
1,8,50,S++,S++_19,S++_41,9.7
1,8,50,S++,S++_19,S++_26,9.7
1,8,50,S++,S++_19,S++_38,9.7
1,8,50,S++,S++_19,S++_43,10
1,8,50,S++,S++_20,S++_24,10.3
1,8,50,S++,S++_20,S++_44,10.3
1,8,50,S++,S++_20,S++_28,10.3
1,8,50,S++,S++_20,S++_33,10
1,8,50,S++,S++_20,S++_38,10.6
1,8,50,S++,S++_20,S++_23,10.6
1,8,50,S++,S++_20,S++_36,10.6
1,8,50,S++,S++_20,S++_34,10.3
1,8,50,S++,S++_20,S++_39,10.9
1,8,50,S++,S++_20,S++_47,10.9
1,8,50,S++,S++_20,S++_42,10.9
1,8,50,S++,S++_20,S++_31,10.6
1,8,50,S++,S++_20,S++_32,10.6
1,8,50,S++,S++_20,S++_40,10.6
1,8,50,S++,S++_20,S++_43,10.6
1,8,50,S++,S++_20,S++_21,10.3
1,8,50,S++,S++_20,S++_49,10.3
1,8,50,S++,S++_20,S++_22,10.6
1,8,50,S++,S++_20,S++_35,10.6
1,8,50,S++,S++_20,S++_50,10.6
1,8,50,S++,S++_20,S++_26,10.6
1,8,50,S++,S++_20,S++_27,10.3
1,8,50,S++,S++_20,S++_29,10.3
1,8,50,S++,S++_20,S++_46,10.3
1,8,50,S++,S++_20,S++_30,10
1,8,50,S++,S++_20,S++_41,10
1,8,50,S++,S++_20,S++_45,10
1,8,50,S++,S++_20,S++_37,10
1,8,50,S++,S++_21,S++_27,11.5
1,8,50,S++,S++_21,S++_34,11.5
1,8,50,S++,S++_21,S++_31,11.2
1,8,50,S++,S++_21,S++_35,11.2
1,8,50,S++,S++_21,S++_36,10.9
1,8,50,S++,S++_21,S++_24,10.9
1,8,50,S++,S++_21,S++_25,10.9
1,8,50,S++,S++_21,S++_37,10.9
1,8,50,S++,S++_21,S++_22,10.6
1,8,50,S++,S++_21,S++_33,10.6
1,8,50,S++,S++_21,S++_38,10.6
1,8,50,S++,S++_21,S++_28,10.6
1,8,50,S++,S++_21,S++_49,10.3
1,8,50,S++,S++_21,S++_29,10.9
1,8,50,S++,S++_21,S++_32,10.9
1,8,50,S++,S++_21,S++_40,10.9
1,8,50,S++,S++_21,S++_44,10.9
1,8,50,S++,S++_21,S++_46,10.9
1,8,50,S++,S++_21,S++_26,10.6
1,8,50,S++,S++_21,S++_42,10.6
1,8,50,S++,S++_21,S++_50,10.6
1,8,50,S++,S++_21,S++_30,10.6
1,8,50,S++,S++_21,S++_23,10.3
1,8,50,S++,S++_21,S++_45,10.3
1,8,50,S++,S++_21,S++_47,10.3
1,8,50,S++,S++_21,S++_41,10.3
1,8,50,S++,S++_21,S++_39,10
1,8,50,S++,S++_21,S++_43,10
1,8,50,S++,S++_21,S++_48,10
1,8,50,S++,S++_22,S++_24,12.1
1,8,50,S++,S++_22,S++_39,12.1
1,8,50,S++,S++_22,S++_49,12.1
1,8,50,S++,S++_22,S++_33,11.8
1,8,50,S++,S++_22,S++_35,11.8
1,8,50,S++,S++_22,S++_36,11.8
1,8,50,S++,S++_22,S++_27,11.5
1,8,50,S++,S++_22,S++_29,11.5
1,8,50,S++,S++_22,S++_40,11.5
1,8,50,S++,S++_22,S++_26,11.5
1,8,50,S++,S++_22,S++_48,11.5
1,8,50,S++,S++_22,S++_23,11.2
1,8,50,S++,S++_22,S++_31,11.2
1,8,50,S++,S++_22,S++_34,11.2
1,8,50,S++,S++_22,S++_37,10.9
1,8,50,S++,S++_22,S++_44,10.9
1,8,50,S++,S++_22,S++_25,10.9
1,8,50,S++,S++_22,S++_30,10.9
1,8,50,S++,S++_22,S++_38,10.6
1,8,50,S++,S++_22,S++_41,10.6
1,8,50,S++,S++_22,S++_42,10.6
1,8,50,S++,S++_22,S++_46,10.6
1,8,50,S++,S++_22,S++_50,10.6
1,8,50,S++,S++_22,S++_28,10.6
1,8,50,S++,S++_22,S++_45,10.6
1,8,50,S++,S++_22,S++_32,10.3
1,8,50,S++,S++_22,S++_43,10
1,8,50,S++,S++_22,S++_47,10
1,8,50,S++,S++_23,S++_45,12.1
1,8,50,S++,S++_23,S++_24,11.8
1,8,50,S++,S++_23,S++_28,11.8
1,8,50,S++,S++_23,S++_32,11.8
1,8,50,S++,S++_23,S++_43,11.8
1,8,50,S++,S++_23,S++_44,11.8
1,8,50,S++,S++_23,S++_29,11.5
1,8,50,S++,S++_23,S++_37,11.5
1,8,50,S++,S++_23,S++_42,11.5
1,8,50,S++,S++_23,S++_26,11.5
1,8,50,S++,S++_23,S++_31,11.2
1,8,50,S++,S++_23,S++_50,10.6
1,8,50,S++,S++_23,S++_36,10.6
1,8,50,S++,S++_23,S++_35,10.3
1,8,50,S++,S++_23,S++_39,10.3
1,8,50,S++,S++_23,S++_30,10.3
1,8,50,S++,S++_23,S++_47,10.3
1,8,50,S++,S++_23,S++_27,10
1,8,50,S++,S++_23,S++_41,10
1,8,50,S++,S++_23,S++_49,10
1,8,50,S++,S++_23,S++_33,10
1,8,50,S++,S++_23,S++_34,10
1,8,50,S++,S++_23,S++_38,9.7
1,8,50,S++,S++_23,S++_25,9.7
1,8,50,S++,S++_23,S++_46,9.7
1,8,50,S++,S++_23,S++_40,10
1,8,50,S++,S++_23,S++_48,10
1,8,50,S++,S++_24,S++_28,11.5
1,8,50,S++,S++_24,S++_32,11.5
1,8,50,S++,S++_24,S++_35,11.5
1,8,50,S++,S++_24,S++_39,11.2
1,8,50,S++,S++_24,S++_40,11.2
1,8,50,S++,S++_24,S++_27,11.2
1,8,50,S++,S++_24,S++_47,11.2
1,8,50,S++,S++_24,S++_26,10.9
1,8,50,S++,S++_24,S++_42,10.9
1,8,50,S++,S++_24,S++_44,10.6
1,8,50,S++,S++_24,S++_49,10.6
1,8,50,S++,S++_24,S++_25,10.3
1,8,50,S++,S++_24,S++_38,10.3
1,8,50,S++,S++_24,S++_29,10
1,8,50,S++,S++_24,S++_41,10
1,8,50,S++,S++_24,S++_43,10
1,8,50,S++,S++_24,S++_46,10
1,8,50,S++,S++_24,S++_48,10
1,8,50,S++,S++_24,S++_31,10
1,8,50,S++,S++_24,S++_50,9.7
1,8,50,S++,S++_24,S++_45,9.7
1,8,50,S++,S++_24,S++_30,10
1,8,50,S++,S++_24,S++_33,10
1,8,50,S++,S++_25,S++_40,11.5
1,8,50,S++,S++_25,S++_31,11.5
1,8,50,S++,S++_25,S++_33,11.5
1,8,50,S++,S++_25,S++_48,11.5
1,8,50,S++,S++_25,S++_27,11.2
1,8,50,S++,S++_25,S++_47,11.2
1,8,50,S++,S++_25,S++_28,11.2
1,8,50,S++,S++_25,S++_29,10.6
1,8,50,S++,S++_25,S++_34,10.6
1,8,50,S++,S++_25,S++_38,10.6
1,8,50,S++,S++_25,S++_46,10.6
1,8,50,S++,S++_25,S++_26,10.3
1,8,50,S++,S++_25,S++_30,10.3
1,8,50,S++,S++_25,S++_44,10.3
1,8,50,S++,S++_25,S++_36,10.3
1,8,50,S++,S++_25,S++_39,10.3
1,8,50,S++,S++_25,S++_50,10.3
1,8,50,S++,S++_25,S++_35,10
1,8,50,S++,S++_25,S++_37,10
1,8,50,S++,S++_25,S++_32,10
1,8,50,S++,S++_25,S++_42,9.7
1,8,50,S++,S++_25,S++_43,10
1,8,50,S++,S++_25,S++_45,10
1,8,50,S++,S++_25,S++_49,10
1,8,50,S++,S++_26,S++_42,11.5
1,8,50,S++,S++_26,S++_37,11.5
1,8,50,S++,S++_26,S++_39,11.5
1,8,50,S++,S++_26,S++_38,10.9
1,8,50,S++,S++_26,S++_47,10.9
1,8,50,S++,S++_26,S++_35,10.6
1,8,50,S++,S++_26,S++_44,10.6
1,8,50,S++,S++_26,S++_50,10.6
1,8,50,S++,S++_26,S++_46,10.6
1,8,50,S++,S++_26,S++_31,10.3
1,8,50,S++,S++_26,S++_45,10.3
1,8,50,S++,S++_26,S++_28,10
1,8,50,S++,S++_26,S++_29,10
1,8,50,S++,S++_26,S++_32,10
1,8,50,S++,S++_26,S++_33,10
1,8,50,S++,S++_26,S++_43,10
1,8,50,S++,S++_26,S++_27,9.7
1,8,50,S++,S++_26,S++_34,9.7
1,8,50,S++,S++_26,S++_40,10
1,8,50,S++,S++_26,S++_36,10
1,8,50,S++,S++_26,S++_41,10
1,8,50,S++,S++_27,S++_45,11.5
1,8,50,S++,S++_27,S++_34,11.5
1,8,50,S++,S++_27,S++_48,11.5
1,8,50,S++,S++_27,S++_37,10.9
1,8,50,S++,S++_27,S++_41,10.9
1,8,50,S++,S++_27,S++_49,10.9
1,8,50,S++,S++_27,S++_30,10.6
1,8,50,S++,S++_27,S++_35,10.3
1,8,50,S++,S++_27,S++_36,10.3
1,8,50,S++,S++_27,S++_40,10.3
1,8,50,S++,S++_27,S++_46,10.3
1,8,50,S++,S++_27,S++_28,10.6
1,8,50,S++,S++_27,S++_32,10.6
1,8,50,S++,S++_27,S++_38,10.6
1,8,50,S++,S++_27,S++_33,10.6
1,8,50,S++,S++_27,S++_43,10.6
1,8,50,S++,S++_27,S++_47,10.6
1,8,50,S++,S++_27,S++_29,10.3
1,8,50,S++,S++_27,S++_39,10.3
1,8,50,S++,S++_27,S++_31,10
1,8,50,S++,S++_27,S++_42,10
1,8,50,S++,S++_27,S++_44,10
1,8,50,S++,S++_28,S++_44,12.1
1,8,50,S++,S++_28,S++_45,12.1
1,8,50,S++,S++_28,S++_43,11.8
1,8,50,S++,S++_28,S++_48,11.8
1,8,50,S++,S++_28,S++_35,11.8
1,8,50,S++,S++_28,S++_36,11.8
1,8,50,S++,S++_28,S++_41,11.5
1,8,50,S++,S++_28,S++_49,11.5
1,8,50,S++,S++_28,S++_32,11.2
1,8,50,S++,S++_28,S++_31,10.9
1,8,50,S++,S++_28,S++_34,10.9
1,8,50,S++,S++_28,S++_29,10.6
1,8,50,S++,S++_28,S++_30,10.6
1,8,50,S++,S++_28,S++_33,10.6
1,8,50,S++,S++_28,S++_39,10
1,8,50,S++,S++_28,S++_42,10
1,8,50,S++,S++_28,S++_46,10
1,8,50,S++,S++_28,S++_38,10.3
1,8,50,S++,S++_28,S++_37,10.3
1,8,50,S++,S++_28,S++_50,10.3
1,8,50,S++,S++_28,S++_40,10
1,8,50,S++,S++_28,S++_47,10
1,8,50,S++,S++_29,S++_32,11.5
1,8,50,S++,S++_29,S++_38,11.5
1,8,50,S++,S++_29,S++_46,11.5
1,8,50,S++,S++_29,S++_47,10.6
1,8,50,S++,S++_29,S++_39,10.6
1,8,50,S++,S++_29,S++_48,10.6
1,8,50,S++,S++_29,S++_43,10.6
1,8,50,S++,S++_29,S++_37,10.3
1,8,50,S++,S++_29,S++_36,10
1,8,50,S++,S++_29,S++_42,10
1,8,50,S++,S++_29,S++_45,10
1,8,50,S++,S++_29,S++_33,10
1,8,50,S++,S++_29,S++_49,10
1,8,50,S++,S++_29,S++_31,10.3
1,8,50,S++,S++_29,S++_35,10.3
1,8,50,S++,S++_29,S++_41,10.3
1,8,50,S++,S++_29,S++_44,10.3
1,8,50,S++,S++_29,S++_34,10
1,8,50,S++,S++_29,S++_50,10
1,8,50,S++,S++_30,S++_36,10.9
1,8,50,S++,S++_30,S++_39,10.9
1,8,50,S++,S++_30,S++_45,10.9
1,8,50,S++,S++_30,S++_33,10.6
1,8,50,S++,S++_30,S++_44,10.6
1,8,50,S++,S++_30,S++_48,10.6
1,8,50,S++,S++_30,S++_49,10.6
1,8,50,S++,S++_30,S++_37,10.3
1,8,50,S++,S++_30,S++_47,10.3
1,8,50,S++,S++_30,S++_41,10
1,8,50,S++,S++_30,S++_40,10.3
1,8,50,S++,S++_30,S++_46,10.3
1,8,50,S++,S++_30,S++_42,10
1,8,50,S++,S++_30,S++_50,10
1,8,50,S++,S++_30,S++_34,10
1,8,50,S++,S++_30,S++_43,10
1,8,50,S++,S++_31,S++_46,10.9
1,8,50,S++,S++_31,S++_47,10.6
1,8,50,S++,S++_31,S++_32,10.3
1,8,50,S++,S++_31,S++_36,10.3
1,8,50,S++,S++_31,S++_39,10.3
1,8,50,S++,S++_31,S++_35,10.6
1,8,50,S++,S++_31,S++_50,10.6
1,8,50,S++,S++_31,S++_44,10.3
1,8,50,S++,S++_31,S++_45,10
1,8,50,S++,S++_31,S++_48,10
1,8,50,S++,S++_31,S++_33,10
1,8,50,S++,S++_31,S++_37,10
1,8,50,S++,S++_31,S++_41,10.3
1,8,50,S++,S++_31,S++_43,10.3
1,8,50,S++,S++_31,S++_34,10
1,8,50,S++,S++_31,S++_40,10
1,8,50,S++,S++_31,S++_49,10
1,8,50,S++,S++_31,S++_38,10
1,8,50,S++,S++_31,S++_42,10
1,8,50,S++,S++_32,S++_39,10.9
1,8,50,S++,S++_32,S++_43,10.3
1,8,50,S++,S++_32,S++_50,10.3
1,8,50,S++,S++_32,S++_41,10.3
1,8,50,S++,S++_32,S++_33,10.6
1,8,50,S++,S++_32,S++_42,10.6
1,8,50,S++,S++_32,S++_37,10.3
1,8,50,S++,S++_32,S++_35,10.3
1,8,50,S++,S++_32,S++_38,10.3
1,8,50,S++,S++_32,S++_46,10.6
1,8,50,S++,S++_32,S++_49,10.6
1,8,50,S++,S++_32,S++_44,10.3
1,8,50,S++,S++_32,S++_34,10
1,8,50,S++,S++_32,S++_40,10
1,8,50,S++,S++_32,S++_45,10.3
1,8,50,S++,S++_32,S++_36,10
1,8,50,S++,S++_32,S++_47,10
1,8,50,S++,S++_33,S++_34,10.3
1,8,50,S++,S++_33,S++_37,10.6
1,8,50,S++,S++_33,S++_45,10.6
1,8,50,S++,S++_33,S++_50,10.6
1,8,50,S++,S++_33,S++_42,10
1,8,50,S++,S++_33,S++_41,10.3
1,8,50,S++,S++_33,S++_48,10.3
1,8,50,S++,S++_33,S++_49,10.6
1,8,50,S++,S++_33,S++_44,10.3
1,8,50,S++,S++_33,S++_35,10
1,8,50,S++,S++_33,S++_40,10
1,8,50,S++,S++_33,S++_47,10
1,8,50,S++,S++_33,S++_43,10.3
1,8,50,S++,S++_33,S++_46,10.3
1,8,50,S++,S++_33,S++_36,10
1,8,50,S++,S++_33,S++_38,10
1,8,50,S++,S++_34,S++_37,10.3
1,8,50,S++,S++_34,S++_42,10.3
1,8,50,S++,S++_34,S++_48,10.3
1,8,50,S++,S++_34,S++_44,10.6
1,8,50,S++,S++_34,S++_49,10.6
1,8,50,S++,S++_34,S++_39,10.3
1,8,50,S++,S++_34,S++_47,10
1,8,50,S++,S++_34,S++_46,10
1,8,50,S++,S++_34,S++_36,10.3
1,8,50,S++,S++_34,S++_50,10.3
1,8,50,S++,S++_34,S++_41,10.3
1,8,50,S++,S++_34,S++_35,10
1,8,50,S++,S++_34,S++_40,10
1,8,50,S++,S++_34,S++_43,10
1,8,50,S++,S++_34,S++_45,10
1,8,50,S++,S++_35,S++_37,10
1,8,50,S++,S++_35,S++_39,10
1,8,50,S++,S++_35,S++_41,10
1,8,50,S++,S++_35,S++_42,10
1,8,50,S++,S++_35,S++_50,10
1,8,50,S++,S++_35,S++_46,10.3
1,8,50,S++,S++_35,S++_47,10.3
1,8,50,S++,S++_35,S++_45,10
1,8,50,S++,S++_35,S++_36,10
1,8,50,S++,S++_35,S++_40,10.3
1,8,50,S++,S++_35,S++_44,10.3
1,8,50,S++,S++_35,S++_38,10.3
1,8,50,S++,S++_35,S++_43,10
1,8,50,S++,S++_35,S++_48,10
1,8,50,S++,S++_36,S++_44,10.3
1,8,50,S++,S++_36,S++_48,10.3
1,8,50,S++,S++_36,S++_41,10.3
1,8,50,S++,S++_36,S++_45,10.3
1,8,50,S++,S++_36,S++_37,10
1,8,50,S++,S++_36,S++_40,10.3
1,8,50,S++,S++_36,S++_47,10.3
1,8,50,S++,S++_36,S++_49,10.3
1,8,50,S++,S++_36,S++_39,10
1,8,50,S++,S++_36,S++_42,10
1,8,50,S++,S++_36,S++_43,10
1,8,50,S++,S++_36,S++_46,10
1,8,50,S++,S++_36,S++_50,10
1,8,50,S++,S++_37,S++_38,9.7
1,8,50,S++,S++_37,S++_45,10
1,8,50,S++,S++_37,S++_48,10
1,8,50,S++,S++_37,S++_40,10.3
1,8,50,S++,S++_37,S++_43,10.3
1,8,50,S++,S++_37,S++_46,10.3
1,8,50,S++,S++_37,S++_49,10.3
1,8,50,S++,S++_37,S++_39,10.3
1,8,50,S++,S++_37,S++_44,10
1,8,50,S++,S++_37,S++_47,10
1,8,50,S++,S++_37,S++_50,10
1,8,50,S++,S++_37,S++_42,10.3
1,8,50,S++,S++_37,S++_41,10
1,8,50,S++,S++_38,S++_47,10.3
1,8,50,S++,S++_38,S++_39,10.3
1,8,50,S++,S++_38,S++_42,10.3
1,8,50,S++,S++_38,S++_50,10.3
1,8,50,S++,S++_38,S++_44,10
1,8,50,S++,S++_38,S++_43,10.3
1,8,50,S++,S++_38,S++_49,10.3
1,8,50,S++,S++_38,S++_46,10.3
1,8,50,S++,S++_38,S++_45,10
1,8,50,S++,S++_38,S++_48,10
1,8,50,S++,S++_39,S++_43,9.7
1,8,50,S++,S++_39,S++_47,9.7
1,8,50,S++,S++_39,S++_50,9.7
1,8,50,S++,S++_39,S++_44,9.7
1,8,50,S++,S++_39,S++_46,10.3
1,8,50,S++,S++_39,S++_48,10
1,8,50,S++,S++_39,S++_42,10.3
1,8,50,S++,S++_39,S++_45,10.3
1,8,50,S++,S++_39,S++_41,10.3
1,8,50,S++,S++_39,S++_49,10.3
1,8,50,S++,S++_40,S++_41,10
1,8,50,S++,S++_40,S++_42,10.3
1,8,50,S++,S++_40,S++_50,10.3
1,8,50,S++,S++_40,S++_48,10.3
1,8,50,S++,S++_40,S++_46,10
1,8,50,S++,S++_40,S++_47,10
1,8,50,S++,S++_40,S++_44,10.3
1,8,50,S++,S++_40,S++_45,10.3
1,8,50,S++,S++_40,S++_49,10
1,8,50,S++,S++_41,S++_42,10
1,8,50,S++,S++_41,S++_47,9.4
1,8,50,S++,S++_41,S++_49,9.4
1,8,50,S++,S++_41,S++_48,9.7
1,8,50,S++,S++_41,S++_44,10
1,8,50,S++,S++_41,S++_43,10
1,8,50,S++,S++_41,S++_45,10
1,8,50,S++,S++_41,S++_46,10
1,8,50,S++,S++_42,S++_50,9.4
1,8,50,S++,S++_42,S++_44,9.4
1,8,50,S++,S++_42,S++_48,9.4
1,8,50,S++,S++_42,S++_45,10
1,8,50,S++,S++_42,S++_43,10
1,8,50,S++,S++_43,S++_49,9.4
1,8,50,S++,S++_43,S++_50,9.7
1,8,50,S++,S++_43,S++_44,10
1,8,50,S++,S++_43,S++_45,10
1,8,50,S++,S++_43,S++_46,10
1,8,50,S++,S++_43,S++_47,10
1,8,50,S++,S++_44,S++_50,9.4
1,8,50,S++,S++_44,S++_45,9.7
1,8,50,S++,S++_44,S++_48,9.4
1,8,50,S++,S++_44,S++_46,9.4
1,8,50,S++,S++_44,S++_47,9.4
1,8,50,S++,S++_44,S++_49,9.7
1,8,50,S++,S++_45,S++_46,9.7
1,8,50,S++,S++_45,S++_49,9.4
1,8,50,S++,S++_45,S++_50,9.4
1,8,50,S++,S++_45,S++_47,9.7
1,8,50,S++,S++_45,S++_48,10
1,8,50,S++,S++_46,S++_48,9.4
1,8,50,S++,S++_46,S++_47,9.7
1,8,50,S++,S++_46,S++_49,9.7
1,8,50,S++,S++_46,S++_50,9.7
1,8,50,S++,S++_47,S++_50,9.4
1,8,50,S++,S++_47,S++_48,10
1,8,50,S++,S++_48,S++_49,9.4
1,9,50,S++,S++_1,S++_12,9.4
1,9,50,S++,S++_1,S++_14,9.4
1,9,50,S++,S++_1,S++_18,9.4
1,9,50,S++,S++_1,S++_24,9.4
1,9,50,S++,S++_1,S++_26,9.4
1,9,50,S++,S++_1,S++_33,9.4
1,9,50,S++,S++_1,S++_46,9.7
1,9,50,S++,S++_1,S++_37,9.7
1,9,50,S++,S++_1,S++_38,9.7
1,9,50,S++,S++_1,S++_10,10
1,9,50,S++,S++_1,S++_25,10
1,9,50,S++,S++_1,S++_34,10
1,9,50,S++,S++_1,S++_40,10
1,9,50,S++,S++_1,S++_4,10
1,9,50,S++,S++_1,S++_28,10
1,9,50,S++,S++_1,S++_41,10
1,9,50,S++,S++_1,S++_43,10
1,9,50,S++,S++_1,S++_47,10
1,9,50,S++,S++_1,S++_2,10.3
1,9,50,S++,S++_1,S++_8,10.3
1,9,50,S++,S++_1,S++_11,10.3
1,9,50,S++,S++_1,S++_22,10.3
1,9,50,S++,S++_1,S++_31,10.3
1,9,50,S++,S++_1,S++_49,10
1,9,50,S++,S++_1,S++_19,10
1,9,50,S++,S++_2,S++_39,9.7
1,9,50,S++,S++_2,S++_11,10
1,9,50,S++,S++_2,S++_25,10
1,9,50,S++,S++_2,S++_33,10
1,9,50,S++,S++_2,S++_41,10
1,9,50,S++,S++_2,S++_6,10
1,9,50,S++,S++_2,S++_49,10
1,9,50,S++,S++_2,S++_40,9.7
1,9,50,S++,S++_2,S++_48,9.7
1,9,50,S++,S++_2,S++_3,9.7
1,9,50,S++,S++_2,S++_13,10
1,9,50,S++,S++_2,S++_21,10
1,9,50,S++,S++_2,S++_30,10
1,9,50,S++,S++_2,S++_36,10
1,9,50,S++,S++_2,S++_17,10
1,9,50,S++,S++_2,S++_37,10
1,9,50,S++,S++_2,S++_43,10
1,9,50,S++,S++_2,S++_5,9.7
1,9,50,S++,S++_2,S++_34,9.7
1,9,50,S++,S++_2,S++_45,9.7
1,9,50,S++,S++_2,S++_22,9.7
1,9,50,S++,S++_2,S++_50,9.7
1,9,50,S++,S++_2,S++_9,9.7
1,9,50,S++,S++_2,S++_18,9.7
1,9,50,S++,S++_2,S++_29,9.7
1,9,50,S++,S++_2,S++_4,10
1,9,50,S++,S++_2,S++_15,10
1,9,50,S++,S++_2,S++_24,10
1,9,50,S++,S++_2,S++_26,10.3
1,9,50,S++,S++_2,S++_31,10.3
1,9,50,S++,S++_2,S++_32,10.3
1,9,50,S++,S++_2,S++_44,10.3
1,9,50,S++,S++_2,S++_16,10.3
1,9,50,S++,S++_2,S++_27,10.3
1,9,50,S++,S++_2,S++_47,10.3
1,9,50,S++,S++_2,S++_12,10
1,9,50,S++,S++_2,S++_19,10
1,9,50,S++,S++_2,S++_20,10
1,9,50,S++,S++_2,S++_35,10
1,9,50,S++,S++_2,S++_7,10
1,9,50,S++,S++_2,S++_28,10
1,9,50,S++,S++_3,S++_11,10
1,9,50,S++,S++_3,S++_21,10
1,9,50,S++,S++_3,S++_22,10
1,9,50,S++,S++_3,S++_24,10
1,9,50,S++,S++_3,S++_17,10
1,9,50,S++,S++_3,S++_32,10
1,9,50,S++,S++_3,S++_33,10
1,9,50,S++,S++_3,S++_35,10
1,9,50,S++,S++_3,S++_40,10
1,9,50,S++,S++_3,S++_39,9.7
1,9,50,S++,S++_3,S++_4,9.7
1,9,50,S++,S++_3,S++_27,9.7
1,9,50,S++,S++_3,S++_28,9.7
1,9,50,S++,S++_3,S++_37,9.7
1,9,50,S++,S++_3,S++_44,9.7
1,9,50,S++,S++_3,S++_45,9.7
1,9,50,S++,S++_3,S++_48,9.7
1,9,50,S++,S++_3,S++_9,10
1,9,50,S++,S++_3,S++_18,9.7
1,9,50,S++,S++_3,S++_34,9.7
1,9,50,S++,S++_3,S++_46,9.7
1,9,50,S++,S++_3,S++_31,9.7
1,9,50,S++,S++_3,S++_7,10
1,9,50,S++,S++_3,S++_23,10
1,9,50,S++,S++_3,S++_26,10
1,9,50,S++,S++_3,S++_29,10
1,9,50,S++,S++_3,S++_20,10
1,9,50,S++,S++_3,S++_30,10
1,9,50,S++,S++_3,S++_38,10
1,9,50,S++,S++_3,S++_41,10
1,9,50,S++,S++_3,S++_43,10
1,9,50,S++,S++_3,S++_12,10.3
1,9,50,S++,S++_3,S++_25,10.3
1,9,50,S++,S++_3,S++_16,10.3
1,9,50,S++,S++_3,S++_36,10.3
1,9,50,S++,S++_3,S++_49,10.3
1,9,50,S++,S++_3,S++_6,10
1,9,50,S++,S++_3,S++_8,10
1,9,50,S++,S++_3,S++_10,10
1,9,50,S++,S++_3,S++_13,10
1,9,50,S++,S++_3,S++_42,10
1,9,50,S++,S++_3,S++_47,10
1,9,50,S++,S++_3,S++_50,10
1,9,50,S++,S++_3,S++_14,10
1,9,50,S++,S++_4,S++_32,9.7
1,9,50,S++,S++_4,S++_44,9.7
1,9,50,S++,S++_4,S++_10,10
1,9,50,S++,S++_4,S++_20,10
1,9,50,S++,S++_4,S++_50,10
1,9,50,S++,S++_4,S++_36,9.7
1,9,50,S++,S++_4,S++_37,9.7
1,9,50,S++,S++_4,S++_9,10
1,9,50,S++,S++_4,S++_19,10
1,9,50,S++,S++_4,S++_22,10
1,9,50,S++,S++_4,S++_26,10
1,9,50,S++,S++_4,S++_47,10
1,9,50,S++,S++_4,S++_33,10
1,9,50,S++,S++_4,S++_41,10
1,9,50,S++,S++_4,S++_42,10
1,9,50,S++,S++_4,S++_48,10
1,9,50,S++,S++_4,S++_17,9.7
1,9,50,S++,S++_4,S++_30,9.7
1,9,50,S++,S++_4,S++_11,9.7
1,9,50,S++,S++_4,S++_43,9.7
1,9,50,S++,S++_4,S++_29,10
1,9,50,S++,S++_4,S++_6,10.3
1,9,50,S++,S++_4,S++_12,10.3
1,9,50,S++,S++_4,S++_21,10.3
1,9,50,S++,S++_4,S++_28,10.3
1,9,50,S++,S++_4,S++_13,10
1,9,50,S++,S++_4,S++_14,10
1,9,50,S++,S++_4,S++_16,10
1,9,50,S++,S++_4,S++_35,10
1,9,50,S++,S++_4,S++_39,10
1,9,50,S++,S++_4,S++_49,10
1,9,50,S++,S++_4,S++_24,10
1,9,50,S++,S++_4,S++_38,10
1,9,50,S++,S++_5,S++_15,10
1,9,50,S++,S++_5,S++_10,10
1,9,50,S++,S++_5,S++_14,10
1,9,50,S++,S++_5,S++_18,10
1,9,50,S++,S++_5,S++_24,10
1,9,50,S++,S++_5,S++_26,10
1,9,50,S++,S++_5,S++_31,10
1,9,50,S++,S++_5,S++_35,10
1,9,50,S++,S++_5,S++_12,9.7
1,9,50,S++,S++_5,S++_16,9.7
1,9,50,S++,S++_5,S++_20,9.7
1,9,50,S++,S++_5,S++_42,9.7
1,9,50,S++,S++_5,S++_8,9.7
1,9,50,S++,S++_5,S++_37,9.7
1,9,50,S++,S++_5,S++_39,9.7
1,9,50,S++,S++_5,S++_6,10
1,9,50,S++,S++_5,S++_29,10
1,9,50,S++,S++_5,S++_43,10
1,9,50,S++,S++_5,S++_45,10
1,9,50,S++,S++_5,S++_23,9.7
1,9,50,S++,S++_5,S++_34,9.7
1,9,50,S++,S++_5,S++_46,9.7
1,9,50,S++,S++_5,S++_19,10
1,9,50,S++,S++_5,S++_28,10
1,9,50,S++,S++_5,S++_48,10
1,9,50,S++,S++_5,S++_22,9.7
1,9,50,S++,S++_5,S++_30,9.7
1,9,50,S++,S++_5,S++_41,9.7
1,9,50,S++,S++_5,S++_47,9.7
1,9,50,S++,S++_5,S++_7,9.7
1,9,50,S++,S++_5,S++_11,9.7
1,9,50,S++,S++_5,S++_44,9.7
1,9,50,S++,S++_5,S++_49,9.7
1,9,50,S++,S++_5,S++_38,10
1,9,50,S++,S++_5,S++_9,10
1,9,50,S++,S++_5,S++_32,10
1,9,50,S++,S++_5,S++_33,10
1,9,50,S++,S++_5,S++_36,10
1,9,50,S++,S++_5,S++_40,10
1,9,50,S++,S++_5,S++_50,10
1,9,50,S++,S++_5,S++_25,10.3
1,9,50,S++,S++_5,S++_27,10.3
1,9,50,S++,S++_5,S++_21,10.3
1,9,50,S++,S++_5,S++_13,10
1,9,50,S++,S++_6,S++_10,10
1,9,50,S++,S++_6,S++_21,10
1,9,50,S++,S++_6,S++_28,10
1,9,50,S++,S++_6,S++_48,10
1,9,50,S++,S++_6,S++_17,10
1,9,50,S++,S++_6,S++_25,10
1,9,50,S++,S++_6,S++_34,10
1,9,50,S++,S++_6,S++_49,10
1,9,50,S++,S++_6,S++_16,9.7
1,9,50,S++,S++_6,S++_41,9.7
1,9,50,S++,S++_6,S++_42,9.7
1,9,50,S++,S++_6,S++_43,9.7
1,9,50,S++,S++_6,S++_13,9.7
1,9,50,S++,S++_6,S++_35,9.7
1,9,50,S++,S++_6,S++_37,10
1,9,50,S++,S++_6,S++_22,10
1,9,50,S++,S++_6,S++_27,10
1,9,50,S++,S++_6,S++_32,10.6
1,9,50,S++,S++_6,S++_40,10.6
1,9,50,S++,S++_6,S++_9,10.3
1,9,50,S++,S++_6,S++_18,10.3
1,9,50,S++,S++_6,S++_46,10.3
1,9,50,S++,S++_6,S++_11,10.6
1,9,50,S++,S++_6,S++_26,10.6
1,9,50,S++,S++_6,S++_33,10.6
1,9,50,S++,S++_6,S++_44,10.6
1,9,50,S++,S++_6,S++_8,10.3
1,9,50,S++,S++_6,S++_50,10.3
1,9,50,S++,S++_6,S++_23,10.3
1,9,50,S++,S++_6,S++_45,10.3
1,9,50,S++,S++_6,S++_19,10
1,9,50,S++,S++_6,S++_29,10
1,9,50,S++,S++_6,S++_30,10
1,9,50,S++,S++_6,S++_36,10
1,9,50,S++,S++_6,S++_38,10
1,9,50,S++,S++_6,S++_47,10
1,9,50,S++,S++_6,S++_39,10
1,9,50,S++,S++_6,S++_12,10.3
1,9,50,S++,S++_6,S++_20,10.3
1,9,50,S++,S++_6,S++_31,10.3
1,9,50,S++,S++_6,S++_7,10
1,9,50,S++,S++_6,S++_14,10
1,9,50,S++,S++_6,S++_24,10
1,9,50,S++,S++_7,S++_9,10.6
1,9,50,S++,S++_7,S++_11,10.6
1,9,50,S++,S++_7,S++_17,10.6
1,9,50,S++,S++_7,S++_22,10.6
1,9,50,S++,S++_7,S++_30,10.6
1,9,50,S++,S++_7,S++_45,10.6
1,9,50,S++,S++_7,S++_46,10.3
1,9,50,S++,S++_7,S++_35,10.6
1,9,50,S++,S++_7,S++_19,10.3
1,9,50,S++,S++_7,S++_36,10.3
1,9,50,S++,S++_7,S++_40,10.3
1,9,50,S++,S++_7,S++_48,10.3
1,9,50,S++,S++_7,S++_8,10.6
1,9,50,S++,S++_7,S++_16,10.6
1,9,50,S++,S++_7,S++_25,10.6
1,9,50,S++,S++_7,S++_34,10.6
1,9,50,S++,S++_7,S++_47,10
1,9,50,S++,S++_7,S++_49,10
1,9,50,S++,S++_7,S++_43,10
1,9,50,S++,S++_7,S++_28,10.3
1,9,50,S++,S++_7,S++_24,10.3
1,9,50,S++,S++_7,S++_31,10.3
1,9,50,S++,S++_7,S++_37,10.3
1,9,50,S++,S++_7,S++_10,10
1,9,50,S++,S++_7,S++_14,10
1,9,50,S++,S++_7,S++_21,10
1,9,50,S++,S++_7,S++_33,10
1,9,50,S++,S++_7,S++_44,10
1,9,50,S++,S++_7,S++_50,10
1,9,50,S++,S++_7,S++_20,10
1,9,50,S++,S++_7,S++_23,10
1,9,50,S++,S++_7,S++_27,10
1,9,50,S++,S++_7,S++_12,10.3
1,9,50,S++,S++_7,S++_32,10.3
1,9,50,S++,S++_7,S++_26,10.3
1,9,50,S++,S++_7,S++_38,10.3
1,9,50,S++,S++_7,S++_42,10.3
1,9,50,S++,S++_7,S++_29,10
1,9,50,S++,S++_7,S++_41,10
1,9,50,S++,S++_8,S++_17,10
1,9,50,S++,S++_8,S++_19,10
1,9,50,S++,S++_8,S++_23,10.6
1,9,50,S++,S++_8,S++_35,10.6
1,9,50,S++,S++_8,S++_47,10.6
1,9,50,S++,S++_8,S++_10,10.6
1,9,50,S++,S++_8,S++_24,10.6
1,9,50,S++,S++_8,S++_43,10.3
1,9,50,S++,S++_8,S++_50,10.3
1,9,50,S++,S++_8,S++_25,10.3
1,9,50,S++,S++_8,S++_37,10.3
1,9,50,S++,S++_8,S++_44,10.3
1,9,50,S++,S++_8,S++_45,10.3
1,9,50,S++,S++_8,S++_11,10.6
1,9,50,S++,S++_8,S++_18,10.6
1,9,50,S++,S++_8,S++_20,10.6
1,9,50,S++,S++_8,S++_12,10.6
1,9,50,S++,S++_8,S++_32,10.6
1,9,50,S++,S++_8,S++_15,10.3
1,9,50,S++,S++_8,S++_31,10.3
1,9,50,S++,S++_8,S++_9,10.3
1,9,50,S++,S++_8,S++_29,10.3
1,9,50,S++,S++_8,S++_34,10
1,9,50,S++,S++_8,S++_46,10
1,9,50,S++,S++_8,S++_36,10.3
1,9,50,S++,S++_8,S++_41,10.3
1,9,50,S++,S++_8,S++_21,10
1,9,50,S++,S++_8,S++_27,10
1,9,50,S++,S++_8,S++_40,10
1,9,50,S++,S++_8,S++_42,10
1,9,50,S++,S++_8,S++_48,10
1,9,50,S++,S++_8,S++_49,10
1,9,50,S++,S++_8,S++_22,10
1,9,50,S++,S++_8,S++_26,10
1,9,50,S++,S++_8,S++_28,10
1,9,50,S++,S++_8,S++_30,10
1,9,50,S++,S++_8,S++_38,10
1,9,50,S++,S++_8,S++_33,10.3
1,9,50,S++,S++_8,S++_39,10
1,9,50,S++,S++_9,S++_30,10.6
1,9,50,S++,S++_9,S++_36,10.6
1,9,50,S++,S++_9,S++_47,10.6
1,9,50,S++,S++_9,S++_27,10.6
1,9,50,S++,S++_9,S++_14,10.3
1,9,50,S++,S++_9,S++_37,10.3
1,9,50,S++,S++_9,S++_22,10.3
1,9,50,S++,S++_9,S++_33,10.3
1,9,50,S++,S++_9,S++_44,10.3
1,9,50,S++,S++_9,S++_16,10.6
1,9,50,S++,S++_9,S++_43,10.6
1,9,50,S++,S++_9,S++_45,10.6
1,9,50,S++,S++_9,S++_15,10.3
1,9,50,S++,S++_9,S++_38,10.3
1,9,50,S++,S++_9,S++_46,10.3
1,9,50,S++,S++_9,S++_19,10.3
1,9,50,S++,S++_9,S++_21,10
1,9,50,S++,S++_9,S++_25,10
1,9,50,S++,S++_9,S++_29,10.3
1,9,50,S++,S++_9,S++_32,10.3
1,9,50,S++,S++_9,S++_26,10.3
1,9,50,S++,S++_9,S++_34,10.3
1,9,50,S++,S++_9,S++_40,10.3
1,9,50,S++,S++_9,S++_48,10.3
1,9,50,S++,S++_9,S++_24,10
1,9,50,S++,S++_9,S++_49,10
1,9,50,S++,S++_9,S++_28,10
1,9,50,S++,S++_9,S++_39,10
1,9,50,S++,S++_9,S++_42,10
1,9,50,S++,S++_9,S++_18,10.3
1,9,50,S++,S++_9,S++_23,10.3
1,9,50,S++,S++_9,S++_35,10.3
1,9,50,S++,S++_9,S++_20,10.3
1,9,50,S++,S++_9,S++_10,10
1,9,50,S++,S++_9,S++_11,10
1,9,50,S++,S++_9,S++_12,10
1,9,50,S++,S++_9,S++_31,10
1,9,50,S++,S++_9,S++_41,10
1,9,50,S++,S++_9,S++_50,10
1,9,50,S++,S++_10,S++_22,10.6
1,9,50,S++,S++_10,S++_33,10.6
1,9,50,S++,S++_10,S++_44,10
1,9,50,S++,S++_10,S++_45,10
1,9,50,S++,S++_10,S++_47,10
1,9,50,S++,S++_10,S++_21,10
1,9,50,S++,S++_10,S++_48,10
1,9,50,S++,S++_10,S++_13,9.7
1,9,50,S++,S++_10,S++_20,9.7
1,9,50,S++,S++_10,S++_46,9.7
1,9,50,S++,S++_10,S++_15,9.7
1,9,50,S++,S++_10,S++_17,9.7
1,9,50,S++,S++_10,S++_14,10
1,9,50,S++,S++_10,S++_19,10
1,9,50,S++,S++_10,S++_27,10
1,9,50,S++,S++_10,S++_30,10
1,9,50,S++,S++_10,S++_11,9.7
1,9,50,S++,S++_10,S++_25,9.7
1,9,50,S++,S++_10,S++_28,9.7
1,9,50,S++,S++_10,S++_29,10.3
1,9,50,S++,S++_10,S++_37,10.3
1,9,50,S++,S++_10,S++_36,9.4
1,9,50,S++,S++_10,S++_42,9.4
1,9,50,S++,S++_10,S++_43,9.4
1,9,50,S++,S++_10,S++_18,9.4
1,9,50,S++,S++_10,S++_26,9.4
1,9,50,S++,S++_10,S++_31,9.4
1,9,50,S++,S++_10,S++_50,9.4
1,9,50,S++,S++_10,S++_24,9.7
1,9,50,S++,S++_10,S++_41,9.7
1,9,50,S++,S++_10,S++_49,9.7
1,9,50,S++,S++_10,S++_23,10
1,9,50,S++,S++_10,S++_35,10
1,9,50,S++,S++_10,S++_34,10
1,9,50,S++,S++_10,S++_39,9.7
1,9,50,S++,S++_10,S++_40,9.7
1,9,50,S++,S++_10,S++_16,9.7
1,9,50,S++,S++_10,S++_32,9.7
1,9,50,S++,S++_10,S++_38,10
1,9,50,S++,S++_11,S++_13,10
1,9,50,S++,S++_11,S++_16,10
1,9,50,S++,S++_11,S++_34,10
1,9,50,S++,S++_11,S++_37,10
1,9,50,S++,S++_11,S++_49,10
1,9,50,S++,S++_11,S++_27,9.7
1,9,50,S++,S++_11,S++_36,9.7
1,9,50,S++,S++_11,S++_48,9.7
1,9,50,S++,S++_11,S++_40,9.7
1,9,50,S++,S++_11,S++_46,9.7
1,9,50,S++,S++_11,S++_15,10
1,9,50,S++,S++_11,S++_33,10
1,9,50,S++,S++_11,S++_44,10
1,9,50,S++,S++_11,S++_22,9.7
1,9,50,S++,S++_11,S++_39,9.7
1,9,50,S++,S++_11,S++_21,9.7
1,9,50,S++,S++_11,S++_30,9.7
1,9,50,S++,S++_11,S++_14,9.4
1,9,50,S++,S++_11,S++_23,9.4
1,9,50,S++,S++_11,S++_28,9.4
1,9,50,S++,S++_11,S++_29,9.4
1,9,50,S++,S++_11,S++_25,9.4
1,9,50,S++,S++_11,S++_12,9.7
1,9,50,S++,S++_11,S++_24,9.7
1,9,50,S++,S++_11,S++_42,9.7
1,9,50,S++,S++_11,S++_45,9.7
1,9,50,S++,S++_11,S++_47,9.7
1,9,50,S++,S++_11,S++_43,9.7
1,9,50,S++,S++_11,S++_31,10
1,9,50,S++,S++_11,S++_19,9.7
1,9,50,S++,S++_11,S++_20,9.7
1,9,50,S++,S++_11,S++_26,9.7
1,9,50,S++,S++_11,S++_35,9.7
1,9,50,S++,S++_11,S++_41,9.7
1,9,50,S++,S++_11,S++_50,9.7
1,9,50,S++,S++_11,S++_17,10
1,9,50,S++,S++_11,S++_18,10
1,9,50,S++,S++_12,S++_23,10
1,9,50,S++,S++_12,S++_31,10
1,9,50,S++,S++_12,S++_18,10
1,9,50,S++,S++_12,S++_35,9.4
1,9,50,S++,S++_12,S++_42,9.4
1,9,50,S++,S++_12,S++_17,9.4
1,9,50,S++,S++_12,S++_24,9.4
1,9,50,S++,S++_12,S++_39,9.4
1,9,50,S++,S++_12,S++_48,9.4
1,9,50,S++,S++_12,S++_14,9.7
1,9,50,S++,S++_12,S++_16,9.7
1,9,50,S++,S++_12,S++_21,9.7
1,9,50,S++,S++_12,S++_38,9.7
1,9,50,S++,S++_12,S++_41,9.7
1,9,50,S++,S++_12,S++_45,9.7
1,9,50,S++,S++_12,S++_46,10
1,9,50,S++,S++_12,S++_47,10
1,9,50,S++,S++_12,S++_50,10
1,9,50,S++,S++_12,S++_15,9.7
1,9,50,S++,S++_12,S++_20,9.7
1,9,50,S++,S++_12,S++_30,9.7
1,9,50,S++,S++_12,S++_49,10
1,9,50,S++,S++_12,S++_13,10
1,9,50,S++,S++_12,S++_25,10
1,9,50,S++,S++_12,S++_26,10
1,9,50,S++,S++_12,S++_37,10
1,9,50,S++,S++_12,S++_44,10
1,9,50,S++,S++_13,S++_15,9.4
1,9,50,S++,S++_13,S++_27,9.4
1,9,50,S++,S++_13,S++_36,9.4
1,9,50,S++,S++_13,S++_32,9.7
1,9,50,S++,S++_13,S++_49,9.7
1,9,50,S++,S++_13,S++_22,9.7
1,9,50,S++,S++_13,S++_44,9.7
1,9,50,S++,S++_13,S++_26,10
1,9,50,S++,S++_14,S++_29,9.4
1,9,50,S++,S++_14,S++_48,9.4
1,9,50,S++,S++_14,S++_23,9.4
1,9,50,S++,S++_14,S++_45,9.4
1,9,50,S++,S++_14,S++_47,9.4
1,9,50,S++,S++_14,S++_32,9.7
1,9,50,S++,S++_14,S++_49,9.7
1,9,50,S++,S++_14,S++_16,9.7
1,9,50,S++,S++_14,S++_37,9.7
1,9,50,S++,S++_14,S++_39,10
1,9,50,S++,S++_14,S++_20,10
1,9,50,S++,S++_14,S++_18,9.7
1,9,50,S++,S++_14,S++_25,9.7
1,9,50,S++,S++_14,S++_26,9.7
1,9,50,S++,S++_14,S++_30,9.7
1,9,50,S++,S++_14,S++_38,9.7
1,9,50,S++,S++_14,S++_19,10
1,9,50,S++,S++_14,S++_22,10
1,9,50,S++,S++_14,S++_41,10
1,9,50,S++,S++_14,S++_33,10
1,9,50,S++,S++_15,S++_18,9.4
1,9,50,S++,S++_15,S++_23,9.4
1,9,50,S++,S++_15,S++_42,9.4
1,9,50,S++,S++_15,S++_26,9.7
1,9,50,S++,S++_15,S++_44,9.7
1,9,50,S++,S++_15,S++_45,9.7
1,9,50,S++,S++_15,S++_20,9.7
1,9,50,S++,S++_15,S++_29,9.7
1,9,50,S++,S++_15,S++_39,9.7
1,9,50,S++,S++_15,S++_46,9.7
1,9,50,S++,S++_15,S++_30,10
1,9,50,S++,S++_15,S++_33,10
1,9,50,S++,S++_15,S++_34,10
1,9,50,S++,S++_16,S++_39,9.4
1,9,50,S++,S++_16,S++_49,9.4
1,9,50,S++,S++_16,S++_21,9.4
1,9,50,S++,S++_16,S++_26,9.4
1,9,50,S++,S++_16,S++_33,9.4
1,9,50,S++,S++_16,S++_35,9.4
1,9,50,S++,S++_16,S++_36,9.4
1,9,50,S++,S++_16,S++_27,9.7
1,9,50,S++,S++_16,S++_19,9.7
1,9,50,S++,S++_16,S++_29,9.7
1,9,50,S++,S++_16,S++_31,10
1,9,50,S++,S++_16,S++_23,10
1,9,50,S++,S++_16,S++_38,10
1,9,50,S++,S++_16,S++_45,10
1,9,50,S++,S++_17,S++_23,9.4
1,9,50,S++,S++_17,S++_18,9.4
1,9,50,S++,S++_17,S++_30,9.4
1,9,50,S++,S++_17,S++_25,9.7
1,9,50,S++,S++_17,S++_38,9.7
1,9,50,S++,S++_17,S++_43,9.7
1,9,50,S++,S++_17,S++_49,9.7
1,9,50,S++,S++_17,S++_35,10
1,9,50,S++,S++_17,S++_40,10
1,9,50,S++,S++_17,S++_48,10
1,9,50,S++,S++_17,S++_31,10
1,9,50,S++,S++_17,S++_39,10
1,9,50,S++,S++_17,S++_50,10
1,9,50,S++,S++_18,S++_32,9.4
1,9,50,S++,S++_18,S++_20,9.4
1,9,50,S++,S++_18,S++_22,9.4
1,9,50,S++,S++_18,S++_30,9.4
1,9,50,S++,S++_18,S++_35,9.7
1,9,50,S++,S++_18,S++_37,9.7
1,9,50,S++,S++_18,S++_21,10
1,9,50,S++,S++_18,S++_48,10
1,9,50,S++,S++_18,S++_31,10
1,9,50,S++,S++_18,S++_33,10
1,9,50,S++,S++_18,S++_40,10
1,9,50,S++,S++_18,S++_45,10
1,9,50,S++,S++_19,S++_24,9.4
1,9,50,S++,S++_19,S++_44,9.4
1,9,50,S++,S++_19,S++_49,9.4
1,9,50,S++,S++_19,S++_48,9.7
1,9,50,S++,S++_19,S++_30,9.4
1,9,50,S++,S++_19,S++_46,9.4
1,9,50,S++,S++_19,S++_25,9.4
1,9,50,S++,S++_19,S++_41,9.4
1,9,50,S++,S++_19,S++_26,9.4
1,9,50,S++,S++_19,S++_38,9.4
1,9,50,S++,S++_19,S++_43,9.7
1,9,50,S++,S++_19,S++_29,10
1,9,50,S++,S++_19,S++_45,10
1,9,50,S++,S++_19,S++_28,10
1,9,50,S++,S++_19,S++_35,10
1,9,50,S++,S++_19,S++_36,10
1,9,50,S++,S++_19,S++_37,10
1,9,50,S++,S++_19,S++_42,10
1,9,50,S++,S++_20,S++_24,10
1,9,50,S++,S++_20,S++_44,10
1,9,50,S++,S++_20,S++_28,10
1,9,50,S++,S++_20,S++_33,9.7
1,9,50,S++,S++_20,S++_38,10.3
1,9,50,S++,S++_20,S++_23,10.3
1,9,50,S++,S++_20,S++_36,10.3
1,9,50,S++,S++_20,S++_34,10
1,9,50,S++,S++_20,S++_39,10.6
1,9,50,S++,S++_20,S++_47,10.6
1,9,50,S++,S++_20,S++_42,10.6
1,9,50,S++,S++_20,S++_31,10.3
1,9,50,S++,S++_20,S++_32,10.3
1,9,50,S++,S++_20,S++_40,10.3
1,9,50,S++,S++_20,S++_43,10.3
1,9,50,S++,S++_20,S++_21,10
1,9,50,S++,S++_20,S++_49,10
1,9,50,S++,S++_20,S++_22,10.3
1,9,50,S++,S++_20,S++_35,10.3
1,9,50,S++,S++_20,S++_50,10.3
1,9,50,S++,S++_20,S++_26,10.3
1,9,50,S++,S++_20,S++_27,10
1,9,50,S++,S++_20,S++_29,10
1,9,50,S++,S++_20,S++_46,10
1,9,50,S++,S++_20,S++_30,9.7
1,9,50,S++,S++_20,S++_41,9.7
1,9,50,S++,S++_20,S++_45,9.7
1,9,50,S++,S++_20,S++_37,9.7
1,9,50,S++,S++_20,S++_25,10
1,9,50,S++,S++_21,S++_27,11.2
1,9,50,S++,S++_21,S++_34,11.2
1,9,50,S++,S++_21,S++_31,10.9
1,9,50,S++,S++_21,S++_35,10.9
1,9,50,S++,S++_21,S++_36,10.6
1,9,50,S++,S++_21,S++_24,10.6
1,9,50,S++,S++_21,S++_25,10.6
1,9,50,S++,S++_21,S++_37,10.6
1,9,50,S++,S++_21,S++_22,10.3
1,9,50,S++,S++_21,S++_33,10.3
1,9,50,S++,S++_21,S++_38,10.3
1,9,50,S++,S++_21,S++_28,10.3
1,9,50,S++,S++_21,S++_49,10
1,9,50,S++,S++_21,S++_29,10.6
1,9,50,S++,S++_21,S++_32,10.6
1,9,50,S++,S++_21,S++_40,10.6
1,9,50,S++,S++_21,S++_44,10.6
1,9,50,S++,S++_21,S++_46,10.6
1,9,50,S++,S++_21,S++_26,10.3
1,9,50,S++,S++_21,S++_42,10.3
1,9,50,S++,S++_21,S++_50,10.3
1,9,50,S++,S++_21,S++_30,10.3
1,9,50,S++,S++_21,S++_23,10
1,9,50,S++,S++_21,S++_45,10
1,9,50,S++,S++_21,S++_47,10
1,9,50,S++,S++_21,S++_41,10
1,9,50,S++,S++_21,S++_39,9.7
1,9,50,S++,S++_21,S++_43,9.7
1,9,50,S++,S++_21,S++_48,9.7
1,9,50,S++,S++_22,S++_24,11.8
1,9,50,S++,S++_22,S++_39,11.8
1,9,50,S++,S++_22,S++_49,11.8
1,9,50,S++,S++_22,S++_33,11.5
1,9,50,S++,S++_22,S++_35,11.5
1,9,50,S++,S++_22,S++_36,11.5
1,9,50,S++,S++_22,S++_27,11.2
1,9,50,S++,S++_22,S++_29,11.2
1,9,50,S++,S++_22,S++_40,11.2
1,9,50,S++,S++_22,S++_26,11.2
1,9,50,S++,S++_22,S++_48,11.2
1,9,50,S++,S++_22,S++_23,10.9
1,9,50,S++,S++_22,S++_31,10.9
1,9,50,S++,S++_22,S++_34,10.9
1,9,50,S++,S++_22,S++_37,10.6
1,9,50,S++,S++_22,S++_44,10.6
1,9,50,S++,S++_22,S++_25,10.6
1,9,50,S++,S++_22,S++_30,10.6
1,9,50,S++,S++_22,S++_38,10.3
1,9,50,S++,S++_22,S++_41,10.3
1,9,50,S++,S++_22,S++_42,10.3
1,9,50,S++,S++_22,S++_46,10.3
1,9,50,S++,S++_22,S++_50,10.3
1,9,50,S++,S++_22,S++_28,10.3
1,9,50,S++,S++_22,S++_45,10.3
1,9,50,S++,S++_22,S++_32,10
1,9,50,S++,S++_22,S++_43,9.7
1,9,50,S++,S++_22,S++_47,9.7
1,9,50,S++,S++_23,S++_45,11.8
1,9,50,S++,S++_23,S++_24,11.5
1,9,50,S++,S++_23,S++_28,11.5
1,9,50,S++,S++_23,S++_32,11.5
1,9,50,S++,S++_23,S++_43,11.5
1,9,50,S++,S++_23,S++_44,11.5
1,9,50,S++,S++_23,S++_29,11.2
1,9,50,S++,S++_23,S++_37,11.2
1,9,50,S++,S++_23,S++_42,11.2
1,9,50,S++,S++_23,S++_26,11.2
1,9,50,S++,S++_23,S++_31,10.9
1,9,50,S++,S++_23,S++_50,10.3
1,9,50,S++,S++_23,S++_36,10.3
1,9,50,S++,S++_23,S++_35,10
1,9,50,S++,S++_23,S++_39,10
1,9,50,S++,S++_23,S++_30,10
1,9,50,S++,S++_23,S++_47,10
1,9,50,S++,S++_23,S++_27,9.7
1,9,50,S++,S++_23,S++_41,9.7
1,9,50,S++,S++_23,S++_49,9.7
1,9,50,S++,S++_23,S++_33,9.7
1,9,50,S++,S++_23,S++_34,9.7
1,9,50,S++,S++_23,S++_38,9.4
1,9,50,S++,S++_23,S++_25,9.4
1,9,50,S++,S++_23,S++_46,9.4
1,9,50,S++,S++_23,S++_40,9.7
1,9,50,S++,S++_23,S++_48,9.7
1,9,50,S++,S++_24,S++_28,11.2
1,9,50,S++,S++_24,S++_32,11.2
1,9,50,S++,S++_24,S++_35,11.2
1,9,50,S++,S++_24,S++_39,10.9
1,9,50,S++,S++_24,S++_40,10.9
1,9,50,S++,S++_24,S++_27,10.9
1,9,50,S++,S++_24,S++_47,10.9
1,9,50,S++,S++_24,S++_26,10.6
1,9,50,S++,S++_24,S++_42,10.6
1,9,50,S++,S++_24,S++_44,10.3
1,9,50,S++,S++_24,S++_49,10.3
1,9,50,S++,S++_24,S++_25,10
1,9,50,S++,S++_24,S++_38,10
1,9,50,S++,S++_24,S++_29,9.7
1,9,50,S++,S++_24,S++_41,9.7
1,9,50,S++,S++_24,S++_43,9.7
1,9,50,S++,S++_24,S++_46,9.7
1,9,50,S++,S++_24,S++_48,9.7
1,9,50,S++,S++_24,S++_31,9.7
1,9,50,S++,S++_24,S++_50,9.4
1,9,50,S++,S++_24,S++_45,9.4
1,9,50,S++,S++_24,S++_30,9.7
1,9,50,S++,S++_24,S++_33,9.7
1,9,50,S++,S++_24,S++_36,10
1,9,50,S++,S++_25,S++_40,11.2
1,9,50,S++,S++_25,S++_31,11.2
1,9,50,S++,S++_25,S++_33,11.2
1,9,50,S++,S++_25,S++_48,11.2
1,9,50,S++,S++_25,S++_27,10.9
1,9,50,S++,S++_25,S++_47,10.9
1,9,50,S++,S++_25,S++_28,10.9
1,9,50,S++,S++_25,S++_29,10.3
1,9,50,S++,S++_25,S++_34,10.3
1,9,50,S++,S++_25,S++_38,10.3
1,9,50,S++,S++_25,S++_46,10.3
1,9,50,S++,S++_25,S++_26,10
1,9,50,S++,S++_25,S++_30,10
1,9,50,S++,S++_25,S++_44,10
1,9,50,S++,S++_25,S++_36,10
1,9,50,S++,S++_25,S++_39,10
1,9,50,S++,S++_25,S++_50,10
1,9,50,S++,S++_25,S++_35,9.7
1,9,50,S++,S++_25,S++_37,9.7
1,9,50,S++,S++_25,S++_32,9.7
1,9,50,S++,S++_25,S++_42,9.4
1,9,50,S++,S++_25,S++_43,9.7
1,9,50,S++,S++_25,S++_45,9.7
1,9,50,S++,S++_25,S++_49,9.7
1,9,50,S++,S++_26,S++_42,11.2
1,9,50,S++,S++_26,S++_37,11.2
1,9,50,S++,S++_26,S++_39,11.2
1,9,50,S++,S++_26,S++_38,10.6
1,9,50,S++,S++_26,S++_47,10.6
1,9,50,S++,S++_26,S++_35,10.3
1,9,50,S++,S++_26,S++_44,10.3
1,9,50,S++,S++_26,S++_50,10.3
1,9,50,S++,S++_26,S++_46,10.3
1,9,50,S++,S++_26,S++_31,10
1,9,50,S++,S++_26,S++_45,10
1,9,50,S++,S++_26,S++_28,9.7
1,9,50,S++,S++_26,S++_29,9.7
1,9,50,S++,S++_26,S++_32,9.7
1,9,50,S++,S++_26,S++_33,9.7
1,9,50,S++,S++_26,S++_43,9.7
1,9,50,S++,S++_26,S++_27,9.4
1,9,50,S++,S++_26,S++_34,9.4
1,9,50,S++,S++_26,S++_40,9.7
1,9,50,S++,S++_26,S++_36,9.7
1,9,50,S++,S++_26,S++_41,9.7
1,9,50,S++,S++_26,S++_30,10
1,9,50,S++,S++_26,S++_49,10
1,9,50,S++,S++_27,S++_45,11.2
1,9,50,S++,S++_27,S++_34,11.2
1,9,50,S++,S++_27,S++_48,11.2
1,9,50,S++,S++_27,S++_37,10.6
1,9,50,S++,S++_27,S++_41,10.6
1,9,50,S++,S++_27,S++_49,10.6
1,9,50,S++,S++_27,S++_30,10.3
1,9,50,S++,S++_27,S++_35,10
1,9,50,S++,S++_27,S++_36,10
1,9,50,S++,S++_27,S++_40,10
1,9,50,S++,S++_27,S++_46,10
1,9,50,S++,S++_27,S++_28,10.3
1,9,50,S++,S++_27,S++_32,10.3
1,9,50,S++,S++_27,S++_38,10.3
1,9,50,S++,S++_27,S++_33,10.3
1,9,50,S++,S++_27,S++_43,10.3
1,9,50,S++,S++_27,S++_47,10.3
1,9,50,S++,S++_27,S++_29,10
1,9,50,S++,S++_27,S++_39,10
1,9,50,S++,S++_27,S++_31,9.7
1,9,50,S++,S++_27,S++_42,9.7
1,9,50,S++,S++_27,S++_44,9.7
1,9,50,S++,S++_27,S++_50,10
1,9,50,S++,S++_28,S++_44,11.8
1,9,50,S++,S++_28,S++_45,11.8
1,9,50,S++,S++_28,S++_43,11.5
1,9,50,S++,S++_28,S++_48,11.5
1,9,50,S++,S++_28,S++_35,11.5
1,9,50,S++,S++_28,S++_36,11.5
1,9,50,S++,S++_28,S++_41,11.2
1,9,50,S++,S++_28,S++_49,11.2
1,9,50,S++,S++_28,S++_32,10.9
1,9,50,S++,S++_28,S++_31,10.6
1,9,50,S++,S++_28,S++_34,10.6
1,9,50,S++,S++_28,S++_29,10.3
1,9,50,S++,S++_28,S++_30,10.3
1,9,50,S++,S++_28,S++_33,10.3
1,9,50,S++,S++_28,S++_39,9.7
1,9,50,S++,S++_28,S++_42,9.7
1,9,50,S++,S++_28,S++_46,9.7
1,9,50,S++,S++_28,S++_38,10
1,9,50,S++,S++_28,S++_37,10
1,9,50,S++,S++_28,S++_50,10
1,9,50,S++,S++_28,S++_40,9.7
1,9,50,S++,S++_28,S++_47,9.7
1,9,50,S++,S++_29,S++_32,11.2
1,9,50,S++,S++_29,S++_38,11.2
1,9,50,S++,S++_29,S++_46,11.2
1,9,50,S++,S++_29,S++_47,10.3
1,9,50,S++,S++_29,S++_39,10.3
1,9,50,S++,S++_29,S++_48,10.3
1,9,50,S++,S++_29,S++_43,10.3
1,9,50,S++,S++_29,S++_37,10
1,9,50,S++,S++_29,S++_36,9.7
1,9,50,S++,S++_29,S++_42,9.7
1,9,50,S++,S++_29,S++_45,9.7
1,9,50,S++,S++_29,S++_33,9.7
1,9,50,S++,S++_29,S++_49,9.7
1,9,50,S++,S++_29,S++_31,10
1,9,50,S++,S++_29,S++_35,10
1,9,50,S++,S++_29,S++_41,10
1,9,50,S++,S++_29,S++_44,10
1,9,50,S++,S++_29,S++_34,9.7
1,9,50,S++,S++_29,S++_50,9.7
1,9,50,S++,S++_29,S++_30,10
1,9,50,S++,S++_30,S++_36,10.6
1,9,50,S++,S++_30,S++_39,10.6
1,9,50,S++,S++_30,S++_45,10.6
1,9,50,S++,S++_30,S++_33,10.3
1,9,50,S++,S++_30,S++_44,10.3
1,9,50,S++,S++_30,S++_48,10.3
1,9,50,S++,S++_30,S++_49,10.3
1,9,50,S++,S++_30,S++_37,10
1,9,50,S++,S++_30,S++_47,10
1,9,50,S++,S++_30,S++_41,9.7
1,9,50,S++,S++_30,S++_40,10
1,9,50,S++,S++_30,S++_46,10
1,9,50,S++,S++_30,S++_42,9.7
1,9,50,S++,S++_30,S++_50,9.7
1,9,50,S++,S++_30,S++_34,9.7
1,9,50,S++,S++_30,S++_43,9.7
1,9,50,S++,S++_30,S++_31,10
1,9,50,S++,S++_30,S++_35,10
1,9,50,S++,S++_30,S++_38,10
1,9,50,S++,S++_31,S++_46,10.6
1,9,50,S++,S++_31,S++_47,10.3
1,9,50,S++,S++_31,S++_32,10
1,9,50,S++,S++_31,S++_36,10
1,9,50,S++,S++_31,S++_39,10
1,9,50,S++,S++_31,S++_35,10.3
1,9,50,S++,S++_31,S++_50,10.3
1,9,50,S++,S++_31,S++_44,10
1,9,50,S++,S++_31,S++_45,9.7
1,9,50,S++,S++_31,S++_48,9.7
1,9,50,S++,S++_31,S++_33,9.7
1,9,50,S++,S++_31,S++_37,9.7
1,9,50,S++,S++_31,S++_41,10
1,9,50,S++,S++_31,S++_43,10
1,9,50,S++,S++_31,S++_34,9.7
1,9,50,S++,S++_31,S++_40,9.7
1,9,50,S++,S++_31,S++_49,9.7
1,9,50,S++,S++_31,S++_38,9.7
1,9,50,S++,S++_31,S++_42,9.7
1,9,50,S++,S++_32,S++_39,10.6
1,9,50,S++,S++_32,S++_43,10
1,9,50,S++,S++_32,S++_50,10
1,9,50,S++,S++_32,S++_41,10
1,9,50,S++,S++_32,S++_33,10.3
1,9,50,S++,S++_32,S++_42,10.3
1,9,50,S++,S++_32,S++_37,10
1,9,50,S++,S++_32,S++_35,10
1,9,50,S++,S++_32,S++_38,10
1,9,50,S++,S++_32,S++_46,10.3
1,9,50,S++,S++_32,S++_49,10.3
1,9,50,S++,S++_32,S++_44,10
1,9,50,S++,S++_32,S++_34,9.7
1,9,50,S++,S++_32,S++_40,9.7
1,9,50,S++,S++_32,S++_45,10
1,9,50,S++,S++_32,S++_36,9.7
1,9,50,S++,S++_32,S++_47,9.7
1,9,50,S++,S++_32,S++_48,10
1,9,50,S++,S++_33,S++_34,10
1,9,50,S++,S++_33,S++_37,10.3
1,9,50,S++,S++_33,S++_45,10.3
1,9,50,S++,S++_33,S++_50,10.3
1,9,50,S++,S++_33,S++_42,9.7
1,9,50,S++,S++_33,S++_41,10
1,9,50,S++,S++_33,S++_48,10
1,9,50,S++,S++_33,S++_49,10.3
1,9,50,S++,S++_33,S++_44,10
1,9,50,S++,S++_33,S++_35,9.7
1,9,50,S++,S++_33,S++_40,9.7
1,9,50,S++,S++_33,S++_47,9.7
1,9,50,S++,S++_33,S++_43,10
1,9,50,S++,S++_33,S++_46,10
1,9,50,S++,S++_33,S++_36,9.7
1,9,50,S++,S++_33,S++_38,9.7
1,9,50,S++,S++_34,S++_37,10
1,9,50,S++,S++_34,S++_42,10
1,9,50,S++,S++_34,S++_48,10
1,9,50,S++,S++_34,S++_44,10.3
1,9,50,S++,S++_34,S++_49,10.3
1,9,50,S++,S++_34,S++_39,10
1,9,50,S++,S++_34,S++_47,9.7
1,9,50,S++,S++_34,S++_46,9.7
1,9,50,S++,S++_34,S++_36,10
1,9,50,S++,S++_34,S++_50,10
1,9,50,S++,S++_34,S++_41,10
1,9,50,S++,S++_34,S++_35,9.7
1,9,50,S++,S++_34,S++_40,9.7
1,9,50,S++,S++_34,S++_43,9.7
1,9,50,S++,S++_34,S++_45,9.7
1,9,50,S++,S++_34,S++_38,10
1,9,50,S++,S++_35,S++_37,9.7
1,9,50,S++,S++_35,S++_39,10.3
1,9,50,S++,S++_35,S++_41,10.3
1,9,50,S++,S++_35,S++_42,10.3
1,9,50,S++,S++_35,S++_50,10.3
1,9,50,S++,S++_35,S++_46,10.6
1,9,50,S++,S++_35,S++_47,10.6
1,9,50,S++,S++_35,S++_45,10.3
1,9,50,S++,S++_35,S++_36,10.3
1,9,50,S++,S++_35,S++_40,10.6
1,9,50,S++,S++_35,S++_44,10.6
1,9,50,S++,S++_35,S++_38,10.6
1,9,50,S++,S++_35,S++_43,10.3
1,9,50,S++,S++_35,S++_48,10.3
1,9,50,S++,S++_35,S++_49,10
1,9,50,S++,S++_36,S++_44,10.6
1,9,50,S++,S++_36,S++_48,10.6
1,9,50,S++,S++_36,S++_41,10.6
1,9,50,S++,S++_36,S++_45,10.6
1,9,50,S++,S++_36,S++_37,10.3
1,9,50,S++,S++_36,S++_40,10.6
1,9,50,S++,S++_36,S++_47,10.6
1,9,50,S++,S++_36,S++_49,10.6
1,9,50,S++,S++_36,S++_39,10.3
1,9,50,S++,S++_36,S++_42,10.3
1,9,50,S++,S++_36,S++_43,10.3
1,9,50,S++,S++_36,S++_46,10.3
1,9,50,S++,S++_36,S++_50,10.3
1,9,50,S++,S++_36,S++_38,10
1,9,50,S++,S++_37,S++_38,10
1,9,50,S++,S++_37,S++_45,10.3
1,9,50,S++,S++_37,S++_48,10.3
1,9,50,S++,S++_37,S++_40,10.6
1,9,50,S++,S++_37,S++_43,10.6
1,9,50,S++,S++_37,S++_46,10.6
1,9,50,S++,S++_37,S++_49,10.6
1,9,50,S++,S++_37,S++_39,10.6
1,9,50,S++,S++_37,S++_44,10.3
1,9,50,S++,S++_37,S++_47,10.3
1,9,50,S++,S++_37,S++_50,10.3
1,9,50,S++,S++_37,S++_42,10.6
1,9,50,S++,S++_37,S++_41,10.3
1,9,50,S++,S++_38,S++_47,10.6
1,9,50,S++,S++_38,S++_39,10.6
1,9,50,S++,S++_38,S++_42,10.6
1,9,50,S++,S++_38,S++_50,10.6
1,9,50,S++,S++_38,S++_44,10.3
1,9,50,S++,S++_38,S++_43,10.6
1,9,50,S++,S++_38,S++_49,10.6
1,9,50,S++,S++_38,S++_46,10.6
1,9,50,S++,S++_38,S++_45,10.3
1,9,50,S++,S++_38,S++_48,10.3
1,9,50,S++,S++_38,S++_41,10
1,9,50,S++,S++_38,S++_40,10
1,9,50,S++,S++_39,S++_43,10
1,9,50,S++,S++_39,S++_47,10
1,9,50,S++,S++_39,S++_50,10
1,9,50,S++,S++_39,S++_44,10
1,9,50,S++,S++_39,S++_46,10.6
1,9,50,S++,S++_39,S++_48,10.3
1,9,50,S++,S++_39,S++_42,10.6
1,9,50,S++,S++_39,S++_45,10.6
1,9,50,S++,S++_39,S++_41,10.6
1,9,50,S++,S++_39,S++_49,10.6
1,9,50,S++,S++_39,S++_40,10
1,9,50,S++,S++_40,S++_41,10.3
1,9,50,S++,S++_40,S++_42,10.6
1,9,50,S++,S++_40,S++_50,10.6
1,9,50,S++,S++_40,S++_48,10.6
1,9,50,S++,S++_40,S++_46,10.3
1,9,50,S++,S++_40,S++_47,10.3
1,9,50,S++,S++_40,S++_44,10.6
1,9,50,S++,S++_40,S++_45,10.6
1,9,50,S++,S++_40,S++_49,10.3
1,9,50,S++,S++_40,S++_43,10
1,9,50,S++,S++_41,S++_42,10.3
1,9,50,S++,S++_41,S++_47,9.7
1,9,50,S++,S++_41,S++_49,9.7
1,9,50,S++,S++_41,S++_48,10
1,9,50,S++,S++_41,S++_44,10.3
1,9,50,S++,S++_41,S++_43,10.3
1,9,50,S++,S++_41,S++_45,10.3
1,9,50,S++,S++_41,S++_46,10.3
1,9,50,S++,S++_41,S++_50,10
1,9,50,S++,S++_42,S++_50,9.7
1,9,50,S++,S++_42,S++_44,9.7
1,9,50,S++,S++_42,S++_48,9.7
1,9,50,S++,S++_42,S++_45,10.3
1,9,50,S++,S++_42,S++_43,10.3
1,9,50,S++,S++_42,S++_47,10
1,9,50,S++,S++_42,S++_49,10
1,9,50,S++,S++_42,S++_46,10
1,9,50,S++,S++_43,S++_49,9.7
1,9,50,S++,S++_43,S++_50,10
1,9,50,S++,S++_43,S++_44,10.3
1,9,50,S++,S++_43,S++_45,10.3
1,9,50,S++,S++_43,S++_46,10.3
1,9,50,S++,S++_43,S++_47,10.3
1,9,50,S++,S++_43,S++_48,10
1,9,50,S++,S++_44,S++_50,9.7
1,9,50,S++,S++_44,S++_45,10
1,9,50,S++,S++_44,S++_48,9.7
1,9,50,S++,S++_44,S++_46,9.7
1,9,50,S++,S++_44,S++_47,9.7
1,9,50,S++,S++_44,S++_49,10
1,9,50,S++,S++_45,S++_46,10
1,9,50,S++,S++_45,S++_49,9.7
1,9,50,S++,S++_45,S++_50,9.7
1,9,50,S++,S++_45,S++_47,10
1,9,50,S++,S++_45,S++_48,10.3
1,9,50,S++,S++_46,S++_48,9.7
1,9,50,S++,S++_46,S++_47,10
1,9,50,S++,S++_46,S++_49,10
1,9,50,S++,S++_46,S++_50,10
1,9,50,S++,S++_47,S++_50,9.7
1,9,50,S++,S++_47,S++_48,10.3
1,9,50,S++,S++_47,S++_49,10
1,9,50,S++,S++_48,S++_49,9.7
1,10,50,S++,S++_1,S++_12,9.7
1,10,50,S++,S++_1,S++_14,9.7
1,10,50,S++,S++_1,S++_18,9.7
1,10,50,S++,S++_1,S++_24,9.7
1,10,50,S++,S++_1,S++_26,9.7
1,10,50,S++,S++_1,S++_33,9.7
1,10,50,S++,S++_1,S++_46,10
1,10,50,S++,S++_1,S++_37,10
1,10,50,S++,S++_1,S++_38,10
1,10,50,S++,S++_1,S++_10,10.3
1,10,50,S++,S++_1,S++_25,10.3
1,10,50,S++,S++_1,S++_34,10.3
1,10,50,S++,S++_1,S++_40,10.3
1,10,50,S++,S++_1,S++_4,10.3
1,10,50,S++,S++_1,S++_28,10.3
1,10,50,S++,S++_1,S++_41,10.3
1,10,50,S++,S++_1,S++_43,10.3
1,10,50,S++,S++_1,S++_47,10.3
1,10,50,S++,S++_1,S++_2,10.6
1,10,50,S++,S++_1,S++_8,10.6
1,10,50,S++,S++_1,S++_11,10.6
1,10,50,S++,S++_1,S++_22,10.6
1,10,50,S++,S++_1,S++_31,10.6
1,10,50,S++,S++_1,S++_49,10.3
1,10,50,S++,S++_1,S++_19,9.7
1,10,50,S++,S++_1,S++_13,10
1,10,50,S++,S++_1,S++_36,10
1,10,50,S++,S++_1,S++_3,10
1,10,50,S++,S++_1,S++_48,10
1,10,50,S++,S++_2,S++_39,9.4
1,10,50,S++,S++_2,S++_11,9.7
1,10,50,S++,S++_2,S++_25,9.7
1,10,50,S++,S++_2,S++_33,9.7
1,10,50,S++,S++_2,S++_41,9.7
1,10,50,S++,S++_2,S++_6,9.7
1,10,50,S++,S++_2,S++_49,9.7
1,10,50,S++,S++_2,S++_40,9.4
1,10,50,S++,S++_2,S++_48,9.4
1,10,50,S++,S++_2,S++_3,9.4
1,10,50,S++,S++_2,S++_13,9.7
1,10,50,S++,S++_2,S++_21,9.7
1,10,50,S++,S++_2,S++_30,9.7
1,10,50,S++,S++_2,S++_36,9.7
1,10,50,S++,S++_2,S++_17,9.7
1,10,50,S++,S++_2,S++_37,9.7
1,10,50,S++,S++_2,S++_43,9.7
1,10,50,S++,S++_2,S++_5,9.4
1,10,50,S++,S++_2,S++_34,9.4
1,10,50,S++,S++_2,S++_45,9.4
1,10,50,S++,S++_2,S++_22,9.4
1,10,50,S++,S++_2,S++_50,9.4
1,10,50,S++,S++_2,S++_9,9.4
1,10,50,S++,S++_2,S++_18,9.4
1,10,50,S++,S++_2,S++_29,9.4
1,10,50,S++,S++_2,S++_4,9.7
1,10,50,S++,S++_2,S++_15,9.7
1,10,50,S++,S++_2,S++_24,9.7
1,10,50,S++,S++_2,S++_26,10
1,10,50,S++,S++_2,S++_31,10
1,10,50,S++,S++_2,S++_32,10
1,10,50,S++,S++_2,S++_44,10
1,10,50,S++,S++_2,S++_16,10
1,10,50,S++,S++_2,S++_27,10
1,10,50,S++,S++_2,S++_47,10
1,10,50,S++,S++_2,S++_12,9.7
1,10,50,S++,S++_2,S++_19,9.7
1,10,50,S++,S++_2,S++_20,9.7
1,10,50,S++,S++_2,S++_35,9.7
1,10,50,S++,S++_2,S++_7,9.7
1,10,50,S++,S++_2,S++_28,9.7
1,10,50,S++,S++_2,S++_23,10
1,10,50,S++,S++_2,S++_42,10
1,10,50,S++,S++_2,S++_46,10
1,10,50,S++,S++_3,S++_11,9.7
1,10,50,S++,S++_3,S++_21,9.7
1,10,50,S++,S++_3,S++_22,9.7
1,10,50,S++,S++_3,S++_24,9.7
1,10,50,S++,S++_3,S++_17,9.7
1,10,50,S++,S++_3,S++_32,9.7
1,10,50,S++,S++_3,S++_33,9.7
1,10,50,S++,S++_3,S++_35,9.7
1,10,50,S++,S++_3,S++_40,9.7
1,10,50,S++,S++_3,S++_39,9.4
1,10,50,S++,S++_3,S++_4,9.4
1,10,50,S++,S++_3,S++_27,9.4
1,10,50,S++,S++_3,S++_28,9.4
1,10,50,S++,S++_3,S++_37,9.4
1,10,50,S++,S++_3,S++_44,9.4
1,10,50,S++,S++_3,S++_45,9.4
1,10,50,S++,S++_3,S++_48,9.4
1,10,50,S++,S++_3,S++_9,9.7
1,10,50,S++,S++_3,S++_18,9.4
1,10,50,S++,S++_3,S++_34,9.4
1,10,50,S++,S++_3,S++_46,9.4
1,10,50,S++,S++_3,S++_31,9.4
1,10,50,S++,S++_3,S++_7,9.7
1,10,50,S++,S++_3,S++_23,9.7
1,10,50,S++,S++_3,S++_26,9.7
1,10,50,S++,S++_3,S++_29,9.7
1,10,50,S++,S++_3,S++_20,9.7
1,10,50,S++,S++_3,S++_30,9.7
1,10,50,S++,S++_3,S++_38,9.7
1,10,50,S++,S++_3,S++_41,9.7
1,10,50,S++,S++_3,S++_43,9.7
1,10,50,S++,S++_3,S++_12,10
1,10,50,S++,S++_3,S++_25,10
1,10,50,S++,S++_3,S++_16,10
1,10,50,S++,S++_3,S++_36,10
1,10,50,S++,S++_3,S++_49,10
1,10,50,S++,S++_3,S++_6,9.7
1,10,50,S++,S++_3,S++_8,9.7
1,10,50,S++,S++_3,S++_10,10.3
1,10,50,S++,S++_3,S++_13,10.3
1,10,50,S++,S++_3,S++_42,10.3
1,10,50,S++,S++_3,S++_47,10.3
1,10,50,S++,S++_3,S++_50,10.3
1,10,50,S++,S++_3,S++_14,10.3
1,10,50,S++,S++_3,S++_5,10
1,10,50,S++,S++_3,S++_15,10
1,10,50,S++,S++_3,S++_19,10
1,10,50,S++,S++_4,S++_32,10
1,10,50,S++,S++_4,S++_44,10
1,10,50,S++,S++_4,S++_10,10.3
1,10,50,S++,S++_4,S++_20,10.3
1,10,50,S++,S++_4,S++_50,10.3
1,10,50,S++,S++_4,S++_36,10
1,10,50,S++,S++_4,S++_37,10
1,10,50,S++,S++_4,S++_9,10.3
1,10,50,S++,S++_4,S++_19,10.3
1,10,50,S++,S++_4,S++_22,10.3
1,10,50,S++,S++_4,S++_26,10.3
1,10,50,S++,S++_4,S++_47,10.3
1,10,50,S++,S++_4,S++_33,10.3
1,10,50,S++,S++_4,S++_41,10.3
1,10,50,S++,S++_4,S++_42,10.3
1,10,50,S++,S++_4,S++_48,10.3
1,10,50,S++,S++_4,S++_17,10
1,10,50,S++,S++_4,S++_30,10
1,10,50,S++,S++_4,S++_11,10
1,10,50,S++,S++_4,S++_43,10
1,10,50,S++,S++_4,S++_29,10.3
1,10,50,S++,S++_4,S++_6,10.6
1,10,50,S++,S++_4,S++_12,10.6
1,10,50,S++,S++_4,S++_21,10.6
1,10,50,S++,S++_4,S++_28,10.6
1,10,50,S++,S++_4,S++_13,10.3
1,10,50,S++,S++_4,S++_14,10.3
1,10,50,S++,S++_4,S++_16,10.3
1,10,50,S++,S++_4,S++_35,10.3
1,10,50,S++,S++_4,S++_39,10.3
1,10,50,S++,S++_4,S++_49,10.3
1,10,50,S++,S++_4,S++_24,10.3
1,10,50,S++,S++_4,S++_38,10.3
1,10,50,S++,S++_4,S++_40,10
1,10,50,S++,S++_5,S++_15,10.3
1,10,50,S++,S++_5,S++_10,10.3
1,10,50,S++,S++_5,S++_14,10.3
1,10,50,S++,S++_5,S++_18,10.3
1,10,50,S++,S++_5,S++_24,10.3
1,10,50,S++,S++_5,S++_26,10.3
1,10,50,S++,S++_5,S++_31,10.3
1,10,50,S++,S++_5,S++_35,10.3
1,10,50,S++,S++_5,S++_12,10
1,10,50,S++,S++_5,S++_16,10
1,10,50,S++,S++_5,S++_20,10
1,10,50,S++,S++_5,S++_42,10
1,10,50,S++,S++_5,S++_8,10
1,10,50,S++,S++_5,S++_37,10
1,10,50,S++,S++_5,S++_39,10
1,10,50,S++,S++_5,S++_6,10.3
1,10,50,S++,S++_5,S++_29,10.3
1,10,50,S++,S++_5,S++_43,10.3
1,10,50,S++,S++_5,S++_45,10.3
1,10,50,S++,S++_5,S++_23,10
1,10,50,S++,S++_5,S++_34,10
1,10,50,S++,S++_5,S++_46,10
1,10,50,S++,S++_5,S++_19,10.3
1,10,50,S++,S++_5,S++_28,10.3
1,10,50,S++,S++_5,S++_48,10.3
1,10,50,S++,S++_5,S++_22,10
1,10,50,S++,S++_5,S++_30,10
1,10,50,S++,S++_5,S++_41,10
1,10,50,S++,S++_5,S++_47,10
1,10,50,S++,S++_5,S++_7,10
1,10,50,S++,S++_5,S++_11,10
1,10,50,S++,S++_5,S++_44,10
1,10,50,S++,S++_5,S++_49,10
1,10,50,S++,S++_5,S++_38,10.3
1,10,50,S++,S++_5,S++_9,10.3
1,10,50,S++,S++_5,S++_32,10.3
1,10,50,S++,S++_5,S++_33,10.3
1,10,50,S++,S++_5,S++_36,10.3
1,10,50,S++,S++_5,S++_40,10.3
1,10,50,S++,S++_5,S++_50,10.3
1,10,50,S++,S++_5,S++_25,10.6
1,10,50,S++,S++_5,S++_27,10.6
1,10,50,S++,S++_5,S++_21,10.6
1,10,50,S++,S++_5,S++_13,10.3
1,10,50,S++,S++_6,S++_10,10.3
1,10,50,S++,S++_6,S++_21,10.3
1,10,50,S++,S++_6,S++_28,10.3
1,10,50,S++,S++_6,S++_48,10.3
1,10,50,S++,S++_6,S++_17,10.3
1,10,50,S++,S++_6,S++_25,10.3
1,10,50,S++,S++_6,S++_34,10.3
1,10,50,S++,S++_6,S++_49,10.3
1,10,50,S++,S++_6,S++_16,10
1,10,50,S++,S++_6,S++_41,10
1,10,50,S++,S++_6,S++_42,10
1,10,50,S++,S++_6,S++_43,10
1,10,50,S++,S++_6,S++_13,10
1,10,50,S++,S++_6,S++_35,10
1,10,50,S++,S++_6,S++_37,10.3
1,10,50,S++,S++_6,S++_22,10.3
1,10,50,S++,S++_6,S++_27,10.3
1,10,50,S++,S++_6,S++_32,10.9
1,10,50,S++,S++_6,S++_40,10.9
1,10,50,S++,S++_6,S++_9,10.6
1,10,50,S++,S++_6,S++_18,10.6
1,10,50,S++,S++_6,S++_46,10.6
1,10,50,S++,S++_6,S++_11,10.9
1,10,50,S++,S++_6,S++_26,10.9
1,10,50,S++,S++_6,S++_33,10.9
1,10,50,S++,S++_6,S++_44,10.9
1,10,50,S++,S++_6,S++_8,10.6
1,10,50,S++,S++_6,S++_50,10.6
1,10,50,S++,S++_6,S++_23,10.6
1,10,50,S++,S++_6,S++_45,10.6
1,10,50,S++,S++_6,S++_19,10.3
1,10,50,S++,S++_6,S++_29,10.3
1,10,50,S++,S++_6,S++_30,10.3
1,10,50,S++,S++_6,S++_36,10.3
1,10,50,S++,S++_6,S++_38,10.3
1,10,50,S++,S++_6,S++_47,10.3
1,10,50,S++,S++_6,S++_39,10.3
1,10,50,S++,S++_6,S++_12,10.6
1,10,50,S++,S++_6,S++_20,10.6
1,10,50,S++,S++_6,S++_31,10.6
1,10,50,S++,S++_6,S++_7,10.3
1,10,50,S++,S++_6,S++_14,10.3
1,10,50,S++,S++_6,S++_24,10.3
1,10,50,S++,S++_7,S++_9,10.9
1,10,50,S++,S++_7,S++_11,10.9
1,10,50,S++,S++_7,S++_17,10.9
1,10,50,S++,S++_7,S++_22,10.9
1,10,50,S++,S++_7,S++_30,10.9
1,10,50,S++,S++_7,S++_45,10.9
1,10,50,S++,S++_7,S++_46,10.6
1,10,50,S++,S++_7,S++_35,10.9
1,10,50,S++,S++_7,S++_19,10.6
1,10,50,S++,S++_7,S++_36,10.6
1,10,50,S++,S++_7,S++_40,10.6
1,10,50,S++,S++_7,S++_48,10.6
1,10,50,S++,S++_7,S++_8,10.9
1,10,50,S++,S++_7,S++_16,10.9
1,10,50,S++,S++_7,S++_25,10.9
1,10,50,S++,S++_7,S++_34,10.9
1,10,50,S++,S++_7,S++_47,10.3
1,10,50,S++,S++_7,S++_49,10.3
1,10,50,S++,S++_7,S++_43,10.3
1,10,50,S++,S++_7,S++_28,10.6
1,10,50,S++,S++_7,S++_24,10.6
1,10,50,S++,S++_7,S++_31,10.6
1,10,50,S++,S++_7,S++_37,10.6
1,10,50,S++,S++_7,S++_10,10.3
1,10,50,S++,S++_7,S++_14,10.3
1,10,50,S++,S++_7,S++_21,10.3
1,10,50,S++,S++_7,S++_33,10.3
1,10,50,S++,S++_7,S++_44,10.3
1,10,50,S++,S++_7,S++_50,10.3
1,10,50,S++,S++_7,S++_20,10.3
1,10,50,S++,S++_7,S++_23,10.3
1,10,50,S++,S++_7,S++_27,10.3
1,10,50,S++,S++_7,S++_12,10.6
1,10,50,S++,S++_7,S++_32,10.6
1,10,50,S++,S++_7,S++_26,10.6
1,10,50,S++,S++_7,S++_38,10.6
1,10,50,S++,S++_7,S++_42,10.6
1,10,50,S++,S++_7,S++_29,10.3
1,10,50,S++,S++_7,S++_41,10.3
1,10,50,S++,S++_7,S++_13,10
1,10,50,S++,S++_7,S++_15,10
1,10,50,S++,S++_7,S++_39,10
1,10,50,S++,S++_8,S++_17,10.3
1,10,50,S++,S++_8,S++_19,10.3
1,10,50,S++,S++_8,S++_23,10.9
1,10,50,S++,S++_8,S++_35,10.9
1,10,50,S++,S++_8,S++_47,10.9
1,10,50,S++,S++_8,S++_10,10.9
1,10,50,S++,S++_8,S++_24,10.9
1,10,50,S++,S++_8,S++_43,10.6
1,10,50,S++,S++_8,S++_50,10.6
1,10,50,S++,S++_8,S++_25,10.6
1,10,50,S++,S++_8,S++_37,10.6
1,10,50,S++,S++_8,S++_44,10.6
1,10,50,S++,S++_8,S++_45,10.6
1,10,50,S++,S++_8,S++_11,10.9
1,10,50,S++,S++_8,S++_18,10.9
1,10,50,S++,S++_8,S++_20,10.9
1,10,50,S++,S++_8,S++_12,10.9
1,10,50,S++,S++_8,S++_32,10.9
1,10,50,S++,S++_8,S++_15,10.6
1,10,50,S++,S++_8,S++_31,10.6
1,10,50,S++,S++_8,S++_9,10.6
1,10,50,S++,S++_8,S++_29,10.6
1,10,50,S++,S++_8,S++_34,10.3
1,10,50,S++,S++_8,S++_46,10.3
1,10,50,S++,S++_8,S++_36,10.6
1,10,50,S++,S++_8,S++_41,10.6
1,10,50,S++,S++_8,S++_21,10.3
1,10,50,S++,S++_8,S++_27,10.3
1,10,50,S++,S++_8,S++_40,10.3
1,10,50,S++,S++_8,S++_42,10.3
1,10,50,S++,S++_8,S++_48,10.3
1,10,50,S++,S++_8,S++_49,10.3
1,10,50,S++,S++_8,S++_22,10.3
1,10,50,S++,S++_8,S++_26,10.3
1,10,50,S++,S++_8,S++_28,10.3
1,10,50,S++,S++_8,S++_30,10.3
1,10,50,S++,S++_8,S++_38,10.3
1,10,50,S++,S++_8,S++_33,10.6
1,10,50,S++,S++_8,S++_39,10.3
1,10,50,S++,S++_8,S++_14,10
1,10,50,S++,S++_8,S++_16,10
1,10,50,S++,S++_9,S++_30,10.9
1,10,50,S++,S++_9,S++_36,10.9
1,10,50,S++,S++_9,S++_47,10.9
1,10,50,S++,S++_9,S++_27,10.9
1,10,50,S++,S++_9,S++_14,10.6
1,10,50,S++,S++_9,S++_37,10.6
1,10,50,S++,S++_9,S++_22,10.6
1,10,50,S++,S++_9,S++_33,10.6
1,10,50,S++,S++_9,S++_44,10.6
1,10,50,S++,S++_9,S++_16,10.9
1,10,50,S++,S++_9,S++_43,10.9
1,10,50,S++,S++_9,S++_45,10.9
1,10,50,S++,S++_9,S++_15,10.6
1,10,50,S++,S++_9,S++_38,10.6
1,10,50,S++,S++_9,S++_46,10.6
1,10,50,S++,S++_9,S++_19,10.6
1,10,50,S++,S++_9,S++_21,10.3
1,10,50,S++,S++_9,S++_25,10.3
1,10,50,S++,S++_9,S++_29,10.6
1,10,50,S++,S++_9,S++_32,10.6
1,10,50,S++,S++_9,S++_26,10.6
1,10,50,S++,S++_9,S++_34,10.6
1,10,50,S++,S++_9,S++_40,10.6
1,10,50,S++,S++_9,S++_48,10.6
1,10,50,S++,S++_9,S++_24,10.3
1,10,50,S++,S++_9,S++_49,10.3
1,10,50,S++,S++_9,S++_28,10.3
1,10,50,S++,S++_9,S++_39,10.3
1,10,50,S++,S++_9,S++_42,10.3
1,10,50,S++,S++_9,S++_18,10.6
1,10,50,S++,S++_9,S++_23,10.6
1,10,50,S++,S++_9,S++_35,10.6
1,10,50,S++,S++_9,S++_20,10.6
1,10,50,S++,S++_9,S++_10,10.3
1,10,50,S++,S++_9,S++_11,10.3
1,10,50,S++,S++_9,S++_12,10.3
1,10,50,S++,S++_9,S++_31,10.3
1,10,50,S++,S++_9,S++_41,10.3
1,10,50,S++,S++_9,S++_50,10.3
1,10,50,S++,S++_9,S++_13,10
1,10,50,S++,S++_9,S++_17,10
1,10,50,S++,S++_10,S++_22,10.9
1,10,50,S++,S++_10,S++_33,10.9
1,10,50,S++,S++_10,S++_44,10.3
1,10,50,S++,S++_10,S++_45,10.3
1,10,50,S++,S++_10,S++_47,10.3
1,10,50,S++,S++_10,S++_21,10.3
1,10,50,S++,S++_10,S++_48,10.3
1,10,50,S++,S++_10,S++_13,10
1,10,50,S++,S++_10,S++_20,10
1,10,50,S++,S++_10,S++_46,10
1,10,50,S++,S++_10,S++_15,10
1,10,50,S++,S++_10,S++_17,10
1,10,50,S++,S++_10,S++_14,10.3
1,10,50,S++,S++_10,S++_19,10.3
1,10,50,S++,S++_10,S++_27,10.3
1,10,50,S++,S++_10,S++_30,10.3
1,10,50,S++,S++_10,S++_11,10
1,10,50,S++,S++_10,S++_25,10
1,10,50,S++,S++_10,S++_28,10
1,10,50,S++,S++_10,S++_29,10.6
1,10,50,S++,S++_10,S++_37,10.6
1,10,50,S++,S++_10,S++_36,9.7
1,10,50,S++,S++_10,S++_42,9.7
1,10,50,S++,S++_10,S++_43,9.7
1,10,50,S++,S++_10,S++_18,9.7
1,10,50,S++,S++_10,S++_26,9.7
1,10,50,S++,S++_10,S++_31,9.7
1,10,50,S++,S++_10,S++_50,9.7
1,10,50,S++,S++_10,S++_24,10
1,10,50,S++,S++_10,S++_41,10
1,10,50,S++,S++_10,S++_49,10
1,10,50,S++,S++_10,S++_23,10.3
1,10,50,S++,S++_10,S++_35,10.3
1,10,50,S++,S++_10,S++_34,10.3
1,10,50,S++,S++_10,S++_39,10
1,10,50,S++,S++_10,S++_40,10
1,10,50,S++,S++_10,S++_16,10
1,10,50,S++,S++_10,S++_32,10
1,10,50,S++,S++_10,S++_38,10.3
1,10,50,S++,S++_10,S++_12,10
1,10,50,S++,S++_11,S++_13,10.3
1,10,50,S++,S++_11,S++_16,10.3
1,10,50,S++,S++_11,S++_34,10.3
1,10,50,S++,S++_11,S++_37,10.3
1,10,50,S++,S++_11,S++_49,10.3
1,10,50,S++,S++_11,S++_27,10
1,10,50,S++,S++_11,S++_36,10
1,10,50,S++,S++_11,S++_48,10
1,10,50,S++,S++_11,S++_40,10
1,10,50,S++,S++_11,S++_46,10
1,10,50,S++,S++_11,S++_15,10.3
1,10,50,S++,S++_11,S++_33,10.3
1,10,50,S++,S++_11,S++_44,10.3
1,10,50,S++,S++_11,S++_22,10
1,10,50,S++,S++_11,S++_39,10
1,10,50,S++,S++_11,S++_21,10
1,10,50,S++,S++_11,S++_30,10
1,10,50,S++,S++_11,S++_14,9.7
1,10,50,S++,S++_11,S++_23,9.7
1,10,50,S++,S++_11,S++_28,9.7
1,10,50,S++,S++_11,S++_29,9.7
1,10,50,S++,S++_11,S++_25,9.7
1,10,50,S++,S++_11,S++_12,10
1,10,50,S++,S++_11,S++_24,10
1,10,50,S++,S++_11,S++_42,10
1,10,50,S++,S++_11,S++_45,10
1,10,50,S++,S++_11,S++_47,10
1,10,50,S++,S++_11,S++_43,10
1,10,50,S++,S++_11,S++_31,10.3
1,10,50,S++,S++_11,S++_19,10
1,10,50,S++,S++_11,S++_20,10
1,10,50,S++,S++_11,S++_26,10
1,10,50,S++,S++_11,S++_35,10
1,10,50,S++,S++_11,S++_41,10
1,10,50,S++,S++_11,S++_50,10
1,10,50,S++,S++_11,S++_17,10.3
1,10,50,S++,S++_11,S++_18,10.3
1,10,50,S++,S++_11,S++_32,10
1,10,50,S++,S++_11,S++_38,10
1,10,50,S++,S++_12,S++_23,10.3
1,10,50,S++,S++_12,S++_31,10.3
1,10,50,S++,S++_12,S++_18,10.3
1,10,50,S++,S++_12,S++_35,9.7
1,10,50,S++,S++_12,S++_42,9.7
1,10,50,S++,S++_12,S++_17,9.7
1,10,50,S++,S++_12,S++_24,9.7
1,10,50,S++,S++_12,S++_39,9.7
1,10,50,S++,S++_12,S++_48,9.7
1,10,50,S++,S++_12,S++_14,10
1,10,50,S++,S++_12,S++_16,9.4
1,10,50,S++,S++_12,S++_21,9.4
1,10,50,S++,S++_12,S++_38,9.4
1,10,50,S++,S++_12,S++_41,9.4
1,10,50,S++,S++_12,S++_45,9.4
1,10,50,S++,S++_12,S++_46,9.7
1,10,50,S++,S++_12,S++_47,9.7
1,10,50,S++,S++_12,S++_50,9.7
1,10,50,S++,S++_12,S++_15,9.4
1,10,50,S++,S++_12,S++_20,9.4
1,10,50,S++,S++_12,S++_30,9.4
1,10,50,S++,S++_12,S++_49,9.7
1,10,50,S++,S++_12,S++_13,9.7
1,10,50,S++,S++_12,S++_25,9.7
1,10,50,S++,S++_12,S++_26,9.7
1,10,50,S++,S++_12,S++_37,9.7
1,10,50,S++,S++_12,S++_44,9.7
1,10,50,S++,S++_12,S++_32,10
1,10,50,S++,S++_12,S++_34,10
1,10,50,S++,S++_12,S++_40,10
1,10,50,S++,S++_12,S++_22,10
1,10,50,S++,S++_13,S++_32,9.4
1,10,50,S++,S++_13,S++_49,9.4
1,10,50,S++,S++_13,S++_22,9.4
1,10,50,S++,S++_13,S++_44,9.4
1,10,50,S++,S++_13,S++_26,9.7
1,10,50,S++,S++_13,S++_23,10
1,10,50,S++,S++_13,S++_25,10
1,10,50,S++,S++_13,S++_46,10
1,10,50,S++,S++_14,S++_32,9.4
1,10,50,S++,S++_14,S++_49,9.4
1,10,50,S++,S++_14,S++_16,9.4
1,10,50,S++,S++_14,S++_37,9.4
1,10,50,S++,S++_14,S++_39,9.7
1,10,50,S++,S++_14,S++_20,9.7
1,10,50,S++,S++_14,S++_18,9.4
1,10,50,S++,S++_14,S++_25,9.4
1,10,50,S++,S++_14,S++_26,9.4
1,10,50,S++,S++_14,S++_30,9.4
1,10,50,S++,S++_14,S++_38,9.4
1,10,50,S++,S++_14,S++_19,9.7
1,10,50,S++,S++_14,S++_22,9.7
1,10,50,S++,S++_14,S++_41,9.7
1,10,50,S++,S++_14,S++_33,9.7
1,10,50,S++,S++_14,S++_15,10
1,10,50,S++,S++_14,S++_24,10
1,10,50,S++,S++_14,S++_27,10
1,10,50,S++,S++_14,S++_31,10
1,10,50,S++,S++_14,S++_35,10
1,10,50,S++,S++_14,S++_36,10
1,10,50,S++,S++_14,S++_47,10
1,10,50,S++,S++_14,S++_48,10
1,10,50,S++,S++_15,S++_26,9.4
1,10,50,S++,S++_15,S++_44,9.4
1,10,50,S++,S++_15,S++_45,9.4
1,10,50,S++,S++_15,S++_20,9.4
1,10,50,S++,S++_15,S++_29,9.4
1,10,50,S++,S++_15,S++_39,9.4
1,10,50,S++,S++_15,S++_46,9.4
1,10,50,S++,S++_15,S++_30,9.7
1,10,50,S++,S++_15,S++_33,9.7
1,10,50,S++,S++_15,S++_34,9.7
1,10,50,S++,S++_15,S++_25,10
1,10,50,S++,S++_15,S++_28,10
1,10,50,S++,S++_15,S++_21,10
1,10,50,S++,S++_15,S++_22,10
1,10,50,S++,S++_15,S++_40,10
1,10,50,S++,S++_15,S++_48,10
1,10,50,S++,S++_16,S++_27,9.4
1,10,50,S++,S++_16,S++_19,9.4
1,10,50,S++,S++_16,S++_29,9.4
1,10,50,S++,S++_16,S++_31,9.7
1,10,50,S++,S++_16,S++_23,9.7
1,10,50,S++,S++_16,S++_38,9.7
1,10,50,S++,S++_16,S++_45,9.7
1,10,50,S++,S++_16,S++_20,10
1,10,50,S++,S++_16,S++_37,10
1,10,50,S++,S++_16,S++_47,10
1,10,50,S++,S++_16,S++_50,10
1,10,50,S++,S++_16,S++_26,10
1,10,50,S++,S++_16,S++_39,10
1,10,50,S++,S++_16,S++_46,10
1,10,50,S++,S++_17,S++_25,9.4
1,10,50,S++,S++_17,S++_38,9.4
1,10,50,S++,S++_17,S++_43,9.4
1,10,50,S++,S++_17,S++_49,9.4
1,10,50,S++,S++_17,S++_35,9.7
1,10,50,S++,S++_17,S++_40,9.7
1,10,50,S++,S++_17,S++_48,9.7
1,10,50,S++,S++_17,S++_31,9.7
1,10,50,S++,S++_17,S++_39,9.7
1,10,50,S++,S++_17,S++_50,9.7
1,10,50,S++,S++_17,S++_41,10
1,10,50,S++,S++_17,S++_47,10
1,10,50,S++,S++_17,S++_22,10
1,10,50,S++,S++_17,S++_34,10
1,10,50,S++,S++_17,S++_36,10
1,10,50,S++,S++_18,S++_35,9.4
1,10,50,S++,S++_18,S++_37,9.4
1,10,50,S++,S++_18,S++_21,9.7
1,10,50,S++,S++_18,S++_48,9.7
1,10,50,S++,S++_18,S++_31,9.7
1,10,50,S++,S++_18,S++_33,9.7
1,10,50,S++,S++_18,S++_40,9.7
1,10,50,S++,S++_18,S++_45,9.7
1,10,50,S++,S++_18,S++_41,10
1,10,50,S++,S++_18,S++_43,10
1,10,50,S++,S++_19,S++_48,9.4
1,10,50,S++,S++_19,S++_43,9.4
1,10,50,S++,S++_19,S++_29,9.7
1,10,50,S++,S++_19,S++_45,9.7
1,10,50,S++,S++_19,S++_28,9.7
1,10,50,S++,S++_19,S++_35,9.7
1,10,50,S++,S++_19,S++_36,9.7
1,10,50,S++,S++_19,S++_37,9.7
1,10,50,S++,S++_19,S++_42,9.7
1,10,50,S++,S++_19,S++_39,10
1,10,50,S++,S++_19,S++_40,10
1,10,50,S++,S++_19,S++_20,10
1,10,50,S++,S++_19,S++_21,10
1,10,50,S++,S++_19,S++_26,10
1,10,50,S++,S++_19,S++_31,10
1,10,50,S++,S++_19,S++_33,10
1,10,50,S++,S++_19,S++_38,10
1,10,50,S++,S++_19,S++_50,10
1,10,50,S++,S++_20,S++_24,9.7
1,10,50,S++,S++_20,S++_44,9.7
1,10,50,S++,S++_20,S++_28,9.7
1,10,50,S++,S++_20,S++_33,9.4
1,10,50,S++,S++_20,S++_38,10
1,10,50,S++,S++_20,S++_23,10
1,10,50,S++,S++_20,S++_36,10
1,10,50,S++,S++_20,S++_34,9.7
1,10,50,S++,S++_20,S++_39,10.3
1,10,50,S++,S++_20,S++_47,10.3
1,10,50,S++,S++_20,S++_42,10.3
1,10,50,S++,S++_20,S++_31,10
1,10,50,S++,S++_20,S++_32,10
1,10,50,S++,S++_20,S++_40,10
1,10,50,S++,S++_20,S++_43,10
1,10,50,S++,S++_20,S++_21,9.7
1,10,50,S++,S++_20,S++_49,9.7
1,10,50,S++,S++_20,S++_22,10
1,10,50,S++,S++_20,S++_35,10
1,10,50,S++,S++_20,S++_50,10
1,10,50,S++,S++_20,S++_26,10
1,10,50,S++,S++_20,S++_27,9.7
1,10,50,S++,S++_20,S++_29,9.7
1,10,50,S++,S++_20,S++_46,9.7
1,10,50,S++,S++_20,S++_30,9.4
1,10,50,S++,S++_20,S++_41,9.4
1,10,50,S++,S++_20,S++_45,9.4
1,10,50,S++,S++_20,S++_37,9.4
1,10,50,S++,S++_20,S++_25,9.7
1,10,50,S++,S++_21,S++_27,10.9
1,10,50,S++,S++_21,S++_34,10.9
1,10,50,S++,S++_21,S++_31,10.6
1,10,50,S++,S++_21,S++_35,10.6
1,10,50,S++,S++_21,S++_36,10.3
1,10,50,S++,S++_21,S++_24,10.3
1,10,50,S++,S++_21,S++_25,10.3
1,10,50,S++,S++_21,S++_37,10.3
1,10,50,S++,S++_21,S++_22,10
1,10,50,S++,S++_21,S++_33,10
1,10,50,S++,S++_21,S++_38,10
1,10,50,S++,S++_21,S++_28,10
1,10,50,S++,S++_21,S++_49,9.7
1,10,50,S++,S++_21,S++_29,10.3
1,10,50,S++,S++_21,S++_32,10.3
1,10,50,S++,S++_21,S++_40,10.3
1,10,50,S++,S++_21,S++_44,10.3
1,10,50,S++,S++_21,S++_46,10.3
1,10,50,S++,S++_21,S++_26,10
1,10,50,S++,S++_21,S++_42,10
1,10,50,S++,S++_21,S++_50,10
1,10,50,S++,S++_21,S++_30,10
1,10,50,S++,S++_21,S++_23,9.7
1,10,50,S++,S++_21,S++_45,9.7
1,10,50,S++,S++_21,S++_47,9.7
1,10,50,S++,S++_21,S++_41,9.7
1,10,50,S++,S++_21,S++_39,9.4
1,10,50,S++,S++_21,S++_43,9.4
1,10,50,S++,S++_21,S++_48,9.4
1,10,50,S++,S++_22,S++_24,11.5
1,10,50,S++,S++_22,S++_39,11.5
1,10,50,S++,S++_22,S++_49,11.5
1,10,50,S++,S++_22,S++_33,11.2
1,10,50,S++,S++_22,S++_35,11.2
1,10,50,S++,S++_22,S++_36,11.2
1,10,50,S++,S++_22,S++_27,10.9
1,10,50,S++,S++_22,S++_29,10.9
1,10,50,S++,S++_22,S++_40,10.9
1,10,50,S++,S++_22,S++_26,10.9
1,10,50,S++,S++_22,S++_48,10.9
1,10,50,S++,S++_22,S++_23,10.6
1,10,50,S++,S++_22,S++_31,10.6
1,10,50,S++,S++_22,S++_34,10.6
1,10,50,S++,S++_22,S++_37,10.3
1,10,50,S++,S++_22,S++_44,10.3
1,10,50,S++,S++_22,S++_25,10.3
1,10,50,S++,S++_22,S++_30,10.3
1,10,50,S++,S++_22,S++_38,10
1,10,50,S++,S++_22,S++_41,10
1,10,50,S++,S++_22,S++_42,10
1,10,50,S++,S++_22,S++_46,10
1,10,50,S++,S++_22,S++_50,10
1,10,50,S++,S++_22,S++_28,10
1,10,50,S++,S++_22,S++_45,10
1,10,50,S++,S++_22,S++_32,9.7
1,10,50,S++,S++_22,S++_43,9.4
1,10,50,S++,S++_22,S++_47,9.4
1,10,50,S++,S++_23,S++_45,11.5
1,10,50,S++,S++_23,S++_24,11.2
1,10,50,S++,S++_23,S++_28,11.2
1,10,50,S++,S++_23,S++_32,11.2
1,10,50,S++,S++_23,S++_43,11.2
1,10,50,S++,S++_23,S++_44,11.2
1,10,50,S++,S++_23,S++_29,10.9
1,10,50,S++,S++_23,S++_37,10.9
1,10,50,S++,S++_23,S++_42,10.9
1,10,50,S++,S++_23,S++_26,10.9
1,10,50,S++,S++_23,S++_31,10.6
1,10,50,S++,S++_23,S++_50,10
1,10,50,S++,S++_23,S++_36,10
1,10,50,S++,S++_23,S++_35,9.7
1,10,50,S++,S++_23,S++_39,9.7
1,10,50,S++,S++_23,S++_30,9.7
1,10,50,S++,S++_23,S++_47,9.7
1,10,50,S++,S++_23,S++_27,9.4
1,10,50,S++,S++_23,S++_41,9.4
1,10,50,S++,S++_23,S++_49,9.4
1,10,50,S++,S++_23,S++_33,9.4
1,10,50,S++,S++_23,S++_34,9.4
1,10,50,S++,S++_23,S++_40,9.4
1,10,50,S++,S++_23,S++_48,9.4
1,10,50,S++,S++_23,S++_46,10
1,10,50,S++,S++_24,S++_28,10.9
1,10,50,S++,S++_24,S++_32,10.9
1,10,50,S++,S++_24,S++_35,10.9
1,10,50,S++,S++_24,S++_39,10.6
1,10,50,S++,S++_24,S++_40,10.6
1,10,50,S++,S++_24,S++_27,10.6
1,10,50,S++,S++_24,S++_47,10.6
1,10,50,S++,S++_24,S++_26,10.3
1,10,50,S++,S++_24,S++_42,10.3
1,10,50,S++,S++_24,S++_44,10
1,10,50,S++,S++_24,S++_49,10
1,10,50,S++,S++_24,S++_25,9.7
1,10,50,S++,S++_24,S++_38,9.7
1,10,50,S++,S++_24,S++_29,9.4
1,10,50,S++,S++_24,S++_41,9.4
1,10,50,S++,S++_24,S++_43,9.4
1,10,50,S++,S++_24,S++_46,9.4
1,10,50,S++,S++_24,S++_48,9.4
1,10,50,S++,S++_24,S++_31,9.4
1,10,50,S++,S++_24,S++_30,9.4
1,10,50,S++,S++_24,S++_33,9.4
1,10,50,S++,S++_24,S++_36,9.7
1,10,50,S++,S++_24,S++_37,10
1,10,50,S++,S++_24,S++_34,10
1,10,50,S++,S++_24,S++_45,10
1,10,50,S++,S++_25,S++_40,10.9
1,10,50,S++,S++_25,S++_31,10.9
1,10,50,S++,S++_25,S++_33,10.9
1,10,50,S++,S++_25,S++_48,10.9
1,10,50,S++,S++_25,S++_27,10.6
1,10,50,S++,S++_25,S++_47,10.6
1,10,50,S++,S++_25,S++_28,10.6
1,10,50,S++,S++_25,S++_29,10
1,10,50,S++,S++_25,S++_34,10
1,10,50,S++,S++_25,S++_38,10
1,10,50,S++,S++_25,S++_46,10
1,10,50,S++,S++_25,S++_26,9.7
1,10,50,S++,S++_25,S++_30,9.7
1,10,50,S++,S++_25,S++_44,9.7
1,10,50,S++,S++_25,S++_36,9.7
1,10,50,S++,S++_25,S++_39,9.7
1,10,50,S++,S++_25,S++_50,9.7
1,10,50,S++,S++_25,S++_35,9.4
1,10,50,S++,S++_25,S++_37,9.4
1,10,50,S++,S++_25,S++_32,9.4
1,10,50,S++,S++_25,S++_43,9.4
1,10,50,S++,S++_25,S++_45,9.4
1,10,50,S++,S++_25,S++_49,9.4
1,10,50,S++,S++_25,S++_41,10
1,10,50,S++,S++_25,S++_42,10
1,10,50,S++,S++_26,S++_42,10.9
1,10,50,S++,S++_26,S++_37,10.9
1,10,50,S++,S++_26,S++_39,10.9
1,10,50,S++,S++_26,S++_38,10.3
1,10,50,S++,S++_26,S++_47,10.3
1,10,50,S++,S++_26,S++_35,10
1,10,50,S++,S++_26,S++_44,10
1,10,50,S++,S++_26,S++_50,10
1,10,50,S++,S++_26,S++_46,10
1,10,50,S++,S++_26,S++_31,9.7
1,10,50,S++,S++_26,S++_45,9.7
1,10,50,S++,S++_26,S++_28,9.4
1,10,50,S++,S++_26,S++_29,9.4
1,10,50,S++,S++_26,S++_32,9.4
1,10,50,S++,S++_26,S++_33,9.4
1,10,50,S++,S++_26,S++_43,9.4
1,10,50,S++,S++_26,S++_40,9.4
1,10,50,S++,S++_26,S++_36,9.4
1,10,50,S++,S++_26,S++_41,9.4
1,10,50,S++,S++_26,S++_30,9.7
1,10,50,S++,S++_26,S++_49,9.7
1,10,50,S++,S++_27,S++_45,10.9
1,10,50,S++,S++_27,S++_34,10.9
1,10,50,S++,S++_27,S++_48,10.9
1,10,50,S++,S++_27,S++_37,10.3
1,10,50,S++,S++_27,S++_41,10.3
1,10,50,S++,S++_27,S++_49,10.3
1,10,50,S++,S++_27,S++_30,10
1,10,50,S++,S++_27,S++_35,9.7
1,10,50,S++,S++_27,S++_36,9.7
1,10,50,S++,S++_27,S++_40,9.7
1,10,50,S++,S++_27,S++_46,9.7
1,10,50,S++,S++_27,S++_28,10
1,10,50,S++,S++_27,S++_32,10
1,10,50,S++,S++_27,S++_38,10
1,10,50,S++,S++_27,S++_33,10
1,10,50,S++,S++_27,S++_43,10
1,10,50,S++,S++_27,S++_47,10
1,10,50,S++,S++_27,S++_29,9.7
1,10,50,S++,S++_27,S++_39,9.7
1,10,50,S++,S++_27,S++_31,9.4
1,10,50,S++,S++_27,S++_42,9.4
1,10,50,S++,S++_27,S++_44,9.4
1,10,50,S++,S++_27,S++_50,9.7
1,10,50,S++,S++_28,S++_44,11.5
1,10,50,S++,S++_28,S++_45,11.5
1,10,50,S++,S++_28,S++_43,11.2
1,10,50,S++,S++_28,S++_48,11.2
1,10,50,S++,S++_28,S++_35,11.2
1,10,50,S++,S++_28,S++_36,11.2
1,10,50,S++,S++_28,S++_41,10.9
1,10,50,S++,S++_28,S++_49,10.9
1,10,50,S++,S++_28,S++_32,10.6
1,10,50,S++,S++_28,S++_31,10.3
1,10,50,S++,S++_28,S++_34,10.3
1,10,50,S++,S++_28,S++_29,10
1,10,50,S++,S++_28,S++_30,10
1,10,50,S++,S++_28,S++_33,10
1,10,50,S++,S++_28,S++_39,9.4
1,10,50,S++,S++_28,S++_42,9.4
1,10,50,S++,S++_28,S++_46,9.4
1,10,50,S++,S++_28,S++_38,9.7
1,10,50,S++,S++_28,S++_37,9.7
1,10,50,S++,S++_28,S++_50,9.7
1,10,50,S++,S++_28,S++_40,9.4
1,10,50,S++,S++_28,S++_47,9.4
1,10,50,S++,S++_29,S++_32,10.9
1,10,50,S++,S++_29,S++_38,10.9
1,10,50,S++,S++_29,S++_46,10.9
1,10,50,S++,S++_29,S++_47,10
1,10,50,S++,S++_29,S++_39,10
1,10,50,S++,S++_29,S++_48,10
1,10,50,S++,S++_29,S++_43,10
1,10,50,S++,S++_29,S++_37,9.7
1,10,50,S++,S++_29,S++_36,9.4
1,10,50,S++,S++_29,S++_42,9.4
1,10,50,S++,S++_29,S++_45,9.4
1,10,50,S++,S++_29,S++_33,9.4
1,10,50,S++,S++_29,S++_49,9.4
1,10,50,S++,S++_29,S++_31,9.7
1,10,50,S++,S++_29,S++_35,9.7
1,10,50,S++,S++_29,S++_41,9.7
1,10,50,S++,S++_29,S++_44,9.7
1,10,50,S++,S++_29,S++_34,9.4
1,10,50,S++,S++_29,S++_50,9.4
1,10,50,S++,S++_29,S++_30,9.7
1,10,50,S++,S++_29,S++_40,10
1,10,50,S++,S++_30,S++_36,10.3
1,10,50,S++,S++_30,S++_39,10.3
1,10,50,S++,S++_30,S++_45,10.3
1,10,50,S++,S++_30,S++_33,10
1,10,50,S++,S++_30,S++_44,10
1,10,50,S++,S++_30,S++_48,10
1,10,50,S++,S++_30,S++_49,10
1,10,50,S++,S++_30,S++_37,9.7
1,10,50,S++,S++_30,S++_47,9.7
1,10,50,S++,S++_30,S++_41,9.4
1,10,50,S++,S++_30,S++_40,9.7
1,10,50,S++,S++_30,S++_46,9.7
1,10,50,S++,S++_30,S++_42,9.4
1,10,50,S++,S++_30,S++_50,9.4
1,10,50,S++,S++_30,S++_34,9.4
1,10,50,S++,S++_30,S++_43,9.4
1,10,50,S++,S++_30,S++_31,9.7
1,10,50,S++,S++_30,S++_35,9.7
1,10,50,S++,S++_30,S++_38,9.7
1,10,50,S++,S++_30,S++_32,10
1,10,50,S++,S++_31,S++_46,10.3
1,10,50,S++,S++_31,S++_47,10
1,10,50,S++,S++_31,S++_32,9.7
1,10,50,S++,S++_31,S++_36,9.7
1,10,50,S++,S++_31,S++_39,9.7
1,10,50,S++,S++_31,S++_35,10
1,10,50,S++,S++_31,S++_50,10
1,10,50,S++,S++_31,S++_44,9.7
1,10,50,S++,S++_31,S++_45,9.4
1,10,50,S++,S++_31,S++_48,9.4
1,10,50,S++,S++_31,S++_33,9.4
1,10,50,S++,S++_31,S++_37,9.4
1,10,50,S++,S++_31,S++_41,9.7
1,10,50,S++,S++_31,S++_43,9.7
1,10,50,S++,S++_31,S++_34,9.4
1,10,50,S++,S++_31,S++_40,9.4
1,10,50,S++,S++_31,S++_49,9.4
1,10,50,S++,S++_31,S++_38,9.4
1,10,50,S++,S++_31,S++_42,9.4
1,10,50,S++,S++_32,S++_39,10.3
1,10,50,S++,S++_32,S++_43,9.7
1,10,50,S++,S++_32,S++_50,9.7
1,10,50,S++,S++_32,S++_41,9.7
1,10,50,S++,S++_32,S++_33,10
1,10,50,S++,S++_32,S++_42,10
1,10,50,S++,S++_32,S++_37,9.7
1,10,50,S++,S++_32,S++_35,9.7
1,10,50,S++,S++_32,S++_38,9.7
1,10,50,S++,S++_32,S++_46,10
1,10,50,S++,S++_32,S++_49,10
1,10,50,S++,S++_32,S++_44,9.7
1,10,50,S++,S++_32,S++_34,9.4
1,10,50,S++,S++_32,S++_40,9.4
1,10,50,S++,S++_32,S++_45,9.7
1,10,50,S++,S++_32,S++_36,9.4
1,10,50,S++,S++_32,S++_47,9.4
1,10,50,S++,S++_32,S++_48,9.7
1,10,50,S++,S++_33,S++_34,9.7
1,10,50,S++,S++_33,S++_37,10
1,10,50,S++,S++_33,S++_45,10
1,10,50,S++,S++_33,S++_50,10
1,10,50,S++,S++_33,S++_42,9.4
1,10,50,S++,S++_33,S++_41,9.7
1,10,50,S++,S++_33,S++_48,9.7
1,10,50,S++,S++_33,S++_49,10
1,10,50,S++,S++_33,S++_44,9.7
1,10,50,S++,S++_33,S++_35,9.4
1,10,50,S++,S++_33,S++_40,9.4
1,10,50,S++,S++_33,S++_47,9.4
1,10,50,S++,S++_33,S++_43,9.7
1,10,50,S++,S++_33,S++_46,9.7
1,10,50,S++,S++_33,S++_36,9.4
1,10,50,S++,S++_33,S++_38,9.4
1,10,50,S++,S++_33,S++_39,10
1,10,50,S++,S++_34,S++_37,9.7
1,10,50,S++,S++_34,S++_42,9.7
1,10,50,S++,S++_34,S++_48,9.7
1,10,50,S++,S++_34,S++_44,10
1,10,50,S++,S++_34,S++_49,10
1,10,50,S++,S++_34,S++_39,9.7
1,10,50,S++,S++_34,S++_47,9.4
1,10,50,S++,S++_34,S++_46,9.4
1,10,50,S++,S++_34,S++_36,9.7
1,10,50,S++,S++_34,S++_50,9.7
1,10,50,S++,S++_34,S++_41,9.7
1,10,50,S++,S++_34,S++_35,9.4
1,10,50,S++,S++_34,S++_40,9.4
1,10,50,S++,S++_34,S++_43,9.4
1,10,50,S++,S++_34,S++_45,9.4
1,10,50,S++,S++_34,S++_38,9.7
1,10,50,S++,S++_35,S++_37,9.4
1,10,50,S++,S++_35,S++_39,10
1,10,50,S++,S++_35,S++_41,10
1,10,50,S++,S++_35,S++_42,10
1,10,50,S++,S++_35,S++_50,10
1,10,50,S++,S++_35,S++_46,10.3
1,10,50,S++,S++_35,S++_47,10.3
1,10,50,S++,S++_35,S++_45,10
1,10,50,S++,S++_35,S++_36,10
1,10,50,S++,S++_35,S++_40,10.3
1,10,50,S++,S++_35,S++_44,10.3
1,10,50,S++,S++_35,S++_38,10.3
1,10,50,S++,S++_35,S++_43,10
1,10,50,S++,S++_35,S++_48,10
1,10,50,S++,S++_35,S++_49,9.7
1,10,50,S++,S++_36,S++_44,10.3
1,10,50,S++,S++_36,S++_48,10.3
1,10,50,S++,S++_36,S++_41,10.3
1,10,50,S++,S++_36,S++_45,10.3
1,10,50,S++,S++_36,S++_37,10
1,10,50,S++,S++_36,S++_40,10.3
1,10,50,S++,S++_36,S++_47,10.3
1,10,50,S++,S++_36,S++_49,10.3
1,10,50,S++,S++_36,S++_39,10
1,10,50,S++,S++_36,S++_42,10
1,10,50,S++,S++_36,S++_43,10
1,10,50,S++,S++_36,S++_46,10
1,10,50,S++,S++_36,S++_50,10
1,10,50,S++,S++_36,S++_38,9.7
1,10,50,S++,S++_37,S++_38,9.7
1,10,50,S++,S++_37,S++_45,10
1,10,50,S++,S++_37,S++_48,10
1,10,50,S++,S++_37,S++_40,10.3
1,10,50,S++,S++_37,S++_43,10.3
1,10,50,S++,S++_37,S++_46,10.3
1,10,50,S++,S++_37,S++_49,10.3
1,10,50,S++,S++_37,S++_39,10.3
1,10,50,S++,S++_37,S++_44,10
1,10,50,S++,S++_37,S++_47,10
1,10,50,S++,S++_37,S++_50,10
1,10,50,S++,S++_37,S++_42,10.3
1,10,50,S++,S++_37,S++_41,10
1,10,50,S++,S++_38,S++_47,10.3
1,10,50,S++,S++_38,S++_39,10.3
1,10,50,S++,S++_38,S++_42,10.3
1,10,50,S++,S++_38,S++_50,10.3
1,10,50,S++,S++_38,S++_44,10
1,10,50,S++,S++_38,S++_43,10.3
1,10,50,S++,S++_38,S++_49,10.3
1,10,50,S++,S++_38,S++_46,10.3
1,10,50,S++,S++_38,S++_45,10
1,10,50,S++,S++_38,S++_48,10
1,10,50,S++,S++_38,S++_41,9.7
1,10,50,S++,S++_38,S++_40,9.7
1,10,50,S++,S++_39,S++_43,9.7
1,10,50,S++,S++_39,S++_47,9.7
1,10,50,S++,S++_39,S++_50,9.7
1,10,50,S++,S++_39,S++_44,9.7
1,10,50,S++,S++_39,S++_46,10.3
1,10,50,S++,S++_39,S++_48,10
1,10,50,S++,S++_39,S++_42,10.3
1,10,50,S++,S++_39,S++_45,10.3
1,10,50,S++,S++_39,S++_41,10.3
1,10,50,S++,S++_39,S++_49,10.3
1,10,50,S++,S++_39,S++_40,9.7
1,10,50,S++,S++_40,S++_41,10
1,10,50,S++,S++_40,S++_42,10.3
1,10,50,S++,S++_40,S++_50,10.3
1,10,50,S++,S++_40,S++_48,10.3
1,10,50,S++,S++_40,S++_46,10
1,10,50,S++,S++_40,S++_47,10
1,10,50,S++,S++_40,S++_44,10.3
1,10,50,S++,S++_40,S++_45,10.3
1,10,50,S++,S++_40,S++_49,10
1,10,50,S++,S++_40,S++_43,9.7
1,10,50,S++,S++_41,S++_42,10
1,10,50,S++,S++_41,S++_47,9.4
1,10,50,S++,S++_41,S++_49,9.4
1,10,50,S++,S++_41,S++_48,9.7
1,10,50,S++,S++_41,S++_44,10
1,10,50,S++,S++_41,S++_43,10
1,10,50,S++,S++_41,S++_45,10
1,10,50,S++,S++_41,S++_46,10
1,10,50,S++,S++_41,S++_50,9.7
1,10,50,S++,S++_42,S++_50,9.4
1,10,50,S++,S++_42,S++_44,9.4
1,10,50,S++,S++_42,S++_48,9.4
1,10,50,S++,S++_42,S++_45,10
1,10,50,S++,S++_42,S++_43,10
1,10,50,S++,S++_42,S++_47,9.7
1,10,50,S++,S++_42,S++_49,9.7
1,10,50,S++,S++_42,S++_46,9.7
1,10,50,S++,S++_43,S++_49,9.4
1,10,50,S++,S++_43,S++_50,9.7
1,10,50,S++,S++_43,S++_44,10
1,10,50,S++,S++_43,S++_45,10
1,10,50,S++,S++_43,S++_46,10
1,10,50,S++,S++_43,S++_47,10
1,10,50,S++,S++_43,S++_48,9.7
1,10,50,S++,S++_44,S++_50,9.4
1,10,50,S++,S++_44,S++_45,9.7
1,10,50,S++,S++_44,S++_48,9.4
1,10,50,S++,S++_44,S++_46,9.4
1,10,50,S++,S++_44,S++_47,9.4
1,10,50,S++,S++_44,S++_49,9.7
1,10,50,S++,S++_45,S++_46,9.7
1,10,50,S++,S++_45,S++_49,9.4
1,10,50,S++,S++_45,S++_50,9.4
1,10,50,S++,S++_45,S++_47,9.7
1,10,50,S++,S++_45,S++_48,10
1,10,50,S++,S++_46,S++_48,9.4
1,10,50,S++,S++_46,S++_47,9.7
1,10,50,S++,S++_46,S++_49,9.7
1,10,50,S++,S++_46,S++_50,9.7
1,10,50,S++,S++_47,S++_50,9.4
1,10,50,S++,S++_47,S++_48,10
1,10,50,S++,S++_47,S++_49,9.7
1,10,50,S++,S++_48,S++_49,9.4
1,10,50,S++,S++_48,S++_50,10
1,11,50,S++,S++_1,S++_12,9.4
1,11,50,S++,S++_1,S++_14,9.4
1,11,50,S++,S++_1,S++_18,9.4
1,11,50,S++,S++_1,S++_24,9.4
1,11,50,S++,S++_1,S++_26,9.4
1,11,50,S++,S++_1,S++_33,9.4
1,11,50,S++,S++_1,S++_46,9.7
1,11,50,S++,S++_1,S++_37,9.7
1,11,50,S++,S++_1,S++_38,9.7
1,11,50,S++,S++_1,S++_10,10
1,11,50,S++,S++_1,S++_25,10
1,11,50,S++,S++_1,S++_34,10
1,11,50,S++,S++_1,S++_40,10
1,11,50,S++,S++_1,S++_4,10
1,11,50,S++,S++_1,S++_28,10
1,11,50,S++,S++_1,S++_41,10
1,11,50,S++,S++_1,S++_43,10
1,11,50,S++,S++_1,S++_47,10
1,11,50,S++,S++_1,S++_2,10.3
1,11,50,S++,S++_1,S++_8,10.3
1,11,50,S++,S++_1,S++_11,10.3
1,11,50,S++,S++_1,S++_22,10.3
1,11,50,S++,S++_1,S++_31,10.3
1,11,50,S++,S++_1,S++_49,10
1,11,50,S++,S++_1,S++_19,9.4
1,11,50,S++,S++_1,S++_13,9.7
1,11,50,S++,S++_1,S++_36,9.7
1,11,50,S++,S++_1,S++_3,9.7
1,11,50,S++,S++_1,S++_48,9.7
1,11,50,S++,S++_1,S++_23,10
1,11,50,S++,S++_2,S++_11,9.4
1,11,50,S++,S++_2,S++_25,9.4
1,11,50,S++,S++_2,S++_33,9.4
1,11,50,S++,S++_2,S++_41,9.4
1,11,50,S++,S++_2,S++_6,9.4
1,11,50,S++,S++_2,S++_49,9.4
1,11,50,S++,S++_2,S++_13,9.4
1,11,50,S++,S++_2,S++_21,9.4
1,11,50,S++,S++_2,S++_30,9.4
1,11,50,S++,S++_2,S++_36,9.4
1,11,50,S++,S++_2,S++_17,9.4
1,11,50,S++,S++_2,S++_37,9.4
1,11,50,S++,S++_2,S++_43,9.4
1,11,50,S++,S++_2,S++_22,9.7
1,11,50,S++,S++_2,S++_50,9.7
1,11,50,S++,S++_2,S++_9,9.7
1,11,50,S++,S++_2,S++_18,9.7
1,11,50,S++,S++_2,S++_29,9.7
1,11,50,S++,S++_2,S++_4,10
1,11,50,S++,S++_2,S++_15,10
1,11,50,S++,S++_2,S++_24,10
1,11,50,S++,S++_2,S++_26,10.3
1,11,50,S++,S++_2,S++_31,10.3
1,11,50,S++,S++_2,S++_32,10.3
1,11,50,S++,S++_2,S++_44,10.3
1,11,50,S++,S++_2,S++_16,10.3
1,11,50,S++,S++_2,S++_27,10.3
1,11,50,S++,S++_2,S++_47,10.3
1,11,50,S++,S++_2,S++_12,10
1,11,50,S++,S++_2,S++_19,10
1,11,50,S++,S++_2,S++_20,10
1,11,50,S++,S++_2,S++_35,10
1,11,50,S++,S++_2,S++_7,10
1,11,50,S++,S++_2,S++_28,10
1,11,50,S++,S++_2,S++_23,10.3
1,11,50,S++,S++_2,S++_42,10.3
1,11,50,S++,S++_2,S++_46,10.3
1,11,50,S++,S++_2,S++_38,10
1,11,50,S++,S++_3,S++_11,10
1,11,50,S++,S++_3,S++_21,10
1,11,50,S++,S++_3,S++_22,10
1,11,50,S++,S++_3,S++_24,10
1,11,50,S++,S++_3,S++_17,10
1,11,50,S++,S++_3,S++_32,10
1,11,50,S++,S++_3,S++_33,10
1,11,50,S++,S++_3,S++_35,10
1,11,50,S++,S++_3,S++_40,10
1,11,50,S++,S++_3,S++_39,9.7
1,11,50,S++,S++_3,S++_4,9.7
1,11,50,S++,S++_3,S++_27,9.7
1,11,50,S++,S++_3,S++_28,9.7
1,11,50,S++,S++_3,S++_37,9.7
1,11,50,S++,S++_3,S++_44,9.7
1,11,50,S++,S++_3,S++_45,9.7
1,11,50,S++,S++_3,S++_48,9.7
1,11,50,S++,S++_3,S++_9,10
1,11,50,S++,S++_3,S++_18,9.7
1,11,50,S++,S++_3,S++_34,9.7
1,11,50,S++,S++_3,S++_46,9.7
1,11,50,S++,S++_3,S++_31,9.7
1,11,50,S++,S++_3,S++_7,10
1,11,50,S++,S++_3,S++_23,10
1,11,50,S++,S++_3,S++_26,10
1,11,50,S++,S++_3,S++_29,10
1,11,50,S++,S++_3,S++_20,10
1,11,50,S++,S++_3,S++_30,10
1,11,50,S++,S++_3,S++_38,10
1,11,50,S++,S++_3,S++_41,10
1,11,50,S++,S++_3,S++_43,10
1,11,50,S++,S++_3,S++_12,10.3
1,11,50,S++,S++_3,S++_25,10.3
1,11,50,S++,S++_3,S++_16,10.3
1,11,50,S++,S++_3,S++_36,10.3
1,11,50,S++,S++_3,S++_49,10.3
1,11,50,S++,S++_3,S++_6,10
1,11,50,S++,S++_3,S++_8,10
1,11,50,S++,S++_3,S++_10,10.6
1,11,50,S++,S++_3,S++_13,10.6
1,11,50,S++,S++_3,S++_42,10.6
1,11,50,S++,S++_3,S++_47,10.6
1,11,50,S++,S++_3,S++_50,10.6
1,11,50,S++,S++_3,S++_14,10.6
1,11,50,S++,S++_3,S++_5,10.3
1,11,50,S++,S++_3,S++_15,10.3
1,11,50,S++,S++_3,S++_19,10.3
1,11,50,S++,S++_4,S++_32,10.3
1,11,50,S++,S++_4,S++_44,10.3
1,11,50,S++,S++_4,S++_10,10.6
1,11,50,S++,S++_4,S++_20,10.6
1,11,50,S++,S++_4,S++_50,10.6
1,11,50,S++,S++_4,S++_36,10.3
1,11,50,S++,S++_4,S++_37,10.3
1,11,50,S++,S++_4,S++_9,10
1,11,50,S++,S++_4,S++_19,10
1,11,50,S++,S++_4,S++_22,10
1,11,50,S++,S++_4,S++_26,10
1,11,50,S++,S++_4,S++_47,10
1,11,50,S++,S++_4,S++_33,10
1,11,50,S++,S++_4,S++_41,10
1,11,50,S++,S++_4,S++_42,10
1,11,50,S++,S++_4,S++_48,10
1,11,50,S++,S++_4,S++_17,9.7
1,11,50,S++,S++_4,S++_30,9.7
1,11,50,S++,S++_4,S++_11,9.7
1,11,50,S++,S++_4,S++_43,9.7
1,11,50,S++,S++_4,S++_29,10
1,11,50,S++,S++_4,S++_6,10.3
1,11,50,S++,S++_4,S++_12,10.3
1,11,50,S++,S++_4,S++_21,10.3
1,11,50,S++,S++_4,S++_28,10.3
1,11,50,S++,S++_4,S++_13,10
1,11,50,S++,S++_4,S++_14,10
1,11,50,S++,S++_4,S++_16,10
1,11,50,S++,S++_4,S++_35,10
1,11,50,S++,S++_4,S++_39,10
1,11,50,S++,S++_4,S++_49,10
1,11,50,S++,S++_4,S++_24,10
1,11,50,S++,S++_4,S++_38,10
1,11,50,S++,S++_4,S++_40,9.7
1,11,50,S++,S++_4,S++_18,10
1,11,50,S++,S++_5,S++_15,10
1,11,50,S++,S++_5,S++_10,10
1,11,50,S++,S++_5,S++_14,10
1,11,50,S++,S++_5,S++_18,10
1,11,50,S++,S++_5,S++_24,10
1,11,50,S++,S++_5,S++_26,10
1,11,50,S++,S++_5,S++_31,10
1,11,50,S++,S++_5,S++_35,10
1,11,50,S++,S++_5,S++_12,9.7
1,11,50,S++,S++_5,S++_16,9.7
1,11,50,S++,S++_5,S++_20,9.7
1,11,50,S++,S++_5,S++_42,9.7
1,11,50,S++,S++_5,S++_8,9.7
1,11,50,S++,S++_5,S++_37,9.7
1,11,50,S++,S++_5,S++_39,9.7
1,11,50,S++,S++_5,S++_6,10
1,11,50,S++,S++_5,S++_29,10
1,11,50,S++,S++_5,S++_43,10
1,11,50,S++,S++_5,S++_45,10
1,11,50,S++,S++_5,S++_23,9.7
1,11,50,S++,S++_5,S++_34,9.7
1,11,50,S++,S++_5,S++_46,9.7
1,11,50,S++,S++_5,S++_19,10
1,11,50,S++,S++_5,S++_28,10
1,11,50,S++,S++_5,S++_48,10
1,11,50,S++,S++_5,S++_22,9.7
1,11,50,S++,S++_5,S++_30,9.7
1,11,50,S++,S++_5,S++_41,9.7
1,11,50,S++,S++_5,S++_47,9.7
1,11,50,S++,S++_5,S++_7,9.7
1,11,50,S++,S++_5,S++_11,9.7
1,11,50,S++,S++_5,S++_44,9.7
1,11,50,S++,S++_5,S++_49,9.7
1,11,50,S++,S++_5,S++_38,10
1,11,50,S++,S++_5,S++_9,10
1,11,50,S++,S++_5,S++_32,10
1,11,50,S++,S++_5,S++_33,10
1,11,50,S++,S++_5,S++_36,10
1,11,50,S++,S++_5,S++_40,10
1,11,50,S++,S++_5,S++_50,10
1,11,50,S++,S++_5,S++_25,10.3
1,11,50,S++,S++_5,S++_27,10.3
1,11,50,S++,S++_5,S++_21,10.3
1,11,50,S++,S++_5,S++_13,10
1,11,50,S++,S++_6,S++_10,10
1,11,50,S++,S++_6,S++_21,10
1,11,50,S++,S++_6,S++_28,10
1,11,50,S++,S++_6,S++_48,10
1,11,50,S++,S++_6,S++_17,10
1,11,50,S++,S++_6,S++_25,10
1,11,50,S++,S++_6,S++_34,10
1,11,50,S++,S++_6,S++_49,10
1,11,50,S++,S++_6,S++_16,9.7
1,11,50,S++,S++_6,S++_41,9.7
1,11,50,S++,S++_6,S++_42,9.7
1,11,50,S++,S++_6,S++_43,9.7
1,11,50,S++,S++_6,S++_13,9.7
1,11,50,S++,S++_6,S++_35,9.7
1,11,50,S++,S++_6,S++_37,10
1,11,50,S++,S++_6,S++_22,10
1,11,50,S++,S++_6,S++_27,10
1,11,50,S++,S++_6,S++_32,10.6
1,11,50,S++,S++_6,S++_40,10.6
1,11,50,S++,S++_6,S++_9,10.3
1,11,50,S++,S++_6,S++_18,10.3
1,11,50,S++,S++_6,S++_46,10.3
1,11,50,S++,S++_6,S++_11,10.6
1,11,50,S++,S++_6,S++_26,10.6
1,11,50,S++,S++_6,S++_33,10.6
1,11,50,S++,S++_6,S++_44,10.6
1,11,50,S++,S++_6,S++_8,10.3
1,11,50,S++,S++_6,S++_50,10.3
1,11,50,S++,S++_6,S++_23,10.3
1,11,50,S++,S++_6,S++_45,10.3
1,11,50,S++,S++_6,S++_19,10
1,11,50,S++,S++_6,S++_29,10
1,11,50,S++,S++_6,S++_30,10
1,11,50,S++,S++_6,S++_36,10
1,11,50,S++,S++_6,S++_38,10
1,11,50,S++,S++_6,S++_47,10
1,11,50,S++,S++_6,S++_39,10
1,11,50,S++,S++_6,S++_12,10.3
1,11,50,S++,S++_6,S++_20,10.3
1,11,50,S++,S++_6,S++_31,10.3
1,11,50,S++,S++_6,S++_7,10
1,11,50,S++,S++_6,S++_14,10
1,11,50,S++,S++_6,S++_24,10
1,11,50,S++,S++_7,S++_9,10.6
1,11,50,S++,S++_7,S++_11,10.6
1,11,50,S++,S++_7,S++_17,10.6
1,11,50,S++,S++_7,S++_22,10.6
1,11,50,S++,S++_7,S++_30,10.6
1,11,50,S++,S++_7,S++_45,10.6
1,11,50,S++,S++_7,S++_46,10.3
1,11,50,S++,S++_7,S++_35,10.6
1,11,50,S++,S++_7,S++_19,10.3
1,11,50,S++,S++_7,S++_36,10.3
1,11,50,S++,S++_7,S++_40,10.3
1,11,50,S++,S++_7,S++_48,10.3
1,11,50,S++,S++_7,S++_8,10.6
1,11,50,S++,S++_7,S++_16,10.6
1,11,50,S++,S++_7,S++_25,10.6
1,11,50,S++,S++_7,S++_34,10.6
1,11,50,S++,S++_7,S++_47,10
1,11,50,S++,S++_7,S++_49,10
1,11,50,S++,S++_7,S++_43,10
1,11,50,S++,S++_7,S++_28,10.3
1,11,50,S++,S++_7,S++_24,10.3
1,11,50,S++,S++_7,S++_31,10.3
1,11,50,S++,S++_7,S++_37,10.3
1,11,50,S++,S++_7,S++_10,10
1,11,50,S++,S++_7,S++_14,10
1,11,50,S++,S++_7,S++_21,10
1,11,50,S++,S++_7,S++_33,10
1,11,50,S++,S++_7,S++_44,10
1,11,50,S++,S++_7,S++_50,10
1,11,50,S++,S++_7,S++_20,10
1,11,50,S++,S++_7,S++_23,10
1,11,50,S++,S++_7,S++_27,10
1,11,50,S++,S++_7,S++_12,10.3
1,11,50,S++,S++_7,S++_32,10.3
1,11,50,S++,S++_7,S++_26,10.3
1,11,50,S++,S++_7,S++_38,10.3
1,11,50,S++,S++_7,S++_42,10.3
1,11,50,S++,S++_7,S++_29,10
1,11,50,S++,S++_7,S++_41,10
1,11,50,S++,S++_7,S++_13,9.7
1,11,50,S++,S++_7,S++_15,9.7
1,11,50,S++,S++_7,S++_39,9.7
1,11,50,S++,S++_7,S++_18,10
1,11,50,S++,S++_8,S++_17,10
1,11,50,S++,S++_8,S++_19,10
1,11,50,S++,S++_8,S++_23,10.6
1,11,50,S++,S++_8,S++_35,10.6
1,11,50,S++,S++_8,S++_47,10.6
1,11,50,S++,S++_8,S++_10,10.6
1,11,50,S++,S++_8,S++_24,10.6
1,11,50,S++,S++_8,S++_43,10.3
1,11,50,S++,S++_8,S++_50,10.3
1,11,50,S++,S++_8,S++_25,10.3
1,11,50,S++,S++_8,S++_37,10.3
1,11,50,S++,S++_8,S++_44,10.3
1,11,50,S++,S++_8,S++_45,10.3
1,11,50,S++,S++_8,S++_11,10.6
1,11,50,S++,S++_8,S++_18,10.6
1,11,50,S++,S++_8,S++_20,10.6
1,11,50,S++,S++_8,S++_12,10.6
1,11,50,S++,S++_8,S++_32,10.6
1,11,50,S++,S++_8,S++_15,10.3
1,11,50,S++,S++_8,S++_31,10.3
1,11,50,S++,S++_8,S++_9,10.3
1,11,50,S++,S++_8,S++_29,10.3
1,11,50,S++,S++_8,S++_34,10
1,11,50,S++,S++_8,S++_46,10
1,11,50,S++,S++_8,S++_36,10.3
1,11,50,S++,S++_8,S++_41,10.3
1,11,50,S++,S++_8,S++_21,10
1,11,50,S++,S++_8,S++_27,10
1,11,50,S++,S++_8,S++_40,10
1,11,50,S++,S++_8,S++_42,10
1,11,50,S++,S++_8,S++_48,10
1,11,50,S++,S++_8,S++_49,10
1,11,50,S++,S++_8,S++_22,10
1,11,50,S++,S++_8,S++_26,10
1,11,50,S++,S++_8,S++_28,10
1,11,50,S++,S++_8,S++_30,10
1,11,50,S++,S++_8,S++_38,10
1,11,50,S++,S++_8,S++_33,10.3
1,11,50,S++,S++_8,S++_39,10
1,11,50,S++,S++_8,S++_14,9.7
1,11,50,S++,S++_8,S++_16,9.7
1,11,50,S++,S++_9,S++_30,10.6
1,11,50,S++,S++_9,S++_36,10.6
1,11,50,S++,S++_9,S++_47,10.6
1,11,50,S++,S++_9,S++_27,10.6
1,11,50,S++,S++_9,S++_14,10.3
1,11,50,S++,S++_9,S++_37,10.3
1,11,50,S++,S++_9,S++_22,10.3
1,11,50,S++,S++_9,S++_33,10.3
1,11,50,S++,S++_9,S++_44,10.3
1,11,50,S++,S++_9,S++_16,10.6
1,11,50,S++,S++_9,S++_43,10.6
1,11,50,S++,S++_9,S++_45,10.6
1,11,50,S++,S++_9,S++_15,10.3
1,11,50,S++,S++_9,S++_38,10.3
1,11,50,S++,S++_9,S++_46,10.3
1,11,50,S++,S++_9,S++_19,10.3
1,11,50,S++,S++_9,S++_21,10
1,11,50,S++,S++_9,S++_25,10
1,11,50,S++,S++_9,S++_29,10.3
1,11,50,S++,S++_9,S++_32,10.3
1,11,50,S++,S++_9,S++_26,10.3
1,11,50,S++,S++_9,S++_34,10.3
1,11,50,S++,S++_9,S++_40,10.3
1,11,50,S++,S++_9,S++_48,10.3
1,11,50,S++,S++_9,S++_24,10
1,11,50,S++,S++_9,S++_49,10
1,11,50,S++,S++_9,S++_28,10
1,11,50,S++,S++_9,S++_39,10
1,11,50,S++,S++_9,S++_42,10
1,11,50,S++,S++_9,S++_18,10.3
1,11,50,S++,S++_9,S++_23,10.3
1,11,50,S++,S++_9,S++_35,10.3
1,11,50,S++,S++_9,S++_20,10.3
1,11,50,S++,S++_9,S++_10,10
1,11,50,S++,S++_9,S++_11,10
1,11,50,S++,S++_9,S++_12,10
1,11,50,S++,S++_9,S++_31,10
1,11,50,S++,S++_9,S++_41,10
1,11,50,S++,S++_9,S++_50,10
1,11,50,S++,S++_9,S++_13,9.7
1,11,50,S++,S++_9,S++_17,9.7
1,11,50,S++,S++_10,S++_22,10.6
1,11,50,S++,S++_10,S++_33,10.6
1,11,50,S++,S++_10,S++_44,10
1,11,50,S++,S++_10,S++_45,10
1,11,50,S++,S++_10,S++_47,10.6
1,11,50,S++,S++_10,S++_21,10.6
1,11,50,S++,S++_10,S++_48,10.6
1,11,50,S++,S++_10,S++_13,10.3
1,11,50,S++,S++_10,S++_20,10.3
1,11,50,S++,S++_10,S++_46,10.3
1,11,50,S++,S++_10,S++_15,10.3
1,11,50,S++,S++_10,S++_17,10.3
1,11,50,S++,S++_10,S++_14,10.6
1,11,50,S++,S++_10,S++_19,10.6
1,11,50,S++,S++_10,S++_27,10.6
1,11,50,S++,S++_10,S++_30,10.6
1,11,50,S++,S++_10,S++_11,10.3
1,11,50,S++,S++_10,S++_25,10.3
1,11,50,S++,S++_10,S++_28,10.3
1,11,50,S++,S++_10,S++_29,10.9
1,11,50,S++,S++_10,S++_37,10.9
1,11,50,S++,S++_10,S++_36,10
1,11,50,S++,S++_10,S++_42,10
1,11,50,S++,S++_10,S++_43,10
1,11,50,S++,S++_10,S++_18,10
1,11,50,S++,S++_10,S++_26,10
1,11,50,S++,S++_10,S++_31,10
1,11,50,S++,S++_10,S++_50,10
1,11,50,S++,S++_10,S++_24,10.3
1,11,50,S++,S++_10,S++_41,10.3
1,11,50,S++,S++_10,S++_49,10.3
1,11,50,S++,S++_10,S++_23,10.6
1,11,50,S++,S++_10,S++_35,10.6
1,11,50,S++,S++_10,S++_34,10.6
1,11,50,S++,S++_10,S++_39,10.3
1,11,50,S++,S++_10,S++_40,10.3
1,11,50,S++,S++_10,S++_16,10.3
1,11,50,S++,S++_10,S++_32,10.3
1,11,50,S++,S++_10,S++_38,10.6
1,11,50,S++,S++_10,S++_12,10.3
1,11,50,S++,S++_11,S++_13,10.6
1,11,50,S++,S++_11,S++_16,10.6
1,11,50,S++,S++_11,S++_34,10.6
1,11,50,S++,S++_11,S++_37,10.6
1,11,50,S++,S++_11,S++_49,10.6
1,11,50,S++,S++_11,S++_27,10.3
1,11,50,S++,S++_11,S++_36,10.3
1,11,50,S++,S++_11,S++_48,10.3
1,11,50,S++,S++_11,S++_40,10.3
1,11,50,S++,S++_11,S++_46,10.3
1,11,50,S++,S++_11,S++_15,10.6
1,11,50,S++,S++_11,S++_33,10.6
1,11,50,S++,S++_11,S++_44,10.6
1,11,50,S++,S++_11,S++_22,10.3
1,11,50,S++,S++_11,S++_39,10.3
1,11,50,S++,S++_11,S++_21,10.3
1,11,50,S++,S++_11,S++_30,10.3
1,11,50,S++,S++_11,S++_14,10
1,11,50,S++,S++_11,S++_23,10
1,11,50,S++,S++_11,S++_28,10
1,11,50,S++,S++_11,S++_29,10
1,11,50,S++,S++_11,S++_25,10
1,11,50,S++,S++_11,S++_12,10.3
1,11,50,S++,S++_11,S++_24,10.3
1,11,50,S++,S++_11,S++_42,10.3
1,11,50,S++,S++_11,S++_45,10.3
1,11,50,S++,S++_11,S++_47,10.3
1,11,50,S++,S++_11,S++_43,10.3
1,11,50,S++,S++_11,S++_31,10.6
1,11,50,S++,S++_11,S++_19,10.3
1,11,50,S++,S++_11,S++_20,10.3
1,11,50,S++,S++_11,S++_26,10.3
1,11,50,S++,S++_11,S++_35,10.3
1,11,50,S++,S++_11,S++_41,10.3
1,11,50,S++,S++_11,S++_50,10.3
1,11,50,S++,S++_11,S++_17,10.6
1,11,50,S++,S++_11,S++_18,10.6
1,11,50,S++,S++_11,S++_32,10.3
1,11,50,S++,S++_11,S++_38,10.3
1,11,50,S++,S++_12,S++_23,10.6
1,11,50,S++,S++_12,S++_31,10.6
1,11,50,S++,S++_12,S++_18,10.6
1,11,50,S++,S++_12,S++_35,10
1,11,50,S++,S++_12,S++_42,10
1,11,50,S++,S++_12,S++_17,10
1,11,50,S++,S++_12,S++_24,10
1,11,50,S++,S++_12,S++_39,10
1,11,50,S++,S++_12,S++_48,10
1,11,50,S++,S++_12,S++_14,10.3
1,11,50,S++,S++_12,S++_46,9.4
1,11,50,S++,S++_12,S++_47,9.4
1,11,50,S++,S++_12,S++_50,9.4
1,11,50,S++,S++_12,S++_49,9.4
1,11,50,S++,S++_12,S++_13,9.4
1,11,50,S++,S++_12,S++_25,9.4
1,11,50,S++,S++_12,S++_26,9.4
1,11,50,S++,S++_12,S++_37,9.4
1,11,50,S++,S++_12,S++_44,9.4
1,11,50,S++,S++_12,S++_32,9.7
1,11,50,S++,S++_12,S++_34,9.7
1,11,50,S++,S++_12,S++_40,9.7
1,11,50,S++,S++_12,S++_22,9.7
1,11,50,S++,S++_12,S++_15,10
1,11,50,S++,S++_12,S++_20,10
1,11,50,S++,S++_12,S++_21,10
1,11,50,S++,S++_12,S++_30,10
1,11,50,S++,S++_13,S++_26,9.4
1,11,50,S++,S++_13,S++_23,9.7
1,11,50,S++,S++_13,S++_25,9.7
1,11,50,S++,S++_13,S++_46,9.7
1,11,50,S++,S++_13,S++_18,10
1,11,50,S++,S++_13,S++_33,10
1,11,50,S++,S++_13,S++_42,10
1,11,50,S++,S++_13,S++_44,10
1,11,50,S++,S++_14,S++_39,9.4
1,11,50,S++,S++_14,S++_20,9.4
1,11,50,S++,S++_14,S++_19,9.4
1,11,50,S++,S++_14,S++_22,9.4
1,11,50,S++,S++_14,S++_41,9.4
1,11,50,S++,S++_14,S++_33,9.4
1,11,50,S++,S++_14,S++_15,9.7
1,11,50,S++,S++_14,S++_24,9.7
1,11,50,S++,S++_14,S++_27,9.7
1,11,50,S++,S++_14,S++_31,9.7
1,11,50,S++,S++_14,S++_35,9.7
1,11,50,S++,S++_14,S++_36,9.7
1,11,50,S++,S++_14,S++_47,9.7
1,11,50,S++,S++_14,S++_48,9.7
1,11,50,S++,S++_14,S++_23,10
1,11,50,S++,S++_14,S++_50,10
1,11,50,S++,S++_14,S++_25,10
1,11,50,S++,S++_14,S++_30,10
1,11,50,S++,S++_14,S++_45,10
1,11,50,S++,S++_15,S++_30,9.4
1,11,50,S++,S++_15,S++_33,9.4
1,11,50,S++,S++_15,S++_34,9.4
1,11,50,S++,S++_15,S++_25,9.7
1,11,50,S++,S++_15,S++_28,9.7
1,11,50,S++,S++_15,S++_21,9.7
1,11,50,S++,S++_15,S++_22,9.7
1,11,50,S++,S++_15,S++_40,9.7
1,11,50,S++,S++_15,S++_48,9.7
1,11,50,S++,S++_15,S++_27,10
1,11,50,S++,S++_15,S++_37,10
1,11,50,S++,S++_15,S++_42,10
1,11,50,S++,S++_15,S++_17,10
1,11,50,S++,S++_15,S++_18,10
1,11,50,S++,S++_15,S++_20,10
1,11,50,S++,S++_15,S++_26,10
1,11,50,S++,S++_16,S++_31,9.4
1,11,50,S++,S++_16,S++_23,9.4
1,11,50,S++,S++_16,S++_38,9.4
1,11,50,S++,S++_16,S++_45,9.4
1,11,50,S++,S++_16,S++_20,9.7
1,11,50,S++,S++_16,S++_37,9.7
1,11,50,S++,S++_16,S++_47,9.7
1,11,50,S++,S++_16,S++_50,9.7
1,11,50,S++,S++_16,S++_26,9.7
1,11,50,S++,S++_16,S++_39,9.7
1,11,50,S++,S++_16,S++_46,9.7
1,11,50,S++,S++_16,S++_21,10
1,11,50,S++,S++_16,S++_30,10
1,11,50,S++,S++_16,S++_44,10
1,11,50,S++,S++_16,S++_48,10
1,11,50,S++,S++_16,S++_49,10
1,11,50,S++,S++_16,S++_29,10
1,11,50,S++,S++_16,S++_32,10
1,11,50,S++,S++_16,S++_33,10
1,11,50,S++,S++_17,S++_35,9.4
1,11,50,S++,S++_17,S++_40,9.4
1,11,50,S++,S++_17,S++_48,9.4
1,11,50,S++,S++_17,S++_31,9.4
1,11,50,S++,S++_17,S++_39,9.4
1,11,50,S++,S++_17,S++_50,9.4
1,11,50,S++,S++_17,S++_41,9.7
1,11,50,S++,S++_17,S++_47,9.7
1,11,50,S++,S++_17,S++_22,9.7
1,11,50,S++,S++_17,S++_34,9.7
1,11,50,S++,S++_17,S++_36,9.7
1,11,50,S++,S++_17,S++_26,10
1,11,50,S++,S++_17,S++_21,10
1,11,50,S++,S++_17,S++_29,10
1,11,50,S++,S++_17,S++_33,10
1,11,50,S++,S++_17,S++_37,10
1,11,50,S++,S++_17,S++_43,10
1,11,50,S++,S++_17,S++_44,10
1,11,50,S++,S++_18,S++_21,9.4
1,11,50,S++,S++_18,S++_48,9.4
1,11,50,S++,S++_18,S++_31,9.4
1,11,50,S++,S++_18,S++_33,9.4
1,11,50,S++,S++_18,S++_40,9.4
1,11,50,S++,S++_18,S++_45,9.4
1,11,50,S++,S++_18,S++_41,9.7
1,11,50,S++,S++_18,S++_43,9.7
1,11,50,S++,S++_18,S++_20,10
1,11,50,S++,S++_18,S++_22,10
1,11,50,S++,S++_18,S++_24,10
1,11,50,S++,S++_18,S++_49,10
1,11,50,S++,S++_18,S++_30,10
1,11,50,S++,S++_18,S++_34,10
1,11,50,S++,S++_18,S++_46,10
1,11,50,S++,S++_19,S++_29,9.4
1,11,50,S++,S++_19,S++_45,9.4
1,11,50,S++,S++_19,S++_28,9.4
1,11,50,S++,S++_19,S++_35,9.4
1,11,50,S++,S++_19,S++_36,9.4
1,11,50,S++,S++_19,S++_37,9.4
1,11,50,S++,S++_19,S++_42,9.4
1,11,50,S++,S++_19,S++_39,9.7
1,11,50,S++,S++_19,S++_40,9.7
1,11,50,S++,S++_19,S++_20,9.7
1,11,50,S++,S++_19,S++_21,9.7
1,11,50,S++,S++_19,S++_26,9.7
1,11,50,S++,S++_19,S++_31,9.7
1,11,50,S++,S++_19,S++_33,9.7
1,11,50,S++,S++_19,S++_38,9.7
1,11,50,S++,S++_19,S++_50,9.7
1,11,50,S++,S++_19,S++_25,10
1,11,50,S++,S++_19,S++_41,10
1,11,50,S++,S++_20,S++_24,9.4
1,11,50,S++,S++_20,S++_44,9.4
1,11,50,S++,S++_20,S++_28,9.4
1,11,50,S++,S++_20,S++_38,9.7
1,11,50,S++,S++_20,S++_23,9.7
1,11,50,S++,S++_20,S++_36,9.7
1,11,50,S++,S++_20,S++_34,9.4
1,11,50,S++,S++_20,S++_39,10
1,11,50,S++,S++_20,S++_47,10
1,11,50,S++,S++_20,S++_42,10
1,11,50,S++,S++_20,S++_31,9.7
1,11,50,S++,S++_20,S++_32,9.7
1,11,50,S++,S++_20,S++_40,9.7
1,11,50,S++,S++_20,S++_43,9.7
1,11,50,S++,S++_20,S++_21,9.4
1,11,50,S++,S++_20,S++_49,9.4
1,11,50,S++,S++_20,S++_22,9.7
1,11,50,S++,S++_20,S++_35,9.7
1,11,50,S++,S++_20,S++_50,9.7
1,11,50,S++,S++_20,S++_26,9.7
1,11,50,S++,S++_20,S++_27,9.4
1,11,50,S++,S++_20,S++_29,9.4
1,11,50,S++,S++_20,S++_46,9.4
1,11,50,S++,S++_20,S++_25,9.4
1,11,50,S++,S++_20,S++_48,10
1,11,50,S++,S++_21,S++_27,10.6
1,11,50,S++,S++_21,S++_34,10.6
1,11,50,S++,S++_21,S++_31,10.3
1,11,50,S++,S++_21,S++_35,10.3
1,11,50,S++,S++_21,S++_36,10
1,11,50,S++,S++_21,S++_24,10
1,11,50,S++,S++_21,S++_25,10
1,11,50,S++,S++_21,S++_37,10
1,11,50,S++,S++_21,S++_22,9.7
1,11,50,S++,S++_21,S++_33,9.7
1,11,50,S++,S++_21,S++_38,9.7
1,11,50,S++,S++_21,S++_28,9.7
1,11,50,S++,S++_21,S++_49,9.4
1,11,50,S++,S++_21,S++_29,10
1,11,50,S++,S++_21,S++_32,10
1,11,50,S++,S++_21,S++_40,10
1,11,50,S++,S++_21,S++_44,10
1,11,50,S++,S++_21,S++_46,10
1,11,50,S++,S++_21,S++_26,9.7
1,11,50,S++,S++_21,S++_42,9.7
1,11,50,S++,S++_21,S++_50,9.7
1,11,50,S++,S++_21,S++_30,9.7
1,11,50,S++,S++_21,S++_23,9.4
1,11,50,S++,S++_21,S++_45,9.4
1,11,50,S++,S++_21,S++_47,9.4
1,11,50,S++,S++_21,S++_41,9.4
1,11,50,S++,S++_21,S++_39,10
1,11,50,S++,S++_21,S++_48,10
1,11,50,S++,S++_22,S++_24,11.2
1,11,50,S++,S++_22,S++_39,11.2
1,11,50,S++,S++_22,S++_49,11.2
1,11,50,S++,S++_22,S++_33,10.9
1,11,50,S++,S++_22,S++_35,10.9
1,11,50,S++,S++_22,S++_36,10.9
1,11,50,S++,S++_22,S++_27,10.6
1,11,50,S++,S++_22,S++_29,10.6
1,11,50,S++,S++_22,S++_40,10.6
1,11,50,S++,S++_22,S++_26,10.6
1,11,50,S++,S++_22,S++_48,10.6
1,11,50,S++,S++_22,S++_23,10.3
1,11,50,S++,S++_22,S++_31,10.3
1,11,50,S++,S++_22,S++_34,10.3
1,11,50,S++,S++_22,S++_37,10
1,11,50,S++,S++_22,S++_44,10
1,11,50,S++,S++_22,S++_25,10
1,11,50,S++,S++_22,S++_30,10
1,11,50,S++,S++_22,S++_38,9.7
1,11,50,S++,S++_22,S++_41,9.7
1,11,50,S++,S++_22,S++_42,9.7
1,11,50,S++,S++_22,S++_46,9.7
1,11,50,S++,S++_22,S++_50,9.7
1,11,50,S++,S++_22,S++_28,9.7
1,11,50,S++,S++_22,S++_45,9.7
1,11,50,S++,S++_22,S++_32,9.4
1,11,50,S++,S++_23,S++_45,11.2
1,11,50,S++,S++_23,S++_24,10.9
1,11,50,S++,S++_23,S++_28,10.9
1,11,50,S++,S++_23,S++_32,10.9
1,11,50,S++,S++_23,S++_43,10.9
1,11,50,S++,S++_23,S++_44,10.9
1,11,50,S++,S++_23,S++_29,10.6
1,11,50,S++,S++_23,S++_37,10.6
1,11,50,S++,S++_23,S++_42,10.6
1,11,50,S++,S++_23,S++_26,10.6
1,11,50,S++,S++_23,S++_31,10.3
1,11,50,S++,S++_23,S++_50,9.7
1,11,50,S++,S++_23,S++_36,9.7
1,11,50,S++,S++_23,S++_35,9.4
1,11,50,S++,S++_23,S++_39,9.4
1,11,50,S++,S++_23,S++_30,9.4
1,11,50,S++,S++_23,S++_47,9.4
1,11,50,S++,S++_23,S++_46,9.7
1,11,50,S++,S++_23,S++_25,10
1,11,50,S++,S++_23,S++_38,10
1,11,50,S++,S++_24,S++_28,10.6
1,11,50,S++,S++_24,S++_32,10.6
1,11,50,S++,S++_24,S++_35,10.6
1,11,50,S++,S++_24,S++_39,10.3
1,11,50,S++,S++_24,S++_40,10.3
1,11,50,S++,S++_24,S++_27,10.3
1,11,50,S++,S++_24,S++_47,10.3
1,11,50,S++,S++_24,S++_26,10
1,11,50,S++,S++_24,S++_42,10
1,11,50,S++,S++_24,S++_44,9.7
1,11,50,S++,S++_24,S++_49,9.7
1,11,50,S++,S++_24,S++_25,9.4
1,11,50,S++,S++_24,S++_38,9.4
1,11,50,S++,S++_24,S++_36,9.4
1,11,50,S++,S++_24,S++_37,9.7
1,11,50,S++,S++_24,S++_34,9.7
1,11,50,S++,S++_24,S++_45,9.7
1,11,50,S++,S++_24,S++_30,10
1,11,50,S++,S++_25,S++_40,10.6
1,11,50,S++,S++_25,S++_31,10.6
1,11,50,S++,S++_25,S++_33,10.6
1,11,50,S++,S++_25,S++_48,10.6
1,11,50,S++,S++_25,S++_27,10.3
1,11,50,S++,S++_25,S++_47,10.3
1,11,50,S++,S++_25,S++_28,10.3
1,11,50,S++,S++_25,S++_29,9.7
1,11,50,S++,S++_25,S++_34,9.7
1,11,50,S++,S++_25,S++_38,9.7
1,11,50,S++,S++_25,S++_46,9.7
1,11,50,S++,S++_25,S++_26,9.4
1,11,50,S++,S++_25,S++_30,9.4
1,11,50,S++,S++_25,S++_44,9.4
1,11,50,S++,S++_25,S++_36,9.4
1,11,50,S++,S++_25,S++_39,9.4
1,11,50,S++,S++_25,S++_50,9.4
1,11,50,S++,S++_25,S++_41,9.7
1,11,50,S++,S++_25,S++_42,9.7
1,11,50,S++,S++_25,S++_43,10
1,11,50,S++,S++_25,S++_49,10
1,11,50,S++,S++_26,S++_42,10.6
1,11,50,S++,S++_26,S++_37,10.6
1,11,50,S++,S++_26,S++_39,10.6
1,11,50,S++,S++_26,S++_38,10
1,11,50,S++,S++_26,S++_47,10
1,11,50,S++,S++_26,S++_35,9.7
1,11,50,S++,S++_26,S++_44,9.7
1,11,50,S++,S++_26,S++_50,9.7
1,11,50,S++,S++_26,S++_46,9.7
1,11,50,S++,S++_26,S++_31,9.4
1,11,50,S++,S++_26,S++_45,9.4
1,11,50,S++,S++_26,S++_30,9.4
1,11,50,S++,S++_26,S++_49,9.4
1,11,50,S++,S++_26,S++_48,10
1,11,50,S++,S++_27,S++_45,10.6
1,11,50,S++,S++_27,S++_34,10.6
1,11,50,S++,S++_27,S++_48,10.6
1,11,50,S++,S++_27,S++_37,10
1,11,50,S++,S++_27,S++_41,10
1,11,50,S++,S++_27,S++_49,10
1,11,50,S++,S++_27,S++_30,9.7
1,11,50,S++,S++_27,S++_35,9.4
1,11,50,S++,S++_27,S++_36,9.4
1,11,50,S++,S++_27,S++_40,9.4
1,11,50,S++,S++_27,S++_46,9.4
1,11,50,S++,S++_27,S++_28,9.7
1,11,50,S++,S++_27,S++_32,9.7
1,11,50,S++,S++_27,S++_38,9.7
1,11,50,S++,S++_27,S++_33,9.7
1,11,50,S++,S++_27,S++_43,9.7
1,11,50,S++,S++_27,S++_47,9.7
1,11,50,S++,S++_27,S++_29,9.4
1,11,50,S++,S++_27,S++_39,9.4
1,11,50,S++,S++_27,S++_42,9.7
1,11,50,S++,S++_27,S++_44,9.7
1,11,50,S++,S++_27,S++_50,10
1,11,50,S++,S++_28,S++_44,11.8
1,11,50,S++,S++_28,S++_45,11.8
1,11,50,S++,S++_28,S++_43,11.5
1,11,50,S++,S++_28,S++_48,11.5
1,11,50,S++,S++_28,S++_35,11.5
1,11,50,S++,S++_28,S++_36,11.5
1,11,50,S++,S++_28,S++_41,11.2
1,11,50,S++,S++_28,S++_49,11.2
1,11,50,S++,S++_28,S++_32,10.9
1,11,50,S++,S++_28,S++_31,10.6
1,11,50,S++,S++_28,S++_34,10.6
1,11,50,S++,S++_28,S++_29,10.3
1,11,50,S++,S++_28,S++_30,10.3
1,11,50,S++,S++_28,S++_33,10.3
1,11,50,S++,S++_28,S++_39,9.7
1,11,50,S++,S++_28,S++_42,9.7
1,11,50,S++,S++_28,S++_46,9.7
1,11,50,S++,S++_28,S++_38,10
1,11,50,S++,S++_28,S++_37,10
1,11,50,S++,S++_28,S++_50,10
1,11,50,S++,S++_28,S++_40,9.7
1,11,50,S++,S++_28,S++_47,9.7
1,11,50,S++,S++_29,S++_32,11.2
1,11,50,S++,S++_29,S++_38,11.2
1,11,50,S++,S++_29,S++_46,11.2
1,11,50,S++,S++_29,S++_47,10.3
1,11,50,S++,S++_29,S++_39,10.3
1,11,50,S++,S++_29,S++_48,10.3
1,11,50,S++,S++_29,S++_43,10.3
1,11,50,S++,S++_29,S++_37,10
1,11,50,S++,S++_29,S++_36,9.7
1,11,50,S++,S++_29,S++_42,9.7
1,11,50,S++,S++_29,S++_45,9.7
1,11,50,S++,S++_29,S++_33,9.7
1,11,50,S++,S++_29,S++_49,9.7
1,11,50,S++,S++_29,S++_31,10
1,11,50,S++,S++_29,S++_35,10
1,11,50,S++,S++_29,S++_41,10
1,11,50,S++,S++_29,S++_44,10
1,11,50,S++,S++_29,S++_34,9.7
1,11,50,S++,S++_29,S++_50,9.7
1,11,50,S++,S++_29,S++_30,10
1,11,50,S++,S++_29,S++_40,10.3
1,11,50,S++,S++_30,S++_36,10.6
1,11,50,S++,S++_30,S++_39,10.6
1,11,50,S++,S++_30,S++_45,10.6
1,11,50,S++,S++_30,S++_33,10.3
1,11,50,S++,S++_30,S++_44,10.3
1,11,50,S++,S++_30,S++_48,10.3
1,11,50,S++,S++_30,S++_49,10.3
1,11,50,S++,S++_30,S++_37,10
1,11,50,S++,S++_30,S++_47,10
1,11,50,S++,S++_30,S++_41,9.7
1,11,50,S++,S++_30,S++_40,10
1,11,50,S++,S++_30,S++_46,10
1,11,50,S++,S++_30,S++_42,9.7
1,11,50,S++,S++_30,S++_50,9.7
1,11,50,S++,S++_30,S++_34,9.7
1,11,50,S++,S++_30,S++_43,9.7
1,11,50,S++,S++_30,S++_31,10
1,11,50,S++,S++_30,S++_35,10
1,11,50,S++,S++_30,S++_38,10
1,11,50,S++,S++_30,S++_32,10.3
1,11,50,S++,S++_31,S++_46,10.6
1,11,50,S++,S++_31,S++_47,10.3
1,11,50,S++,S++_31,S++_32,10
1,11,50,S++,S++_31,S++_36,10
1,11,50,S++,S++_31,S++_39,10
1,11,50,S++,S++_31,S++_35,10.3
1,11,50,S++,S++_31,S++_50,10.3
1,11,50,S++,S++_31,S++_44,10
1,11,50,S++,S++_31,S++_45,9.7
1,11,50,S++,S++_31,S++_48,9.7
1,11,50,S++,S++_31,S++_33,9.7
1,11,50,S++,S++_31,S++_37,9.7
1,11,50,S++,S++_31,S++_41,10
1,11,50,S++,S++_31,S++_43,10
1,11,50,S++,S++_31,S++_34,9.7
1,11,50,S++,S++_31,S++_40,9.7
1,11,50,S++,S++_31,S++_49,9.7
1,11,50,S++,S++_31,S++_38,9.7
1,11,50,S++,S++_31,S++_42,9.7
1,11,50,S++,S++_32,S++_39,10.6
1,11,50,S++,S++_32,S++_43,10
1,11,50,S++,S++_32,S++_50,10
1,11,50,S++,S++_32,S++_41,10
1,11,50,S++,S++_32,S++_33,10.3
1,11,50,S++,S++_32,S++_42,10.3
1,11,50,S++,S++_32,S++_37,10
1,11,50,S++,S++_32,S++_35,10
1,11,50,S++,S++_32,S++_38,10
1,11,50,S++,S++_32,S++_46,10.3
1,11,50,S++,S++_32,S++_49,10.3
1,11,50,S++,S++_32,S++_44,10
1,11,50,S++,S++_32,S++_34,9.7
1,11,50,S++,S++_32,S++_40,9.7
1,11,50,S++,S++_32,S++_45,10
1,11,50,S++,S++_32,S++_36,9.7
1,11,50,S++,S++_32,S++_47,9.7
1,11,50,S++,S++_32,S++_48,10
1,11,50,S++,S++_33,S++_34,10
1,11,50,S++,S++_33,S++_37,10.3
1,11,50,S++,S++_33,S++_45,10.3
1,11,50,S++,S++_33,S++_50,10.3
1,11,50,S++,S++_33,S++_42,9.7
1,11,50,S++,S++_33,S++_41,10
1,11,50,S++,S++_33,S++_48,10
1,11,50,S++,S++_33,S++_49,10.3
1,11,50,S++,S++_33,S++_44,10
1,11,50,S++,S++_33,S++_35,9.7
1,11,50,S++,S++_33,S++_40,9.7
1,11,50,S++,S++_33,S++_47,9.7
1,11,50,S++,S++_33,S++_43,10
1,11,50,S++,S++_33,S++_46,10
1,11,50,S++,S++_33,S++_36,9.7
1,11,50,S++,S++_33,S++_38,9.7
1,11,50,S++,S++_33,S++_39,10.3
1,11,50,S++,S++_34,S++_37,10
1,11,50,S++,S++_34,S++_42,10
1,11,50,S++,S++_34,S++_48,10
1,11,50,S++,S++_34,S++_44,10.3
1,11,50,S++,S++_34,S++_49,10.3
1,11,50,S++,S++_34,S++_39,10
1,11,50,S++,S++_34,S++_47,9.7
1,11,50,S++,S++_34,S++_46,9.7
1,11,50,S++,S++_34,S++_36,10
1,11,50,S++,S++_34,S++_50,10
1,11,50,S++,S++_34,S++_41,10
1,11,50,S++,S++_34,S++_35,9.7
1,11,50,S++,S++_34,S++_40,9.7
1,11,50,S++,S++_34,S++_43,9.7
1,11,50,S++,S++_34,S++_45,9.7
1,11,50,S++,S++_34,S++_38,10
1,11,50,S++,S++_35,S++_37,9.7
1,11,50,S++,S++_35,S++_39,10.3
1,11,50,S++,S++_35,S++_41,10.3
1,11,50,S++,S++_35,S++_42,10.3
1,11,50,S++,S++_35,S++_50,10.3
1,11,50,S++,S++_35,S++_46,10.6
1,11,50,S++,S++_35,S++_47,10.6
1,11,50,S++,S++_35,S++_45,10.3
1,11,50,S++,S++_35,S++_36,10.3
1,11,50,S++,S++_35,S++_40,10.6
1,11,50,S++,S++_35,S++_44,10.6
1,11,50,S++,S++_35,S++_38,10.6
1,11,50,S++,S++_35,S++_43,10.3
1,11,50,S++,S++_35,S++_48,10.3
1,11,50,S++,S++_35,S++_49,10
1,11,50,S++,S++_36,S++_44,10.6
1,11,50,S++,S++_36,S++_48,10.6
1,11,50,S++,S++_36,S++_41,10.6
1,11,50,S++,S++_36,S++_45,10.6
1,11,50,S++,S++_36,S++_37,10.3
1,11,50,S++,S++_36,S++_40,10.6
1,11,50,S++,S++_36,S++_47,10.6
1,11,50,S++,S++_36,S++_49,10
1,11,50,S++,S++_36,S++_39,9.7
1,11,50,S++,S++_36,S++_42,9.7
1,11,50,S++,S++_36,S++_43,9.7
1,11,50,S++,S++_36,S++_46,9.7
1,11,50,S++,S++_36,S++_50,9.7
1,11,50,S++,S++_36,S++_38,9.4
1,11,50,S++,S++_37,S++_38,9.4
1,11,50,S++,S++_37,S++_45,9.7
1,11,50,S++,S++_37,S++_48,9.7
1,11,50,S++,S++_37,S++_40,10
1,11,50,S++,S++_37,S++_43,10
1,11,50,S++,S++_37,S++_46,10
1,11,50,S++,S++_37,S++_49,10
1,11,50,S++,S++_37,S++_39,10
1,11,50,S++,S++_37,S++_44,9.7
1,11,50,S++,S++_37,S++_47,9.7
1,11,50,S++,S++_37,S++_50,9.7
1,11,50,S++,S++_37,S++_42,10
1,11,50,S++,S++_37,S++_41,9.7
1,11,50,S++,S++_38,S++_47,10
1,11,50,S++,S++_38,S++_39,10
1,11,50,S++,S++_38,S++_42,10
1,11,50,S++,S++_38,S++_50,10
1,11,50,S++,S++_38,S++_44,9.7
1,11,50,S++,S++_38,S++_43,10
1,11,50,S++,S++_38,S++_49,10
1,11,50,S++,S++_38,S++_46,10
1,11,50,S++,S++_38,S++_45,9.7
1,11,50,S++,S++_38,S++_48,9.7
1,11,50,S++,S++_38,S++_41,9.4
1,11,50,S++,S++_38,S++_40,9.4
1,11,50,S++,S++_39,S++_43,9.4
1,11,50,S++,S++_39,S++_47,9.4
1,11,50,S++,S++_39,S++_50,9.4
1,11,50,S++,S++_39,S++_44,9.4
1,11,50,S++,S++_39,S++_46,10
1,11,50,S++,S++_39,S++_48,9.7
1,11,50,S++,S++_39,S++_42,10
1,11,50,S++,S++_39,S++_45,10
1,11,50,S++,S++_39,S++_41,10
1,11,50,S++,S++_39,S++_49,10
1,11,50,S++,S++_39,S++_40,9.4
1,11,50,S++,S++_40,S++_41,9.7
1,11,50,S++,S++_40,S++_42,10
1,11,50,S++,S++_40,S++_50,10
1,11,50,S++,S++_40,S++_48,10
1,11,50,S++,S++_40,S++_46,9.7
1,11,50,S++,S++_40,S++_47,9.7
1,11,50,S++,S++_40,S++_44,10
1,11,50,S++,S++_40,S++_45,10
1,11,50,S++,S++_40,S++_49,9.7
1,11,50,S++,S++_40,S++_43,9.4
1,11,50,S++,S++_41,S++_42,9.7
1,11,50,S++,S++_41,S++_48,9.4
1,11,50,S++,S++_41,S++_44,9.7
1,11,50,S++,S++_41,S++_43,9.7
1,11,50,S++,S++_41,S++_45,9.7
1,11,50,S++,S++_41,S++_46,9.7
1,11,50,S++,S++_41,S++_50,9.4
1,11,50,S++,S++_42,S++_45,9.7
1,11,50,S++,S++_42,S++_43,9.7
1,11,50,S++,S++_42,S++_47,9.4
1,11,50,S++,S++_42,S++_49,9.4
1,11,50,S++,S++_42,S++_46,9.4
1,11,50,S++,S++_43,S++_50,9.4
1,11,50,S++,S++_43,S++_44,9.7
1,11,50,S++,S++_43,S++_45,9.7
1,11,50,S++,S++_43,S++_46,9.7
1,11,50,S++,S++_43,S++_47,9.7
1,11,50,S++,S++_43,S++_48,9.4
1,11,50,S++,S++_44,S++_45,9.4
1,11,50,S++,S++_44,S++_49,9.4
1,11,50,S++,S++_45,S++_46,9.4
1,11,50,S++,S++_45,S++_47,9.4
1,11,50,S++,S++_45,S++_48,9.7
1,11,50,S++,S++_46,S++_47,9.4
1,11,50,S++,S++_46,S++_49,9.4
1,11,50,S++,S++_46,S++_50,9.4
1,11,50,S++,S++_47,S++_48,9.7
1,11,50,S++,S++_47,S++_49,9.4
1,11,50,S++,S++_48,S++_50,9.7
1,11,50,S++,S++_48,S++_49,10
1,11,50,S++,S++_49,S++_50,10
1,12,50,S++,S++_1,S++_46,9.4
1,12,50,S++,S++_1,S++_37,9.4
1,12,50,S++,S++_1,S++_38,9.4
1,12,50,S++,S++_1,S++_10,9.7
1,12,50,S++,S++_1,S++_25,9.7
1,12,50,S++,S++_1,S++_34,9.7
1,12,50,S++,S++_1,S++_40,9.7
1,12,50,S++,S++_1,S++_4,9.7
1,12,50,S++,S++_1,S++_28,9.7
1,12,50,S++,S++_1,S++_41,9.7
1,12,50,S++,S++_1,S++_43,9.7
1,12,50,S++,S++_1,S++_47,9.7
1,12,50,S++,S++_1,S++_2,10
1,12,50,S++,S++_1,S++_8,10
1,12,50,S++,S++_1,S++_11,10
1,12,50,S++,S++_1,S++_22,10
1,12,50,S++,S++_1,S++_31,10
1,12,50,S++,S++_1,S++_49,9.7
1,12,50,S++,S++_1,S++_13,9.4
1,12,50,S++,S++_1,S++_36,9.4
1,12,50,S++,S++_1,S++_3,9.4
1,12,50,S++,S++_1,S++_48,9.4
1,12,50,S++,S++_1,S++_23,9.7
1,12,50,S++,S++_2,S++_22,9.4
1,12,50,S++,S++_2,S++_50,9.4
1,12,50,S++,S++_2,S++_9,9.4
1,12,50,S++,S++_2,S++_18,9.4
1,12,50,S++,S++_2,S++_29,9.4
1,12,50,S++,S++_2,S++_4,9.7
1,12,50,S++,S++_2,S++_15,9.7
1,12,50,S++,S++_2,S++_24,9.7
1,12,50,S++,S++_2,S++_26,10
1,12,50,S++,S++_2,S++_31,10
1,12,50,S++,S++_2,S++_32,10
1,12,50,S++,S++_2,S++_44,10
1,12,50,S++,S++_2,S++_16,10
1,12,50,S++,S++_2,S++_27,10
1,12,50,S++,S++_2,S++_47,10
1,12,50,S++,S++_2,S++_12,9.7
1,12,50,S++,S++_2,S++_19,9.7
1,12,50,S++,S++_2,S++_20,9.7
1,12,50,S++,S++_2,S++_35,9.7
1,12,50,S++,S++_2,S++_7,9.7
1,12,50,S++,S++_2,S++_28,9.7
1,12,50,S++,S++_2,S++_23,10
1,12,50,S++,S++_2,S++_42,10
1,12,50,S++,S++_2,S++_46,10
1,12,50,S++,S++_2,S++_38,9.7
1,12,50,S++,S++_3,S++_11,9.7
1,12,50,S++,S++_3,S++_21,9.7
1,12,50,S++,S++_3,S++_22,9.7
1,12,50,S++,S++_3,S++_24,9.7
1,12,50,S++,S++_3,S++_17,9.7
1,12,50,S++,S++_3,S++_32,9.7
1,12,50,S++,S++_3,S++_33,9.7
1,12,50,S++,S++_3,S++_35,9.7
1,12,50,S++,S++_3,S++_40,9.7
1,12,50,S++,S++_3,S++_39,9.4
1,12,50,S++,S++_3,S++_4,9.4
1,12,50,S++,S++_3,S++_27,9.4
1,12,50,S++,S++_3,S++_28,9.4
1,12,50,S++,S++_3,S++_37,9.4
1,12,50,S++,S++_3,S++_44,9.4
1,12,50,S++,S++_3,S++_45,9.4
1,12,50,S++,S++_3,S++_48,9.4
1,12,50,S++,S++_3,S++_9,9.7
1,12,50,S++,S++_3,S++_18,9.4
1,12,50,S++,S++_3,S++_34,9.4
1,12,50,S++,S++_3,S++_46,9.4
1,12,50,S++,S++_3,S++_31,9.4
1,12,50,S++,S++_3,S++_7,9.7
1,12,50,S++,S++_3,S++_23,9.7
1,12,50,S++,S++_3,S++_26,9.7
1,12,50,S++,S++_3,S++_29,9.7
1,12,50,S++,S++_3,S++_20,9.7
1,12,50,S++,S++_3,S++_30,9.7
1,12,50,S++,S++_3,S++_38,9.7
1,12,50,S++,S++_3,S++_41,9.7
1,12,50,S++,S++_3,S++_43,9.7
1,12,50,S++,S++_3,S++_12,10
1,12,50,S++,S++_3,S++_25,10
1,12,50,S++,S++_3,S++_16,10
1,12,50,S++,S++_3,S++_36,10
1,12,50,S++,S++_3,S++_49,10
1,12,50,S++,S++_3,S++_6,9.7
1,12,50,S++,S++_3,S++_8,9.7
1,12,50,S++,S++_3,S++_10,10.3
1,12,50,S++,S++_3,S++_13,10.3
1,12,50,S++,S++_3,S++_42,10.3
1,12,50,S++,S++_3,S++_47,10.3
1,12,50,S++,S++_3,S++_50,10.3
1,12,50,S++,S++_3,S++_14,10.3
1,12,50,S++,S++_3,S++_5,10
1,12,50,S++,S++_3,S++_15,10
1,12,50,S++,S++_3,S++_19,10
1,12,50,S++,S++_4,S++_32,10
1,12,50,S++,S++_4,S++_44,10
1,12,50,S++,S++_4,S++_10,10.3
1,12,50,S++,S++_4,S++_20,10.3
1,12,50,S++,S++_4,S++_50,10.3
1,12,50,S++,S++_4,S++_36,10
1,12,50,S++,S++_4,S++_37,10
1,12,50,S++,S++_4,S++_9,9.7
1,12,50,S++,S++_4,S++_19,9.7
1,12,50,S++,S++_4,S++_22,9.7
1,12,50,S++,S++_4,S++_26,9.7
1,12,50,S++,S++_4,S++_47,9.7
1,12,50,S++,S++_4,S++_33,9.7
1,12,50,S++,S++_4,S++_41,9.7
1,12,50,S++,S++_4,S++_42,9.7
1,12,50,S++,S++_4,S++_48,9.7
1,12,50,S++,S++_4,S++_17,9.4
1,12,50,S++,S++_4,S++_30,9.4
1,12,50,S++,S++_4,S++_11,9.4
1,12,50,S++,S++_4,S++_43,9.4
1,12,50,S++,S++_4,S++_29,9.7
1,12,50,S++,S++_4,S++_6,10
1,12,50,S++,S++_4,S++_12,10
1,12,50,S++,S++_4,S++_21,10
1,12,50,S++,S++_4,S++_28,10
1,12,50,S++,S++_4,S++_13,9.7
1,12,50,S++,S++_4,S++_14,9.7
1,12,50,S++,S++_4,S++_16,9.7
1,12,50,S++,S++_4,S++_35,9.7
1,12,50,S++,S++_4,S++_39,9.7
1,12,50,S++,S++_4,S++_49,9.7
1,12,50,S++,S++_4,S++_24,9.7
1,12,50,S++,S++_4,S++_38,9.7
1,12,50,S++,S++_4,S++_40,9.4
1,12,50,S++,S++_4,S++_18,9.7
1,12,50,S++,S++_5,S++_15,9.7
1,12,50,S++,S++_5,S++_10,9.7
1,12,50,S++,S++_5,S++_14,9.7
1,12,50,S++,S++_5,S++_18,9.7
1,12,50,S++,S++_5,S++_24,9.7
1,12,50,S++,S++_5,S++_26,9.7
1,12,50,S++,S++_5,S++_31,9.7
1,12,50,S++,S++_5,S++_35,9.7
1,12,50,S++,S++_5,S++_12,9.4
1,12,50,S++,S++_5,S++_16,9.4
1,12,50,S++,S++_5,S++_20,9.4
1,12,50,S++,S++_5,S++_42,9.4
1,12,50,S++,S++_5,S++_8,9.4
1,12,50,S++,S++_5,S++_37,9.4
1,12,50,S++,S++_5,S++_39,9.4
1,12,50,S++,S++_5,S++_6,9.7
1,12,50,S++,S++_5,S++_29,9.7
1,12,50,S++,S++_5,S++_43,9.7
1,12,50,S++,S++_5,S++_45,9.7
1,12,50,S++,S++_5,S++_23,9.4
1,12,50,S++,S++_5,S++_34,9.4
1,12,50,S++,S++_5,S++_46,9.4
1,12,50,S++,S++_5,S++_19,9.7
1,12,50,S++,S++_5,S++_28,9.7
1,12,50,S++,S++_5,S++_48,9.7
1,12,50,S++,S++_5,S++_22,9.4
1,12,50,S++,S++_5,S++_30,9.4
1,12,50,S++,S++_5,S++_41,9.4
1,12,50,S++,S++_5,S++_47,9.4
1,12,50,S++,S++_5,S++_7,9.4
1,12,50,S++,S++_5,S++_11,9.4
1,12,50,S++,S++_5,S++_44,9.4
1,12,50,S++,S++_5,S++_49,9.4
1,12,50,S++,S++_5,S++_38,9.7
1,12,50,S++,S++_5,S++_9,9.7
1,12,50,S++,S++_5,S++_32,9.7
1,12,50,S++,S++_5,S++_33,9.7
1,12,50,S++,S++_5,S++_36,9.7
1,12,50,S++,S++_5,S++_40,9.7
1,12,50,S++,S++_5,S++_50,9.7
1,12,50,S++,S++_5,S++_25,10
1,12,50,S++,S++_5,S++_27,10
1,12,50,S++,S++_5,S++_21,10
1,12,50,S++,S++_5,S++_13,9.7
1,12,50,S++,S++_6,S++_10,9.7
1,12,50,S++,S++_6,S++_21,9.7
1,12,50,S++,S++_6,S++_28,9.7
1,12,50,S++,S++_6,S++_48,10.3
1,12,50,S++,S++_6,S++_17,10.3
1,12,50,S++,S++_6,S++_25,10.3
1,12,50,S++,S++_6,S++_34,10.3
1,12,50,S++,S++_6,S++_49,10.3
1,12,50,S++,S++_6,S++_16,10
1,12,50,S++,S++_6,S++_41,10
1,12,50,S++,S++_6,S++_42,10
1,12,50,S++,S++_6,S++_43,10
1,12,50,S++,S++_6,S++_13,10
1,12,50,S++,S++_6,S++_35,10
1,12,50,S++,S++_6,S++_37,10.3
1,12,50,S++,S++_6,S++_22,10.3
1,12,50,S++,S++_6,S++_27,10.3
1,12,50,S++,S++_6,S++_32,10.9
1,12,50,S++,S++_6,S++_40,10.9
1,12,50,S++,S++_6,S++_9,10.6
1,12,50,S++,S++_6,S++_18,10.6
1,12,50,S++,S++_6,S++_46,10.6
1,12,50,S++,S++_6,S++_11,10.9
1,12,50,S++,S++_6,S++_26,10.9
1,12,50,S++,S++_6,S++_33,10.9
1,12,50,S++,S++_6,S++_44,10.9
1,12,50,S++,S++_6,S++_8,10.6
1,12,50,S++,S++_6,S++_50,10.6
1,12,50,S++,S++_6,S++_23,10.6
1,12,50,S++,S++_6,S++_45,10.6
1,12,50,S++,S++_6,S++_19,10.3
1,12,50,S++,S++_6,S++_29,10.3
1,12,50,S++,S++_6,S++_30,10.3
1,12,50,S++,S++_6,S++_36,10.3
1,12,50,S++,S++_6,S++_38,10.3
1,12,50,S++,S++_6,S++_47,10.3
1,12,50,S++,S++_6,S++_39,10.3
1,12,50,S++,S++_6,S++_12,10.6
1,12,50,S++,S++_6,S++_20,10.6
1,12,50,S++,S++_6,S++_31,10.6
1,12,50,S++,S++_6,S++_7,10.3
1,12,50,S++,S++_6,S++_14,10.3
1,12,50,S++,S++_6,S++_24,10.3
1,12,50,S++,S++_6,S++_15,10
1,12,50,S++,S++_7,S++_9,10.9
1,12,50,S++,S++_7,S++_11,10.9
1,12,50,S++,S++_7,S++_17,10.9
1,12,50,S++,S++_7,S++_22,10.9
1,12,50,S++,S++_7,S++_30,10.9
1,12,50,S++,S++_7,S++_45,10.9
1,12,50,S++,S++_7,S++_46,10.6
1,12,50,S++,S++_7,S++_35,10.9
1,12,50,S++,S++_7,S++_19,10.6
1,12,50,S++,S++_7,S++_36,10.6
1,12,50,S++,S++_7,S++_40,10.6
1,12,50,S++,S++_7,S++_48,10.6
1,12,50,S++,S++_7,S++_8,10.9
1,12,50,S++,S++_7,S++_16,10.9
1,12,50,S++,S++_7,S++_25,10.9
1,12,50,S++,S++_7,S++_34,10.9
1,12,50,S++,S++_7,S++_47,10.3
1,12,50,S++,S++_7,S++_49,10.3
1,12,50,S++,S++_7,S++_43,10.3
1,12,50,S++,S++_7,S++_28,10.6
1,12,50,S++,S++_7,S++_24,10.6
1,12,50,S++,S++_7,S++_31,10.6
1,12,50,S++,S++_7,S++_37,10.6
1,12,50,S++,S++_7,S++_10,10.3
1,12,50,S++,S++_7,S++_14,10.3
1,12,50,S++,S++_7,S++_21,10.3
1,12,50,S++,S++_7,S++_33,10.3
1,12,50,S++,S++_7,S++_44,10.3
1,12,50,S++,S++_7,S++_50,10.3
1,12,50,S++,S++_7,S++_20,10.3
1,12,50,S++,S++_7,S++_23,10.3
1,12,50,S++,S++_7,S++_27,10.3
1,12,50,S++,S++_7,S++_12,10.6
1,12,50,S++,S++_7,S++_32,10.6
1,12,50,S++,S++_7,S++_26,10.6
1,12,50,S++,S++_7,S++_38,10.6
1,12,50,S++,S++_7,S++_42,10.6
1,12,50,S++,S++_7,S++_29,10.3
1,12,50,S++,S++_7,S++_41,10.3
1,12,50,S++,S++_7,S++_13,10
1,12,50,S++,S++_7,S++_15,10
1,12,50,S++,S++_7,S++_39,10
1,12,50,S++,S++_7,S++_18,10.3
1,12,50,S++,S++_8,S++_17,10.3
1,12,50,S++,S++_8,S++_19,10.3
1,12,50,S++,S++_8,S++_23,10.9
1,12,50,S++,S++_8,S++_35,10.9
1,12,50,S++,S++_8,S++_47,10.9
1,12,50,S++,S++_8,S++_10,10.9
1,12,50,S++,S++_8,S++_24,10.9
1,12,50,S++,S++_8,S++_43,10.6
1,12,50,S++,S++_8,S++_50,10.6
1,12,50,S++,S++_8,S++_25,10.6
1,12,50,S++,S++_8,S++_37,10.6
1,12,50,S++,S++_8,S++_44,10.6
1,12,50,S++,S++_8,S++_45,10.6
1,12,50,S++,S++_8,S++_11,10.9
1,12,50,S++,S++_8,S++_18,10.9
1,12,50,S++,S++_8,S++_20,10.9
1,12,50,S++,S++_8,S++_12,10.9
1,12,50,S++,S++_8,S++_32,10.9
1,12,50,S++,S++_8,S++_15,10.6
1,12,50,S++,S++_8,S++_31,10.6
1,12,50,S++,S++_8,S++_9,10.6
1,12,50,S++,S++_8,S++_29,10.6
1,12,50,S++,S++_8,S++_34,10.3
1,12,50,S++,S++_8,S++_46,10.3
1,12,50,S++,S++_8,S++_36,10.6
1,12,50,S++,S++_8,S++_41,10.6
1,12,50,S++,S++_8,S++_21,10.3
1,12,50,S++,S++_8,S++_27,10.3
1,12,50,S++,S++_8,S++_40,10.3
1,12,50,S++,S++_8,S++_42,10.3
1,12,50,S++,S++_8,S++_48,10.3
1,12,50,S++,S++_8,S++_49,10.3
1,12,50,S++,S++_8,S++_22,10.3
1,12,50,S++,S++_8,S++_26,10.3
1,12,50,S++,S++_8,S++_28,10.3
1,12,50,S++,S++_8,S++_30,10.3
1,12,50,S++,S++_8,S++_38,10.3
1,12,50,S++,S++_8,S++_33,10.6
1,12,50,S++,S++_8,S++_39,10.3
1,12,50,S++,S++_8,S++_14,10
1,12,50,S++,S++_8,S++_16,10
1,12,50,S++,S++_9,S++_30,10.9
1,12,50,S++,S++_9,S++_36,10.9
1,12,50,S++,S++_9,S++_47,10.9
1,12,50,S++,S++_9,S++_27,10.9
1,12,50,S++,S++_9,S++_14,10.6
1,12,50,S++,S++_9,S++_37,10.6
1,12,50,S++,S++_9,S++_22,10.6
1,12,50,S++,S++_9,S++_33,10.6
1,12,50,S++,S++_9,S++_44,10.6
1,12,50,S++,S++_9,S++_16,10.9
1,12,50,S++,S++_9,S++_43,10.9
1,12,50,S++,S++_9,S++_45,10.9
1,12,50,S++,S++_9,S++_15,10.6
1,12,50,S++,S++_9,S++_38,10.6
1,12,50,S++,S++_9,S++_46,10.6
1,12,50,S++,S++_9,S++_19,10.6
1,12,50,S++,S++_9,S++_21,10.3
1,12,50,S++,S++_9,S++_25,10.3
1,12,50,S++,S++_9,S++_29,10.6
1,12,50,S++,S++_9,S++_32,10.6
1,12,50,S++,S++_9,S++_26,10.6
1,12,50,S++,S++_9,S++_34,10.6
1,12,50,S++,S++_9,S++_40,10.6
1,12,50,S++,S++_9,S++_48,10.6
1,12,50,S++,S++_9,S++_24,10.3
1,12,50,S++,S++_9,S++_49,10.3
1,12,50,S++,S++_9,S++_28,10.3
1,12,50,S++,S++_9,S++_39,10.3
1,12,50,S++,S++_9,S++_42,10.3
1,12,50,S++,S++_9,S++_18,10.6
1,12,50,S++,S++_9,S++_23,10.6
1,12,50,S++,S++_9,S++_35,10.6
1,12,50,S++,S++_9,S++_20,10.6
1,12,50,S++,S++_9,S++_10,10.3
1,12,50,S++,S++_9,S++_11,10.3
1,12,50,S++,S++_9,S++_12,10.3
1,12,50,S++,S++_9,S++_31,10.3
1,12,50,S++,S++_9,S++_41,10.3
1,12,50,S++,S++_9,S++_50,10.3
1,12,50,S++,S++_9,S++_13,10
1,12,50,S++,S++_9,S++_17,9.4
1,12,50,S++,S++_10,S++_22,10.3
1,12,50,S++,S++_10,S++_33,10.3
1,12,50,S++,S++_10,S++_44,9.7
1,12,50,S++,S++_10,S++_45,9.7
1,12,50,S++,S++_10,S++_47,10.3
1,12,50,S++,S++_10,S++_21,10.3
1,12,50,S++,S++_10,S++_48,10.3
1,12,50,S++,S++_10,S++_13,10
1,12,50,S++,S++_10,S++_20,10
1,12,50,S++,S++_10,S++_46,10
1,12,50,S++,S++_10,S++_15,10
1,12,50,S++,S++_10,S++_17,10
1,12,50,S++,S++_10,S++_14,10.3
1,12,50,S++,S++_10,S++_19,10.3
1,12,50,S++,S++_10,S++_27,10.3
1,12,50,S++,S++_10,S++_30,10.3
1,12,50,S++,S++_10,S++_11,10
1,12,50,S++,S++_10,S++_25,10
1,12,50,S++,S++_10,S++_28,10
1,12,50,S++,S++_10,S++_29,10.6
1,12,50,S++,S++_10,S++_37,10.6
1,12,50,S++,S++_10,S++_36,9.7
1,12,50,S++,S++_10,S++_42,9.7
1,12,50,S++,S++_10,S++_43,9.7
1,12,50,S++,S++_10,S++_18,9.7
1,12,50,S++,S++_10,S++_26,9.7
1,12,50,S++,S++_10,S++_31,9.7
1,12,50,S++,S++_10,S++_50,9.7
1,12,50,S++,S++_10,S++_24,10
1,12,50,S++,S++_10,S++_41,10
1,12,50,S++,S++_10,S++_49,10
1,12,50,S++,S++_10,S++_23,10.3
1,12,50,S++,S++_10,S++_35,10.3
1,12,50,S++,S++_10,S++_34,10.3
1,12,50,S++,S++_10,S++_39,10
1,12,50,S++,S++_10,S++_40,10
1,12,50,S++,S++_10,S++_16,10
1,12,50,S++,S++_10,S++_32,10
1,12,50,S++,S++_10,S++_38,10.3
1,12,50,S++,S++_10,S++_12,10
1,12,50,S++,S++_11,S++_13,10.3
1,12,50,S++,S++_11,S++_16,10.3
1,12,50,S++,S++_11,S++_34,10.3
1,12,50,S++,S++_11,S++_37,10.3
1,12,50,S++,S++_11,S++_49,10.3
1,12,50,S++,S++_11,S++_27,10
1,12,50,S++,S++_11,S++_36,10
1,12,50,S++,S++_11,S++_48,10
1,12,50,S++,S++_11,S++_40,10
1,12,50,S++,S++_11,S++_46,10
1,12,50,S++,S++_11,S++_15,10.3
1,12,50,S++,S++_11,S++_33,10.3
1,12,50,S++,S++_11,S++_44,10.3
1,12,50,S++,S++_11,S++_22,10
1,12,50,S++,S++_11,S++_39,10
1,12,50,S++,S++_11,S++_21,10
1,12,50,S++,S++_11,S++_30,10
1,12,50,S++,S++_11,S++_14,9.7
1,12,50,S++,S++_11,S++_23,9.7
1,12,50,S++,S++_11,S++_28,9.7
1,12,50,S++,S++_11,S++_29,9.7
1,12,50,S++,S++_11,S++_25,9.7
1,12,50,S++,S++_11,S++_12,10
1,12,50,S++,S++_11,S++_24,10
1,12,50,S++,S++_11,S++_42,10
1,12,50,S++,S++_11,S++_45,10
1,12,50,S++,S++_11,S++_47,10
1,12,50,S++,S++_11,S++_43,10
1,12,50,S++,S++_11,S++_31,10.3
1,12,50,S++,S++_11,S++_19,10
1,12,50,S++,S++_11,S++_20,10
1,12,50,S++,S++_11,S++_26,10
1,12,50,S++,S++_11,S++_35,10
1,12,50,S++,S++_11,S++_41,10
1,12,50,S++,S++_11,S++_50,10
1,12,50,S++,S++_11,S++_17,10.3
1,12,50,S++,S++_11,S++_18,10.3
1,12,50,S++,S++_11,S++_32,10
1,12,50,S++,S++_11,S++_38,10
1,12,50,S++,S++_12,S++_23,10.3
1,12,50,S++,S++_12,S++_31,10.3
1,12,50,S++,S++_12,S++_18,10.3
1,12,50,S++,S++_12,S++_35,9.7
1,12,50,S++,S++_12,S++_42,9.7
1,12,50,S++,S++_12,S++_17,9.7
1,12,50,S++,S++_12,S++_24,9.7
1,12,50,S++,S++_12,S++_39,9.7
1,12,50,S++,S++_12,S++_48,9.7
1,12,50,S++,S++_12,S++_14,10
1,12,50,S++,S++_12,S++_32,9.4
1,12,50,S++,S++_12,S++_34,9.4
1,12,50,S++,S++_12,S++_40,9.4
1,12,50,S++,S++_12,S++_22,9.4
1,12,50,S++,S++_12,S++_15,9.7
1,12,50,S++,S++_12,S++_20,9.7
1,12,50,S++,S++_12,S++_21,9.7
1,12,50,S++,S++_12,S++_30,9.7
1,12,50,S++,S++_12,S++_16,10
1,12,50,S++,S++_12,S++_38,10
1,12,50,S++,S++_12,S++_25,10
1,12,50,S++,S++_12,S++_49,10
1,12,50,S++,S++_13,S++_23,9.4
1,12,50,S++,S++_13,S++_25,9.4
1,12,50,S++,S++_13,S++_46,9.4
1,12,50,S++,S++_13,S++_18,9.7
1,12,50,S++,S++_13,S++_33,9.7
1,12,50,S++,S++_13,S++_42,9.7
1,12,50,S++,S++_13,S++_44,9.7
1,12,50,S++,S++_13,S++_14,10
1,12,50,S++,S++_13,S++_17,10
1,12,50,S++,S++_13,S++_32,10
1,12,50,S++,S++_13,S++_49,10
1,12,50,S++,S++_13,S++_20,10
1,12,50,S++,S++_13,S++_30,10
1,12,50,S++,S++_13,S++_45,10
1,12,50,S++,S++_13,S++_47,10
1,12,50,S++,S++_14,S++_15,9.4
1,12,50,S++,S++_14,S++_24,9.4
1,12,50,S++,S++_14,S++_27,9.4
1,12,50,S++,S++_14,S++_31,9.4
1,12,50,S++,S++_14,S++_35,9.4
1,12,50,S++,S++_14,S++_36,9.4
1,12,50,S++,S++_14,S++_47,9.4
1,12,50,S++,S++_14,S++_48,9.4
1,12,50,S++,S++_14,S++_23,9.7
1,12,50,S++,S++_14,S++_50,9.7
1,12,50,S++,S++_14,S++_25,9.7
1,12,50,S++,S++_14,S++_30,9.7
1,12,50,S++,S++_14,S++_45,9.7
1,12,50,S++,S++_14,S++_29,10
1,12,50,S++,S++_14,S++_41,10
1,12,50,S++,S++_15,S++_25,9.4
1,12,50,S++,S++_15,S++_28,9.4
1,12,50,S++,S++_15,S++_21,9.4
1,12,50,S++,S++_15,S++_22,9.4
1,12,50,S++,S++_15,S++_40,9.4
1,12,50,S++,S++_15,S++_48,9.4
1,12,50,S++,S++_15,S++_27,9.7
1,12,50,S++,S++_15,S++_37,9.7
1,12,50,S++,S++_15,S++_42,9.7
1,12,50,S++,S++_15,S++_17,9.7
1,12,50,S++,S++_15,S++_18,9.7
1,12,50,S++,S++_15,S++_20,9.7
1,12,50,S++,S++_15,S++_26,9.7
1,12,50,S++,S++_15,S++_23,10
1,12,50,S++,S++_15,S++_35,10
1,12,50,S++,S++_15,S++_38,10
1,12,50,S++,S++_15,S++_39,10
1,12,50,S++,S++_16,S++_20,9.4
1,12,50,S++,S++_16,S++_37,9.4
1,12,50,S++,S++_16,S++_47,9.4
1,12,50,S++,S++_16,S++_50,9.4
1,12,50,S++,S++_16,S++_26,9.4
1,12,50,S++,S++_16,S++_39,9.4
1,12,50,S++,S++_16,S++_46,10
1,12,50,S++,S++_16,S++_21,10.3
1,12,50,S++,S++_16,S++_30,10.3
1,12,50,S++,S++_16,S++_44,10.3
1,12,50,S++,S++_16,S++_48,10.3
1,12,50,S++,S++_16,S++_49,10.3
1,12,50,S++,S++_16,S++_29,10.3
1,12,50,S++,S++_16,S++_32,10.3
1,12,50,S++,S++_16,S++_33,10.3
1,12,50,S++,S++_16,S++_17,10
1,12,50,S++,S++_16,S++_18,10
1,12,50,S++,S++_16,S++_31,10
1,12,50,S++,S++_17,S++_35,9.7
1,12,50,S++,S++_17,S++_40,9.7
1,12,50,S++,S++_17,S++_48,9.7
1,12,50,S++,S++_17,S++_31,9.7
1,12,50,S++,S++_17,S++_39,9.7
1,12,50,S++,S++_17,S++_50,9.7
1,12,50,S++,S++_17,S++_41,10
1,12,50,S++,S++_17,S++_47,10
1,12,50,S++,S++_17,S++_22,10
1,12,50,S++,S++_17,S++_34,10
1,12,50,S++,S++_17,S++_36,10
1,12,50,S++,S++_17,S++_26,10.3
1,12,50,S++,S++_17,S++_21,10.3
1,12,50,S++,S++_17,S++_29,10.3
1,12,50,S++,S++_17,S++_33,10.3
1,12,50,S++,S++_17,S++_37,10.3
1,12,50,S++,S++_17,S++_43,10.3
1,12,50,S++,S++_17,S++_44,10.3
1,12,50,S++,S++_17,S++_20,10
1,12,50,S++,S++_17,S++_23,10
1,12,50,S++,S++_17,S++_25,10
1,12,50,S++,S++_17,S++_28,10
1,12,50,S++,S++_17,S++_42,10
1,12,50,S++,S++_17,S++_24,10
1,12,50,S++,S++_18,S++_21,9.7
1,12,50,S++,S++_18,S++_48,9.7
1,12,50,S++,S++_18,S++_31,9.7
1,12,50,S++,S++_18,S++_33,9.7
1,12,50,S++,S++_18,S++_40,9.7
1,12,50,S++,S++_18,S++_45,9.7
1,12,50,S++,S++_18,S++_41,10
1,12,50,S++,S++_18,S++_43,10
1,12,50,S++,S++_18,S++_20,10.3
1,12,50,S++,S++_18,S++_22,10.3
1,12,50,S++,S++_18,S++_24,10.3
1,12,50,S++,S++_18,S++_49,10.3
1,12,50,S++,S++_18,S++_30,10.3
1,12,50,S++,S++_18,S++_34,10.3
1,12,50,S++,S++_18,S++_46,10.3
1,12,50,S++,S++_18,S++_25,10
1,12,50,S++,S++_18,S++_32,10
1,12,50,S++,S++_18,S++_47,10
1,12,50,S++,S++_19,S++_29,9.7
1,12,50,S++,S++_19,S++_45,9.7
1,12,50,S++,S++_19,S++_28,9.7
1,12,50,S++,S++_19,S++_35,9.7
1,12,50,S++,S++_19,S++_36,9.7
1,12,50,S++,S++_19,S++_37,9.7
1,12,50,S++,S++_19,S++_42,9.7
1,12,50,S++,S++_19,S++_39,10
1,12,50,S++,S++_19,S++_40,10
1,12,50,S++,S++_19,S++_20,10
1,12,50,S++,S++_19,S++_21,10
1,12,50,S++,S++_19,S++_26,10
1,12,50,S++,S++_19,S++_31,10
1,12,50,S++,S++_19,S++_33,10
1,12,50,S++,S++_19,S++_38,10
1,12,50,S++,S++_19,S++_50,10
1,12,50,S++,S++_19,S++_25,10.3
1,12,50,S++,S++_19,S++_41,10.3
1,12,50,S++,S++_20,S++_24,9.7
1,12,50,S++,S++_20,S++_44,9.7
1,12,50,S++,S++_20,S++_28,9.7
1,12,50,S++,S++_20,S++_38,10
1,12,50,S++,S++_20,S++_23,10
1,12,50,S++,S++_20,S++_36,10
1,12,50,S++,S++_20,S++_34,9.7
1,12,50,S++,S++_20,S++_39,10.3
1,12,50,S++,S++_20,S++_47,10.3
1,12,50,S++,S++_20,S++_42,10.3
1,12,50,S++,S++_20,S++_31,10
1,12,50,S++,S++_20,S++_32,10
1,12,50,S++,S++_20,S++_40,10
1,12,50,S++,S++_20,S++_43,10
1,12,50,S++,S++_20,S++_21,9.7
1,12,50,S++,S++_20,S++_49,9.7
1,12,50,S++,S++_20,S++_22,10
1,12,50,S++,S++_20,S++_35,10
1,12,50,S++,S++_20,S++_50,10
1,12,50,S++,S++_20,S++_26,10
1,12,50,S++,S++_20,S++_27,9.7
1,12,50,S++,S++_20,S++_29,9.7
1,12,50,S++,S++_20,S++_46,9.7
1,12,50,S++,S++_20,S++_48,9.7
1,12,50,S++,S++_21,S++_27,10.3
1,12,50,S++,S++_21,S++_34,10.3
1,12,50,S++,S++_21,S++_31,10
1,12,50,S++,S++_21,S++_35,10
1,12,50,S++,S++_21,S++_36,9.7
1,12,50,S++,S++_21,S++_24,9.7
1,12,50,S++,S++_21,S++_25,9.7
1,12,50,S++,S++_21,S++_37,9.7
1,12,50,S++,S++_21,S++_22,9.4
1,12,50,S++,S++_21,S++_33,9.4
1,12,50,S++,S++_21,S++_38,9.4
1,12,50,S++,S++_21,S++_28,9.4
1,12,50,S++,S++_21,S++_29,9.7
1,12,50,S++,S++_21,S++_32,9.7
1,12,50,S++,S++_21,S++_40,9.7
1,12,50,S++,S++_21,S++_44,9.7
1,12,50,S++,S++_21,S++_46,9.7
1,12,50,S++,S++_21,S++_26,9.4
1,12,50,S++,S++_21,S++_42,9.4
1,12,50,S++,S++_21,S++_50,9.4
1,12,50,S++,S++_21,S++_30,9.4
1,12,50,S++,S++_21,S++_39,9.7
1,12,50,S++,S++_21,S++_48,9.7
1,12,50,S++,S++_21,S++_43,10
1,12,50,S++,S++_22,S++_24,10.9
1,12,50,S++,S++_22,S++_39,10.9
1,12,50,S++,S++_22,S++_49,10.9
1,12,50,S++,S++_22,S++_33,10.6
1,12,50,S++,S++_22,S++_35,10.6
1,12,50,S++,S++_22,S++_36,10.6
1,12,50,S++,S++_22,S++_27,10.3
1,12,50,S++,S++_22,S++_29,10.3
1,12,50,S++,S++_22,S++_40,10.3
1,12,50,S++,S++_22,S++_26,10.3
1,12,50,S++,S++_22,S++_48,10.3
1,12,50,S++,S++_22,S++_23,10
1,12,50,S++,S++_22,S++_31,10
1,12,50,S++,S++_22,S++_34,10
1,12,50,S++,S++_22,S++_37,9.7
1,12,50,S++,S++_22,S++_44,9.7
1,12,50,S++,S++_22,S++_25,9.7
1,12,50,S++,S++_22,S++_30,9.7
1,12,50,S++,S++_22,S++_38,9.4
1,12,50,S++,S++_22,S++_41,9.4
1,12,50,S++,S++_22,S++_42,9.4
1,12,50,S++,S++_22,S++_46,9.4
1,12,50,S++,S++_22,S++_50,9.4
1,12,50,S++,S++_22,S++_28,9.4
1,12,50,S++,S++_22,S++_45,9.4
1,12,50,S++,S++_22,S++_43,10
1,12,50,S++,S++_22,S++_47,10
1,12,50,S++,S++_23,S++_45,10.9
1,12,50,S++,S++_23,S++_24,10.6
1,12,50,S++,S++_23,S++_28,10.6
1,12,50,S++,S++_23,S++_32,10.6
1,12,50,S++,S++_23,S++_43,10.6
1,12,50,S++,S++_23,S++_44,10.6
1,12,50,S++,S++_23,S++_29,10.3
1,12,50,S++,S++_23,S++_37,10.3
1,12,50,S++,S++_23,S++_42,10.3
1,12,50,S++,S++_23,S++_26,10.3
1,12,50,S++,S++_23,S++_31,10
1,12,50,S++,S++_23,S++_50,9.4
1,12,50,S++,S++_23,S++_36,9.4
1,12,50,S++,S++_23,S++_46,9.4
1,12,50,S++,S++_23,S++_25,9.7
1,12,50,S++,S++_23,S++_38,9.7
1,12,50,S++,S++_23,S++_40,10
1,12,50,S++,S++_23,S++_48,10
1,12,50,S++,S++_24,S++_28,10.9
1,12,50,S++,S++_24,S++_32,10.9
1,12,50,S++,S++_24,S++_35,10.9
1,12,50,S++,S++_24,S++_39,10.6
1,12,50,S++,S++_24,S++_40,10.6
1,12,50,S++,S++_24,S++_27,10.6
1,12,50,S++,S++_24,S++_47,10.6
1,12,50,S++,S++_24,S++_26,10.3
1,12,50,S++,S++_24,S++_42,10.3
1,12,50,S++,S++_24,S++_44,10
1,12,50,S++,S++_24,S++_49,10
1,12,50,S++,S++_24,S++_25,9.7
1,12,50,S++,S++_24,S++_38,9.7
1,12,50,S++,S++_24,S++_36,9.7
1,12,50,S++,S++_24,S++_37,10
1,12,50,S++,S++_24,S++_34,10
1,12,50,S++,S++_24,S++_45,10
1,12,50,S++,S++_24,S++_30,10.3
1,12,50,S++,S++_24,S++_33,10
1,12,50,S++,S++_24,S++_50,10
1,12,50,S++,S++_25,S++_40,10.9
1,12,50,S++,S++_25,S++_31,10.9
1,12,50,S++,S++_25,S++_33,10.9
1,12,50,S++,S++_25,S++_48,10.9
1,12,50,S++,S++_25,S++_27,10.6
1,12,50,S++,S++_25,S++_47,10.6
1,12,50,S++,S++_25,S++_28,10.6
1,12,50,S++,S++_25,S++_29,10
1,12,50,S++,S++_25,S++_34,10
1,12,50,S++,S++_25,S++_38,10
1,12,50,S++,S++_25,S++_46,10
1,12,50,S++,S++_25,S++_26,9.7
1,12,50,S++,S++_25,S++_30,9.7
1,12,50,S++,S++_25,S++_44,9.7
1,12,50,S++,S++_25,S++_36,9.7
1,12,50,S++,S++_25,S++_39,9.7
1,12,50,S++,S++_25,S++_50,9.7
1,12,50,S++,S++_25,S++_41,10
1,12,50,S++,S++_25,S++_42,10
1,12,50,S++,S++_25,S++_43,10.3
1,12,50,S++,S++_25,S++_49,10.3
1,12,50,S++,S++_25,S++_45,10
1,12,50,S++,S++_26,S++_42,10.9
1,12,50,S++,S++_26,S++_37,10.9
1,12,50,S++,S++_26,S++_39,10.9
1,12,50,S++,S++_26,S++_38,10.3
1,12,50,S++,S++_26,S++_47,10.3
1,12,50,S++,S++_26,S++_35,10
1,12,50,S++,S++_26,S++_44,10
1,12,50,S++,S++_26,S++_50,10
1,12,50,S++,S++_26,S++_46,10
1,12,50,S++,S++_26,S++_31,9.7
1,12,50,S++,S++_26,S++_45,9.7
1,12,50,S++,S++_26,S++_30,9.7
1,12,50,S++,S++_26,S++_49,9.7
1,12,50,S++,S++_26,S++_48,10.3
1,12,50,S++,S++_27,S++_45,10.9
1,12,50,S++,S++_27,S++_34,10.9
1,12,50,S++,S++_27,S++_48,10.9
1,12,50,S++,S++_27,S++_37,10.3
1,12,50,S++,S++_27,S++_41,10.3
1,12,50,S++,S++_27,S++_49,10.3
1,12,50,S++,S++_27,S++_30,10
1,12,50,S++,S++_27,S++_35,9.7
1,12,50,S++,S++_27,S++_36,9.7
1,12,50,S++,S++_27,S++_40,9.7
1,12,50,S++,S++_27,S++_46,9.7
1,12,50,S++,S++_27,S++_28,10
1,12,50,S++,S++_27,S++_32,10
1,12,50,S++,S++_27,S++_38,10
1,12,50,S++,S++_27,S++_33,10
1,12,50,S++,S++_27,S++_43,10
1,12,50,S++,S++_27,S++_47,10
1,12,50,S++,S++_27,S++_29,9.7
1,12,50,S++,S++_27,S++_39,9.7
1,12,50,S++,S++_27,S++_42,10
1,12,50,S++,S++_27,S++_44,10
1,12,50,S++,S++_27,S++_50,10.3
1,12,50,S++,S++_28,S++_44,12.1
1,12,50,S++,S++_28,S++_45,12.1
1,12,50,S++,S++_28,S++_43,11.8
1,12,50,S++,S++_28,S++_48,11.8
1,12,50,S++,S++_28,S++_35,11.8
1,12,50,S++,S++_28,S++_36,11.8
1,12,50,S++,S++_28,S++_41,11.5
1,12,50,S++,S++_28,S++_49,11.5
1,12,50,S++,S++_28,S++_32,11.2
1,12,50,S++,S++_28,S++_31,10.9
1,12,50,S++,S++_28,S++_34,10.9
1,12,50,S++,S++_28,S++_29,10
1,12,50,S++,S++_28,S++_30,10
1,12,50,S++,S++_28,S++_33,10
1,12,50,S++,S++_28,S++_39,9.4
1,12,50,S++,S++_28,S++_42,9.4
1,12,50,S++,S++_28,S++_46,9.4
1,12,50,S++,S++_28,S++_38,9.7
1,12,50,S++,S++_28,S++_37,9.7
1,12,50,S++,S++_28,S++_50,9.7
1,12,50,S++,S++_28,S++_40,9.4
1,12,50,S++,S++_28,S++_47,9.4
1,12,50,S++,S++_29,S++_32,10.9
1,12,50,S++,S++_29,S++_38,10.9
1,12,50,S++,S++_29,S++_46,10.9
1,12,50,S++,S++_29,S++_47,10
1,12,50,S++,S++_29,S++_39,10
1,12,50,S++,S++_29,S++_48,10
1,12,50,S++,S++_29,S++_43,10
1,12,50,S++,S++_29,S++_37,9.7
1,12,50,S++,S++_29,S++_36,9.4
1,12,50,S++,S++_29,S++_42,9.4
1,12,50,S++,S++_29,S++_45,9.4
1,12,50,S++,S++_29,S++_33,9.4
1,12,50,S++,S++_29,S++_49,9.4
1,12,50,S++,S++_29,S++_31,9.7
1,12,50,S++,S++_29,S++_35,9.7
1,12,50,S++,S++_29,S++_41,9.7
1,12,50,S++,S++_29,S++_44,9.7
1,12,50,S++,S++_29,S++_34,9.4
1,12,50,S++,S++_29,S++_50,9.4
1,12,50,S++,S++_29,S++_30,9.7
1,12,50,S++,S++_29,S++_40,10
1,12,50,S++,S++_30,S++_36,10.3
1,12,50,S++,S++_30,S++_39,10.3
1,12,50,S++,S++_30,S++_45,10.3
1,12,50,S++,S++_30,S++_33,10
1,12,50,S++,S++_30,S++_44,10
1,12,50,S++,S++_30,S++_48,10
1,12,50,S++,S++_30,S++_49,10
1,12,50,S++,S++_30,S++_37,9.7
1,12,50,S++,S++_30,S++_47,9.7
1,12,50,S++,S++_30,S++_41,9.4
1,12,50,S++,S++_30,S++_40,9.7
1,12,50,S++,S++_30,S++_46,9.7
1,12,50,S++,S++_30,S++_42,9.4
1,12,50,S++,S++_30,S++_50,9.4
1,12,50,S++,S++_30,S++_34,9.4
1,12,50,S++,S++_30,S++_43,9.4
1,12,50,S++,S++_30,S++_31,9.7
1,12,50,S++,S++_30,S++_35,9.7
1,12,50,S++,S++_30,S++_38,9.7
1,12,50,S++,S++_30,S++_32,10
1,12,50,S++,S++_31,S++_46,10.3
1,12,50,S++,S++_31,S++_47,10
1,12,50,S++,S++_31,S++_32,9.7
1,12,50,S++,S++_31,S++_36,9.7
1,12,50,S++,S++_31,S++_39,9.7
1,12,50,S++,S++_31,S++_35,10
1,12,50,S++,S++_31,S++_50,10
1,12,50,S++,S++_31,S++_44,9.7
1,12,50,S++,S++_31,S++_45,9.4
1,12,50,S++,S++_31,S++_48,9.4
1,12,50,S++,S++_31,S++_33,9.4
1,12,50,S++,S++_31,S++_37,9.4
1,12,50,S++,S++_31,S++_41,9.7
1,12,50,S++,S++_31,S++_43,9.7
1,12,50,S++,S++_31,S++_34,9.4
1,12,50,S++,S++_31,S++_40,9.4
1,12,50,S++,S++_31,S++_49,9.4
1,12,50,S++,S++_31,S++_38,9.4
1,12,50,S++,S++_31,S++_42,9.4
1,12,50,S++,S++_32,S++_39,10.3
1,12,50,S++,S++_32,S++_43,9.7
1,12,50,S++,S++_32,S++_50,9.7
1,12,50,S++,S++_32,S++_41,9.7
1,12,50,S++,S++_32,S++_33,10
1,12,50,S++,S++_32,S++_42,10
1,12,50,S++,S++_32,S++_37,9.7
1,12,50,S++,S++_32,S++_35,9.7
1,12,50,S++,S++_32,S++_38,9.7
1,12,50,S++,S++_32,S++_46,10
1,12,50,S++,S++_32,S++_49,10
1,12,50,S++,S++_32,S++_44,9.7
1,12,50,S++,S++_32,S++_34,9.4
1,12,50,S++,S++_32,S++_40,9.4
1,12,50,S++,S++_32,S++_45,9.7
1,12,50,S++,S++_32,S++_36,9.4
1,12,50,S++,S++_32,S++_47,9.4
1,12,50,S++,S++_32,S++_48,9.7
1,12,50,S++,S++_33,S++_34,9.7
1,12,50,S++,S++_33,S++_37,10
1,12,50,S++,S++_33,S++_45,10
1,12,50,S++,S++_33,S++_50,10
1,12,50,S++,S++_33,S++_42,9.4
1,12,50,S++,S++_33,S++_41,9.7
1,12,50,S++,S++_33,S++_48,9.7
1,12,50,S++,S++_33,S++_49,10
1,12,50,S++,S++_33,S++_44,9.7
1,12,50,S++,S++_33,S++_35,9.4
1,12,50,S++,S++_33,S++_40,9.4
1,12,50,S++,S++_33,S++_47,9.4
1,12,50,S++,S++_33,S++_43,9.7
1,12,50,S++,S++_33,S++_46,9.7
1,12,50,S++,S++_33,S++_36,9.4
1,12,50,S++,S++_33,S++_38,9.4
1,12,50,S++,S++_33,S++_39,10
1,12,50,S++,S++_34,S++_37,9.7
1,12,50,S++,S++_34,S++_42,9.7
1,12,50,S++,S++_34,S++_48,9.7
1,12,50,S++,S++_34,S++_44,10
1,12,50,S++,S++_34,S++_49,10
1,12,50,S++,S++_34,S++_39,9.7
1,12,50,S++,S++_34,S++_47,9.4
1,12,50,S++,S++_34,S++_46,9.4
1,12,50,S++,S++_34,S++_36,9.7
1,12,50,S++,S++_34,S++_50,9.7
1,12,50,S++,S++_34,S++_41,9.7
1,12,50,S++,S++_34,S++_35,9.4
1,12,50,S++,S++_34,S++_40,9.4
1,12,50,S++,S++_34,S++_43,9.4
1,12,50,S++,S++_34,S++_45,9.4
1,12,50,S++,S++_34,S++_38,9.7
1,12,50,S++,S++_35,S++_37,9.4
1,12,50,S++,S++_35,S++_39,10
1,12,50,S++,S++_35,S++_41,10
1,12,50,S++,S++_35,S++_42,10
1,12,50,S++,S++_35,S++_50,10
1,12,50,S++,S++_35,S++_46,10.3
1,12,50,S++,S++_35,S++_47,10.3
1,12,50,S++,S++_35,S++_45,10
1,12,50,S++,S++_35,S++_36,10
1,12,50,S++,S++_35,S++_40,10.3
1,12,50,S++,S++_35,S++_44,10.3
1,12,50,S++,S++_35,S++_38,10.3
1,12,50,S++,S++_35,S++_43,10
1,12,50,S++,S++_35,S++_48,10
1,12,50,S++,S++_35,S++_49,9.7
1,12,50,S++,S++_36,S++_44,10.3
1,12,50,S++,S++_36,S++_48,10.3
1,12,50,S++,S++_36,S++_41,10.3
1,12,50,S++,S++_36,S++_45,10.3
1,12,50,S++,S++_36,S++_37,10
1,12,50,S++,S++_36,S++_40,10.3
1,12,50,S++,S++_36,S++_47,10.3
1,12,50,S++,S++_36,S++_49,9.7
1,12,50,S++,S++_36,S++_39,9.4
1,12,50,S++,S++_36,S++_42,9.4
1,12,50,S++,S++_36,S++_43,9.4
1,12,50,S++,S++_36,S++_46,9.4
1,12,50,S++,S++_36,S++_50,9.4
1,12,50,S++,S++_37,S++_45,9.4
1,12,50,S++,S++_37,S++_48,9.4
1,12,50,S++,S++_37,S++_40,9.7
1,12,50,S++,S++_37,S++_43,9.7
1,12,50,S++,S++_37,S++_46,9.7
1,12,50,S++,S++_37,S++_49,9.7
1,12,50,S++,S++_37,S++_39,9.7
1,12,50,S++,S++_37,S++_44,9.4
1,12,50,S++,S++_37,S++_47,9.4
1,12,50,S++,S++_37,S++_50,9.4
1,12,50,S++,S++_37,S++_42,9.7
1,12,50,S++,S++_37,S++_41,9.4
1,12,50,S++,S++_38,S++_47,9.7
1,12,50,S++,S++_38,S++_39,9.7
1,12,50,S++,S++_38,S++_42,9.7
1,12,50,S++,S++_38,S++_50,10.3
1,12,50,S++,S++_38,S++_44,10
1,12,50,S++,S++_38,S++_43,10.3
1,12,50,S++,S++_38,S++_49,10.3
1,12,50,S++,S++_38,S++_46,10.3
1,12,50,S++,S++_38,S++_45,10
1,12,50,S++,S++_38,S++_48,10
1,12,50,S++,S++_38,S++_41,9.7
1,12,50,S++,S++_38,S++_40,9.7
1,12,50,S++,S++_39,S++_43,9.7
1,12,50,S++,S++_39,S++_47,9.7
1,12,50,S++,S++_39,S++_50,9.7
1,12,50,S++,S++_39,S++_44,9.7
1,12,50,S++,S++_39,S++_46,10.3
1,12,50,S++,S++_39,S++_48,10
1,12,50,S++,S++_39,S++_42,10.3
1,12,50,S++,S++_39,S++_45,10.3
1,12,50,S++,S++_39,S++_41,10.3
1,12,50,S++,S++_39,S++_49,10.3
1,12,50,S++,S++_39,S++_40,9.7
1,12,50,S++,S++_40,S++_41,10
1,12,50,S++,S++_40,S++_42,10.3
1,12,50,S++,S++_40,S++_50,10.3
1,12,50,S++,S++_40,S++_48,10.3
1,12,50,S++,S++_40,S++_46,10
1,12,50,S++,S++_40,S++_47,10
1,12,50,S++,S++_40,S++_44,10.3
1,12,50,S++,S++_40,S++_45,10.3
1,12,50,S++,S++_40,S++_49,10
1,12,50,S++,S++_40,S++_43,9.7
1,12,50,S++,S++_41,S++_42,10
1,12,50,S++,S++_41,S++_48,9.7
1,12,50,S++,S++_41,S++_44,10
1,12,50,S++,S++_41,S++_43,10
1,12,50,S++,S++_41,S++_45,10
1,12,50,S++,S++_41,S++_46,10
1,12,50,S++,S++_41,S++_50,9.7
1,12,50,S++,S++_42,S++_45,10
1,12,50,S++,S++_42,S++_43,10
1,12,50,S++,S++_42,S++_47,9.7
1,12,50,S++,S++_42,S++_49,9.7
1,12,50,S++,S++_42,S++_46,9.7
1,12,50,S++,S++_43,S++_50,9.7
1,12,50,S++,S++_43,S++_44,10
1,12,50,S++,S++_43,S++_45,10
1,12,50,S++,S++_43,S++_46,10
1,12,50,S++,S++_43,S++_47,10
1,12,50,S++,S++_43,S++_48,9.7
1,12,50,S++,S++_44,S++_45,9.7
1,12,50,S++,S++_44,S++_49,9.7
1,12,50,S++,S++_45,S++_46,9.7
1,12,50,S++,S++_45,S++_47,9.7
1,12,50,S++,S++_45,S++_48,10
1,12,50,S++,S++_46,S++_47,9.7
1,12,50,S++,S++_46,S++_49,9.7
1,12,50,S++,S++_46,S++_50,9.7
1,12,50,S++,S++_47,S++_48,10
1,12,50,S++,S++_47,S++_49,9.7
1,12,50,S++,S++_48,S++_50,10
1,12,50,S++,S++_48,S++_49,10.3
1,12,50,S++,S++_49,S++_50,10.3
1,13,50,S++,S++_1,S++_10,9.4
1,13,50,S++,S++_1,S++_25,9.4
1,13,50,S++,S++_1,S++_34,9.4
1,13,50,S++,S++_1,S++_40,9.4
1,13,50,S++,S++_1,S++_4,9.4
1,13,50,S++,S++_1,S++_28,9.4
1,13,50,S++,S++_1,S++_41,9.4
1,13,50,S++,S++_1,S++_43,9.4
1,13,50,S++,S++_1,S++_47,9.4
1,13,50,S++,S++_1,S++_2,9.7
1,13,50,S++,S++_1,S++_8,9.7
1,13,50,S++,S++_1,S++_11,9.7
1,13,50,S++,S++_1,S++_22,9.7
1,13,50,S++,S++_1,S++_31,9.7
1,13,50,S++,S++_1,S++_49,9.4
1,13,50,S++,S++_1,S++_23,9.4
1,13,50,S++,S++_1,S++_19,10
1,13,50,S++,S++_1,S++_48,10
1,13,50,S++,S++_2,S++_4,9.4
1,13,50,S++,S++_2,S++_15,9.4
1,13,50,S++,S++_2,S++_24,9.4
1,13,50,S++,S++_2,S++_26,9.7
1,13,50,S++,S++_2,S++_31,9.7
1,13,50,S++,S++_2,S++_32,9.7
1,13,50,S++,S++_2,S++_44,9.7
1,13,50,S++,S++_2,S++_16,9.7
1,13,50,S++,S++_2,S++_27,9.7
1,13,50,S++,S++_2,S++_47,9.7
1,13,50,S++,S++_2,S++_12,9.4
1,13,50,S++,S++_2,S++_19,9.4
1,13,50,S++,S++_2,S++_20,9.4
1,13,50,S++,S++_2,S++_35,9.4
1,13,50,S++,S++_2,S++_7,9.4
1,13,50,S++,S++_2,S++_28,9.4
1,13,50,S++,S++_2,S++_23,9.7
1,13,50,S++,S++_2,S++_42,9.7
1,13,50,S++,S++_2,S++_46,9.7
1,13,50,S++,S++_2,S++_38,9.4
1,13,50,S++,S++_3,S++_11,9.4
1,13,50,S++,S++_3,S++_21,9.4
1,13,50,S++,S++_3,S++_22,9.4
1,13,50,S++,S++_3,S++_24,9.4
1,13,50,S++,S++_3,S++_17,9.4
1,13,50,S++,S++_3,S++_32,9.4
1,13,50,S++,S++_3,S++_33,9.4
1,13,50,S++,S++_3,S++_35,9.4
1,13,50,S++,S++_3,S++_40,9.4
1,13,50,S++,S++_3,S++_9,9.4
1,13,50,S++,S++_3,S++_7,9.4
1,13,50,S++,S++_3,S++_23,9.4
1,13,50,S++,S++_3,S++_26,9.4
1,13,50,S++,S++_3,S++_29,9.4
1,13,50,S++,S++_3,S++_20,9.4
1,13,50,S++,S++_3,S++_30,9.4
1,13,50,S++,S++_3,S++_38,9.4
1,13,50,S++,S++_3,S++_41,9.4
1,13,50,S++,S++_3,S++_43,9.4
1,13,50,S++,S++_3,S++_12,9.7
1,13,50,S++,S++_3,S++_25,9.7
1,13,50,S++,S++_3,S++_16,9.7
1,13,50,S++,S++_3,S++_36,9.7
1,13,50,S++,S++_3,S++_49,9.7
1,13,50,S++,S++_3,S++_6,9.4
1,13,50,S++,S++_3,S++_8,9.4
1,13,50,S++,S++_3,S++_10,10
1,13,50,S++,S++_3,S++_13,10
1,13,50,S++,S++_3,S++_42,10
1,13,50,S++,S++_3,S++_47,10
1,13,50,S++,S++_3,S++_50,10
1,13,50,S++,S++_3,S++_14,10
1,13,50,S++,S++_3,S++_5,9.7
1,13,50,S++,S++_3,S++_15,9.7
1,13,50,S++,S++_3,S++_19,9.7
1,13,50,S++,S++_4,S++_32,9.7
1,13,50,S++,S++_4,S++_44,9.7
1,13,50,S++,S++_4,S++_10,10
1,13,50,S++,S++_4,S++_20,10
1,13,50,S++,S++_4,S++_50,10
1,13,50,S++,S++_4,S++_36,9.7
1,13,50,S++,S++_4,S++_37,9.7
1,13,50,S++,S++_4,S++_9,9.4
1,13,50,S++,S++_4,S++_19,9.4
1,13,50,S++,S++_4,S++_22,9.4
1,13,50,S++,S++_4,S++_26,9.4
1,13,50,S++,S++_4,S++_47,9.4
1,13,50,S++,S++_4,S++_33,9.4
1,13,50,S++,S++_4,S++_41,9.4
1,13,50,S++,S++_4,S++_42,9.4
1,13,50,S++,S++_4,S++_48,9.4
1,13,50,S++,S++_4,S++_29,9.4
1,13,50,S++,S++_4,S++_6,9.7
1,13,50,S++,S++_4,S++_12,9.7
1,13,50,S++,S++_4,S++_21,9.7
1,13,50,S++,S++_4,S++_28,9.7
1,13,50,S++,S++_4,S++_13,9.4
1,13,50,S++,S++_4,S++_14,9.4
1,13,50,S++,S++_4,S++_16,9.4
1,13,50,S++,S++_4,S++_35,9.4
1,13,50,S++,S++_4,S++_39,9.4
1,13,50,S++,S++_4,S++_49,9.4
1,13,50,S++,S++_4,S++_24,9.4
1,13,50,S++,S++_4,S++_38,9.4
1,13,50,S++,S++_4,S++_18,9.4
1,13,50,S++,S++_5,S++_15,9.4
1,13,50,S++,S++_5,S++_10,9.4
1,13,50,S++,S++_5,S++_14,9.4
1,13,50,S++,S++_5,S++_18,9.4
1,13,50,S++,S++_5,S++_24,9.4
1,13,50,S++,S++_5,S++_26,9.4
1,13,50,S++,S++_5,S++_31,9.4
1,13,50,S++,S++_5,S++_35,9.4
1,13,50,S++,S++_5,S++_6,10
1,13,50,S++,S++_5,S++_29,10
1,13,50,S++,S++_5,S++_43,10
1,13,50,S++,S++_5,S++_45,10
1,13,50,S++,S++_5,S++_23,9.7
1,13,50,S++,S++_5,S++_34,9.7
1,13,50,S++,S++_5,S++_46,9.7
1,13,50,S++,S++_5,S++_19,10
1,13,50,S++,S++_5,S++_28,10
1,13,50,S++,S++_5,S++_48,10
1,13,50,S++,S++_5,S++_22,9.7
1,13,50,S++,S++_5,S++_30,9.7
1,13,50,S++,S++_5,S++_41,9.7
1,13,50,S++,S++_5,S++_47,9.7
1,13,50,S++,S++_5,S++_7,9.7
1,13,50,S++,S++_5,S++_11,9.7
1,13,50,S++,S++_5,S++_44,9.7
1,13,50,S++,S++_5,S++_49,9.7
1,13,50,S++,S++_5,S++_38,10
1,13,50,S++,S++_5,S++_9,10
1,13,50,S++,S++_5,S++_32,10
1,13,50,S++,S++_5,S++_33,10
1,13,50,S++,S++_5,S++_36,10
1,13,50,S++,S++_5,S++_40,10
1,13,50,S++,S++_5,S++_50,10
1,13,50,S++,S++_5,S++_25,10.3
1,13,50,S++,S++_5,S++_27,10.3
1,13,50,S++,S++_5,S++_21,10.3
1,13,50,S++,S++_5,S++_13,10
1,13,50,S++,S++_5,S++_17,10
1,13,50,S++,S++_6,S++_10,10
1,13,50,S++,S++_6,S++_21,10
1,13,50,S++,S++_6,S++_28,10
1,13,50,S++,S++_6,S++_48,10.6
1,13,50,S++,S++_6,S++_17,10.6
1,13,50,S++,S++_6,S++_25,10.6
1,13,50,S++,S++_6,S++_34,10.6
1,13,50,S++,S++_6,S++_49,10.6
1,13,50,S++,S++_6,S++_16,10.3
1,13,50,S++,S++_6,S++_41,10.3
1,13,50,S++,S++_6,S++_42,10.3
1,13,50,S++,S++_6,S++_43,10.3
1,13,50,S++,S++_6,S++_13,10.3
1,13,50,S++,S++_6,S++_35,10.3
1,13,50,S++,S++_6,S++_37,10.6
1,13,50,S++,S++_6,S++_22,10.6
1,13,50,S++,S++_6,S++_27,10.6
1,13,50,S++,S++_6,S++_32,11.2
1,13,50,S++,S++_6,S++_40,11.2
1,13,50,S++,S++_6,S++_9,10.9
1,13,50,S++,S++_6,S++_18,10.9
1,13,50,S++,S++_6,S++_46,10.9
1,13,50,S++,S++_6,S++_11,11.2
1,13,50,S++,S++_6,S++_26,11.2
1,13,50,S++,S++_6,S++_33,11.2
1,13,50,S++,S++_6,S++_44,11.2
1,13,50,S++,S++_6,S++_8,10.9
1,13,50,S++,S++_6,S++_50,10.9
1,13,50,S++,S++_6,S++_23,10.9
1,13,50,S++,S++_6,S++_45,10.9
1,13,50,S++,S++_6,S++_19,10.6
1,13,50,S++,S++_6,S++_29,10.6
1,13,50,S++,S++_6,S++_30,10.6
1,13,50,S++,S++_6,S++_36,10.6
1,13,50,S++,S++_6,S++_38,10.6
1,13,50,S++,S++_6,S++_47,10.6
1,13,50,S++,S++_6,S++_39,10.6
1,13,50,S++,S++_6,S++_12,10.9
1,13,50,S++,S++_6,S++_20,10.9
1,13,50,S++,S++_6,S++_31,10.9
1,13,50,S++,S++_6,S++_7,10.6
1,13,50,S++,S++_6,S++_14,10.6
1,13,50,S++,S++_6,S++_24,10.6
1,13,50,S++,S++_6,S++_15,10.3
1,13,50,S++,S++_7,S++_9,11.2
1,13,50,S++,S++_7,S++_11,11.2
1,13,50,S++,S++_7,S++_17,11.2
1,13,50,S++,S++_7,S++_22,11.2
1,13,50,S++,S++_7,S++_30,11.2
1,13,50,S++,S++_7,S++_45,11.2
1,13,50,S++,S++_7,S++_46,10.9
1,13,50,S++,S++_7,S++_35,11.2
1,13,50,S++,S++_7,S++_19,10.9
1,13,50,S++,S++_7,S++_36,10.9
1,13,50,S++,S++_7,S++_40,10.9
1,13,50,S++,S++_7,S++_48,10.9
1,13,50,S++,S++_7,S++_8,11.2
1,13,50,S++,S++_7,S++_16,11.2
1,13,50,S++,S++_7,S++_25,11.2
1,13,50,S++,S++_7,S++_34,11.2
1,13,50,S++,S++_7,S++_47,10.6
1,13,50,S++,S++_7,S++_49,10.6
1,13,50,S++,S++_7,S++_43,10.6
1,13,50,S++,S++_7,S++_28,10.9
1,13,50,S++,S++_7,S++_24,10.9
1,13,50,S++,S++_7,S++_31,10.9
1,13,50,S++,S++_7,S++_37,10.9
1,13,50,S++,S++_7,S++_10,10.6
1,13,50,S++,S++_7,S++_14,10.6
1,13,50,S++,S++_7,S++_21,10.6
1,13,50,S++,S++_7,S++_33,10.6
1,13,50,S++,S++_7,S++_44,10.6
1,13,50,S++,S++_7,S++_50,10.6
1,13,50,S++,S++_7,S++_20,10.6
1,13,50,S++,S++_7,S++_23,10.6
1,13,50,S++,S++_7,S++_27,10.6
1,13,50,S++,S++_7,S++_12,10.9
1,13,50,S++,S++_7,S++_32,10.9
1,13,50,S++,S++_7,S++_26,10.9
1,13,50,S++,S++_7,S++_38,10.9
1,13,50,S++,S++_7,S++_42,10.9
1,13,50,S++,S++_7,S++_29,10.6
1,13,50,S++,S++_7,S++_41,10.6
1,13,50,S++,S++_7,S++_13,10.3
1,13,50,S++,S++_7,S++_15,10.3
1,13,50,S++,S++_7,S++_39,10.3
1,13,50,S++,S++_7,S++_18,10.6
1,13,50,S++,S++_8,S++_17,10.6
1,13,50,S++,S++_8,S++_19,10.6
1,13,50,S++,S++_8,S++_23,11.2
1,13,50,S++,S++_8,S++_35,11.2
1,13,50,S++,S++_8,S++_47,11.2
1,13,50,S++,S++_8,S++_10,11.2
1,13,50,S++,S++_8,S++_24,11.2
1,13,50,S++,S++_8,S++_43,10.9
1,13,50,S++,S++_8,S++_50,10.9
1,13,50,S++,S++_8,S++_25,10.9
1,13,50,S++,S++_8,S++_37,10.9
1,13,50,S++,S++_8,S++_44,10.9
1,13,50,S++,S++_8,S++_45,10.9
1,13,50,S++,S++_8,S++_11,11.2
1,13,50,S++,S++_8,S++_18,11.2
1,13,50,S++,S++_8,S++_20,11.2
1,13,50,S++,S++_8,S++_12,11.2
1,13,50,S++,S++_8,S++_32,11.2
1,13,50,S++,S++_8,S++_15,10.9
1,13,50,S++,S++_8,S++_31,10.9
1,13,50,S++,S++_8,S++_9,10.9
1,13,50,S++,S++_8,S++_29,10.9
1,13,50,S++,S++_8,S++_34,10.6
1,13,50,S++,S++_8,S++_46,10.6
1,13,50,S++,S++_8,S++_36,10.9
1,13,50,S++,S++_8,S++_41,10.9
1,13,50,S++,S++_8,S++_21,10.6
1,13,50,S++,S++_8,S++_27,10.6
1,13,50,S++,S++_8,S++_40,10.6
1,13,50,S++,S++_8,S++_42,10.6
1,13,50,S++,S++_8,S++_48,10.6
1,13,50,S++,S++_8,S++_49,10.6
1,13,50,S++,S++_8,S++_22,10.6
1,13,50,S++,S++_8,S++_26,10.6
1,13,50,S++,S++_8,S++_28,10.6
1,13,50,S++,S++_8,S++_30,10.6
1,13,50,S++,S++_8,S++_38,10.6
1,13,50,S++,S++_8,S++_33,10.9
1,13,50,S++,S++_8,S++_39,10.6
1,13,50,S++,S++_8,S++_14,10.3
1,13,50,S++,S++_8,S++_16,10.3
1,13,50,S++,S++_8,S++_13,10
1,13,50,S++,S++_9,S++_30,11.2
1,13,50,S++,S++_9,S++_36,11.2
1,13,50,S++,S++_9,S++_47,11.2
1,13,50,S++,S++_9,S++_27,11.2
1,13,50,S++,S++_9,S++_14,10.9
1,13,50,S++,S++_9,S++_37,10.9
1,13,50,S++,S++_9,S++_22,10.9
1,13,50,S++,S++_9,S++_33,10.3
1,13,50,S++,S++_9,S++_44,10.3
1,13,50,S++,S++_9,S++_16,10.6
1,13,50,S++,S++_9,S++_43,10.6
1,13,50,S++,S++_9,S++_45,10.6
1,13,50,S++,S++_9,S++_15,10.3
1,13,50,S++,S++_9,S++_38,10.3
1,13,50,S++,S++_9,S++_46,10.3
1,13,50,S++,S++_9,S++_19,10.3
1,13,50,S++,S++_9,S++_21,10
1,13,50,S++,S++_9,S++_25,10
1,13,50,S++,S++_9,S++_29,10.3
1,13,50,S++,S++_9,S++_32,10.3
1,13,50,S++,S++_9,S++_26,10.3
1,13,50,S++,S++_9,S++_34,10.3
1,13,50,S++,S++_9,S++_40,10.3
1,13,50,S++,S++_9,S++_48,10.3
1,13,50,S++,S++_9,S++_24,10
1,13,50,S++,S++_9,S++_49,10
1,13,50,S++,S++_9,S++_28,10
1,13,50,S++,S++_9,S++_39,10
1,13,50,S++,S++_9,S++_42,10
1,13,50,S++,S++_9,S++_18,10.3
1,13,50,S++,S++_9,S++_23,10.3
1,13,50,S++,S++_9,S++_35,10.3
1,13,50,S++,S++_9,S++_20,10.3
1,13,50,S++,S++_9,S++_10,10
1,13,50,S++,S++_9,S++_11,10
1,13,50,S++,S++_9,S++_12,10
1,13,50,S++,S++_9,S++_31,10
1,13,50,S++,S++_9,S++_41,10
1,13,50,S++,S++_9,S++_50,10
1,13,50,S++,S++_9,S++_13,9.7
1,13,50,S++,S++_9,S++_17,10
1,13,50,S++,S++_10,S++_22,10
1,13,50,S++,S++_10,S++_33,10
1,13,50,S++,S++_10,S++_44,9.4
1,13,50,S++,S++_10,S++_45,9.4
1,13,50,S++,S++_10,S++_47,10
1,13,50,S++,S++_10,S++_21,10
1,13,50,S++,S++_10,S++_48,10
1,13,50,S++,S++_10,S++_13,9.7
1,13,50,S++,S++_10,S++_20,9.7
1,13,50,S++,S++_10,S++_46,9.7
1,13,50,S++,S++_10,S++_15,9.7
1,13,50,S++,S++_10,S++_17,9.7
1,13,50,S++,S++_10,S++_14,10
1,13,50,S++,S++_10,S++_19,10
1,13,50,S++,S++_10,S++_27,10
1,13,50,S++,S++_10,S++_30,10
1,13,50,S++,S++_10,S++_11,9.7
1,13,50,S++,S++_10,S++_25,9.7
1,13,50,S++,S++_10,S++_28,9.7
1,13,50,S++,S++_10,S++_29,10.3
1,13,50,S++,S++_10,S++_37,10.3
1,13,50,S++,S++_10,S++_36,9.4
1,13,50,S++,S++_10,S++_42,9.4
1,13,50,S++,S++_10,S++_43,9.4
1,13,50,S++,S++_10,S++_18,9.4
1,13,50,S++,S++_10,S++_26,9.4
1,13,50,S++,S++_10,S++_31,9.4
1,13,50,S++,S++_10,S++_50,9.4
1,13,50,S++,S++_10,S++_24,9.7
1,13,50,S++,S++_10,S++_41,9.7
1,13,50,S++,S++_10,S++_49,9.7
1,13,50,S++,S++_10,S++_23,10
1,13,50,S++,S++_10,S++_35,10
1,13,50,S++,S++_10,S++_34,10
1,13,50,S++,S++_10,S++_39,9.7
1,13,50,S++,S++_10,S++_40,9.7
1,13,50,S++,S++_10,S++_16,9.7
1,13,50,S++,S++_10,S++_32,9.7
1,13,50,S++,S++_10,S++_38,10
1,13,50,S++,S++_10,S++_12,9.7
1,13,50,S++,S++_11,S++_13,10
1,13,50,S++,S++_11,S++_16,10
1,13,50,S++,S++_11,S++_34,10
1,13,50,S++,S++_11,S++_37,10
1,13,50,S++,S++_11,S++_49,10
1,13,50,S++,S++_11,S++_27,9.7
1,13,50,S++,S++_11,S++_36,9.7
1,13,50,S++,S++_11,S++_48,9.7
1,13,50,S++,S++_11,S++_40,10.3
1,13,50,S++,S++_11,S++_46,10.3
1,13,50,S++,S++_11,S++_15,10.6
1,13,50,S++,S++_11,S++_33,10.6
1,13,50,S++,S++_11,S++_44,10.6
1,13,50,S++,S++_11,S++_22,10.3
1,13,50,S++,S++_11,S++_39,10.3
1,13,50,S++,S++_11,S++_21,10.3
1,13,50,S++,S++_11,S++_30,10.3
1,13,50,S++,S++_11,S++_14,10
1,13,50,S++,S++_11,S++_23,10
1,13,50,S++,S++_11,S++_28,10
1,13,50,S++,S++_11,S++_29,10
1,13,50,S++,S++_11,S++_25,10
1,13,50,S++,S++_11,S++_12,10.3
1,13,50,S++,S++_11,S++_24,10.3
1,13,50,S++,S++_11,S++_42,10.3
1,13,50,S++,S++_11,S++_45,10.3
1,13,50,S++,S++_11,S++_47,10.3
1,13,50,S++,S++_11,S++_43,10.3
1,13,50,S++,S++_11,S++_31,10.6
1,13,50,S++,S++_11,S++_19,10.3
1,13,50,S++,S++_11,S++_20,10.3
1,13,50,S++,S++_11,S++_26,10.3
1,13,50,S++,S++_11,S++_35,10.3
1,13,50,S++,S++_11,S++_41,10.3
1,13,50,S++,S++_11,S++_50,10.3
1,13,50,S++,S++_11,S++_17,10.6
1,13,50,S++,S++_11,S++_18,10.6
1,13,50,S++,S++_11,S++_32,10.3
1,13,50,S++,S++_11,S++_38,10.3
1,13,50,S++,S++_12,S++_23,10.6
1,13,50,S++,S++_12,S++_31,10.6
1,13,50,S++,S++_12,S++_18,10.6
1,13,50,S++,S++_12,S++_35,10
1,13,50,S++,S++_12,S++_42,10
1,13,50,S++,S++_12,S++_17,10
1,13,50,S++,S++_12,S++_24,10
1,13,50,S++,S++_12,S++_39,10
1,13,50,S++,S++_12,S++_48,10
1,13,50,S++,S++_12,S++_14,10.3
1,13,50,S++,S++_12,S++_32,9.7
1,13,50,S++,S++_12,S++_34,9.7
1,13,50,S++,S++_12,S++_40,9.7
1,13,50,S++,S++_12,S++_22,9.7
1,13,50,S++,S++_12,S++_15,10
1,13,50,S++,S++_12,S++_20,10
1,13,50,S++,S++_12,S++_21,10
1,13,50,S++,S++_12,S++_30,10
1,13,50,S++,S++_12,S++_16,10.3
1,13,50,S++,S++_12,S++_38,10.3
1,13,50,S++,S++_12,S++_25,10.3
1,13,50,S++,S++_12,S++_49,10.3
1,13,50,S++,S++_12,S++_13,10
1,13,50,S++,S++_12,S++_44,10
1,13,50,S++,S++_12,S++_41,10
1,13,50,S++,S++_13,S++_23,9.7
1,13,50,S++,S++_13,S++_25,9.7
1,13,50,S++,S++_13,S++_46,9.7
1,13,50,S++,S++_13,S++_18,10
1,13,50,S++,S++_13,S++_33,10
1,13,50,S++,S++_13,S++_42,10
1,13,50,S++,S++_13,S++_44,10
1,13,50,S++,S++_13,S++_14,10.3
1,13,50,S++,S++_13,S++_17,10.3
1,13,50,S++,S++_13,S++_32,10.3
1,13,50,S++,S++_13,S++_49,10.3
1,13,50,S++,S++_13,S++_20,10.3
1,13,50,S++,S++_13,S++_30,10.3
1,13,50,S++,S++_13,S++_45,10.3
1,13,50,S++,S++_13,S++_47,10.3
1,13,50,S++,S++_13,S++_22,10
1,13,50,S++,S++_13,S++_26,10
1,13,50,S++,S++_14,S++_15,9.7
1,13,50,S++,S++_14,S++_24,9.7
1,13,50,S++,S++_14,S++_27,9.7
1,13,50,S++,S++_14,S++_31,9.7
1,13,50,S++,S++_14,S++_35,9.7
1,13,50,S++,S++_14,S++_36,9.7
1,13,50,S++,S++_14,S++_47,9.7
1,13,50,S++,S++_14,S++_48,9.7
1,13,50,S++,S++_14,S++_23,10
1,13,50,S++,S++_14,S++_50,10
1,13,50,S++,S++_14,S++_25,10
1,13,50,S++,S++_14,S++_30,10
1,13,50,S++,S++_14,S++_45,10
1,13,50,S++,S++_14,S++_29,10.3
1,13,50,S++,S++_14,S++_41,9.7
1,13,50,S++,S++_14,S++_19,10
1,13,50,S++,S++_14,S++_22,10
1,13,50,S++,S++_14,S++_38,10
1,13,50,S++,S++_15,S++_27,9.4
1,13,50,S++,S++_15,S++_37,9.4
1,13,50,S++,S++_15,S++_42,9.4
1,13,50,S++,S++_15,S++_17,9.4
1,13,50,S++,S++_15,S++_18,9.4
1,13,50,S++,S++_15,S++_20,9.4
1,13,50,S++,S++_15,S++_26,9.4
1,13,50,S++,S++_15,S++_23,9.7
1,13,50,S++,S++_15,S++_35,9.7
1,13,50,S++,S++_15,S++_38,9.7
1,13,50,S++,S++_15,S++_39,9.7
1,13,50,S++,S++_15,S++_33,10
1,13,50,S++,S++_15,S++_49,10
1,13,50,S++,S++_16,S++_46,9.7
1,13,50,S++,S++_16,S++_21,10
1,13,50,S++,S++_16,S++_30,10
1,13,50,S++,S++_16,S++_44,10
1,13,50,S++,S++_16,S++_48,10
1,13,50,S++,S++_16,S++_49,10
1,13,50,S++,S++_16,S++_29,10
1,13,50,S++,S++_16,S++_32,10
1,13,50,S++,S++_16,S++_33,10
1,13,50,S++,S++_16,S++_17,9.7
1,13,50,S++,S++_16,S++_18,9.7
1,13,50,S++,S++_16,S++_31,9.7
1,13,50,S++,S++_16,S++_22,10
1,13,50,S++,S++_16,S++_23,10
1,13,50,S++,S++_16,S++_35,10
1,13,50,S++,S++_17,S++_35,9.4
1,13,50,S++,S++_17,S++_40,9.4
1,13,50,S++,S++_17,S++_48,9.4
1,13,50,S++,S++_17,S++_31,9.4
1,13,50,S++,S++_17,S++_39,9.4
1,13,50,S++,S++_17,S++_50,9.4
1,13,50,S++,S++_17,S++_41,9.7
1,13,50,S++,S++_17,S++_47,9.7
1,13,50,S++,S++_17,S++_22,9.7
1,13,50,S++,S++_17,S++_34,9.7
1,13,50,S++,S++_17,S++_36,9.7
1,13,50,S++,S++_17,S++_26,10
1,13,50,S++,S++_17,S++_21,10
1,13,50,S++,S++_17,S++_29,10
1,13,50,S++,S++_17,S++_33,10
1,13,50,S++,S++_17,S++_37,10
1,13,50,S++,S++_17,S++_43,10
1,13,50,S++,S++_17,S++_44,10
1,13,50,S++,S++_17,S++_20,9.7
1,13,50,S++,S++_17,S++_23,9.7
1,13,50,S++,S++_17,S++_25,9.7
1,13,50,S++,S++_17,S++_28,9.7
1,13,50,S++,S++_17,S++_42,9.7
1,13,50,S++,S++_17,S++_24,9.7
1,13,50,S++,S++_18,S++_21,9.4
1,13,50,S++,S++_18,S++_48,9.4
1,13,50,S++,S++_18,S++_31,9.4
1,13,50,S++,S++_18,S++_33,9.4
1,13,50,S++,S++_18,S++_40,9.4
1,13,50,S++,S++_18,S++_45,9.4
1,13,50,S++,S++_18,S++_41,9.7
1,13,50,S++,S++_18,S++_43,9.7
1,13,50,S++,S++_18,S++_20,10
1,13,50,S++,S++_18,S++_22,10
1,13,50,S++,S++_18,S++_24,10
1,13,50,S++,S++_18,S++_49,10
1,13,50,S++,S++_18,S++_30,10
1,13,50,S++,S++_18,S++_34,10
1,13,50,S++,S++_18,S++_46,10
1,13,50,S++,S++_18,S++_25,9.7
1,13,50,S++,S++_18,S++_32,9.7
1,13,50,S++,S++_18,S++_47,9.7
1,13,50,S++,S++_19,S++_29,9.4
1,13,50,S++,S++_19,S++_45,9.4
1,13,50,S++,S++_19,S++_28,9.4
1,13,50,S++,S++_19,S++_35,9.4
1,13,50,S++,S++_19,S++_36,9.4
1,13,50,S++,S++_19,S++_37,9.4
1,13,50,S++,S++_19,S++_42,9.4
1,13,50,S++,S++_19,S++_39,9.7
1,13,50,S++,S++_19,S++_40,9.7
1,13,50,S++,S++_19,S++_20,9.7
1,13,50,S++,S++_19,S++_21,9.7
1,13,50,S++,S++_19,S++_26,9.7
1,13,50,S++,S++_19,S++_31,9.7
1,13,50,S++,S++_19,S++_33,9.7
1,13,50,S++,S++_19,S++_38,9.7
1,13,50,S++,S++_19,S++_50,9.7
1,13,50,S++,S++_19,S++_25,10
1,13,50,S++,S++_19,S++_41,10
1,13,50,S++,S++_20,S++_24,9.4
1,13,50,S++,S++_20,S++_44,9.4
1,13,50,S++,S++_20,S++_28,9.4
1,13,50,S++,S++_20,S++_38,9.7
1,13,50,S++,S++_20,S++_23,9.7
1,13,50,S++,S++_20,S++_36,9.7
1,13,50,S++,S++_20,S++_34,9.4
1,13,50,S++,S++_20,S++_39,10
1,13,50,S++,S++_20,S++_47,10
1,13,50,S++,S++_20,S++_42,10
1,13,50,S++,S++_20,S++_31,9.7
1,13,50,S++,S++_20,S++_32,9.7
1,13,50,S++,S++_20,S++_40,9.7
1,13,50,S++,S++_20,S++_43,9.7
1,13,50,S++,S++_20,S++_21,9.4
1,13,50,S++,S++_20,S++_49,9.4
1,13,50,S++,S++_20,S++_22,9.7
1,13,50,S++,S++_20,S++_35,9.7
1,13,50,S++,S++_20,S++_50,9.7
1,13,50,S++,S++_20,S++_26,9.7
1,13,50,S++,S++_20,S++_27,9.4
1,13,50,S++,S++_20,S++_29,9.4
1,13,50,S++,S++_20,S++_46,9.4
1,13,50,S++,S++_20,S++_48,9.4
1,13,50,S++,S++_21,S++_27,10
1,13,50,S++,S++_21,S++_34,10
1,13,50,S++,S++_21,S++_31,9.7
1,13,50,S++,S++_21,S++_35,9.7
1,13,50,S++,S++_21,S++_36,9.4
1,13,50,S++,S++_21,S++_24,9.4
1,13,50,S++,S++_21,S++_25,9.4
1,13,50,S++,S++_21,S++_37,9.4
1,13,50,S++,S++_21,S++_29,9.4
1,13,50,S++,S++_21,S++_32,9.4
1,13,50,S++,S++_21,S++_40,9.4
1,13,50,S++,S++_21,S++_44,9.4
1,13,50,S++,S++_21,S++_46,9.4
1,13,50,S++,S++_21,S++_39,9.4
1,13,50,S++,S++_21,S++_48,9.4
1,13,50,S++,S++_21,S++_43,9.7
1,13,50,S++,S++_22,S++_24,10.6
1,13,50,S++,S++_22,S++_39,10.6
1,13,50,S++,S++_22,S++_49,10.6
1,13,50,S++,S++_22,S++_33,10.3
1,13,50,S++,S++_22,S++_35,10.3
1,13,50,S++,S++_22,S++_36,10.3
1,13,50,S++,S++_22,S++_27,10
1,13,50,S++,S++_22,S++_29,10
1,13,50,S++,S++_22,S++_40,10
1,13,50,S++,S++_22,S++_26,10
1,13,50,S++,S++_22,S++_48,10
1,13,50,S++,S++_22,S++_23,9.7
1,13,50,S++,S++_22,S++_31,9.7
1,13,50,S++,S++_22,S++_34,9.7
1,13,50,S++,S++_22,S++_37,9.4
1,13,50,S++,S++_22,S++_44,9.4
1,13,50,S++,S++_22,S++_25,9.4
1,13,50,S++,S++_22,S++_30,9.4
1,13,50,S++,S++_22,S++_50,9.7
1,13,50,S++,S++_22,S++_28,9.7
1,13,50,S++,S++_22,S++_45,9.7
1,13,50,S++,S++_22,S++_43,10.3
1,13,50,S++,S++_22,S++_47,10.3
1,13,50,S++,S++_23,S++_45,11.2
1,13,50,S++,S++_23,S++_24,10.9
1,13,50,S++,S++_23,S++_28,10.9
1,13,50,S++,S++_23,S++_32,10.9
1,13,50,S++,S++_23,S++_43,10.9
1,13,50,S++,S++_23,S++_44,10.9
1,13,50,S++,S++_23,S++_29,10.6
1,13,50,S++,S++_23,S++_37,10.6
1,13,50,S++,S++_23,S++_42,10.6
1,13,50,S++,S++_23,S++_26,10.6
1,13,50,S++,S++_23,S++_31,10.3
1,13,50,S++,S++_23,S++_50,9.7
1,13,50,S++,S++_23,S++_36,9.7
1,13,50,S++,S++_23,S++_46,9.7
1,13,50,S++,S++_23,S++_25,10
1,13,50,S++,S++_23,S++_38,10
1,13,50,S++,S++_23,S++_40,10.3
1,13,50,S++,S++_23,S++_48,10.3
1,13,50,S++,S++_24,S++_28,11.2
1,13,50,S++,S++_24,S++_32,11.2
1,13,50,S++,S++_24,S++_35,11.2
1,13,50,S++,S++_24,S++_39,10.9
1,13,50,S++,S++_24,S++_40,10.9
1,13,50,S++,S++_24,S++_27,10.9
1,13,50,S++,S++_24,S++_47,10.9
1,13,50,S++,S++_24,S++_26,10.6
1,13,50,S++,S++_24,S++_42,10.6
1,13,50,S++,S++_24,S++_44,10.3
1,13,50,S++,S++_24,S++_49,10.3
1,13,50,S++,S++_24,S++_25,10
1,13,50,S++,S++_24,S++_38,10
1,13,50,S++,S++_24,S++_36,10
1,13,50,S++,S++_24,S++_37,10.3
1,13,50,S++,S++_24,S++_34,10.3
1,13,50,S++,S++_24,S++_45,10.3
1,13,50,S++,S++_24,S++_30,10.6
1,13,50,S++,S++_24,S++_33,10.3
1,13,50,S++,S++_24,S++_50,10.3
1,13,50,S++,S++_25,S++_40,11.2
1,13,50,S++,S++_25,S++_31,11.2
1,13,50,S++,S++_25,S++_33,11.2
1,13,50,S++,S++_25,S++_48,11.2
1,13,50,S++,S++_25,S++_27,10.9
1,13,50,S++,S++_25,S++_47,10.9
1,13,50,S++,S++_25,S++_28,10.9
1,13,50,S++,S++_25,S++_29,10.3
1,13,50,S++,S++_25,S++_34,10.3
1,13,50,S++,S++_25,S++_38,10.3
1,13,50,S++,S++_25,S++_46,10.3
1,13,50,S++,S++_25,S++_26,10
1,13,50,S++,S++_25,S++_30,10
1,13,50,S++,S++_25,S++_44,10
1,13,50,S++,S++_25,S++_36,10
1,13,50,S++,S++_25,S++_39,10
1,13,50,S++,S++_25,S++_50,10
1,13,50,S++,S++_25,S++_41,10.3
1,13,50,S++,S++_25,S++_42,10.3
1,13,50,S++,S++_25,S++_43,10.6
1,13,50,S++,S++_25,S++_49,10.6
1,13,50,S++,S++_25,S++_45,10.3
1,13,50,S++,S++_26,S++_42,11.2
1,13,50,S++,S++_26,S++_37,11.2
1,13,50,S++,S++_26,S++_39,11.2
1,13,50,S++,S++_26,S++_38,10.6
1,13,50,S++,S++_26,S++_47,10.6
1,13,50,S++,S++_26,S++_35,10.3
1,13,50,S++,S++_26,S++_44,10.3
1,13,50,S++,S++_26,S++_50,10.3
1,13,50,S++,S++_26,S++_46,10.3
1,13,50,S++,S++_26,S++_31,10
1,13,50,S++,S++_26,S++_45,10
1,13,50,S++,S++_26,S++_30,10
1,13,50,S++,S++_26,S++_49,10
1,13,50,S++,S++_26,S++_48,10.6
1,13,50,S++,S++_27,S++_45,11.2
1,13,50,S++,S++_27,S++_34,11.2
1,13,50,S++,S++_27,S++_48,11.2
1,13,50,S++,S++_27,S++_37,10
1,13,50,S++,S++_27,S++_41,10
1,13,50,S++,S++_27,S++_49,10
1,13,50,S++,S++_27,S++_30,9.7
1,13,50,S++,S++_27,S++_35,9.4
1,13,50,S++,S++_27,S++_36,9.4
1,13,50,S++,S++_27,S++_40,9.4
1,13,50,S++,S++_27,S++_46,9.4
1,13,50,S++,S++_27,S++_28,9.7
1,13,50,S++,S++_27,S++_32,9.7
1,13,50,S++,S++_27,S++_38,9.7
1,13,50,S++,S++_27,S++_33,9.7
1,13,50,S++,S++_27,S++_43,9.7
1,13,50,S++,S++_27,S++_47,9.7
1,13,50,S++,S++_27,S++_29,9.4
1,13,50,S++,S++_27,S++_39,9.4
1,13,50,S++,S++_27,S++_42,9.7
1,13,50,S++,S++_27,S++_44,9.7
1,13,50,S++,S++_27,S++_50,10
1,13,50,S++,S++_28,S++_44,11.8
1,13,50,S++,S++_28,S++_45,11.8
1,13,50,S++,S++_28,S++_43,11.5
1,13,50,S++,S++_28,S++_48,11.5
1,13,50,S++,S++_28,S++_35,11.5
1,13,50,S++,S++_28,S++_36,11.5
1,13,50,S++,S++_28,S++_41,11.2
1,13,50,S++,S++_28,S++_49,11.2
1,13,50,S++,S++_28,S++_32,10.9
1,13,50,S++,S++_28,S++_31,10.6
1,13,50,S++,S++_28,S++_34,10.6
1,13,50,S++,S++_28,S++_29,9.7
1,13,50,S++,S++_28,S++_30,9.7
1,13,50,S++,S++_28,S++_33,9.7
1,13,50,S++,S++_28,S++_38,9.4
1,13,50,S++,S++_28,S++_37,9.4
1,13,50,S++,S++_28,S++_50,9.4
1,13,50,S++,S++_29,S++_32,10.6
1,13,50,S++,S++_29,S++_38,10.6
1,13,50,S++,S++_29,S++_46,10.6
1,13,50,S++,S++_29,S++_47,9.7
1,13,50,S++,S++_29,S++_39,9.7
1,13,50,S++,S++_29,S++_48,9.7
1,13,50,S++,S++_29,S++_43,9.7
1,13,50,S++,S++_29,S++_37,9.4
1,13,50,S++,S++_29,S++_31,9.4
1,13,50,S++,S++_29,S++_35,9.4
1,13,50,S++,S++_29,S++_41,9.4
1,13,50,S++,S++_29,S++_44,9.4
1,13,50,S++,S++_29,S++_30,9.4
1,13,50,S++,S++_29,S++_40,9.7
1,13,50,S++,S++_30,S++_36,10
1,13,50,S++,S++_30,S++_39,10
1,13,50,S++,S++_30,S++_45,10
1,13,50,S++,S++_30,S++_33,9.7
1,13,50,S++,S++_30,S++_44,9.7
1,13,50,S++,S++_30,S++_48,9.7
1,13,50,S++,S++_30,S++_49,9.7
1,13,50,S++,S++_30,S++_37,9.4
1,13,50,S++,S++_30,S++_47,9.4
1,13,50,S++,S++_30,S++_40,9.4
1,13,50,S++,S++_30,S++_46,9.4
1,13,50,S++,S++_30,S++_31,9.4
1,13,50,S++,S++_30,S++_35,9.4
1,13,50,S++,S++_30,S++_38,10
1,13,50,S++,S++_30,S++_32,10.3
1,13,50,S++,S++_31,S++_46,10.6
1,13,50,S++,S++_31,S++_47,10.3
1,13,50,S++,S++_31,S++_32,10
1,13,50,S++,S++_31,S++_36,10
1,13,50,S++,S++_31,S++_39,10
1,13,50,S++,S++_31,S++_35,10.3
1,13,50,S++,S++_31,S++_50,10.3
1,13,50,S++,S++_31,S++_44,10
1,13,50,S++,S++_31,S++_45,9.7
1,13,50,S++,S++_31,S++_48,9.7
1,13,50,S++,S++_31,S++_33,9.7
1,13,50,S++,S++_31,S++_37,9.7
1,13,50,S++,S++_31,S++_41,10
1,13,50,S++,S++_31,S++_43,10
1,13,50,S++,S++_31,S++_34,9.7
1,13,50,S++,S++_31,S++_40,9.7
1,13,50,S++,S++_31,S++_49,9.7
1,13,50,S++,S++_31,S++_38,9.7
1,13,50,S++,S++_31,S++_42,9.7
1,13,50,S++,S++_32,S++_39,10.6
1,13,50,S++,S++_32,S++_43,10
1,13,50,S++,S++_32,S++_50,10
1,13,50,S++,S++_32,S++_41,10
1,13,50,S++,S++_32,S++_33,10.3
1,13,50,S++,S++_32,S++_42,10.3
1,13,50,S++,S++_32,S++_37,10
1,13,50,S++,S++_32,S++_35,10
1,13,50,S++,S++_32,S++_38,10
1,13,50,S++,S++_32,S++_46,10.3
1,13,50,S++,S++_32,S++_49,10.3
1,13,50,S++,S++_32,S++_44,10
1,13,50,S++,S++_32,S++_34,9.7
1,13,50,S++,S++_32,S++_40,9.7
1,13,50,S++,S++_32,S++_45,10
1,13,50,S++,S++_32,S++_36,9.7
1,13,50,S++,S++_32,S++_47,9.7
1,13,50,S++,S++_32,S++_48,10
1,13,50,S++,S++_33,S++_34,10
1,13,50,S++,S++_33,S++_37,10.3
1,13,50,S++,S++_33,S++_45,10.3
1,13,50,S++,S++_33,S++_50,10.3
1,13,50,S++,S++_33,S++_42,9.7
1,13,50,S++,S++_33,S++_41,10
1,13,50,S++,S++_33,S++_48,10
1,13,50,S++,S++_33,S++_49,10.3
1,13,50,S++,S++_33,S++_44,10
1,13,50,S++,S++_33,S++_35,9.7
1,13,50,S++,S++_33,S++_40,9.7
1,13,50,S++,S++_33,S++_47,9.7
1,13,50,S++,S++_33,S++_43,10
1,13,50,S++,S++_33,S++_46,10
1,13,50,S++,S++_33,S++_36,9.7
1,13,50,S++,S++_33,S++_38,9.7
1,13,50,S++,S++_33,S++_39,10.3
1,13,50,S++,S++_34,S++_37,10
1,13,50,S++,S++_34,S++_42,10
1,13,50,S++,S++_34,S++_48,10
1,13,50,S++,S++_34,S++_44,10.3
1,13,50,S++,S++_34,S++_49,10.3
1,13,50,S++,S++_34,S++_39,10
1,13,50,S++,S++_34,S++_47,9.7
1,13,50,S++,S++_34,S++_46,9.7
1,13,50,S++,S++_34,S++_36,10
1,13,50,S++,S++_34,S++_50,10
1,13,50,S++,S++_34,S++_41,10
1,13,50,S++,S++_34,S++_35,9.7
1,13,50,S++,S++_34,S++_40,9.7
1,13,50,S++,S++_34,S++_43,9.7
1,13,50,S++,S++_34,S++_45,9.7
1,13,50,S++,S++_34,S++_38,10
1,13,50,S++,S++_35,S++_37,9.7
1,13,50,S++,S++_35,S++_39,10.3
1,13,50,S++,S++_35,S++_41,10.3
1,13,50,S++,S++_35,S++_42,10.3
1,13,50,S++,S++_35,S++_50,10.3
1,13,50,S++,S++_35,S++_46,10.6
1,13,50,S++,S++_35,S++_47,10.6
1,13,50,S++,S++_35,S++_45,10.3
1,13,50,S++,S++_35,S++_36,10.3
1,13,50,S++,S++_35,S++_40,10.6
1,13,50,S++,S++_35,S++_44,10
1,13,50,S++,S++_35,S++_38,10
1,13,50,S++,S++_35,S++_43,9.7
1,13,50,S++,S++_35,S++_48,9.7
1,13,50,S++,S++_35,S++_49,9.4
1,13,50,S++,S++_36,S++_44,10
1,13,50,S++,S++_36,S++_48,10
1,13,50,S++,S++_36,S++_41,10
1,13,50,S++,S++_36,S++_45,10
1,13,50,S++,S++_36,S++_37,9.7
1,13,50,S++,S++_36,S++_40,10
1,13,50,S++,S++_36,S++_47,10
1,13,50,S++,S++_36,S++_49,9.4
1,13,50,S++,S++_36,S++_38,10
1,13,50,S++,S++_37,S++_40,9.4
1,13,50,S++,S++_37,S++_43,9.4
1,13,50,S++,S++_37,S++_46,9.4
1,13,50,S++,S++_37,S++_49,9.4
1,13,50,S++,S++_37,S++_39,9.4
1,13,50,S++,S++_37,S++_42,9.4
1,13,50,S++,S++_38,S++_47,9.4
1,13,50,S++,S++_38,S++_39,9.4
1,13,50,S++,S++_38,S++_42,9.4
1,13,50,S++,S++_38,S++_50,10
1,13,50,S++,S++_38,S++_44,9.7
1,13,50,S++,S++_38,S++_43,10
1,13,50,S++,S++_38,S++_49,10
1,13,50,S++,S++_38,S++_46,10
1,13,50,S++,S++_38,S++_45,9.7
1,13,50,S++,S++_38,S++_48,9.7
1,13,50,S++,S++_38,S++_41,9.4
1,13,50,S++,S++_38,S++_40,9.4
1,13,50,S++,S++_39,S++_43,9.4
1,13,50,S++,S++_39,S++_47,9.4
1,13,50,S++,S++_39,S++_50,9.4
1,13,50,S++,S++_39,S++_44,9.4
1,13,50,S++,S++_39,S++_46,10
1,13,50,S++,S++_39,S++_48,9.7
1,13,50,S++,S++_39,S++_42,10
1,13,50,S++,S++_39,S++_45,10
1,13,50,S++,S++_39,S++_41,10
1,13,50,S++,S++_39,S++_49,10
1,13,50,S++,S++_39,S++_40,9.4
1,13,50,S++,S++_40,S++_41,9.7
1,13,50,S++,S++_40,S++_42,10
1,13,50,S++,S++_40,S++_50,10
1,13,50,S++,S++_40,S++_48,10
1,13,50,S++,S++_40,S++_46,9.7
1,13,50,S++,S++_40,S++_47,9.7
1,13,50,S++,S++_40,S++_44,10
1,13,50,S++,S++_40,S++_45,10
1,13,50,S++,S++_40,S++_49,9.7
1,13,50,S++,S++_40,S++_43,9.4
1,13,50,S++,S++_41,S++_42,9.7
1,13,50,S++,S++_41,S++_48,9.4
1,13,50,S++,S++_41,S++_44,9.7
1,13,50,S++,S++_41,S++_43,9.7
1,13,50,S++,S++_41,S++_45,9.7
1,13,50,S++,S++_41,S++_46,9.7
1,13,50,S++,S++_41,S++_50,9.4
1,13,50,S++,S++_42,S++_45,9.7
1,13,50,S++,S++_42,S++_43,9.7
1,13,50,S++,S++_42,S++_47,9.4
1,13,50,S++,S++_42,S++_49,9.4
1,13,50,S++,S++_42,S++_46,9.4
1,13,50,S++,S++_43,S++_50,9.4
1,13,50,S++,S++_43,S++_44,9.7
1,13,50,S++,S++_43,S++_45,9.7
1,13,50,S++,S++_43,S++_46,9.7
1,13,50,S++,S++_43,S++_47,9.7
1,13,50,S++,S++_43,S++_48,9.4
1,13,50,S++,S++_44,S++_45,9.4
1,13,50,S++,S++_44,S++_49,9.4
1,13,50,S++,S++_45,S++_46,9.4
1,13,50,S++,S++_45,S++_47,9.4
1,13,50,S++,S++_45,S++_48,9.7
1,13,50,S++,S++_46,S++_47,9.4
1,13,50,S++,S++_46,S++_49,9.4
1,13,50,S++,S++_46,S++_50,9.4
1,13,50,S++,S++_47,S++_48,9.7
1,13,50,S++,S++_47,S++_49,9.4
1,13,50,S++,S++_48,S++_50,9.7
1,13,50,S++,S++_48,S++_49,10
1,13,50,S++,S++_49,S++_50,10
1,14,50,S++,S++_1,S++_2,9.4
1,14,50,S++,S++_1,S++_8,9.4
1,14,50,S++,S++_1,S++_11,9.4
1,14,50,S++,S++_1,S++_22,9.4
1,14,50,S++,S++_1,S++_31,9.4
1,14,50,S++,S++_1,S++_19,9.7
1,14,50,S++,S++_1,S++_48,9.7
1,14,50,S++,S++_1,S++_49,10
1,14,50,S++,S++_2,S++_26,9.4
1,14,50,S++,S++_2,S++_31,9.4
1,14,50,S++,S++_2,S++_32,9.4
1,14,50,S++,S++_2,S++_44,9.4
1,14,50,S++,S++_2,S++_16,9.4
1,14,50,S++,S++_2,S++_27,9.4
1,14,50,S++,S++_2,S++_47,9.4
1,14,50,S++,S++_2,S++_23,9.4
1,14,50,S++,S++_2,S++_42,9.4
1,14,50,S++,S++_2,S++_46,9.4
1,14,50,S++,S++_3,S++_12,9.4
1,14,50,S++,S++_3,S++_25,9.4
1,14,50,S++,S++_3,S++_16,9.4
1,14,50,S++,S++_3,S++_36,9.4
1,14,50,S++,S++_3,S++_49,9.4
1,14,50,S++,S++_3,S++_10,9.7
1,14,50,S++,S++_3,S++_13,9.7
1,14,50,S++,S++_3,S++_42,9.7
1,14,50,S++,S++_3,S++_47,9.7
1,14,50,S++,S++_3,S++_50,9.7
1,14,50,S++,S++_3,S++_14,9.7
1,14,50,S++,S++_3,S++_5,9.4
1,14,50,S++,S++_3,S++_15,9.4
1,14,50,S++,S++_3,S++_19,9.4
1,14,50,S++,S++_4,S++_32,9.4
1,14,50,S++,S++_4,S++_44,9.4
1,14,50,S++,S++_4,S++_10,9.7
1,14,50,S++,S++_4,S++_20,9.7
1,14,50,S++,S++_4,S++_50,9.7
1,14,50,S++,S++_4,S++_36,9.4
1,14,50,S++,S++_4,S++_37,9.4
1,14,50,S++,S++_4,S++_6,9.4
1,14,50,S++,S++_4,S++_12,9.4
1,14,50,S++,S++_4,S++_21,9.4
1,14,50,S++,S++_4,S++_28,9.4
1,14,50,S++,S++_5,S++_6,9.7
1,14,50,S++,S++_5,S++_29,9.7
1,14,50,S++,S++_5,S++_43,9.7
1,14,50,S++,S++_5,S++_45,9.7
1,14,50,S++,S++_5,S++_23,9.4
1,14,50,S++,S++_5,S++_34,9.4
1,14,50,S++,S++_5,S++_46,9.4
1,14,50,S++,S++_5,S++_19,9.7
1,14,50,S++,S++_5,S++_28,9.7
1,14,50,S++,S++_5,S++_48,9.7
1,14,50,S++,S++_5,S++_22,9.4
1,14,50,S++,S++_5,S++_30,9.4
1,14,50,S++,S++_5,S++_41,9.4
1,14,50,S++,S++_5,S++_47,9.4
1,14,50,S++,S++_5,S++_7,9.4
1,14,50,S++,S++_5,S++_11,9.4
1,14,50,S++,S++_5,S++_44,9.4
1,14,50,S++,S++_5,S++_49,9.4
1,14,50,S++,S++_5,S++_38,9.7
1,14,50,S++,S++_5,S++_9,9.7
1,14,50,S++,S++_5,S++_32,9.7
1,14,50,S++,S++_5,S++_33,9.7
1,14,50,S++,S++_5,S++_36,9.7
1,14,50,S++,S++_5,S++_40,9.7
1,14,50,S++,S++_5,S++_50,9.7
1,14,50,S++,S++_5,S++_25,10
1,14,50,S++,S++_5,S++_27,10
1,14,50,S++,S++_5,S++_21,10
1,14,50,S++,S++_5,S++_13,9.7
1,14,50,S++,S++_5,S++_17,9.7
1,14,50,S++,S++_6,S++_10,9.7
1,14,50,S++,S++_6,S++_21,9.7
1,14,50,S++,S++_6,S++_28,9.7
1,14,50,S++,S++_6,S++_48,10.3
1,14,50,S++,S++_6,S++_17,10.3
1,14,50,S++,S++_6,S++_25,10.3
1,14,50,S++,S++_6,S++_34,10.3
1,14,50,S++,S++_6,S++_49,10.3
1,14,50,S++,S++_6,S++_16,10
1,14,50,S++,S++_6,S++_41,10
1,14,50,S++,S++_6,S++_42,10
1,14,50,S++,S++_6,S++_43,10
1,14,50,S++,S++_6,S++_13,10
1,14,50,S++,S++_6,S++_35,10
1,14,50,S++,S++_6,S++_37,10.3
1,14,50,S++,S++_6,S++_22,10.3
1,14,50,S++,S++_6,S++_27,10.3
1,14,50,S++,S++_6,S++_32,10.9
1,14,50,S++,S++_6,S++_40,10.9
1,14,50,S++,S++_6,S++_9,10.6
1,14,50,S++,S++_6,S++_18,10.6
1,14,50,S++,S++_6,S++_46,10.6
1,14,50,S++,S++_6,S++_11,10.9
1,14,50,S++,S++_6,S++_26,10.9
1,14,50,S++,S++_6,S++_33,10.9
1,14,50,S++,S++_6,S++_44,10.9
1,14,50,S++,S++_6,S++_8,10.6
1,14,50,S++,S++_6,S++_50,10.6
1,14,50,S++,S++_6,S++_23,10.6
1,14,50,S++,S++_6,S++_45,10.6
1,14,50,S++,S++_6,S++_19,10.3
1,14,50,S++,S++_6,S++_29,10.3
1,14,50,S++,S++_6,S++_30,10.3
1,14,50,S++,S++_6,S++_36,10.3
1,14,50,S++,S++_6,S++_38,10.3
1,14,50,S++,S++_6,S++_47,10.3
1,14,50,S++,S++_6,S++_39,10.3
1,14,50,S++,S++_6,S++_12,10.6
1,14,50,S++,S++_6,S++_20,10.6
1,14,50,S++,S++_6,S++_31,10.6
1,14,50,S++,S++_6,S++_7,10.3
1,14,50,S++,S++_6,S++_14,10.3
1,14,50,S++,S++_6,S++_24,10.3
1,14,50,S++,S++_6,S++_15,10
1,14,50,S++,S++_7,S++_9,10.9
1,14,50,S++,S++_7,S++_11,10.9
1,14,50,S++,S++_7,S++_17,10.9
1,14,50,S++,S++_7,S++_22,10.9
1,14,50,S++,S++_7,S++_30,10.9
1,14,50,S++,S++_7,S++_45,10.9
1,14,50,S++,S++_7,S++_46,10.6
1,14,50,S++,S++_7,S++_35,10.9
1,14,50,S++,S++_7,S++_19,10.6
1,14,50,S++,S++_7,S++_36,10.6
1,14,50,S++,S++_7,S++_40,10.6
1,14,50,S++,S++_7,S++_48,10.6
1,14,50,S++,S++_7,S++_8,10.9
1,14,50,S++,S++_7,S++_16,10.9
1,14,50,S++,S++_7,S++_25,10.9
1,14,50,S++,S++_7,S++_34,10.9
1,14,50,S++,S++_7,S++_47,10.3
1,14,50,S++,S++_7,S++_49,10.3
1,14,50,S++,S++_7,S++_43,10.3
1,14,50,S++,S++_7,S++_28,10.6
1,14,50,S++,S++_7,S++_24,10.6
1,14,50,S++,S++_7,S++_31,10.6
1,14,50,S++,S++_7,S++_37,10.6
1,14,50,S++,S++_7,S++_10,10.3
1,14,50,S++,S++_7,S++_14,10.3
1,14,50,S++,S++_7,S++_21,10.3
1,14,50,S++,S++_7,S++_33,10.3
1,14,50,S++,S++_7,S++_44,10.3
1,14,50,S++,S++_7,S++_50,10.3
1,14,50,S++,S++_7,S++_20,10.3
1,14,50,S++,S++_7,S++_23,10.3
1,14,50,S++,S++_7,S++_27,10.3
1,14,50,S++,S++_7,S++_12,10.6
1,14,50,S++,S++_7,S++_32,10.6
1,14,50,S++,S++_7,S++_26,10.6
1,14,50,S++,S++_7,S++_38,10.6
1,14,50,S++,S++_7,S++_42,10.6
1,14,50,S++,S++_7,S++_29,10.3
1,14,50,S++,S++_7,S++_41,10.3
1,14,50,S++,S++_7,S++_13,10
1,14,50,S++,S++_7,S++_15,10
1,14,50,S++,S++_7,S++_39,10
1,14,50,S++,S++_7,S++_18,10.3
1,14,50,S++,S++_8,S++_17,10.3
1,14,50,S++,S++_8,S++_19,10.3
1,14,50,S++,S++_8,S++_23,10.9
1,14,50,S++,S++_8,S++_35,10.9
1,14,50,S++,S++_8,S++_47,10.9
1,14,50,S++,S++_8,S++_10,10.9
1,14,50,S++,S++_8,S++_24,10.9
1,14,50,S++,S++_8,S++_43,10.6
1,14,50,S++,S++_8,S++_50,10.6
1,14,50,S++,S++_8,S++_25,10.6
1,14,50,S++,S++_8,S++_37,10.6
1,14,50,S++,S++_8,S++_44,10.6
1,14,50,S++,S++_8,S++_45,10.6
1,14,50,S++,S++_8,S++_11,10.9
1,14,50,S++,S++_8,S++_18,10.9
1,14,50,S++,S++_8,S++_20,10.9
1,14,50,S++,S++_8,S++_12,10.9
1,14,50,S++,S++_8,S++_32,10.9
1,14,50,S++,S++_8,S++_15,10.6
1,14,50,S++,S++_8,S++_31,10.6
1,14,50,S++,S++_8,S++_9,10.6
1,14,50,S++,S++_8,S++_29,10.6
1,14,50,S++,S++_8,S++_34,10.3
1,14,50,S++,S++_8,S++_46,10.3
1,14,50,S++,S++_8,S++_36,10.6
1,14,50,S++,S++_8,S++_41,10.6
1,14,50,S++,S++_8,S++_21,10.3
1,14,50,S++,S++_8,S++_27,10.3
1,14,50,S++,S++_8,S++_40,10.3
1,14,50,S++,S++_8,S++_42,10.3
1,14,50,S++,S++_8,S++_48,10.3
1,14,50,S++,S++_8,S++_49,10.3
1,14,50,S++,S++_8,S++_22,10.3
1,14,50,S++,S++_8,S++_26,10.3
1,14,50,S++,S++_8,S++_28,10.3
1,14,50,S++,S++_8,S++_30,10.3
1,14,50,S++,S++_8,S++_38,10.3
1,14,50,S++,S++_8,S++_33,10.6
1,14,50,S++,S++_8,S++_39,10.3
1,14,50,S++,S++_8,S++_14,10
1,14,50,S++,S++_8,S++_16,10
1,14,50,S++,S++_8,S++_13,9.7
1,14,50,S++,S++_9,S++_30,10.9
1,14,50,S++,S++_9,S++_36,10.9
1,14,50,S++,S++_9,S++_47,10.9
1,14,50,S++,S++_9,S++_27,10.9
1,14,50,S++,S++_9,S++_14,10.6
1,14,50,S++,S++_9,S++_37,10.6
1,14,50,S++,S++_9,S++_22,10.6
1,14,50,S++,S++_9,S++_33,10
1,14,50,S++,S++_9,S++_44,10
1,14,50,S++,S++_9,S++_16,10.3
1,14,50,S++,S++_9,S++_43,10.3
1,14,50,S++,S++_9,S++_45,10.3
1,14,50,S++,S++_9,S++_15,10
1,14,50,S++,S++_9,S++_38,10
1,14,50,S++,S++_9,S++_46,10
1,14,50,S++,S++_9,S++_19,10
1,14,50,S++,S++_9,S++_21,9.7
1,14,50,S++,S++_9,S++_25,9.7
1,14,50,S++,S++_9,S++_29,10
1,14,50,S++,S++_9,S++_32,10
1,14,50,S++,S++_9,S++_26,10
1,14,50,S++,S++_9,S++_34,10
1,14,50,S++,S++_9,S++_40,10
1,14,50,S++,S++_9,S++_48,10
1,14,50,S++,S++_9,S++_24,9.7
1,14,50,S++,S++_9,S++_49,9.7
1,14,50,S++,S++_9,S++_28,9.7
1,14,50,S++,S++_9,S++_39,9.7
1,14,50,S++,S++_9,S++_42,9.7
1,14,50,S++,S++_9,S++_18,10
1,14,50,S++,S++_9,S++_23,10
1,14,50,S++,S++_9,S++_35,10
1,14,50,S++,S++_9,S++_20,10
1,14,50,S++,S++_9,S++_10,9.7
1,14,50,S++,S++_9,S++_11,9.7
1,14,50,S++,S++_9,S++_12,9.7
1,14,50,S++,S++_9,S++_31,9.7
1,14,50,S++,S++_9,S++_41,9.7
1,14,50,S++,S++_9,S++_50,9.7
1,14,50,S++,S++_9,S++_13,9.4
1,14,50,S++,S++_9,S++_17,9.7
1,14,50,S++,S++_10,S++_22,9.7
1,14,50,S++,S++_10,S++_33,9.7
1,14,50,S++,S++_10,S++_47,9.7
1,14,50,S++,S++_10,S++_21,9.7
1,14,50,S++,S++_10,S++_48,9.7
1,14,50,S++,S++_10,S++_13,9.4
1,14,50,S++,S++_10,S++_20,9.4
1,14,50,S++,S++_10,S++_46,9.4
1,14,50,S++,S++_10,S++_15,9.4
1,14,50,S++,S++_10,S++_17,9.4
1,14,50,S++,S++_10,S++_14,9.7
1,14,50,S++,S++_10,S++_19,9.7
1,14,50,S++,S++_10,S++_27,9.7
1,14,50,S++,S++_10,S++_30,9.7
1,14,50,S++,S++_10,S++_11,9.4
1,14,50,S++,S++_10,S++_25,9.4
1,14,50,S++,S++_10,S++_28,9.4
1,14,50,S++,S++_10,S++_29,10
1,14,50,S++,S++_10,S++_37,10
1,14,50,S++,S++_10,S++_24,9.4
1,14,50,S++,S++_10,S++_41,9.4
1,14,50,S++,S++_10,S++_49,9.4
1,14,50,S++,S++_10,S++_23,9.7
1,14,50,S++,S++_10,S++_35,9.7
1,14,50,S++,S++_10,S++_34,9.7
1,14,50,S++,S++_10,S++_39,9.4
1,14,50,S++,S++_10,S++_40,9.4
1,14,50,S++,S++_10,S++_16,9.4
1,14,50,S++,S++_10,S++_32,9.4
1,14,50,S++,S++_10,S++_38,9.7
1,14,50,S++,S++_10,S++_12,9.4
1,14,50,S++,S++_11,S++_13,9.7
1,14,50,S++,S++_11,S++_16,9.7
1,14,50,S++,S++_11,S++_34,9.7
1,14,50,S++,S++_11,S++_37,9.7
1,14,50,S++,S++_11,S++_49,9.7
1,14,50,S++,S++_11,S++_27,9.4
1,14,50,S++,S++_11,S++_36,9.4
1,14,50,S++,S++_11,S++_48,9.4
1,14,50,S++,S++_11,S++_40,10
1,14,50,S++,S++_11,S++_46,10
1,14,50,S++,S++_11,S++_15,10.9
1,14,50,S++,S++_11,S++_33,10.9
1,14,50,S++,S++_11,S++_44,10.9
1,14,50,S++,S++_11,S++_22,10.6
1,14,50,S++,S++_11,S++_39,10.6
1,14,50,S++,S++_11,S++_21,10.6
1,14,50,S++,S++_11,S++_30,10.6
1,14,50,S++,S++_11,S++_14,10.3
1,14,50,S++,S++_11,S++_23,10.3
1,14,50,S++,S++_11,S++_28,10.3
1,14,50,S++,S++_11,S++_29,10.3
1,14,50,S++,S++_11,S++_25,10.3
1,14,50,S++,S++_11,S++_12,10.6
1,14,50,S++,S++_11,S++_24,10.6
1,14,50,S++,S++_11,S++_42,10.6
1,14,50,S++,S++_11,S++_45,10.6
1,14,50,S++,S++_11,S++_47,10.6
1,14,50,S++,S++_11,S++_43,10.6
1,14,50,S++,S++_11,S++_31,10.9
1,14,50,S++,S++_11,S++_19,10.6
1,14,50,S++,S++_11,S++_20,10.6
1,14,50,S++,S++_11,S++_26,10.6
1,14,50,S++,S++_11,S++_35,10.6
1,14,50,S++,S++_11,S++_41,10.6
1,14,50,S++,S++_11,S++_50,10.6
1,14,50,S++,S++_11,S++_17,10.9
1,14,50,S++,S++_11,S++_18,10.9
1,14,50,S++,S++_11,S++_32,10.6
1,14,50,S++,S++_11,S++_38,10.6
1,14,50,S++,S++_12,S++_23,10.9
1,14,50,S++,S++_12,S++_31,10.9
1,14,50,S++,S++_12,S++_18,10.9
1,14,50,S++,S++_12,S++_35,10.3
1,14,50,S++,S++_12,S++_42,10.3
1,14,50,S++,S++_12,S++_17,10.3
1,14,50,S++,S++_12,S++_24,10.3
1,14,50,S++,S++_12,S++_39,10.3
1,14,50,S++,S++_12,S++_48,10.3
1,14,50,S++,S++_12,S++_14,10.6
1,14,50,S++,S++_12,S++_32,10
1,14,50,S++,S++_12,S++_34,10
1,14,50,S++,S++_12,S++_40,10
1,14,50,S++,S++_12,S++_22,10
1,14,50,S++,S++_12,S++_15,10.3
1,14,50,S++,S++_12,S++_20,10.3
1,14,50,S++,S++_12,S++_21,10.3
1,14,50,S++,S++_12,S++_30,10.3
1,14,50,S++,S++_12,S++_16,10.6
1,14,50,S++,S++_12,S++_38,10.6
1,14,50,S++,S++_12,S++_25,10.6
1,14,50,S++,S++_12,S++_49,10.6
1,14,50,S++,S++_12,S++_13,10.3
1,14,50,S++,S++_12,S++_44,10.3
1,14,50,S++,S++_12,S++_41,10.3
1,14,50,S++,S++_12,S++_26,10
1,14,50,S++,S++_12,S++_37,10
1,14,50,S++,S++_13,S++_23,10
1,14,50,S++,S++_13,S++_25,10
1,14,50,S++,S++_13,S++_46,10
1,14,50,S++,S++_13,S++_18,10.3
1,14,50,S++,S++_13,S++_33,10.3
1,14,50,S++,S++_13,S++_42,10.3
1,14,50,S++,S++_13,S++_44,10.3
1,14,50,S++,S++_13,S++_14,10.6
1,14,50,S++,S++_13,S++_17,10.6
1,14,50,S++,S++_13,S++_32,10.6
1,14,50,S++,S++_13,S++_49,10.6
1,14,50,S++,S++_13,S++_20,10.6
1,14,50,S++,S++_13,S++_30,10.6
1,14,50,S++,S++_13,S++_45,10.6
1,14,50,S++,S++_13,S++_47,10.6
1,14,50,S++,S++_13,S++_22,10.3
1,14,50,S++,S++_13,S++_26,10.3
1,14,50,S++,S++_14,S++_15,10
1,14,50,S++,S++_14,S++_24,10
1,14,50,S++,S++_14,S++_27,10
1,14,50,S++,S++_14,S++_31,10
1,14,50,S++,S++_14,S++_35,10
1,14,50,S++,S++_14,S++_36,10
1,14,50,S++,S++_14,S++_47,10
1,14,50,S++,S++_14,S++_48,10
1,14,50,S++,S++_14,S++_23,10.3
1,14,50,S++,S++_14,S++_50,9.7
1,14,50,S++,S++_14,S++_25,9.7
1,14,50,S++,S++_14,S++_30,9.7
1,14,50,S++,S++_14,S++_45,9.7
1,14,50,S++,S++_14,S++_29,10
1,14,50,S++,S++_14,S++_41,9.4
1,14,50,S++,S++_14,S++_19,9.7
1,14,50,S++,S++_14,S++_22,9.7
1,14,50,S++,S++_14,S++_38,9.7
1,14,50,S++,S++_14,S++_17,10
1,14,50,S++,S++_15,S++_23,9.4
1,14,50,S++,S++_15,S++_35,9.4
1,14,50,S++,S++_15,S++_38,9.4
1,14,50,S++,S++_15,S++_39,9.4
1,14,50,S++,S++_15,S++_33,9.7
1,14,50,S++,S++_15,S++_49,9.7
1,14,50,S++,S++_15,S++_30,10
1,14,50,S++,S++_16,S++_46,9.4
1,14,50,S++,S++_16,S++_21,9.7
1,14,50,S++,S++_16,S++_30,9.7
1,14,50,S++,S++_16,S++_44,9.7
1,14,50,S++,S++_16,S++_48,9.7
1,14,50,S++,S++_16,S++_49,9.7
1,14,50,S++,S++_16,S++_29,9.7
1,14,50,S++,S++_16,S++_32,9.7
1,14,50,S++,S++_16,S++_33,9.7
1,14,50,S++,S++_16,S++_17,9.4
1,14,50,S++,S++_16,S++_18,9.4
1,14,50,S++,S++_16,S++_31,9.4
1,14,50,S++,S++_16,S++_22,9.7
1,14,50,S++,S++_16,S++_23,9.7
1,14,50,S++,S++_16,S++_35,9.7
1,14,50,S++,S++_17,S++_41,9.4
1,14,50,S++,S++_17,S++_47,9.4
1,14,50,S++,S++_17,S++_22,9.4
1,14,50,S++,S++_17,S++_34,9.4
1,14,50,S++,S++_17,S++_36,9.4
1,14,50,S++,S++_17,S++_26,9.7
1,14,50,S++,S++_17,S++_21,9.7
1,14,50,S++,S++_17,S++_29,9.7
1,14,50,S++,S++_17,S++_33,9.7
1,14,50,S++,S++_17,S++_37,9.7
1,14,50,S++,S++_17,S++_43,9.7
1,14,50,S++,S++_17,S++_44,9.7
1,14,50,S++,S++_17,S++_20,9.4
1,14,50,S++,S++_17,S++_23,9.4
1,14,50,S++,S++_17,S++_25,9.4
1,14,50,S++,S++_17,S++_28,9.4
1,14,50,S++,S++_17,S++_42,9.4
1,14,50,S++,S++_17,S++_24,9.4
1,14,50,S++,S++_17,S++_27,10
1,14,50,S++,S++_18,S++_41,9.4
1,14,50,S++,S++_18,S++_43,9.4
1,14,50,S++,S++_18,S++_20,9.7
1,14,50,S++,S++_18,S++_22,9.7
1,14,50,S++,S++_18,S++_24,9.7
1,14,50,S++,S++_18,S++_49,9.7
1,14,50,S++,S++_18,S++_30,9.7
1,14,50,S++,S++_18,S++_34,9.7
1,14,50,S++,S++_18,S++_46,9.7
1,14,50,S++,S++_18,S++_25,9.4
1,14,50,S++,S++_18,S++_32,9.4
1,14,50,S++,S++_18,S++_47,9.4
1,14,50,S++,S++_19,S++_39,9.4
1,14,50,S++,S++_19,S++_40,9.4
1,14,50,S++,S++_19,S++_20,9.4
1,14,50,S++,S++_19,S++_21,9.4
1,14,50,S++,S++_19,S++_26,9.4
1,14,50,S++,S++_19,S++_31,9.4
1,14,50,S++,S++_19,S++_33,9.4
1,14,50,S++,S++_19,S++_38,9.4
1,14,50,S++,S++_19,S++_50,9.4
1,14,50,S++,S++_19,S++_25,9.7
1,14,50,S++,S++_19,S++_41,9.7
1,14,50,S++,S++_20,S++_38,9.4
1,14,50,S++,S++_20,S++_23,9.4
1,14,50,S++,S++_20,S++_36,9.4
1,14,50,S++,S++_20,S++_39,9.7
1,14,50,S++,S++_20,S++_47,9.7
1,14,50,S++,S++_20,S++_42,9.7
1,14,50,S++,S++_20,S++_31,9.4
1,14,50,S++,S++_20,S++_32,9.4
1,14,50,S++,S++_20,S++_40,9.4
1,14,50,S++,S++_20,S++_43,9.4
1,14,50,S++,S++_20,S++_22,9.4
1,14,50,S++,S++_20,S++_35,9.4
1,14,50,S++,S++_20,S++_50,9.4
1,14,50,S++,S++_20,S++_26,9.4
1,14,50,S++,S++_21,S++_27,9.7
1,14,50,S++,S++_21,S++_34,9.7
1,14,50,S++,S++_21,S++_31,9.4
1,14,50,S++,S++_21,S++_35,9.4
1,14,50,S++,S++_21,S++_43,9.4
1,14,50,S++,S++_22,S++_24,10.3
1,14,50,S++,S++_22,S++_39,10.3
1,14,50,S++,S++_22,S++_49,10.3
1,14,50,S++,S++_22,S++_33,10
1,14,50,S++,S++_22,S++_35,10
1,14,50,S++,S++_22,S++_36,10
1,14,50,S++,S++_22,S++_27,9.7
1,14,50,S++,S++_22,S++_29,9.7
1,14,50,S++,S++_22,S++_40,9.7
1,14,50,S++,S++_22,S++_26,9.7
1,14,50,S++,S++_22,S++_48,9.7
1,14,50,S++,S++_22,S++_23,9.4
1,14,50,S++,S++_22,S++_31,9.4
1,14,50,S++,S++_22,S++_34,9.4
1,14,50,S++,S++_22,S++_50,9.4
1,14,50,S++,S++_22,S++_28,9.4
1,14,50,S++,S++_22,S++_45,9.4
1,14,50,S++,S++_22,S++_43,10
1,14,50,S++,S++_22,S++_47,10
1,14,50,S++,S++_23,S++_45,10.9
1,14,50,S++,S++_23,S++_24,10.6
1,14,50,S++,S++_23,S++_28,10.6
1,14,50,S++,S++_23,S++_32,10.6
1,14,50,S++,S++_23,S++_43,10.6
1,14,50,S++,S++_23,S++_44,10.6
1,14,50,S++,S++_23,S++_29,10.3
1,14,50,S++,S++_23,S++_37,10.3
1,14,50,S++,S++_23,S++_42,10.3
1,14,50,S++,S++_23,S++_26,10.3
1,14,50,S++,S++_23,S++_31,10
1,14,50,S++,S++_23,S++_50,9.4
1,14,50,S++,S++_23,S++_36,9.4
1,14,50,S++,S++_23,S++_46,9.4
1,14,50,S++,S++_23,S++_25,9.7
1,14,50,S++,S++_23,S++_38,9.7
1,14,50,S++,S++_23,S++_40,10
1,14,50,S++,S++_23,S++_48,10
1,14,50,S++,S++_24,S++_28,10.9
1,14,50,S++,S++_24,S++_32,10.9
1,14,50,S++,S++_24,S++_35,10.9
1,14,50,S++,S++_24,S++_39,10.6
1,14,50,S++,S++_24,S++_40,10.6
1,14,50,S++,S++_24,S++_27,10.6
1,14,50,S++,S++_24,S++_47,10.6
1,14,50,S++,S++_24,S++_26,10.3
1,14,50,S++,S++_24,S++_42,10.3
1,14,50,S++,S++_24,S++_44,10
1,14,50,S++,S++_24,S++_49,10
1,14,50,S++,S++_24,S++_25,9.7
1,14,50,S++,S++_24,S++_38,9.7
1,14,50,S++,S++_24,S++_36,9.7
1,14,50,S++,S++_24,S++_37,10
1,14,50,S++,S++_24,S++_34,10
1,14,50,S++,S++_24,S++_45,10
1,14,50,S++,S++_24,S++_30,10.3
1,14,50,S++,S++_24,S++_33,10
1,14,50,S++,S++_24,S++_50,10
1,14,50,S++,S++_25,S++_40,10.9
1,14,50,S++,S++_25,S++_31,10.9
1,14,50,S++,S++_25,S++_33,10.9
1,14,50,S++,S++_25,S++_48,10.9
1,14,50,S++,S++_25,S++_27,10.6
1,14,50,S++,S++_25,S++_47,10.6
1,14,50,S++,S++_25,S++_28,10.6
1,14,50,S++,S++_25,S++_29,10
1,14,50,S++,S++_25,S++_34,10
1,14,50,S++,S++_25,S++_38,10
1,14,50,S++,S++_25,S++_46,10
1,14,50,S++,S++_25,S++_26,9.7
1,14,50,S++,S++_25,S++_30,9.7
1,14,50,S++,S++_25,S++_44,9.7
1,14,50,S++,S++_25,S++_36,9.7
1,14,50,S++,S++_25,S++_39,9.7
1,14,50,S++,S++_25,S++_50,9.7
1,14,50,S++,S++_25,S++_41,10
1,14,50,S++,S++_25,S++_42,10
1,14,50,S++,S++_25,S++_43,10.3
1,14,50,S++,S++_25,S++_49,10.3
1,14,50,S++,S++_25,S++_45,10
1,14,50,S++,S++_26,S++_42,10.9
1,14,50,S++,S++_26,S++_37,10.9
1,14,50,S++,S++_26,S++_39,10.9
1,14,50,S++,S++_26,S++_38,10.3
1,14,50,S++,S++_26,S++_47,10.3
1,14,50,S++,S++_26,S++_35,10
1,14,50,S++,S++_26,S++_44,10
1,14,50,S++,S++_26,S++_50,10
1,14,50,S++,S++_26,S++_46,10
1,14,50,S++,S++_26,S++_31,9.7
1,14,50,S++,S++_26,S++_45,9.7
1,14,50,S++,S++_26,S++_30,9.7
1,14,50,S++,S++_26,S++_49,9.7
1,14,50,S++,S++_26,S++_48,10.3
1,14,50,S++,S++_27,S++_45,10.9
1,14,50,S++,S++_27,S++_34,10.9
1,14,50,S++,S++_27,S++_48,10.9
1,14,50,S++,S++_27,S++_37,9.7
1,14,50,S++,S++_27,S++_41,9.7
1,14,50,S++,S++_27,S++_49,9.7
1,14,50,S++,S++_27,S++_30,9.4
1,14,50,S++,S++_27,S++_28,9.4
1,14,50,S++,S++_27,S++_32,9.4
1,14,50,S++,S++_27,S++_38,9.4
1,14,50,S++,S++_27,S++_33,9.4
1,14,50,S++,S++_27,S++_43,9.4
1,14,50,S++,S++_27,S++_47,9.4
1,14,50,S++,S++_27,S++_42,9.4
1,14,50,S++,S++_27,S++_44,9.4
1,14,50,S++,S++_27,S++_50,9.7
1,14,50,S++,S++_28,S++_44,11.5
1,14,50,S++,S++_28,S++_45,11.5
1,14,50,S++,S++_28,S++_43,11.2
1,14,50,S++,S++_28,S++_48,11.2
1,14,50,S++,S++_28,S++_35,11.2
1,14,50,S++,S++_28,S++_36,11.2
1,14,50,S++,S++_28,S++_41,10.9
1,14,50,S++,S++_28,S++_49,10.9
1,14,50,S++,S++_28,S++_32,10.6
1,14,50,S++,S++_28,S++_31,10.3
1,14,50,S++,S++_28,S++_34,10.3
1,14,50,S++,S++_28,S++_29,9.4
1,14,50,S++,S++_28,S++_30,9.4
1,14,50,S++,S++_28,S++_33,9.4
1,14,50,S++,S++_29,S++_32,10.3
1,14,50,S++,S++_29,S++_38,10.3
1,14,50,S++,S++_29,S++_46,10.3
1,14,50,S++,S++_29,S++_47,9.4
1,14,50,S++,S++_29,S++_39,9.4
1,14,50,S++,S++_29,S++_48,9.4
1,14,50,S++,S++_29,S++_43,9.4
1,14,50,S++,S++_29,S++_40,9.4
1,14,50,S++,S++_30,S++_36,9.7
1,14,50,S++,S++_30,S++_39,9.7
1,14,50,S++,S++_30,S++_45,9.7
1,14,50,S++,S++_30,S++_33,9.4
1,14,50,S++,S++_30,S++_44,9.4
1,14,50,S++,S++_30,S++_48,9.4
1,14,50,S++,S++_30,S++_49,9.4
1,14,50,S++,S++_30,S++_38,9.7
1,14,50,S++,S++_30,S++_32,10
1,14,50,S++,S++_31,S++_46,10.3
1,14,50,S++,S++_31,S++_47,10
1,14,50,S++,S++_31,S++_32,9.7
1,14,50,S++,S++_31,S++_36,9.7
1,14,50,S++,S++_31,S++_39,9.7
1,14,50,S++,S++_31,S++_35,10
1,14,50,S++,S++_31,S++_50,10
1,14,50,S++,S++_31,S++_44,9.7
1,14,50,S++,S++_31,S++_45,9.4
1,14,50,S++,S++_31,S++_48,9.4
1,14,50,S++,S++_31,S++_33,9.4
1,14,50,S++,S++_31,S++_37,9.4
1,14,50,S++,S++_31,S++_41,9.7
1,14,50,S++,S++_31,S++_43,9.7
1,14,50,S++,S++_31,S++_34,9.4
1,14,50,S++,S++_31,S++_40,9.4
1,14,50,S++,S++_31,S++_49,9.4
1,14,50,S++,S++_31,S++_38,9.4
1,14,50,S++,S++_31,S++_42,9.4
1,14,50,S++,S++_32,S++_39,10.3
1,14,50,S++,S++_32,S++_43,9.7
1,14,50,S++,S++_32,S++_50,9.7
1,14,50,S++,S++_32,S++_41,9.7
1,14,50,S++,S++_32,S++_33,10.6
1,14,50,S++,S++_32,S++_42,10.6
1,14,50,S++,S++_32,S++_37,10.3
1,14,50,S++,S++_32,S++_35,10.3
1,14,50,S++,S++_32,S++_38,10.3
1,14,50,S++,S++_32,S++_46,10.6
1,14,50,S++,S++_32,S++_49,10.6
1,14,50,S++,S++_32,S++_44,10.3
1,14,50,S++,S++_32,S++_34,10
1,14,50,S++,S++_32,S++_40,10
1,14,50,S++,S++_32,S++_45,10.3
1,14,50,S++,S++_32,S++_36,10
1,14,50,S++,S++_32,S++_47,10
1,14,50,S++,S++_32,S++_48,10.3
1,14,50,S++,S++_33,S++_34,10.3
1,14,50,S++,S++_33,S++_37,10.6
1,14,50,S++,S++_33,S++_45,10.6
1,14,50,S++,S++_33,S++_50,10.6
1,14,50,S++,S++_33,S++_42,10
1,14,50,S++,S++_33,S++_41,10.3
1,14,50,S++,S++_33,S++_48,10.3
1,14,50,S++,S++_33,S++_49,10.6
1,14,50,S++,S++_33,S++_44,10.3
1,14,50,S++,S++_33,S++_35,10
1,14,50,S++,S++_33,S++_40,10
1,14,50,S++,S++_33,S++_47,10
1,14,50,S++,S++_33,S++_43,10.3
1,14,50,S++,S++_33,S++_46,10.3
1,14,50,S++,S++_33,S++_36,10
1,14,50,S++,S++_33,S++_38,10
1,14,50,S++,S++_33,S++_39,10.6
1,14,50,S++,S++_34,S++_37,10.3
1,14,50,S++,S++_34,S++_42,10.3
1,14,50,S++,S++_34,S++_48,10.3
1,14,50,S++,S++_34,S++_44,10.6
1,14,50,S++,S++_34,S++_49,10.6
1,14,50,S++,S++_34,S++_39,10.3
1,14,50,S++,S++_34,S++_47,10
1,14,50,S++,S++_34,S++_46,10
1,14,50,S++,S++_34,S++_36,10.3
1,14,50,S++,S++_34,S++_50,10.3
1,14,50,S++,S++_34,S++_41,10.3
1,14,50,S++,S++_34,S++_35,10
1,14,50,S++,S++_34,S++_40,10
1,14,50,S++,S++_34,S++_43,10
1,14,50,S++,S++_34,S++_45,10
1,14,50,S++,S++_34,S++_38,10.3
1,14,50,S++,S++_35,S++_37,10
1,14,50,S++,S++_35,S++_39,10.6
1,14,50,S++,S++_35,S++_41,10.6
1,14,50,S++,S++_35,S++_42,10.6
1,14,50,S++,S++_35,S++_50,10.6
1,14,50,S++,S++_35,S++_46,10.9
1,14,50,S++,S++_35,S++_47,10.9
1,14,50,S++,S++_35,S++_45,10.6
1,14,50,S++,S++_35,S++_36,10.6
1,14,50,S++,S++_35,S++_40,10.9
1,14,50,S++,S++_35,S++_44,10.3
1,14,50,S++,S++_35,S++_38,10.3
1,14,50,S++,S++_35,S++_43,10
1,14,50,S++,S++_35,S++_48,10
1,14,50,S++,S++_35,S++_49,9.7
1,14,50,S++,S++_36,S++_44,10.3
1,14,50,S++,S++_36,S++_48,10.3
1,14,50,S++,S++_36,S++_41,10.3
1,14,50,S++,S++_36,S++_45,10.3
1,14,50,S++,S++_36,S++_37,10
1,14,50,S++,S++_36,S++_40,10.3
1,14,50,S++,S++_36,S++_47,10.3
1,14,50,S++,S++_36,S++_49,9.7
1,14,50,S++,S++_36,S++_38,10.3
1,14,50,S++,S++_37,S++_40,9.7
1,14,50,S++,S++_37,S++_43,9.7
1,14,50,S++,S++_37,S++_46,9.7
1,14,50,S++,S++_37,S++_49,9.7
1,14,50,S++,S++_37,S++_39,9.7
1,14,50,S++,S++_37,S++_42,9.7
1,14,50,S++,S++_38,S++_47,9.7
1,14,50,S++,S++_38,S++_39,9.7
1,14,50,S++,S++_38,S++_42,9.7
1,14,50,S++,S++_38,S++_50,10.3
1,14,50,S++,S++_38,S++_44,10
1,14,50,S++,S++_38,S++_43,10.3
1,14,50,S++,S++_38,S++_49,10.3
1,14,50,S++,S++_38,S++_46,10.3
1,14,50,S++,S++_38,S++_45,10
1,14,50,S++,S++_38,S++_48,10
1,14,50,S++,S++_38,S++_41,9.7
1,14,50,S++,S++_38,S++_40,9.7
1,14,50,S++,S++_39,S++_43,9.7
1,14,50,S++,S++_39,S++_47,9.7
1,14,50,S++,S++_39,S++_50,9.7
1,14,50,S++,S++_39,S++_44,9.7
1,14,50,S++,S++_39,S++_46,10.3
1,14,50,S++,S++_39,S++_48,10
1,14,50,S++,S++_39,S++_42,10.3
1,14,50,S++,S++_39,S++_45,10.3
1,14,50,S++,S++_39,S++_41,10.3
1,14,50,S++,S++_39,S++_49,10.3
1,14,50,S++,S++_39,S++_40,9.7
1,14,50,S++,S++_40,S++_41,10
1,14,50,S++,S++_40,S++_42,10.3
1,14,50,S++,S++_40,S++_50,10.3
1,14,50,S++,S++_40,S++_48,10.3
1,14,50,S++,S++_40,S++_46,10
1,14,50,S++,S++_40,S++_47,10
1,14,50,S++,S++_40,S++_44,10.3
1,14,50,S++,S++_40,S++_45,10.3
1,14,50,S++,S++_40,S++_49,10
1,14,50,S++,S++_40,S++_43,9.7
1,14,50,S++,S++_41,S++_42,10
1,14,50,S++,S++_41,S++_48,9.7
1,14,50,S++,S++_41,S++_44,10
1,14,50,S++,S++_41,S++_43,10
1,14,50,S++,S++_41,S++_45,10
1,14,50,S++,S++_41,S++_46,10
1,14,50,S++,S++_41,S++_50,9.7
1,14,50,S++,S++_42,S++_45,10
1,14,50,S++,S++_42,S++_43,10
1,14,50,S++,S++_42,S++_47,9.7
1,14,50,S++,S++_42,S++_49,9.7
1,14,50,S++,S++_42,S++_46,9.7
1,14,50,S++,S++_43,S++_50,9.7
1,14,50,S++,S++_43,S++_44,10
1,14,50,S++,S++_43,S++_45,10
1,14,50,S++,S++_43,S++_46,10
1,14,50,S++,S++_43,S++_47,10
1,14,50,S++,S++_43,S++_48,9.7
1,14,50,S++,S++_44,S++_45,9.7
1,14,50,S++,S++_44,S++_49,9.7
1,14,50,S++,S++_45,S++_46,9.7
1,14,50,S++,S++_45,S++_47,9.7
1,14,50,S++,S++_45,S++_48,10
1,14,50,S++,S++_46,S++_47,9.7
1,14,50,S++,S++_46,S++_49,9.7
1,14,50,S++,S++_46,S++_50,9.7
1,14,50,S++,S++_47,S++_48,10
1,14,50,S++,S++_47,S++_49,9.7
1,14,50,S++,S++_48,S++_50,10
1,14,50,S++,S++_48,S++_49,10.3
1,14,50,S++,S++_49,S++_50,10.3
1,15,50,S++,S++_1,S++_19,9.4
1,15,50,S++,S++_1,S++_48,9.4
1,15,50,S++,S++_1,S++_49,9.7
1,15,50,S++,S++_1,S++_3,10
1,15,50,S++,S++_1,S++_13,10
1,15,50,S++,S++_2,S++_46,10
1,15,50,S++,S++_3,S++_10,9.4
1,15,50,S++,S++_3,S++_13,9.4
1,15,50,S++,S++_3,S++_42,9.4
1,15,50,S++,S++_3,S++_47,9.4
1,15,50,S++,S++_3,S++_50,9.4
1,15,50,S++,S++_3,S++_14,9.4
1,15,50,S++,S++_3,S++_6,10
1,15,50,S++,S++_4,S++_10,9.4
1,15,50,S++,S++_4,S++_20,9.4
1,15,50,S++,S++_4,S++_50,9.4
1,15,50,S++,S++_5,S++_6,9.4
1,15,50,S++,S++_5,S++_29,9.4
1,15,50,S++,S++_5,S++_43,9.4
1,15,50,S++,S++_5,S++_45,9.4
1,15,50,S++,S++_5,S++_19,9.4
1,15,50,S++,S++_5,S++_28,9.4
1,15,50,S++,S++_5,S++_48,9.4
1,15,50,S++,S++_5,S++_38,9.4
1,15,50,S++,S++_5,S++_9,9.4
1,15,50,S++,S++_5,S++_32,9.4
1,15,50,S++,S++_5,S++_33,9.4
1,15,50,S++,S++_5,S++_36,9.4
1,15,50,S++,S++_5,S++_40,9.4
1,15,50,S++,S++_5,S++_50,9.4
1,15,50,S++,S++_5,S++_25,9.7
1,15,50,S++,S++_5,S++_27,9.7
1,15,50,S++,S++_5,S++_21,9.7
1,15,50,S++,S++_5,S++_13,9.4
1,15,50,S++,S++_5,S++_17,9.4
1,15,50,S++,S++_6,S++_10,9.4
1,15,50,S++,S++_6,S++_21,9.4
1,15,50,S++,S++_6,S++_28,9.4
1,15,50,S++,S++_6,S++_48,10
1,15,50,S++,S++_6,S++_17,10
1,15,50,S++,S++_6,S++_25,10
1,15,50,S++,S++_6,S++_34,10
1,15,50,S++,S++_6,S++_49,10
1,15,50,S++,S++_6,S++_16,9.7
1,15,50,S++,S++_6,S++_41,9.7
1,15,50,S++,S++_6,S++_42,9.7
1,15,50,S++,S++_6,S++_43,9.7
1,15,50,S++,S++_6,S++_13,9.7
1,15,50,S++,S++_6,S++_35,9.7
1,15,50,S++,S++_6,S++_37,10
1,15,50,S++,S++_6,S++_22,10
1,15,50,S++,S++_6,S++_27,10
1,15,50,S++,S++_6,S++_32,10.6
1,15,50,S++,S++_6,S++_40,10.6
1,15,50,S++,S++_6,S++_9,10.3
1,15,50,S++,S++_6,S++_18,10.3
1,15,50,S++,S++_6,S++_46,10.3
1,15,50,S++,S++_6,S++_11,10.6
1,15,50,S++,S++_6,S++_26,10.6
1,15,50,S++,S++_6,S++_33,10.6
1,15,50,S++,S++_6,S++_44,10.6
1,15,50,S++,S++_6,S++_8,10.3
1,15,50,S++,S++_6,S++_50,10.3
1,15,50,S++,S++_6,S++_23,10.3
1,15,50,S++,S++_6,S++_45,10.3
1,15,50,S++,S++_6,S++_19,10
1,15,50,S++,S++_6,S++_29,10
1,15,50,S++,S++_6,S++_30,10
1,15,50,S++,S++_6,S++_36,10
1,15,50,S++,S++_6,S++_38,10
1,15,50,S++,S++_6,S++_47,10
1,15,50,S++,S++_6,S++_39,10
1,15,50,S++,S++_6,S++_12,10.3
1,15,50,S++,S++_6,S++_20,10.3
1,15,50,S++,S++_6,S++_31,10.3
1,15,50,S++,S++_6,S++_7,10
1,15,50,S++,S++_6,S++_14,10
1,15,50,S++,S++_6,S++_24,10
1,15,50,S++,S++_6,S++_15,9.7
1,15,50,S++,S++_7,S++_9,10.6
1,15,50,S++,S++_7,S++_11,10.6
1,15,50,S++,S++_7,S++_17,10.6
1,15,50,S++,S++_7,S++_22,10.6
1,15,50,S++,S++_7,S++_30,10.6
1,15,50,S++,S++_7,S++_45,10.6
1,15,50,S++,S++_7,S++_46,10.3
1,15,50,S++,S++_7,S++_35,10.6
1,15,50,S++,S++_7,S++_19,10.3
1,15,50,S++,S++_7,S++_36,10.3
1,15,50,S++,S++_7,S++_40,10.3
1,15,50,S++,S++_7,S++_48,10.3
1,15,50,S++,S++_7,S++_8,10.6
1,15,50,S++,S++_7,S++_16,10.6
1,15,50,S++,S++_7,S++_25,10.6
1,15,50,S++,S++_7,S++_34,10.6
1,15,50,S++,S++_7,S++_47,10
1,15,50,S++,S++_7,S++_49,10
1,15,50,S++,S++_7,S++_43,10
1,15,50,S++,S++_7,S++_28,10.3
1,15,50,S++,S++_7,S++_24,10.3
1,15,50,S++,S++_7,S++_31,10.3
1,15,50,S++,S++_7,S++_37,10.3
1,15,50,S++,S++_7,S++_10,10
1,15,50,S++,S++_7,S++_14,10
1,15,50,S++,S++_7,S++_21,10
1,15,50,S++,S++_7,S++_33,10
1,15,50,S++,S++_7,S++_44,10
1,15,50,S++,S++_7,S++_50,10
1,15,50,S++,S++_7,S++_20,10
1,15,50,S++,S++_7,S++_23,10
1,15,50,S++,S++_7,S++_27,10
1,15,50,S++,S++_7,S++_12,10.3
1,15,50,S++,S++_7,S++_32,10.3
1,15,50,S++,S++_7,S++_26,10.3
1,15,50,S++,S++_7,S++_38,10.3
1,15,50,S++,S++_7,S++_42,10.3
1,15,50,S++,S++_7,S++_29,10
1,15,50,S++,S++_7,S++_41,10
1,15,50,S++,S++_7,S++_13,9.7
1,15,50,S++,S++_7,S++_15,9.7
1,15,50,S++,S++_7,S++_39,9.7
1,15,50,S++,S++_7,S++_18,10
1,15,50,S++,S++_8,S++_17,10
1,15,50,S++,S++_8,S++_19,10
1,15,50,S++,S++_8,S++_23,10.6
1,15,50,S++,S++_8,S++_35,10.6
1,15,50,S++,S++_8,S++_47,10.6
1,15,50,S++,S++_8,S++_10,10.6
1,15,50,S++,S++_8,S++_24,10.6
1,15,50,S++,S++_8,S++_43,10.3
1,15,50,S++,S++_8,S++_50,10.3
1,15,50,S++,S++_8,S++_25,10.3
1,15,50,S++,S++_8,S++_37,10.3
1,15,50,S++,S++_8,S++_44,10.3
1,15,50,S++,S++_8,S++_45,10.3
1,15,50,S++,S++_8,S++_11,10.6
1,15,50,S++,S++_8,S++_18,10.6
1,15,50,S++,S++_8,S++_20,10.6
1,15,50,S++,S++_8,S++_12,10.6
1,15,50,S++,S++_8,S++_32,10.6
1,15,50,S++,S++_8,S++_15,10.3
1,15,50,S++,S++_8,S++_31,10.3
1,15,50,S++,S++_8,S++_9,10.3
1,15,50,S++,S++_8,S++_29,10.3
1,15,50,S++,S++_8,S++_34,10
1,15,50,S++,S++_8,S++_46,10
1,15,50,S++,S++_8,S++_36,10.3
1,15,50,S++,S++_8,S++_41,10.3
1,15,50,S++,S++_8,S++_21,10
1,15,50,S++,S++_8,S++_27,10
1,15,50,S++,S++_8,S++_40,10
1,15,50,S++,S++_8,S++_42,10
1,15,50,S++,S++_8,S++_48,10
1,15,50,S++,S++_8,S++_49,10
1,15,50,S++,S++_8,S++_22,10
1,15,50,S++,S++_8,S++_26,10
1,15,50,S++,S++_8,S++_28,10
1,15,50,S++,S++_8,S++_30,10
1,15,50,S++,S++_8,S++_38,10
1,15,50,S++,S++_8,S++_33,10.3
1,15,50,S++,S++_8,S++_39,10
1,15,50,S++,S++_8,S++_14,9.7
1,15,50,S++,S++_8,S++_16,9.7
1,15,50,S++,S++_8,S++_13,9.4
1,15,50,S++,S++_9,S++_30,10.6
1,15,50,S++,S++_9,S++_36,10.6
1,15,50,S++,S++_9,S++_47,10.6
1,15,50,S++,S++_9,S++_27,10.6
1,15,50,S++,S++_9,S++_14,10.3
1,15,50,S++,S++_9,S++_37,10.3
1,15,50,S++,S++_9,S++_22,10.3
1,15,50,S++,S++_9,S++_33,9.7
1,15,50,S++,S++_9,S++_44,9.7
1,15,50,S++,S++_9,S++_16,10
1,15,50,S++,S++_9,S++_43,10
1,15,50,S++,S++_9,S++_45,10
1,15,50,S++,S++_9,S++_15,9.7
1,15,50,S++,S++_9,S++_38,9.7
1,15,50,S++,S++_9,S++_46,9.7
1,15,50,S++,S++_9,S++_19,9.7
1,15,50,S++,S++_9,S++_21,9.4
1,15,50,S++,S++_9,S++_25,9.4
1,15,50,S++,S++_9,S++_29,9.7
1,15,50,S++,S++_9,S++_32,9.7
1,15,50,S++,S++_9,S++_26,9.7
1,15,50,S++,S++_9,S++_34,9.7
1,15,50,S++,S++_9,S++_40,9.7
1,15,50,S++,S++_9,S++_48,9.7
1,15,50,S++,S++_9,S++_24,9.4
1,15,50,S++,S++_9,S++_49,9.4
1,15,50,S++,S++_9,S++_28,9.4
1,15,50,S++,S++_9,S++_39,9.4
1,15,50,S++,S++_9,S++_42,9.4
1,15,50,S++,S++_9,S++_18,9.7
1,15,50,S++,S++_9,S++_23,9.7
1,15,50,S++,S++_9,S++_35,9.7
1,15,50,S++,S++_9,S++_20,9.7
1,15,50,S++,S++_9,S++_10,9.4
1,15,50,S++,S++_9,S++_11,9.4
1,15,50,S++,S++_9,S++_12,9.4
1,15,50,S++,S++_9,S++_31,9.4
1,15,50,S++,S++_9,S++_41,9.4
1,15,50,S++,S++_9,S++_50,9.4
1,15,50,S++,S++_9,S++_17,9.4
1,15,50,S++,S++_10,S++_22,9.4
1,15,50,S++,S++_10,S++_33,9.4
1,15,50,S++,S++_10,S++_47,9.4
1,15,50,S++,S++_10,S++_21,9.4
1,15,50,S++,S++_10,S++_48,9.4
1,15,50,S++,S++_10,S++_14,9.4
1,15,50,S++,S++_10,S++_19,9.4
1,15,50,S++,S++_10,S++_27,9.4
1,15,50,S++,S++_10,S++_30,9.4
1,15,50,S++,S++_10,S++_29,9.7
1,15,50,S++,S++_10,S++_37,9.7
1,15,50,S++,S++_10,S++_23,9.4
1,15,50,S++,S++_10,S++_35,9.4
1,15,50,S++,S++_10,S++_34,9.4
1,15,50,S++,S++_10,S++_38,9.4
1,15,50,S++,S++_11,S++_13,9.4
1,15,50,S++,S++_11,S++_16,9.4
1,15,50,S++,S++_11,S++_34,9.4
1,15,50,S++,S++_11,S++_37,9.4
1,15,50,S++,S++_11,S++_49,9.4
1,15,50,S++,S++_11,S++_40,9.7
1,15,50,S++,S++_11,S++_46,9.7
1,15,50,S++,S++_11,S++_15,10.6
1,15,50,S++,S++_11,S++_33,10.6
1,15,50,S++,S++_11,S++_44,10.6
1,15,50,S++,S++_11,S++_22,10.3
1,15,50,S++,S++_11,S++_39,10.3
1,15,50,S++,S++_11,S++_21,10.3
1,15,50,S++,S++_11,S++_30,10.3
1,15,50,S++,S++_11,S++_14,10
1,15,50,S++,S++_11,S++_23,10
1,15,50,S++,S++_11,S++_28,10
1,15,50,S++,S++_11,S++_29,10
1,15,50,S++,S++_11,S++_25,10
1,15,50,S++,S++_11,S++_12,10.3
1,15,50,S++,S++_11,S++_24,10.3
1,15,50,S++,S++_11,S++_42,10.3
1,15,50,S++,S++_11,S++_45,10.3
1,15,50,S++,S++_11,S++_47,10.3
1,15,50,S++,S++_11,S++_43,10.3
1,15,50,S++,S++_11,S++_31,10.6
1,15,50,S++,S++_11,S++_19,10.3
1,15,50,S++,S++_11,S++_20,10.3
1,15,50,S++,S++_11,S++_26,10.3
1,15,50,S++,S++_11,S++_35,10.3
1,15,50,S++,S++_11,S++_41,10.3
1,15,50,S++,S++_11,S++_50,10.3
1,15,50,S++,S++_11,S++_17,10.6
1,15,50,S++,S++_11,S++_18,10.6
1,15,50,S++,S++_11,S++_32,10.3
1,15,50,S++,S++_11,S++_38,10.3
1,15,50,S++,S++_12,S++_23,10.6
1,15,50,S++,S++_12,S++_31,10.6
1,15,50,S++,S++_12,S++_18,10.6
1,15,50,S++,S++_12,S++_35,10
1,15,50,S++,S++_12,S++_42,10
1,15,50,S++,S++_12,S++_17,10
1,15,50,S++,S++_12,S++_24,10
1,15,50,S++,S++_12,S++_39,10
1,15,50,S++,S++_12,S++_48,10
1,15,50,S++,S++_12,S++_14,10.3
1,15,50,S++,S++_12,S++_32,9.7
1,15,50,S++,S++_12,S++_34,9.7
1,15,50,S++,S++_12,S++_40,9.7
1,15,50,S++,S++_12,S++_22,9.7
1,15,50,S++,S++_12,S++_15,10
1,15,50,S++,S++_12,S++_20,10
1,15,50,S++,S++_12,S++_21,10
1,15,50,S++,S++_12,S++_30,10
1,15,50,S++,S++_12,S++_16,10.3
1,15,50,S++,S++_12,S++_38,10.3
1,15,50,S++,S++_12,S++_25,10.3
1,15,50,S++,S++_12,S++_49,10.3
1,15,50,S++,S++_12,S++_13,10
1,15,50,S++,S++_12,S++_44,10
1,15,50,S++,S++_12,S++_41,10
1,15,50,S++,S++_12,S++_26,9.7
1,15,50,S++,S++_12,S++_37,9.7
1,15,50,S++,S++_13,S++_23,9.7
1,15,50,S++,S++_13,S++_25,9.7
1,15,50,S++,S++_13,S++_46,9.7
1,15,50,S++,S++_13,S++_18,10
1,15,50,S++,S++_13,S++_33,10
1,15,50,S++,S++_13,S++_42,10
1,15,50,S++,S++_13,S++_44,10
1,15,50,S++,S++_13,S++_14,10.3
1,15,50,S++,S++_13,S++_17,10.3
1,15,50,S++,S++_13,S++_32,10.3
1,15,50,S++,S++_13,S++_49,10.3
1,15,50,S++,S++_13,S++_20,10.3
1,15,50,S++,S++_13,S++_30,10.3
1,15,50,S++,S++_13,S++_45,10.3
1,15,50,S++,S++_13,S++_47,10.3
1,15,50,S++,S++_13,S++_22,10
1,15,50,S++,S++_13,S++_26,10
1,15,50,S++,S++_14,S++_15,9.7
1,15,50,S++,S++_14,S++_24,9.7
1,15,50,S++,S++_14,S++_27,9.7
1,15,50,S++,S++_14,S++_31,9.7
1,15,50,S++,S++_14,S++_35,9.7
1,15,50,S++,S++_14,S++_36,9.7
1,15,50,S++,S++_14,S++_47,9.7
1,15,50,S++,S++_14,S++_48,9.7
1,15,50,S++,S++_14,S++_23,10
1,15,50,S++,S++_14,S++_50,9.4
1,15,50,S++,S++_14,S++_25,9.4
1,15,50,S++,S++_14,S++_30,9.4
1,15,50,S++,S++_14,S++_45,9.4
1,15,50,S++,S++_14,S++_29,9.7
1,15,50,S++,S++_14,S++_19,9.4
1,15,50,S++,S++_14,S++_22,9.4
1,15,50,S++,S++_14,S++_38,9.4
1,15,50,S++,S++_14,S++_17,9.7
1,15,50,S++,S++_15,S++_33,9.4
1,15,50,S++,S++_15,S++_49,9.4
1,15,50,S++,S++_15,S++_30,9.7
1,15,50,S++,S++_15,S++_38,10
1,15,50,S++,S++_16,S++_21,9.4
1,15,50,S++,S++_16,S++_30,9.4
1,15,50,S++,S++_16,S++_44,9.4
1,15,50,S++,S++_16,S++_48,9.4
1,15,50,S++,S++_16,S++_49,9.4
1,15,50,S++,S++_16,S++_29,9.4
1,15,50,S++,S++_16,S++_32,9.4
1,15,50,S++,S++_16,S++_33,9.4
1,15,50,S++,S++_16,S++_22,9.4
1,15,50,S++,S++_16,S++_23,9.4
1,15,50,S++,S++_16,S++_35,9.4
1,15,50,S++,S++_17,S++_26,9.4
1,15,50,S++,S++_17,S++_21,9.4
1,15,50,S++,S++_17,S++_29,9.4
1,15,50,S++,S++_17,S++_33,9.4
1,15,50,S++,S++_17,S++_37,9.4
1,15,50,S++,S++_17,S++_43,9.4
1,15,50,S++,S++_17,S++_44,9.4
1,15,50,S++,S++_17,S++_27,9.7
1,15,50,S++,S++_17,S++_28,10
1,15,50,S++,S++_18,S++_20,9.4
1,15,50,S++,S++_18,S++_22,9.4
1,15,50,S++,S++_18,S++_24,9.4
1,15,50,S++,S++_18,S++_49,9.4
1,15,50,S++,S++_18,S++_30,9.4
1,15,50,S++,S++_18,S++_34,9.4
1,15,50,S++,S++_18,S++_46,9.4
1,15,50,S++,S++_18,S++_25,10
1,15,50,S++,S++_19,S++_25,9.4
1,15,50,S++,S++_19,S++_41,9.4
1,15,50,S++,S++_20,S++_39,9.4
1,15,50,S++,S++_20,S++_47,9.4
1,15,50,S++,S++_20,S++_42,9.4
1,15,50,S++,S++_20,S++_48,10
1,15,50,S++,S++_21,S++_27,9.4
1,15,50,S++,S++_21,S++_34,9.4
1,15,50,S++,S++_22,S++_24,10
1,15,50,S++,S++_22,S++_39,10
1,15,50,S++,S++_22,S++_49,10
1,15,50,S++,S++_22,S++_33,9.7
1,15,50,S++,S++_22,S++_35,9.7
1,15,50,S++,S++_22,S++_36,9.7
1,15,50,S++,S++_22,S++_27,9.4
1,15,50,S++,S++_22,S++_29,9.4
1,15,50,S++,S++_22,S++_40,9.4
1,15,50,S++,S++_22,S++_26,9.4
1,15,50,S++,S++_22,S++_48,9.4
1,15,50,S++,S++_22,S++_43,9.7
1,15,50,S++,S++_22,S++_47,9.7
1,15,50,S++,S++_23,S++_45,10.6
1,15,50,S++,S++_23,S++_24,10.3
1,15,50,S++,S++_23,S++_28,10.3
1,15,50,S++,S++_23,S++_32,10.3
1,15,50,S++,S++_23,S++_43,10.3
1,15,50,S++,S++_23,S++_44,10.3
1,15,50,S++,S++_23,S++_29,10
1,15,50,S++,S++_23,S++_37,10
1,15,50,S++,S++_23,S++_42,10
1,15,50,S++,S++_23,S++_26,10
1,15,50,S++,S++_23,S++_31,9.7
1,15,50,S++,S++_23,S++_25,9.4
1,15,50,S++,S++_23,S++_38,9.4
1,15,50,S++,S++_23,S++_40,9.7
1,15,50,S++,S++_23,S++_48,9.7
1,15,50,S++,S++_24,S++_28,10.6
1,15,50,S++,S++_24,S++_32,10.6
1,15,50,S++,S++_24,S++_35,10.6
1,15,50,S++,S++_24,S++_39,10.3
1,15,50,S++,S++_24,S++_40,10.3
1,15,50,S++,S++_24,S++_27,10.3
1,15,50,S++,S++_24,S++_47,10.3
1,15,50,S++,S++_24,S++_26,10
1,15,50,S++,S++_24,S++_42,10
1,15,50,S++,S++_24,S++_44,9.7
1,15,50,S++,S++_24,S++_49,9.7
1,15,50,S++,S++_24,S++_25,9.4
1,15,50,S++,S++_24,S++_38,9.4
1,15,50,S++,S++_24,S++_36,9.4
1,15,50,S++,S++_24,S++_37,9.7
1,15,50,S++,S++_24,S++_34,9.7
1,15,50,S++,S++_24,S++_45,9.7
1,15,50,S++,S++_24,S++_30,10
1,15,50,S++,S++_24,S++_33,9.7
1,15,50,S++,S++_24,S++_50,9.7
1,15,50,S++,S++_25,S++_40,10.6
1,15,50,S++,S++_25,S++_31,10.6
1,15,50,S++,S++_25,S++_33,10.6
1,15,50,S++,S++_25,S++_48,10.6
1,15,50,S++,S++_25,S++_27,10.3
1,15,50,S++,S++_25,S++_47,10.3
1,15,50,S++,S++_25,S++_28,10.3
1,15,50,S++,S++_25,S++_29,9.7
1,15,50,S++,S++_25,S++_34,9.7
1,15,50,S++,S++_25,S++_38,9.7
1,15,50,S++,S++_25,S++_46,9.7
1,15,50,S++,S++_25,S++_26,9.4
1,15,50,S++,S++_25,S++_30,9.4
1,15,50,S++,S++_25,S++_44,9.4
1,15,50,S++,S++_25,S++_36,9.4
1,15,50,S++,S++_25,S++_39,9.4
1,15,50,S++,S++_25,S++_50,9.4
1,15,50,S++,S++_25,S++_41,9.7
1,15,50,S++,S++_25,S++_42,9.7
1,15,50,S++,S++_25,S++_43,10
1,15,50,S++,S++_25,S++_49,10
1,15,50,S++,S++_25,S++_45,9.7
1,15,50,S++,S++_26,S++_42,10.6
1,15,50,S++,S++_26,S++_37,11.2
1,15,50,S++,S++_26,S++_39,11.2
1,15,50,S++,S++_26,S++_38,10.6
1,15,50,S++,S++_26,S++_47,10.6
1,15,50,S++,S++_26,S++_35,10.3
1,15,50,S++,S++_26,S++_44,10.3
1,15,50,S++,S++_26,S++_50,10.3
1,15,50,S++,S++_26,S++_46,10.3
1,15,50,S++,S++_26,S++_31,10
1,15,50,S++,S++_26,S++_45,10
1,15,50,S++,S++_26,S++_30,10
1,15,50,S++,S++_26,S++_49,10
1,15,50,S++,S++_26,S++_48,10.6
1,15,50,S++,S++_27,S++_45,11.2
1,15,50,S++,S++_27,S++_34,11.2
1,15,50,S++,S++_27,S++_48,11.2
1,15,50,S++,S++_27,S++_37,10
1,15,50,S++,S++_27,S++_41,10
1,15,50,S++,S++_27,S++_49,10
1,15,50,S++,S++_27,S++_30,9.7
1,15,50,S++,S++_27,S++_28,9.7
1,15,50,S++,S++_27,S++_32,9.7
1,15,50,S++,S++_27,S++_38,9.7
1,15,50,S++,S++_27,S++_33,9.7
1,15,50,S++,S++_27,S++_43,9.7
1,15,50,S++,S++_27,S++_47,9.7
1,15,50,S++,S++_27,S++_42,9.7
1,15,50,S++,S++_27,S++_44,9.7
1,15,50,S++,S++_27,S++_50,10
1,15,50,S++,S++_28,S++_44,11.8
1,15,50,S++,S++_28,S++_45,11.8
1,15,50,S++,S++_28,S++_43,11.5
1,15,50,S++,S++_28,S++_48,11.5
1,15,50,S++,S++_28,S++_35,11.5
1,15,50,S++,S++_28,S++_36,11.5
1,15,50,S++,S++_28,S++_41,11.2
1,15,50,S++,S++_28,S++_49,11.2
1,15,50,S++,S++_28,S++_32,10.9
1,15,50,S++,S++_28,S++_31,10.6
1,15,50,S++,S++_28,S++_34,10.6
1,15,50,S++,S++_28,S++_29,9.7
1,15,50,S++,S++_28,S++_30,9.7
1,15,50,S++,S++_28,S++_33,9.7
1,15,50,S++,S++_29,S++_32,10.6
1,15,50,S++,S++_29,S++_38,10.6
1,15,50,S++,S++_29,S++_46,10.6
1,15,50,S++,S++_29,S++_47,9.7
1,15,50,S++,S++_29,S++_39,9.7
1,15,50,S++,S++_29,S++_48,9.7
1,15,50,S++,S++_29,S++_43,9.7
1,15,50,S++,S++_29,S++_40,9.7
1,15,50,S++,S++_30,S++_36,10
1,15,50,S++,S++_30,S++_39,10
1,15,50,S++,S++_30,S++_45,10
1,15,50,S++,S++_30,S++_33,9.7
1,15,50,S++,S++_30,S++_44,9.7
1,15,50,S++,S++_30,S++_48,9.7
1,15,50,S++,S++_30,S++_49,9.7
1,15,50,S++,S++_30,S++_38,10
1,15,50,S++,S++_30,S++_32,10.3
1,15,50,S++,S++_31,S++_46,10.6
1,15,50,S++,S++_31,S++_47,10.3
1,15,50,S++,S++_31,S++_32,10
1,15,50,S++,S++_31,S++_36,10
1,15,50,S++,S++_31,S++_39,10
1,15,50,S++,S++_31,S++_35,10.3
1,15,50,S++,S++_31,S++_50,10.3
1,15,50,S++,S++_31,S++_44,10
1,15,50,S++,S++_31,S++_45,9.7
1,15,50,S++,S++_31,S++_48,9.7
1,15,50,S++,S++_31,S++_33,9.7
1,15,50,S++,S++_31,S++_37,9.7
1,15,50,S++,S++_31,S++_41,10
1,15,50,S++,S++_31,S++_43,10
1,15,50,S++,S++_31,S++_34,9.7
1,15,50,S++,S++_31,S++_40,9.7
1,15,50,S++,S++_31,S++_49,9.7
1,15,50,S++,S++_31,S++_38,9.7
1,15,50,S++,S++_32,S++_39,10
1,15,50,S++,S++_32,S++_43,9.4
1,15,50,S++,S++_32,S++_50,9.4
1,15,50,S++,S++_32,S++_41,9.4
1,15,50,S++,S++_32,S++_33,10.3
1,15,50,S++,S++_32,S++_42,10.3
1,15,50,S++,S++_32,S++_37,10
1,15,50,S++,S++_32,S++_35,10
1,15,50,S++,S++_32,S++_38,10
1,15,50,S++,S++_32,S++_46,10.3
1,15,50,S++,S++_32,S++_49,10.3
1,15,50,S++,S++_32,S++_44,10
1,15,50,S++,S++_32,S++_34,9.7
1,15,50,S++,S++_32,S++_40,9.7
1,15,50,S++,S++_32,S++_45,10
1,15,50,S++,S++_32,S++_36,9.7
1,15,50,S++,S++_32,S++_47,9.7
1,15,50,S++,S++_32,S++_48,10
1,15,50,S++,S++_33,S++_34,10
1,15,50,S++,S++_33,S++_37,10.3
1,15,50,S++,S++_33,S++_45,10.3
1,15,50,S++,S++_33,S++_50,10.3
1,15,50,S++,S++_33,S++_42,9.7
1,15,50,S++,S++_33,S++_41,10
1,15,50,S++,S++_33,S++_48,10
1,15,50,S++,S++_33,S++_49,10.3
1,15,50,S++,S++_33,S++_44,10
1,15,50,S++,S++_33,S++_35,9.7
1,15,50,S++,S++_33,S++_40,9.7
1,15,50,S++,S++_33,S++_47,9.7
1,15,50,S++,S++_33,S++_43,10
1,15,50,S++,S++_33,S++_46,10
1,15,50,S++,S++_33,S++_36,9.7
1,15,50,S++,S++_33,S++_38,9.7
1,15,50,S++,S++_33,S++_39,10.3
1,15,50,S++,S++_34,S++_37,10
1,15,50,S++,S++_34,S++_42,10
1,15,50,S++,S++_34,S++_48,10
1,15,50,S++,S++_34,S++_44,10.3
1,15,50,S++,S++_34,S++_49,10.3
1,15,50,S++,S++_34,S++_39,10
1,15,50,S++,S++_34,S++_47,9.7
1,15,50,S++,S++_34,S++_46,9.7
1,15,50,S++,S++_34,S++_36,10
1,15,50,S++,S++_34,S++_50,10
1,15,50,S++,S++_34,S++_41,10
1,15,50,S++,S++_34,S++_35,9.7
1,15,50,S++,S++_34,S++_40,9.7
1,15,50,S++,S++_34,S++_43,9.7
1,15,50,S++,S++_34,S++_45,9.7
1,15,50,S++,S++_34,S++_38,10
1,15,50,S++,S++_35,S++_37,9.7
1,15,50,S++,S++_35,S++_39,10.3
1,15,50,S++,S++_35,S++_41,10.3
1,15,50,S++,S++_35,S++_42,10.3
1,15,50,S++,S++_35,S++_50,10.3
1,15,50,S++,S++_35,S++_46,10.6
1,15,50,S++,S++_35,S++_47,10.6
1,15,50,S++,S++_35,S++_45,10.3
1,15,50,S++,S++_35,S++_36,10.3
1,15,50,S++,S++_35,S++_40,10.6
1,15,50,S++,S++_35,S++_44,10
1,15,50,S++,S++_35,S++_38,10
1,15,50,S++,S++_35,S++_43,9.7
1,15,50,S++,S++_35,S++_48,9.7
1,15,50,S++,S++_35,S++_49,9.4
1,15,50,S++,S++_36,S++_44,10
1,15,50,S++,S++_36,S++_48,10
1,15,50,S++,S++_36,S++_41,10
1,15,50,S++,S++_36,S++_45,10
1,15,50,S++,S++_36,S++_37,9.7
1,15,50,S++,S++_36,S++_40,10
1,15,50,S++,S++_36,S++_47,10
1,15,50,S++,S++_36,S++_49,9.4
1,15,50,S++,S++_36,S++_38,10
1,15,50,S++,S++_37,S++_40,9.4
1,15,50,S++,S++_37,S++_43,9.4
1,15,50,S++,S++_37,S++_46,9.4
1,15,50,S++,S++_37,S++_49,9.4
1,15,50,S++,S++_37,S++_39,9.4
1,15,50,S++,S++_37,S++_42,9.4
1,15,50,S++,S++_38,S++_47,9.4
1,15,50,S++,S++_38,S++_39,10
1,15,50,S++,S++_38,S++_42,10
1,15,50,S++,S++_38,S++_50,10.6
1,15,50,S++,S++_38,S++_44,10.3
1,15,50,S++,S++_38,S++_43,10.6
1,15,50,S++,S++_38,S++_49,10.6
1,15,50,S++,S++_38,S++_46,10.6
1,15,50,S++,S++_38,S++_45,10.3
1,15,50,S++,S++_38,S++_48,10.3
1,15,50,S++,S++_38,S++_41,10
1,15,50,S++,S++_38,S++_40,10
1,15,50,S++,S++_39,S++_43,10
1,15,50,S++,S++_39,S++_47,10
1,15,50,S++,S++_39,S++_50,10
1,15,50,S++,S++_39,S++_44,10
1,15,50,S++,S++_39,S++_46,10.6
1,15,50,S++,S++_39,S++_48,10.3
1,15,50,S++,S++_39,S++_42,10.6
1,15,50,S++,S++_39,S++_45,10.6
1,15,50,S++,S++_39,S++_41,10.6
1,15,50,S++,S++_39,S++_49,10.6
1,15,50,S++,S++_39,S++_40,10
1,15,50,S++,S++_40,S++_41,10.3
1,15,50,S++,S++_40,S++_42,10.6
1,15,50,S++,S++_40,S++_50,10.6
1,15,50,S++,S++_40,S++_48,10.6
1,15,50,S++,S++_40,S++_46,10.3
1,15,50,S++,S++_40,S++_47,10.3
1,15,50,S++,S++_40,S++_44,10.6
1,15,50,S++,S++_40,S++_45,10.6
1,15,50,S++,S++_40,S++_49,10.3
1,15,50,S++,S++_40,S++_43,10
1,15,50,S++,S++_41,S++_42,10.3
1,15,50,S++,S++_41,S++_48,10
1,15,50,S++,S++_41,S++_44,10.3
1,15,50,S++,S++_41,S++_43,10.3
1,15,50,S++,S++_41,S++_45,10.3
1,15,50,S++,S++_41,S++_46,10.3
1,15,50,S++,S++_41,S++_50,10
1,15,50,S++,S++_42,S++_45,10.3
1,15,50,S++,S++_42,S++_43,10.3
1,15,50,S++,S++_42,S++_47,10
1,15,50,S++,S++_42,S++_49,10
1,15,50,S++,S++_42,S++_46,10
1,15,50,S++,S++_43,S++_50,10
1,15,50,S++,S++_43,S++_44,10.3
1,15,50,S++,S++_43,S++_45,10.3
1,15,50,S++,S++_43,S++_46,10.3
1,15,50,S++,S++_43,S++_47,10.3
1,15,50,S++,S++_43,S++_48,10
1,15,50,S++,S++_44,S++_45,10
1,15,50,S++,S++_44,S++_49,10
1,15,50,S++,S++_45,S++_46,10
1,15,50,S++,S++_45,S++_47,10
1,15,50,S++,S++_45,S++_48,10.3
1,15,50,S++,S++_46,S++_47,10
1,15,50,S++,S++_46,S++_49,10
1,15,50,S++,S++_46,S++_50,10
1,15,50,S++,S++_47,S++_48,10.3
1,15,50,S++,S++_47,S++_49,10
1,15,50,S++,S++_48,S++_50,10.3
1,15,50,S++,S++_48,S++_49,10.6
1,15,50,S++,S++_49,S++_50,10.6
1,16,50,S++,S++_1,S++_49,9.4
1,16,50,S++,S++_1,S++_3,9.7
1,16,50,S++,S++_1,S++_13,9.7
1,16,50,S++,S++_2,S++_46,9.7
1,16,50,S++,S++_2,S++_23,10
1,16,50,S++,S++_2,S++_42,10
1,16,50,S++,S++_3,S++_6,9.7
1,16,50,S++,S++_5,S++_25,9.4
1,16,50,S++,S++_5,S++_27,9.4
1,16,50,S++,S++_5,S++_21,9.4
1,16,50,S++,S++_6,S++_48,9.7
1,16,50,S++,S++_6,S++_17,9.7
1,16,50,S++,S++_6,S++_25,9.7
1,16,50,S++,S++_6,S++_34,9.7
1,16,50,S++,S++_6,S++_49,9.7
1,16,50,S++,S++_6,S++_16,9.4
1,16,50,S++,S++_6,S++_41,9.4
1,16,50,S++,S++_6,S++_42,9.4
1,16,50,S++,S++_6,S++_43,9.4
1,16,50,S++,S++_6,S++_13,9.4
1,16,50,S++,S++_6,S++_35,9.4
1,16,50,S++,S++_6,S++_37,9.7
1,16,50,S++,S++_6,S++_22,9.7
1,16,50,S++,S++_6,S++_27,9.7
1,16,50,S++,S++_6,S++_32,10.3
1,16,50,S++,S++_6,S++_40,10.3
1,16,50,S++,S++_6,S++_9,10
1,16,50,S++,S++_6,S++_18,10
1,16,50,S++,S++_6,S++_46,10
1,16,50,S++,S++_6,S++_11,10.3
1,16,50,S++,S++_6,S++_26,10.3
1,16,50,S++,S++_6,S++_33,10.3
1,16,50,S++,S++_6,S++_44,10.3
1,16,50,S++,S++_6,S++_8,10
1,16,50,S++,S++_6,S++_50,10
1,16,50,S++,S++_6,S++_23,10
1,16,50,S++,S++_6,S++_45,10
1,16,50,S++,S++_6,S++_19,9.7
1,16,50,S++,S++_6,S++_29,9.7
1,16,50,S++,S++_6,S++_30,10.3
1,16,50,S++,S++_6,S++_36,10.3
1,16,50,S++,S++_6,S++_38,10.3
1,16,50,S++,S++_6,S++_47,10.3
1,16,50,S++,S++_6,S++_39,10.3
1,16,50,S++,S++_6,S++_12,10.6
1,16,50,S++,S++_6,S++_20,10.6
1,16,50,S++,S++_6,S++_31,10.6
1,16,50,S++,S++_6,S++_7,10.3
1,16,50,S++,S++_6,S++_14,10.3
1,16,50,S++,S++_6,S++_24,10.3
1,16,50,S++,S++_6,S++_15,10
1,16,50,S++,S++_7,S++_9,10.9
1,16,50,S++,S++_7,S++_11,10.9
1,16,50,S++,S++_7,S++_17,10.9
1,16,50,S++,S++_7,S++_22,10.9
1,16,50,S++,S++_7,S++_30,10.9
1,16,50,S++,S++_7,S++_45,10.9
1,16,50,S++,S++_7,S++_46,10.6
1,16,50,S++,S++_7,S++_35,10.9
1,16,50,S++,S++_7,S++_19,10.6
1,16,50,S++,S++_7,S++_36,10.6
1,16,50,S++,S++_7,S++_40,10.6
1,16,50,S++,S++_7,S++_48,10.6
1,16,50,S++,S++_7,S++_8,10.9
1,16,50,S++,S++_7,S++_16,10.9
1,16,50,S++,S++_7,S++_25,10.9
1,16,50,S++,S++_7,S++_34,10.9
1,16,50,S++,S++_7,S++_47,10.3
1,16,50,S++,S++_7,S++_49,10.3
1,16,50,S++,S++_7,S++_43,10.3
1,16,50,S++,S++_7,S++_28,10.6
1,16,50,S++,S++_7,S++_24,10.6
1,16,50,S++,S++_7,S++_31,10.6
1,16,50,S++,S++_7,S++_37,10.6
1,16,50,S++,S++_7,S++_10,10.3
1,16,50,S++,S++_7,S++_14,10.3
1,16,50,S++,S++_7,S++_21,10.3
1,16,50,S++,S++_7,S++_33,10.3
1,16,50,S++,S++_7,S++_44,10.3
1,16,50,S++,S++_7,S++_50,10.3
1,16,50,S++,S++_7,S++_20,10.3
1,16,50,S++,S++_7,S++_23,10.3
1,16,50,S++,S++_7,S++_27,10.3
1,16,50,S++,S++_7,S++_12,10.6
1,16,50,S++,S++_7,S++_32,10.6
1,16,50,S++,S++_7,S++_26,10.6
1,16,50,S++,S++_7,S++_38,10.6
1,16,50,S++,S++_7,S++_42,10.6
1,16,50,S++,S++_7,S++_29,10.3
1,16,50,S++,S++_7,S++_41,10.3
1,16,50,S++,S++_7,S++_13,10
1,16,50,S++,S++_7,S++_15,10
1,16,50,S++,S++_7,S++_39,10
1,16,50,S++,S++_7,S++_18,10.3
1,16,50,S++,S++_8,S++_17,10.3
1,16,50,S++,S++_8,S++_19,10.3
1,16,50,S++,S++_8,S++_23,10.9
1,16,50,S++,S++_8,S++_35,10.9
1,16,50,S++,S++_8,S++_47,10.9
1,16,50,S++,S++_8,S++_10,10.9
1,16,50,S++,S++_8,S++_24,10.9
1,16,50,S++,S++_8,S++_43,10.6
1,16,50,S++,S++_8,S++_50,10.6
1,16,50,S++,S++_8,S++_25,10.6
1,16,50,S++,S++_8,S++_37,10.6
1,16,50,S++,S++_8,S++_44,10.6
1,16,50,S++,S++_8,S++_45,10.6
1,16,50,S++,S++_8,S++_11,10.9
1,16,50,S++,S++_8,S++_18,10.9
1,16,50,S++,S++_8,S++_20,10.9
1,16,50,S++,S++_8,S++_12,10.9
1,16,50,S++,S++_8,S++_32,10.9
1,16,50,S++,S++_8,S++_15,10.6
1,16,50,S++,S++_8,S++_31,10.6
1,16,50,S++,S++_8,S++_9,10.6
1,16,50,S++,S++_8,S++_29,10.6
1,16,50,S++,S++_8,S++_34,10.3
1,16,50,S++,S++_8,S++_46,10.3
1,16,50,S++,S++_8,S++_36,10.6
1,16,50,S++,S++_8,S++_41,10.6
1,16,50,S++,S++_8,S++_21,10.3
1,16,50,S++,S++_8,S++_27,10.3
1,16,50,S++,S++_8,S++_40,10.3
1,16,50,S++,S++_8,S++_42,10.3
1,16,50,S++,S++_8,S++_48,10.3
1,16,50,S++,S++_8,S++_49,10.3
1,16,50,S++,S++_8,S++_22,10.3
1,16,50,S++,S++_8,S++_26,10.3
1,16,50,S++,S++_8,S++_28,10.3
1,16,50,S++,S++_8,S++_30,10.3
1,16,50,S++,S++_8,S++_38,10.3
1,16,50,S++,S++_8,S++_33,10.6
1,16,50,S++,S++_8,S++_39,10.3
1,16,50,S++,S++_8,S++_14,10
1,16,50,S++,S++_8,S++_16,10
1,16,50,S++,S++_8,S++_13,9.7
1,16,50,S++,S++_9,S++_30,10.9
1,16,50,S++,S++_9,S++_36,10.9
1,16,50,S++,S++_9,S++_47,10.9
1,16,50,S++,S++_9,S++_27,10.9
1,16,50,S++,S++_9,S++_14,10.6
1,16,50,S++,S++_9,S++_37,10.6
1,16,50,S++,S++_9,S++_22,10.6
1,16,50,S++,S++_9,S++_33,10
1,16,50,S++,S++_9,S++_44,10
1,16,50,S++,S++_9,S++_16,10.3
1,16,50,S++,S++_9,S++_43,10.3
1,16,50,S++,S++_9,S++_45,10.3
1,16,50,S++,S++_9,S++_15,10
1,16,50,S++,S++_9,S++_38,10
1,16,50,S++,S++_9,S++_46,10
1,16,50,S++,S++_9,S++_19,10
1,16,50,S++,S++_9,S++_21,9.7
1,16,50,S++,S++_9,S++_25,9.7
1,16,50,S++,S++_9,S++_29,10
1,16,50,S++,S++_9,S++_32,10
1,16,50,S++,S++_9,S++_26,10
1,16,50,S++,S++_9,S++_34,10
1,16,50,S++,S++_9,S++_40,10
1,16,50,S++,S++_9,S++_48,10
1,16,50,S++,S++_9,S++_24,9.7
1,16,50,S++,S++_9,S++_49,9.7
1,16,50,S++,S++_9,S++_28,9.7
1,16,50,S++,S++_9,S++_39,9.7
1,16,50,S++,S++_9,S++_42,9.7
1,16,50,S++,S++_9,S++_18,10
1,16,50,S++,S++_9,S++_23,10
1,16,50,S++,S++_9,S++_35,10
1,16,50,S++,S++_9,S++_20,10
1,16,50,S++,S++_9,S++_10,9.7
1,16,50,S++,S++_9,S++_11,9.7
1,16,50,S++,S++_9,S++_12,9.7
1,16,50,S++,S++_9,S++_31,9.7
1,16,50,S++,S++_9,S++_41,9.7
1,16,50,S++,S++_9,S++_50,9.7
1,16,50,S++,S++_9,S++_17,9.7
1,16,50,S++,S++_10,S++_22,9.7
1,16,50,S++,S++_10,S++_33,9.7
1,16,50,S++,S++_10,S++_47,9.7
1,16,50,S++,S++_10,S++_21,9.7
1,16,50,S++,S++_10,S++_48,9.7
1,16,50,S++,S++_10,S++_14,9.7
1,16,50,S++,S++_10,S++_19,9.7
1,16,50,S++,S++_10,S++_27,9.7
1,16,50,S++,S++_10,S++_30,9.7
1,16,50,S++,S++_10,S++_29,10
1,16,50,S++,S++_10,S++_37,10
1,16,50,S++,S++_10,S++_23,9.7
1,16,50,S++,S++_10,S++_35,9.7
1,16,50,S++,S++_10,S++_34,9.7
1,16,50,S++,S++_10,S++_38,9.7
1,16,50,S++,S++_11,S++_13,9.7
1,16,50,S++,S++_11,S++_16,9.7
1,16,50,S++,S++_11,S++_34,9.7
1,16,50,S++,S++_11,S++_37,9.7
1,16,50,S++,S++_11,S++_49,9.7
1,16,50,S++,S++_11,S++_40,10
1,16,50,S++,S++_11,S++_46,9.4
1,16,50,S++,S++_11,S++_15,10.3
1,16,50,S++,S++_11,S++_33,10.3
1,16,50,S++,S++_11,S++_44,10.3
1,16,50,S++,S++_11,S++_22,10
1,16,50,S++,S++_11,S++_39,10
1,16,50,S++,S++_11,S++_21,10
1,16,50,S++,S++_11,S++_30,10
1,16,50,S++,S++_11,S++_14,9.7
1,16,50,S++,S++_11,S++_23,9.7
1,16,50,S++,S++_11,S++_28,9.7
1,16,50,S++,S++_11,S++_29,9.7
1,16,50,S++,S++_11,S++_25,9.7
1,16,50,S++,S++_11,S++_12,10
1,16,50,S++,S++_11,S++_24,10
1,16,50,S++,S++_11,S++_42,10
1,16,50,S++,S++_11,S++_45,10
1,16,50,S++,S++_11,S++_47,10
1,16,50,S++,S++_11,S++_43,10
1,16,50,S++,S++_11,S++_31,10.3
1,16,50,S++,S++_11,S++_19,10
1,16,50,S++,S++_11,S++_20,10
1,16,50,S++,S++_11,S++_26,10
1,16,50,S++,S++_11,S++_35,10
1,16,50,S++,S++_11,S++_41,10
1,16,50,S++,S++_11,S++_50,10
1,16,50,S++,S++_11,S++_17,10.3
1,16,50,S++,S++_11,S++_18,10.3
1,16,50,S++,S++_11,S++_32,10
1,16,50,S++,S++_11,S++_38,10
1,16,50,S++,S++_12,S++_23,10.3
1,16,50,S++,S++_12,S++_31,10.3
1,16,50,S++,S++_12,S++_18,10.3
1,16,50,S++,S++_12,S++_35,9.7
1,16,50,S++,S++_12,S++_42,9.7
1,16,50,S++,S++_12,S++_17,9.7
1,16,50,S++,S++_12,S++_24,9.7
1,16,50,S++,S++_12,S++_39,9.7
1,16,50,S++,S++_12,S++_48,9.7
1,16,50,S++,S++_12,S++_14,10
1,16,50,S++,S++_12,S++_32,9.4
1,16,50,S++,S++_12,S++_34,9.4
1,16,50,S++,S++_12,S++_40,9.4
1,16,50,S++,S++_12,S++_22,9.4
1,16,50,S++,S++_12,S++_15,9.7
1,16,50,S++,S++_12,S++_20,9.7
1,16,50,S++,S++_12,S++_21,9.7
1,16,50,S++,S++_12,S++_30,9.7
1,16,50,S++,S++_12,S++_16,10
1,16,50,S++,S++_12,S++_38,10
1,16,50,S++,S++_12,S++_25,10
1,16,50,S++,S++_12,S++_49,10
1,16,50,S++,S++_12,S++_13,9.7
1,16,50,S++,S++_12,S++_44,9.7
1,16,50,S++,S++_12,S++_41,9.7
1,16,50,S++,S++_12,S++_26,9.4
1,16,50,S++,S++_12,S++_37,9.4
1,16,50,S++,S++_13,S++_23,9.4
1,16,50,S++,S++_13,S++_25,9.4
1,16,50,S++,S++_13,S++_46,9.4
1,16,50,S++,S++_13,S++_18,9.7
1,16,50,S++,S++_13,S++_33,9.7
1,16,50,S++,S++_13,S++_42,9.7
1,16,50,S++,S++_13,S++_44,9.7
1,16,50,S++,S++_13,S++_14,10
1,16,50,S++,S++_13,S++_17,10
1,16,50,S++,S++_13,S++_32,10
1,16,50,S++,S++_13,S++_49,10
1,16,50,S++,S++_13,S++_20,10
1,16,50,S++,S++_13,S++_30,10
1,16,50,S++,S++_13,S++_45,10
1,16,50,S++,S++_13,S++_47,10
1,16,50,S++,S++_13,S++_22,9.7
1,16,50,S++,S++_13,S++_26,9.7
1,16,50,S++,S++_14,S++_15,9.4
1,16,50,S++,S++_14,S++_24,9.4
1,16,50,S++,S++_14,S++_27,9.4
1,16,50,S++,S++_14,S++_31,9.4
1,16,50,S++,S++_14,S++_35,10
1,16,50,S++,S++_14,S++_36,10
1,16,50,S++,S++_14,S++_47,10
1,16,50,S++,S++_14,S++_48,10
1,16,50,S++,S++_14,S++_23,10.3
1,16,50,S++,S++_14,S++_50,9.7
1,16,50,S++,S++_14,S++_25,9.7
1,16,50,S++,S++_14,S++_30,9.7
1,16,50,S++,S++_14,S++_45,9.7
1,16,50,S++,S++_14,S++_29,10
1,16,50,S++,S++_14,S++_19,9.7
1,16,50,S++,S++_14,S++_22,9.7
1,16,50,S++,S++_14,S++_38,9.7
1,16,50,S++,S++_14,S++_17,10
1,16,50,S++,S++_15,S++_33,9.7
1,16,50,S++,S++_15,S++_49,9.7
1,16,50,S++,S++_15,S++_30,10
1,16,50,S++,S++_15,S++_38,10.3
1,16,50,S++,S++_16,S++_21,9.7
1,16,50,S++,S++_16,S++_30,9.7
1,16,50,S++,S++_16,S++_44,9.7
1,16,50,S++,S++_16,S++_48,9.7
1,16,50,S++,S++_16,S++_49,9.7
1,16,50,S++,S++_16,S++_29,9.7
1,16,50,S++,S++_16,S++_32,9.7
1,16,50,S++,S++_16,S++_33,9.7
1,16,50,S++,S++_16,S++_22,9.7
1,16,50,S++,S++_16,S++_23,9.7
1,16,50,S++,S++_16,S++_35,9.7
1,16,50,S++,S++_17,S++_26,9.7
1,16,50,S++,S++_17,S++_21,9.7
1,16,50,S++,S++_17,S++_29,9.7
1,16,50,S++,S++_17,S++_33,9.7
1,16,50,S++,S++_17,S++_37,9.7
1,16,50,S++,S++_17,S++_43,9.7
1,16,50,S++,S++_17,S++_44,9.7
1,16,50,S++,S++_17,S++_27,10
1,16,50,S++,S++_17,S++_28,10.3
1,16,50,S++,S++_18,S++_20,9.7
1,16,50,S++,S++_18,S++_22,9.7
1,16,50,S++,S++_18,S++_24,9.7
1,16,50,S++,S++_18,S++_49,9.7
1,16,50,S++,S++_18,S++_30,9.7
1,16,50,S++,S++_18,S++_34,9.7
1,16,50,S++,S++_18,S++_46,9.7
1,16,50,S++,S++_18,S++_25,10.3
1,16,50,S++,S++_18,S++_47,10
1,16,50,S++,S++_19,S++_25,9.7
1,16,50,S++,S++_19,S++_41,9.7
1,16,50,S++,S++_20,S++_39,9.7
1,16,50,S++,S++_20,S++_47,9.7
1,16,50,S++,S++_20,S++_42,9.7
1,16,50,S++,S++_20,S++_48,10.3
1,16,50,S++,S++_21,S++_27,9.7
1,16,50,S++,S++_21,S++_34,9.7
1,16,50,S++,S++_22,S++_24,10.3
1,16,50,S++,S++_22,S++_39,10.3
1,16,50,S++,S++_22,S++_49,10.3
1,16,50,S++,S++_22,S++_33,10
1,16,50,S++,S++_22,S++_35,10
1,16,50,S++,S++_22,S++_36,10
1,16,50,S++,S++_22,S++_27,9.7
1,16,50,S++,S++_22,S++_29,9.7
1,16,50,S++,S++_22,S++_40,9.7
1,16,50,S++,S++_22,S++_26,9.7
1,16,50,S++,S++_22,S++_48,9.7
1,16,50,S++,S++_22,S++_43,10
1,16,50,S++,S++_22,S++_47,10
1,16,50,S++,S++_23,S++_45,10.9
1,16,50,S++,S++_23,S++_24,10.6
1,16,50,S++,S++_23,S++_28,10.6
1,16,50,S++,S++_23,S++_32,10.6
1,16,50,S++,S++_23,S++_43,10.6
1,16,50,S++,S++_23,S++_44,10.6
1,16,50,S++,S++_23,S++_29,10.3
1,16,50,S++,S++_23,S++_37,10.3
1,16,50,S++,S++_23,S++_42,10.3
1,16,50,S++,S++_23,S++_26,10.3
1,16,50,S++,S++_23,S++_31,10
1,16,50,S++,S++_23,S++_25,9.7
1,16,50,S++,S++_23,S++_40,9.4
1,16,50,S++,S++_23,S++_48,9.4
1,16,50,S++,S++_24,S++_28,10.3
1,16,50,S++,S++_24,S++_32,10.3
1,16,50,S++,S++_24,S++_35,10.3
1,16,50,S++,S++_24,S++_39,10
1,16,50,S++,S++_24,S++_40,10
1,16,50,S++,S++_24,S++_27,10
1,16,50,S++,S++_24,S++_47,10
1,16,50,S++,S++_24,S++_26,9.7
1,16,50,S++,S++_24,S++_42,9.7
1,16,50,S++,S++_24,S++_44,9.4
1,16,50,S++,S++_24,S++_49,9.4
1,16,50,S++,S++_24,S++_37,9.4
1,16,50,S++,S++_24,S++_34,9.4
1,16,50,S++,S++_24,S++_45,9.4
1,16,50,S++,S++_24,S++_30,9.7
1,16,50,S++,S++_24,S++_33,9.4
1,16,50,S++,S++_24,S++_50,9.4
1,16,50,S++,S++_25,S++_40,10.3
1,16,50,S++,S++_25,S++_31,10.3
1,16,50,S++,S++_25,S++_33,10.3
1,16,50,S++,S++_25,S++_48,10.3
1,16,50,S++,S++_25,S++_27,10
1,16,50,S++,S++_25,S++_47,10
1,16,50,S++,S++_25,S++_28,10
1,16,50,S++,S++_25,S++_29,9.4
1,16,50,S++,S++_25,S++_34,9.4
1,16,50,S++,S++_25,S++_38,9.4
1,16,50,S++,S++_25,S++_46,9.4
1,16,50,S++,S++_25,S++_41,9.4
1,16,50,S++,S++_25,S++_42,9.4
1,16,50,S++,S++_25,S++_43,9.7
1,16,50,S++,S++_25,S++_49,9.7
1,16,50,S++,S++_25,S++_45,9.4
1,16,50,S++,S++_26,S++_42,10.3
1,16,50,S++,S++_26,S++_37,10.9
1,16,50,S++,S++_26,S++_39,10.9
1,16,50,S++,S++_26,S++_38,10.3
1,16,50,S++,S++_26,S++_47,10.3
1,16,50,S++,S++_26,S++_35,10
1,16,50,S++,S++_26,S++_44,10
1,16,50,S++,S++_26,S++_50,10
1,16,50,S++,S++_26,S++_46,10
1,16,50,S++,S++_26,S++_31,9.7
1,16,50,S++,S++_26,S++_45,9.7
1,16,50,S++,S++_26,S++_30,9.7
1,16,50,S++,S++_26,S++_49,9.7
1,16,50,S++,S++_26,S++_48,10.3
1,16,50,S++,S++_27,S++_45,10.9
1,16,50,S++,S++_27,S++_34,10.9
1,16,50,S++,S++_27,S++_48,10.9
1,16,50,S++,S++_27,S++_37,9.7
1,16,50,S++,S++_27,S++_41,9.7
1,16,50,S++,S++_27,S++_49,9.7
1,16,50,S++,S++_27,S++_30,9.4
1,16,50,S++,S++_27,S++_28,9.4
1,16,50,S++,S++_27,S++_32,9.4
1,16,50,S++,S++_27,S++_38,9.4
1,16,50,S++,S++_27,S++_33,9.4
1,16,50,S++,S++_27,S++_43,9.4
1,16,50,S++,S++_27,S++_47,9.4
1,16,50,S++,S++_27,S++_42,9.4
1,16,50,S++,S++_27,S++_44,9.4
1,16,50,S++,S++_27,S++_50,9.7
1,16,50,S++,S++_28,S++_44,11.5
1,16,50,S++,S++_28,S++_45,11.5
1,16,50,S++,S++_28,S++_43,11.2
1,16,50,S++,S++_28,S++_48,11.2
1,16,50,S++,S++_28,S++_35,11.2
1,16,50,S++,S++_28,S++_36,11.2
1,16,50,S++,S++_28,S++_41,10.9
1,16,50,S++,S++_28,S++_49,10.9
1,16,50,S++,S++_28,S++_32,10.6
1,16,50,S++,S++_28,S++_31,10.3
1,16,50,S++,S++_28,S++_34,10.3
1,16,50,S++,S++_28,S++_29,9.4
1,16,50,S++,S++_28,S++_30,9.4
1,16,50,S++,S++_28,S++_33,9.4
1,16,50,S++,S++_29,S++_32,10.3
1,16,50,S++,S++_29,S++_38,10.3
1,16,50,S++,S++_29,S++_46,10.3
1,16,50,S++,S++_29,S++_47,9.4
1,16,50,S++,S++_29,S++_39,9.4
1,16,50,S++,S++_29,S++_48,9.4
1,16,50,S++,S++_29,S++_43,9.4
1,16,50,S++,S++_29,S++_40,9.4
1,16,50,S++,S++_30,S++_36,9.7
1,16,50,S++,S++_30,S++_39,9.7
1,16,50,S++,S++_30,S++_45,9.7
1,16,50,S++,S++_30,S++_33,9.4
1,16,50,S++,S++_30,S++_44,9.4
1,16,50,S++,S++_30,S++_48,9.4
1,16,50,S++,S++_30,S++_49,9.4
1,16,50,S++,S++_30,S++_38,9.7
1,16,50,S++,S++_30,S++_32,10
1,16,50,S++,S++_31,S++_46,10.3
1,16,50,S++,S++_31,S++_47,10
1,16,50,S++,S++_31,S++_32,9.7
1,16,50,S++,S++_31,S++_36,9.7
1,16,50,S++,S++_31,S++_39,9.7
1,16,50,S++,S++_31,S++_35,10
1,16,50,S++,S++_31,S++_50,10
1,16,50,S++,S++_31,S++_44,9.7
1,16,50,S++,S++_31,S++_45,9.4
1,16,50,S++,S++_31,S++_48,9.4
1,16,50,S++,S++_31,S++_33,9.4
1,16,50,S++,S++_31,S++_37,9.4
1,16,50,S++,S++_31,S++_41,9.7
1,16,50,S++,S++_31,S++_43,9.7
1,16,50,S++,S++_31,S++_34,9.4
1,16,50,S++,S++_31,S++_40,9.4
1,16,50,S++,S++_31,S++_49,9.4
1,16,50,S++,S++_31,S++_38,9.4
1,16,50,S++,S++_32,S++_39,9.7
1,16,50,S++,S++_32,S++_33,10
1,16,50,S++,S++_32,S++_42,10
1,16,50,S++,S++_32,S++_37,9.7
1,16,50,S++,S++_32,S++_35,9.7
1,16,50,S++,S++_32,S++_38,9.7
1,16,50,S++,S++_32,S++_46,10
1,16,50,S++,S++_32,S++_49,10
1,16,50,S++,S++_32,S++_44,9.7
1,16,50,S++,S++_32,S++_34,9.4
1,16,50,S++,S++_32,S++_40,9.4
1,16,50,S++,S++_32,S++_45,9.7
1,16,50,S++,S++_32,S++_36,9.4
1,16,50,S++,S++_32,S++_47,9.4
1,16,50,S++,S++_32,S++_48,9.7
1,16,50,S++,S++_33,S++_34,9.7
1,16,50,S++,S++_33,S++_37,10
1,16,50,S++,S++_33,S++_45,10
1,16,50,S++,S++_33,S++_50,10
1,16,50,S++,S++_33,S++_42,9.4
1,16,50,S++,S++_33,S++_41,9.7
1,16,50,S++,S++_33,S++_48,9.7
1,16,50,S++,S++_33,S++_49,10
1,16,50,S++,S++_33,S++_44,9.7
1,16,50,S++,S++_33,S++_35,9.4
1,16,50,S++,S++_33,S++_40,9.4
1,16,50,S++,S++_33,S++_47,9.4
1,16,50,S++,S++_33,S++_43,9.7
1,16,50,S++,S++_33,S++_46,9.7
1,16,50,S++,S++_33,S++_36,9.4
1,16,50,S++,S++_33,S++_38,9.4
1,16,50,S++,S++_33,S++_39,10
1,16,50,S++,S++_34,S++_37,10.3
1,16,50,S++,S++_34,S++_42,10.3
1,16,50,S++,S++_34,S++_48,10.3
1,16,50,S++,S++_34,S++_44,10.6
1,16,50,S++,S++_34,S++_49,10.6
1,16,50,S++,S++_34,S++_39,10.3
1,16,50,S++,S++_34,S++_47,10
1,16,50,S++,S++_34,S++_46,10
1,16,50,S++,S++_34,S++_36,10.3
1,16,50,S++,S++_34,S++_50,10.3
1,16,50,S++,S++_34,S++_41,10.3
1,16,50,S++,S++_34,S++_35,10
1,16,50,S++,S++_34,S++_40,10
1,16,50,S++,S++_34,S++_43,10
1,16,50,S++,S++_34,S++_45,10
1,16,50,S++,S++_34,S++_38,10.3
1,16,50,S++,S++_35,S++_37,10
1,16,50,S++,S++_35,S++_39,10.6
1,16,50,S++,S++_35,S++_41,10.6
1,16,50,S++,S++_35,S++_42,10.6
1,16,50,S++,S++_35,S++_50,10.6
1,16,50,S++,S++_35,S++_46,10.9
1,16,50,S++,S++_35,S++_47,10.9
1,16,50,S++,S++_35,S++_45,10.6
1,16,50,S++,S++_35,S++_36,10.6
1,16,50,S++,S++_35,S++_40,10.9
1,16,50,S++,S++_35,S++_44,10.3
1,16,50,S++,S++_35,S++_38,10.3
1,16,50,S++,S++_35,S++_43,10
1,16,50,S++,S++_35,S++_48,10
1,16,50,S++,S++_35,S++_49,9.7
1,16,50,S++,S++_36,S++_44,10.3
1,16,50,S++,S++_36,S++_48,10.3
1,16,50,S++,S++_36,S++_41,10.3
1,16,50,S++,S++_36,S++_45,10.3
1,16,50,S++,S++_36,S++_37,10
1,16,50,S++,S++_36,S++_40,10.3
1,16,50,S++,S++_36,S++_47,10.3
1,16,50,S++,S++_36,S++_49,9.7
1,16,50,S++,S++_36,S++_38,10.3
1,16,50,S++,S++_37,S++_40,9.7
1,16,50,S++,S++_37,S++_43,9.7
1,16,50,S++,S++_37,S++_46,9.7
1,16,50,S++,S++_37,S++_49,9.7
1,16,50,S++,S++_37,S++_39,9.7
1,16,50,S++,S++_37,S++_42,9.7
1,16,50,S++,S++_38,S++_47,9.7
1,16,50,S++,S++_38,S++_39,10.3
1,16,50,S++,S++_38,S++_42,10.3
1,16,50,S++,S++_38,S++_50,10.9
1,16,50,S++,S++_38,S++_44,10.6
1,16,50,S++,S++_38,S++_43,10.9
1,16,50,S++,S++_38,S++_49,10.9
1,16,50,S++,S++_38,S++_46,10.9
1,16,50,S++,S++_38,S++_45,10.6
1,16,50,S++,S++_38,S++_48,10.6
1,16,50,S++,S++_38,S++_41,10.3
1,16,50,S++,S++_38,S++_40,10.3
1,16,50,S++,S++_39,S++_43,10.3
1,16,50,S++,S++_39,S++_47,10.3
1,16,50,S++,S++_39,S++_50,10.3
1,16,50,S++,S++_39,S++_44,10.3
1,16,50,S++,S++_39,S++_46,10.9
1,16,50,S++,S++_39,S++_48,10.6
1,16,50,S++,S++_39,S++_42,10.9
1,16,50,S++,S++_39,S++_45,10.9
1,16,50,S++,S++_39,S++_41,10.9
1,16,50,S++,S++_39,S++_49,10.9
1,16,50,S++,S++_39,S++_40,10.3
1,16,50,S++,S++_40,S++_41,10.6
1,16,50,S++,S++_40,S++_42,10.9
1,16,50,S++,S++_40,S++_50,10.9
1,16,50,S++,S++_40,S++_48,10.9
1,16,50,S++,S++_40,S++_46,10.6
1,16,50,S++,S++_40,S++_47,10.6
1,16,50,S++,S++_40,S++_44,10.9
1,16,50,S++,S++_40,S++_45,10.9
1,16,50,S++,S++_40,S++_49,10
1,16,50,S++,S++_40,S++_43,9.7
1,16,50,S++,S++_41,S++_42,10
1,16,50,S++,S++_41,S++_48,9.7
1,16,50,S++,S++_41,S++_44,10
1,16,50,S++,S++_41,S++_43,10
1,16,50,S++,S++_41,S++_45,10
1,16,50,S++,S++_41,S++_46,10
1,16,50,S++,S++_41,S++_50,9.7
1,16,50,S++,S++_42,S++_45,10
1,16,50,S++,S++_42,S++_43,10
1,16,50,S++,S++_42,S++_47,9.7
1,16,50,S++,S++_42,S++_49,9.7
1,16,50,S++,S++_42,S++_46,9.7
1,16,50,S++,S++_43,S++_50,9.7
1,16,50,S++,S++_43,S++_44,10
1,16,50,S++,S++_43,S++_45,10
1,16,50,S++,S++_43,S++_46,10
1,16,50,S++,S++_43,S++_47,10
1,16,50,S++,S++_43,S++_48,9.7
1,16,50,S++,S++_44,S++_45,9.7
1,16,50,S++,S++_44,S++_49,9.7
1,16,50,S++,S++_45,S++_46,9.7
1,16,50,S++,S++_45,S++_47,9.7
1,16,50,S++,S++_45,S++_48,10
1,16,50,S++,S++_46,S++_47,9.7
1,16,50,S++,S++_46,S++_49,9.7
1,16,50,S++,S++_46,S++_50,9.7
1,16,50,S++,S++_47,S++_48,10
1,16,50,S++,S++_47,S++_49,9.7
1,16,50,S++,S++_48,S++_50,10
1,16,50,S++,S++_48,S++_49,10.3
1,16,50,S++,S++_49,S++_50,10.3
1,17,50,S++,S++_1,S++_3,9.4
1,17,50,S++,S++_1,S++_13,9.4
1,17,50,S++,S++_2,S++_46,9.4
1,17,50,S++,S++_2,S++_23,9.7
1,17,50,S++,S++_2,S++_42,9.7
1,17,50,S++,S++_2,S++_38,10
1,17,50,S++,S++_3,S++_6,9.4
1,17,50,S++,S++_6,S++_48,9.4
1,17,50,S++,S++_6,S++_17,9.4
1,17,50,S++,S++_6,S++_25,9.4
1,17,50,S++,S++_6,S++_34,9.4
1,17,50,S++,S++_6,S++_49,9.4
1,17,50,S++,S++_6,S++_37,9.4
1,17,50,S++,S++_6,S++_22,9.4
1,17,50,S++,S++_6,S++_27,9.4
1,17,50,S++,S++_6,S++_32,10
1,17,50,S++,S++_6,S++_40,10
1,17,50,S++,S++_6,S++_9,9.7
1,17,50,S++,S++_6,S++_18,9.7
1,17,50,S++,S++_6,S++_46,9.7
1,17,50,S++,S++_6,S++_11,10
1,17,50,S++,S++_6,S++_26,10
1,17,50,S++,S++_6,S++_33,10
1,17,50,S++,S++_6,S++_44,10
1,17,50,S++,S++_6,S++_8,9.7
1,17,50,S++,S++_6,S++_50,9.7
1,17,50,S++,S++_6,S++_23,9.7
1,17,50,S++,S++_6,S++_45,9.7
1,17,50,S++,S++_6,S++_19,9.4
1,17,50,S++,S++_6,S++_29,9.4
1,17,50,S++,S++_6,S++_30,10
1,17,50,S++,S++_6,S++_36,10
1,17,50,S++,S++_6,S++_38,10
1,17,50,S++,S++_6,S++_47,10
1,17,50,S++,S++_6,S++_39,10
1,17,50,S++,S++_6,S++_12,10.3
1,17,50,S++,S++_6,S++_20,10.3
1,17,50,S++,S++_6,S++_31,10.3
1,17,50,S++,S++_6,S++_7,10
1,17,50,S++,S++_6,S++_14,10
1,17,50,S++,S++_6,S++_24,10
1,17,50,S++,S++_6,S++_15,9.7
1,17,50,S++,S++_7,S++_9,10.6
1,17,50,S++,S++_7,S++_11,10.6
1,17,50,S++,S++_7,S++_17,10.6
1,17,50,S++,S++_7,S++_22,10.6
1,17,50,S++,S++_7,S++_30,10.6
1,17,50,S++,S++_7,S++_45,10.6
1,17,50,S++,S++_7,S++_46,10.3
1,17,50,S++,S++_7,S++_35,10.6
1,17,50,S++,S++_7,S++_19,10.3
1,17,50,S++,S++_7,S++_36,10.3
1,17,50,S++,S++_7,S++_40,10.3
1,17,50,S++,S++_7,S++_48,10.3
1,17,50,S++,S++_7,S++_8,10.6
1,17,50,S++,S++_7,S++_16,10.6
1,17,50,S++,S++_7,S++_25,10.6
1,17,50,S++,S++_7,S++_34,10.6
1,17,50,S++,S++_7,S++_47,10
1,17,50,S++,S++_7,S++_49,10
1,17,50,S++,S++_7,S++_43,10
1,17,50,S++,S++_7,S++_28,10.3
1,17,50,S++,S++_7,S++_24,10.3
1,17,50,S++,S++_7,S++_31,10.3
1,17,50,S++,S++_7,S++_37,10.3
1,17,50,S++,S++_7,S++_10,10
1,17,50,S++,S++_7,S++_14,10
1,17,50,S++,S++_7,S++_21,10
1,17,50,S++,S++_7,S++_33,10
1,17,50,S++,S++_7,S++_44,10
1,17,50,S++,S++_7,S++_50,10
1,17,50,S++,S++_7,S++_20,10
1,17,50,S++,S++_7,S++_23,10
1,17,50,S++,S++_7,S++_27,10
1,17,50,S++,S++_7,S++_12,10.3
1,17,50,S++,S++_7,S++_32,10.3
1,17,50,S++,S++_7,S++_26,10.3
1,17,50,S++,S++_7,S++_38,10.3
1,17,50,S++,S++_7,S++_42,10.3
1,17,50,S++,S++_7,S++_29,10
1,17,50,S++,S++_7,S++_41,10
1,17,50,S++,S++_7,S++_13,9.7
1,17,50,S++,S++_7,S++_15,9.7
1,17,50,S++,S++_7,S++_39,9.7
1,17,50,S++,S++_7,S++_18,10
1,17,50,S++,S++_8,S++_17,10
1,17,50,S++,S++_8,S++_19,10
1,17,50,S++,S++_8,S++_23,10.6
1,17,50,S++,S++_8,S++_35,10.6
1,17,50,S++,S++_8,S++_47,10.6
1,17,50,S++,S++_8,S++_10,10.6
1,17,50,S++,S++_8,S++_24,10.6
1,17,50,S++,S++_8,S++_43,10.3
1,17,50,S++,S++_8,S++_50,10.3
1,17,50,S++,S++_8,S++_25,10.3
1,17,50,S++,S++_8,S++_37,10.3
1,17,50,S++,S++_8,S++_44,10.3
1,17,50,S++,S++_8,S++_45,10.3
1,17,50,S++,S++_8,S++_11,10.6
1,17,50,S++,S++_8,S++_18,10.6
1,17,50,S++,S++_8,S++_20,10.6
1,17,50,S++,S++_8,S++_12,10.6
1,17,50,S++,S++_8,S++_32,10.6
1,17,50,S++,S++_8,S++_15,10.3
1,17,50,S++,S++_8,S++_31,10.3
1,17,50,S++,S++_8,S++_9,10.3
1,17,50,S++,S++_8,S++_29,10.3
1,17,50,S++,S++_8,S++_34,10
1,17,50,S++,S++_8,S++_46,10
1,17,50,S++,S++_8,S++_36,10.3
1,17,50,S++,S++_8,S++_41,10.3
1,17,50,S++,S++_8,S++_21,10
1,17,50,S++,S++_8,S++_27,10
1,17,50,S++,S++_8,S++_40,10
1,17,50,S++,S++_8,S++_42,10
1,17,50,S++,S++_8,S++_48,10
1,17,50,S++,S++_8,S++_49,10
1,17,50,S++,S++_8,S++_22,10
1,17,50,S++,S++_8,S++_26,10
1,17,50,S++,S++_8,S++_28,10
1,17,50,S++,S++_8,S++_30,10
1,17,50,S++,S++_8,S++_38,10
1,17,50,S++,S++_8,S++_33,10.3
1,17,50,S++,S++_8,S++_39,10
1,17,50,S++,S++_8,S++_14,9.7
1,17,50,S++,S++_8,S++_16,9.7
1,17,50,S++,S++_8,S++_13,9.4
1,17,50,S++,S++_9,S++_30,10.6
1,17,50,S++,S++_9,S++_36,10.6
1,17,50,S++,S++_9,S++_47,10.6
1,17,50,S++,S++_9,S++_27,10.6
1,17,50,S++,S++_9,S++_14,10.3
1,17,50,S++,S++_9,S++_37,10.3
1,17,50,S++,S++_9,S++_22,10.3
1,17,50,S++,S++_9,S++_33,9.7
1,17,50,S++,S++_9,S++_44,9.7
1,17,50,S++,S++_9,S++_16,10
1,17,50,S++,S++_9,S++_43,10
1,17,50,S++,S++_9,S++_45,10
1,17,50,S++,S++_9,S++_15,9.7
1,17,50,S++,S++_9,S++_38,9.7
1,17,50,S++,S++_9,S++_46,9.7
1,17,50,S++,S++_9,S++_19,9.7
1,17,50,S++,S++_9,S++_21,9.4
1,17,50,S++,S++_9,S++_25,9.4
1,17,50,S++,S++_9,S++_29,9.7
1,17,50,S++,S++_9,S++_32,9.7
1,17,50,S++,S++_9,S++_26,9.7
1,17,50,S++,S++_9,S++_34,9.7
1,17,50,S++,S++_9,S++_40,9.7
1,17,50,S++,S++_9,S++_48,9.7
1,17,50,S++,S++_9,S++_24,9.4
1,17,50,S++,S++_9,S++_49,9.4
1,17,50,S++,S++_9,S++_28,9.4
1,17,50,S++,S++_9,S++_39,9.4
1,17,50,S++,S++_9,S++_42,9.4
1,17,50,S++,S++_9,S++_18,9.7
1,17,50,S++,S++_9,S++_23,9.7
1,17,50,S++,S++_9,S++_35,10.3
1,17,50,S++,S++_9,S++_20,10.3
1,17,50,S++,S++_9,S++_10,10
1,17,50,S++,S++_9,S++_11,10
1,17,50,S++,S++_9,S++_12,10
1,17,50,S++,S++_9,S++_31,10
1,17,50,S++,S++_9,S++_41,10
1,17,50,S++,S++_9,S++_50,10
1,17,50,S++,S++_9,S++_17,10
1,17,50,S++,S++_10,S++_22,10
1,17,50,S++,S++_10,S++_33,10
1,17,50,S++,S++_10,S++_47,10
1,17,50,S++,S++_10,S++_21,10
1,17,50,S++,S++_10,S++_48,10
1,17,50,S++,S++_10,S++_14,10
1,17,50,S++,S++_10,S++_19,10
1,17,50,S++,S++_10,S++_27,10
1,17,50,S++,S++_10,S++_30,10
1,17,50,S++,S++_10,S++_29,10.3
1,17,50,S++,S++_10,S++_37,10.3
1,17,50,S++,S++_10,S++_23,10
1,17,50,S++,S++_10,S++_35,10
1,17,50,S++,S++_10,S++_34,10
1,17,50,S++,S++_10,S++_38,10
1,17,50,S++,S++_11,S++_13,10
1,17,50,S++,S++_11,S++_16,10
1,17,50,S++,S++_11,S++_34,10
1,17,50,S++,S++_11,S++_37,10
1,17,50,S++,S++_11,S++_49,10
1,17,50,S++,S++_11,S++_40,10.3
1,17,50,S++,S++_11,S++_46,9.7
1,17,50,S++,S++_11,S++_15,10.6
1,17,50,S++,S++_11,S++_33,10.6
1,17,50,S++,S++_11,S++_44,10.6
1,17,50,S++,S++_11,S++_22,10.3
1,17,50,S++,S++_11,S++_39,10.3
1,17,50,S++,S++_11,S++_21,10.3
1,17,50,S++,S++_11,S++_30,10.3
1,17,50,S++,S++_11,S++_14,10
1,17,50,S++,S++_11,S++_23,10
1,17,50,S++,S++_11,S++_28,10
1,17,50,S++,S++_11,S++_29,10
1,17,50,S++,S++_11,S++_25,10
1,17,50,S++,S++_11,S++_12,10.3
1,17,50,S++,S++_11,S++_24,10.3
1,17,50,S++,S++_11,S++_42,10.3
1,17,50,S++,S++_11,S++_45,10.3
1,17,50,S++,S++_11,S++_47,10.3
1,17,50,S++,S++_11,S++_43,10.3
1,17,50,S++,S++_11,S++_31,10.6
1,17,50,S++,S++_11,S++_19,10.3
1,17,50,S++,S++_11,S++_20,10.3
1,17,50,S++,S++_11,S++_26,10.3
1,17,50,S++,S++_11,S++_35,10.3
1,17,50,S++,S++_11,S++_41,10.3
1,17,50,S++,S++_11,S++_50,10.3
1,17,50,S++,S++_11,S++_17,10.6
1,17,50,S++,S++_11,S++_18,10.6
1,17,50,S++,S++_11,S++_32,10.3
1,17,50,S++,S++_11,S++_38,10.3
1,17,50,S++,S++_12,S++_23,10.6
1,17,50,S++,S++_12,S++_31,10.6
1,17,50,S++,S++_12,S++_18,10.6
1,17,50,S++,S++_12,S++_35,10
1,17,50,S++,S++_12,S++_42,10
1,17,50,S++,S++_12,S++_17,10
1,17,50,S++,S++_12,S++_24,10
1,17,50,S++,S++_12,S++_39,10
1,17,50,S++,S++_12,S++_48,10
1,17,50,S++,S++_12,S++_14,10.3
1,17,50,S++,S++_12,S++_32,9.7
1,17,50,S++,S++_12,S++_34,9.7
1,17,50,S++,S++_12,S++_40,9.7
1,17,50,S++,S++_12,S++_22,9.7
1,17,50,S++,S++_12,S++_15,10
1,17,50,S++,S++_12,S++_20,10
1,17,50,S++,S++_12,S++_21,10
1,17,50,S++,S++_12,S++_30,10
1,17,50,S++,S++_12,S++_16,10.3
1,17,50,S++,S++_12,S++_38,10.3
1,17,50,S++,S++_12,S++_25,9.7
1,17,50,S++,S++_12,S++_49,9.7
1,17,50,S++,S++_12,S++_13,9.4
1,17,50,S++,S++_12,S++_44,9.4
1,17,50,S++,S++_12,S++_41,9.4
1,17,50,S++,S++_13,S++_18,9.4
1,17,50,S++,S++_13,S++_33,9.4
1,17,50,S++,S++_13,S++_42,9.4
1,17,50,S++,S++_13,S++_44,9.4
1,17,50,S++,S++_13,S++_14,9.7
1,17,50,S++,S++_13,S++_17,9.7
1,17,50,S++,S++_13,S++_32,9.7
1,17,50,S++,S++_13,S++_49,9.7
1,17,50,S++,S++_13,S++_20,9.7
1,17,50,S++,S++_13,S++_30,9.7
1,17,50,S++,S++_13,S++_45,9.7
1,17,50,S++,S++_13,S++_47,9.7
1,17,50,S++,S++_13,S++_22,9.4
1,17,50,S++,S++_13,S++_26,9.4
1,17,50,S++,S++_14,S++_35,9.7
1,17,50,S++,S++_14,S++_36,9.7
1,17,50,S++,S++_14,S++_47,9.7
1,17,50,S++,S++_14,S++_48,9.7
1,17,50,S++,S++_14,S++_23,10
1,17,50,S++,S++_14,S++_50,9.4
1,17,50,S++,S++_14,S++_25,9.4
1,17,50,S++,S++_14,S++_30,9.4
1,17,50,S++,S++_14,S++_45,9.4
1,17,50,S++,S++_14,S++_29,9.7
1,17,50,S++,S++_14,S++_19,9.4
1,17,50,S++,S++_14,S++_22,9.4
1,17,50,S++,S++_14,S++_38,9.4
1,17,50,S++,S++_14,S++_17,9.7
1,17,50,S++,S++_15,S++_33,9.4
1,17,50,S++,S++_15,S++_49,9.4
1,17,50,S++,S++_15,S++_30,9.7
1,17,50,S++,S++_15,S++_38,10
1,17,50,S++,S++_16,S++_21,9.4
1,17,50,S++,S++_16,S++_30,9.4
1,17,50,S++,S++_16,S++_44,9.4
1,17,50,S++,S++_16,S++_48,9.4
1,17,50,S++,S++_16,S++_49,9.4
1,17,50,S++,S++_16,S++_29,9.4
1,17,50,S++,S++_16,S++_32,9.4
1,17,50,S++,S++_16,S++_33,9.4
1,17,50,S++,S++_16,S++_22,9.4
1,17,50,S++,S++_16,S++_23,9.4
1,17,50,S++,S++_16,S++_35,9.4
1,17,50,S++,S++_17,S++_26,9.4
1,17,50,S++,S++_17,S++_21,9.4
1,17,50,S++,S++_17,S++_29,9.4
1,17,50,S++,S++_17,S++_33,9.4
1,17,50,S++,S++_17,S++_37,9.4
1,17,50,S++,S++_17,S++_43,9.4
1,17,50,S++,S++_17,S++_44,9.4
1,17,50,S++,S++_17,S++_27,9.7
1,17,50,S++,S++_17,S++_28,10
1,17,50,S++,S++_17,S++_42,10
1,17,50,S++,S++_18,S++_20,9.4
1,17,50,S++,S++_18,S++_22,9.4
1,17,50,S++,S++_18,S++_24,9.4
1,17,50,S++,S++_18,S++_49,9.4
1,17,50,S++,S++_18,S++_30,9.4
1,17,50,S++,S++_18,S++_34,9.4
1,17,50,S++,S++_18,S++_46,9.4
1,17,50,S++,S++_18,S++_25,10
1,17,50,S++,S++_18,S++_47,9.7
1,17,50,S++,S++_19,S++_25,9.4
1,17,50,S++,S++_19,S++_41,10
1,17,50,S++,S++_20,S++_39,10
1,17,50,S++,S++_20,S++_47,10
1,17,50,S++,S++_20,S++_42,10
1,17,50,S++,S++_20,S++_48,10.6
1,17,50,S++,S++_21,S++_27,10
1,17,50,S++,S++_21,S++_34,10
1,17,50,S++,S++_22,S++_24,10.6
1,17,50,S++,S++_22,S++_39,10.6
1,17,50,S++,S++_22,S++_49,10.6
1,17,50,S++,S++_22,S++_33,10.3
1,17,50,S++,S++_22,S++_35,10.3
1,17,50,S++,S++_22,S++_36,10.3
1,17,50,S++,S++_22,S++_27,10
1,17,50,S++,S++_22,S++_29,10
1,17,50,S++,S++_22,S++_40,10
1,17,50,S++,S++_22,S++_26,10
1,17,50,S++,S++_22,S++_48,10
1,17,50,S++,S++_22,S++_43,10.3
1,17,50,S++,S++_22,S++_47,10.3
1,17,50,S++,S++_23,S++_45,11.2
1,17,50,S++,S++_23,S++_24,10.9
1,17,50,S++,S++_23,S++_28,10.9
1,17,50,S++,S++_23,S++_32,10.9
1,17,50,S++,S++_23,S++_43,10.9
1,17,50,S++,S++_23,S++_44,10.9
1,17,50,S++,S++_23,S++_29,10.6
1,17,50,S++,S++_23,S++_37,10.6
1,17,50,S++,S++_23,S++_42,10.6
1,17,50,S++,S++_23,S++_26,10.6
1,17,50,S++,S++_23,S++_31,10.3
1,17,50,S++,S++_23,S++_25,10
1,17,50,S++,S++_23,S++_40,9.7
1,17,50,S++,S++_23,S++_48,9.7
1,17,50,S++,S++_24,S++_28,10.6
1,17,50,S++,S++_24,S++_32,10.6
1,17,50,S++,S++_24,S++_35,10.6
1,17,50,S++,S++_24,S++_39,10.3
1,17,50,S++,S++_24,S++_40,10.3
1,17,50,S++,S++_24,S++_27,10.3
1,17,50,S++,S++_24,S++_47,10.3
1,17,50,S++,S++_24,S++_26,10
1,17,50,S++,S++_24,S++_42,10
1,17,50,S++,S++_24,S++_44,9.7
1,17,50,S++,S++_24,S++_49,9.7
1,17,50,S++,S++_24,S++_37,9.7
1,17,50,S++,S++_24,S++_34,9.7
1,17,50,S++,S++_24,S++_45,9.7
1,17,50,S++,S++_24,S++_30,10
1,17,50,S++,S++_24,S++_33,9.7
1,17,50,S++,S++_24,S++_50,9.7
1,17,50,S++,S++_25,S++_40,10.6
1,17,50,S++,S++_25,S++_31,10.6
1,17,50,S++,S++_25,S++_33,10.6
1,17,50,S++,S++_25,S++_48,10.6
1,17,50,S++,S++_25,S++_27,10.3
1,17,50,S++,S++_25,S++_47,10.3
1,17,50,S++,S++_25,S++_28,10.3
1,17,50,S++,S++_25,S++_29,9.7
1,17,50,S++,S++_25,S++_34,9.7
1,17,50,S++,S++_25,S++_38,9.7
1,17,50,S++,S++_25,S++_46,9.7
1,17,50,S++,S++_25,S++_41,9.7
1,17,50,S++,S++_25,S++_42,9.7
1,17,50,S++,S++_25,S++_43,10
1,17,50,S++,S++_25,S++_49,10
1,17,50,S++,S++_25,S++_45,9.7
1,17,50,S++,S++_26,S++_42,10.6
1,17,50,S++,S++_26,S++_37,11.2
1,17,50,S++,S++_26,S++_39,11.2
1,17,50,S++,S++_26,S++_38,10.6
1,17,50,S++,S++_26,S++_47,10.6
1,17,50,S++,S++_26,S++_35,10.3
1,17,50,S++,S++_26,S++_44,10.3
1,17,50,S++,S++_26,S++_50,10.3
1,17,50,S++,S++_26,S++_46,10.3
1,17,50,S++,S++_26,S++_31,10
1,17,50,S++,S++_26,S++_45,10
1,17,50,S++,S++_26,S++_30,9.4
1,17,50,S++,S++_26,S++_49,9.4
1,17,50,S++,S++_26,S++_48,10
1,17,50,S++,S++_27,S++_45,10.6
1,17,50,S++,S++_27,S++_34,10.6
1,17,50,S++,S++_27,S++_48,10.6
1,17,50,S++,S++_27,S++_37,9.4
1,17,50,S++,S++_27,S++_41,9.4
1,17,50,S++,S++_27,S++_49,9.4
1,17,50,S++,S++_27,S++_50,9.4
1,17,50,S++,S++_28,S++_44,11.2
1,17,50,S++,S++_28,S++_45,11.2
1,17,50,S++,S++_28,S++_43,10.9
1,17,50,S++,S++_28,S++_48,10.9
1,17,50,S++,S++_28,S++_35,10.9
1,17,50,S++,S++_28,S++_36,10.9
1,17,50,S++,S++_28,S++_41,10.6
1,17,50,S++,S++_28,S++_49,10.6
1,17,50,S++,S++_28,S++_32,10.3
1,17,50,S++,S++_28,S++_31,10
1,17,50,S++,S++_28,S++_34,10
1,17,50,S++,S++_29,S++_32,10
1,17,50,S++,S++_29,S++_38,10
1,17,50,S++,S++_29,S++_46,10
1,17,50,S++,S++_30,S++_36,9.4
1,17,50,S++,S++_30,S++_39,9.4
1,17,50,S++,S++_30,S++_45,9.4
1,17,50,S++,S++_30,S++_38,9.4
1,17,50,S++,S++_30,S++_32,9.7
1,17,50,S++,S++_31,S++_46,10
1,17,50,S++,S++_31,S++_47,9.7
1,17,50,S++,S++_31,S++_32,9.4
1,17,50,S++,S++_31,S++_36,9.4
1,17,50,S++,S++_31,S++_39,9.4
1,17,50,S++,S++_31,S++_35,9.7
1,17,50,S++,S++_31,S++_50,9.7
1,17,50,S++,S++_31,S++_44,9.4
1,17,50,S++,S++_31,S++_41,9.4
1,17,50,S++,S++_31,S++_43,9.4
1,17,50,S++,S++_32,S++_39,9.4
1,17,50,S++,S++_32,S++_33,9.7
1,17,50,S++,S++_32,S++_42,9.7
1,17,50,S++,S++_32,S++_37,9.4
1,17,50,S++,S++_32,S++_35,9.4
1,17,50,S++,S++_32,S++_38,9.4
1,17,50,S++,S++_32,S++_46,9.7
1,17,50,S++,S++_32,S++_49,9.7
1,17,50,S++,S++_32,S++_44,9.4
1,17,50,S++,S++_32,S++_45,9.4
1,17,50,S++,S++_32,S++_48,9.4
1,17,50,S++,S++_33,S++_34,9.4
1,17,50,S++,S++_33,S++_37,9.7
1,17,50,S++,S++_33,S++_45,9.7
1,17,50,S++,S++_33,S++_50,9.7
1,17,50,S++,S++_33,S++_41,9.4
1,17,50,S++,S++_33,S++_48,9.4
1,17,50,S++,S++_33,S++_49,9.7
1,17,50,S++,S++_33,S++_44,9.4
1,17,50,S++,S++_33,S++_43,9.4
1,17,50,S++,S++_33,S++_46,9.4
1,17,50,S++,S++_33,S++_39,9.7
1,17,50,S++,S++_34,S++_37,10
1,17,50,S++,S++_34,S++_42,10
1,17,50,S++,S++_34,S++_48,10
1,17,50,S++,S++_34,S++_44,10.3
1,17,50,S++,S++_34,S++_49,10.3
1,17,50,S++,S++_34,S++_39,10
1,17,50,S++,S++_34,S++_47,9.7
1,17,50,S++,S++_34,S++_46,9.7
1,17,50,S++,S++_34,S++_36,10
1,17,50,S++,S++_34,S++_50,10
1,17,50,S++,S++_34,S++_41,10
1,17,50,S++,S++_34,S++_35,9.7
1,17,50,S++,S++_34,S++_40,9.7
1,17,50,S++,S++_34,S++_43,9.7
1,17,50,S++,S++_34,S++_45,9.7
1,17,50,S++,S++_34,S++_38,10
1,17,50,S++,S++_35,S++_37,9.7
1,17,50,S++,S++_35,S++_39,10.3
1,17,50,S++,S++_35,S++_41,10.3
1,17,50,S++,S++_35,S++_42,10.3
1,17,50,S++,S++_35,S++_50,10.3
1,17,50,S++,S++_35,S++_46,10.6
1,17,50,S++,S++_35,S++_47,10.6
1,17,50,S++,S++_35,S++_45,10.3
1,17,50,S++,S++_35,S++_36,10.3
1,17,50,S++,S++_35,S++_40,10.6
1,17,50,S++,S++_35,S++_44,10
1,17,50,S++,S++_35,S++_38,10
1,17,50,S++,S++_35,S++_43,9.7
1,17,50,S++,S++_35,S++_48,9.7
1,17,50,S++,S++_35,S++_49,9.4
1,17,50,S++,S++_36,S++_44,10
1,17,50,S++,S++_36,S++_48,10
1,17,50,S++,S++_36,S++_41,10
1,17,50,S++,S++_36,S++_45,10
1,17,50,S++,S++_36,S++_37,9.7
1,17,50,S++,S++_36,S++_40,10
1,17,50,S++,S++_36,S++_47,10
1,17,50,S++,S++_36,S++_49,9.4
1,17,50,S++,S++_36,S++_38,10
1,17,50,S++,S++_37,S++_40,9.4
1,17,50,S++,S++_37,S++_43,9.4
1,17,50,S++,S++_37,S++_46,9.4
1,17,50,S++,S++_37,S++_49,9.4
1,17,50,S++,S++_37,S++_39,9.4
1,17,50,S++,S++_37,S++_42,9.4
1,17,50,S++,S++_38,S++_47,9.4
1,17,50,S++,S++_38,S++_39,10
1,17,50,S++,S++_38,S++_42,10
1,17,50,S++,S++_38,S++_50,10.6
1,17,50,S++,S++_38,S++_44,10.3
1,17,50,S++,S++_38,S++_43,10.6
1,17,50,S++,S++_38,S++_49,10.6
1,17,50,S++,S++_38,S++_46,10.6
1,17,50,S++,S++_38,S++_45,10.3
1,17,50,S++,S++_38,S++_48,10.3
1,17,50,S++,S++_38,S++_41,10
1,17,50,S++,S++_38,S++_40,10
1,17,50,S++,S++_39,S++_43,10
1,17,50,S++,S++_39,S++_47,10
1,17,50,S++,S++_39,S++_50,10
1,17,50,S++,S++_39,S++_44,10
1,17,50,S++,S++_39,S++_46,10.6
1,17,50,S++,S++_39,S++_48,10.3
1,17,50,S++,S++_39,S++_42,10.6
1,17,50,S++,S++_39,S++_45,10.6
1,17,50,S++,S++_39,S++_41,10.6
1,17,50,S++,S++_39,S++_49,10.6
1,17,50,S++,S++_39,S++_40,10
1,17,50,S++,S++_40,S++_41,10.3
1,17,50,S++,S++_40,S++_42,10.6
1,17,50,S++,S++_40,S++_50,10.6
1,17,50,S++,S++_40,S++_48,10.6
1,17,50,S++,S++_40,S++_46,10.3
1,17,50,S++,S++_40,S++_47,10.3
1,17,50,S++,S++_40,S++_44,10.6
1,17,50,S++,S++_40,S++_45,10.6
1,17,50,S++,S++_40,S++_49,9.7
1,17,50,S++,S++_40,S++_43,9.4
1,17,50,S++,S++_41,S++_42,9.7
1,17,50,S++,S++_41,S++_48,9.4
1,17,50,S++,S++_41,S++_44,9.7
1,17,50,S++,S++_41,S++_43,9.7
1,17,50,S++,S++_41,S++_45,9.7
1,17,50,S++,S++_41,S++_46,9.7
1,17,50,S++,S++_41,S++_50,9.4
1,17,50,S++,S++_42,S++_45,9.7
1,17,50,S++,S++_42,S++_43,9.7
1,17,50,S++,S++_42,S++_47,9.4
1,17,50,S++,S++_42,S++_49,9.4
1,17,50,S++,S++_42,S++_46,9.4
1,17,50,S++,S++_43,S++_50,9.4
1,17,50,S++,S++_43,S++_44,9.7
1,17,50,S++,S++_43,S++_45,9.7
1,17,50,S++,S++_43,S++_46,9.7
1,17,50,S++,S++_43,S++_47,9.7
1,17,50,S++,S++_43,S++_48,9.4
1,17,50,S++,S++_44,S++_45,9.4
1,17,50,S++,S++_44,S++_49,9.4
1,17,50,S++,S++_45,S++_46,9.4
1,17,50,S++,S++_45,S++_47,9.4
1,17,50,S++,S++_45,S++_48,9.7
1,17,50,S++,S++_46,S++_47,9.4
1,17,50,S++,S++_46,S++_49,9.4
1,17,50,S++,S++_46,S++_50,9.4
1,17,50,S++,S++_47,S++_48,9.7
1,17,50,S++,S++_47,S++_49,9.4
1,17,50,S++,S++_48,S++_50,9.7
1,17,50,S++,S++_48,S++_49,10
1,17,50,S++,S++_49,S++_50,10
1,18,50,S++,S++_2,S++_23,9.4
1,18,50,S++,S++_2,S++_42,9.4
1,18,50,S++,S++_2,S++_38,9.7
1,18,50,S++,S++_6,S++_32,9.7
1,18,50,S++,S++_6,S++_40,9.7
1,18,50,S++,S++_6,S++_9,9.4
1,18,50,S++,S++_6,S++_18,9.4
1,18,50,S++,S++_6,S++_46,9.4
1,18,50,S++,S++_6,S++_11,9.7
1,18,50,S++,S++_6,S++_26,9.7
1,18,50,S++,S++_6,S++_33,9.7
1,18,50,S++,S++_6,S++_44,9.7
1,18,50,S++,S++_6,S++_8,9.4
1,18,50,S++,S++_6,S++_50,9.4
1,18,50,S++,S++_6,S++_23,9.4
1,18,50,S++,S++_6,S++_45,9.4
1,18,50,S++,S++_6,S++_30,9.7
1,18,50,S++,S++_6,S++_36,9.7
1,18,50,S++,S++_6,S++_38,9.7
1,18,50,S++,S++_6,S++_47,9.7
1,18,50,S++,S++_6,S++_39,9.7
1,18,50,S++,S++_6,S++_12,10
1,18,50,S++,S++_6,S++_20,10
1,18,50,S++,S++_6,S++_31,10
1,18,50,S++,S++_6,S++_7,9.7
1,18,50,S++,S++_6,S++_14,9.7
1,18,50,S++,S++_6,S++_24,9.7
1,18,50,S++,S++_6,S++_15,9.4
1,18,50,S++,S++_7,S++_9,10.3
1,18,50,S++,S++_7,S++_11,10.3
1,18,50,S++,S++_7,S++_17,10.3
1,18,50,S++,S++_7,S++_22,10.3
1,18,50,S++,S++_7,S++_30,10.3
1,18,50,S++,S++_7,S++_45,10.3
1,18,50,S++,S++_7,S++_46,10
1,18,50,S++,S++_7,S++_35,10.3
1,18,50,S++,S++_7,S++_19,10
1,18,50,S++,S++_7,S++_36,10
1,18,50,S++,S++_7,S++_40,10
1,18,50,S++,S++_7,S++_48,10
1,18,50,S++,S++_7,S++_8,10.3
1,18,50,S++,S++_7,S++_16,10.3
1,18,50,S++,S++_7,S++_25,10.3
1,18,50,S++,S++_7,S++_34,10.3
1,18,50,S++,S++_7,S++_47,9.7
1,18,50,S++,S++_7,S++_49,9.7
1,18,50,S++,S++_7,S++_43,9.7
1,18,50,S++,S++_7,S++_28,10
1,18,50,S++,S++_7,S++_24,10
1,18,50,S++,S++_7,S++_31,10
1,18,50,S++,S++_7,S++_37,10
1,18,50,S++,S++_7,S++_10,9.7
1,18,50,S++,S++_7,S++_14,9.7
1,18,50,S++,S++_7,S++_21,9.7
1,18,50,S++,S++_7,S++_33,9.7
1,18,50,S++,S++_7,S++_44,9.7
1,18,50,S++,S++_7,S++_50,9.7
1,18,50,S++,S++_7,S++_20,9.7
1,18,50,S++,S++_7,S++_23,9.7
1,18,50,S++,S++_7,S++_27,9.7
1,18,50,S++,S++_7,S++_12,10
1,18,50,S++,S++_7,S++_32,10
1,18,50,S++,S++_7,S++_26,10
1,18,50,S++,S++_7,S++_38,10
1,18,50,S++,S++_7,S++_42,10
1,18,50,S++,S++_7,S++_29,9.7
1,18,50,S++,S++_7,S++_41,9.7
1,18,50,S++,S++_7,S++_13,9.4
1,18,50,S++,S++_7,S++_15,9.4
1,18,50,S++,S++_7,S++_39,9.4
1,18,50,S++,S++_7,S++_18,9.7
1,18,50,S++,S++_8,S++_17,9.7
1,18,50,S++,S++_8,S++_19,9.7
1,18,50,S++,S++_8,S++_23,10.3
1,18,50,S++,S++_8,S++_35,10.3
1,18,50,S++,S++_8,S++_47,10.3
1,18,50,S++,S++_8,S++_10,10.3
1,18,50,S++,S++_8,S++_24,10.3
1,18,50,S++,S++_8,S++_43,10
1,18,50,S++,S++_8,S++_50,10
1,18,50,S++,S++_8,S++_25,10
1,18,50,S++,S++_8,S++_37,10
1,18,50,S++,S++_8,S++_44,10
1,18,50,S++,S++_8,S++_45,10
1,18,50,S++,S++_8,S++_11,10.3
1,18,50,S++,S++_8,S++_18,10.3
1,18,50,S++,S++_8,S++_20,10.3
1,18,50,S++,S++_8,S++_12,10.3
1,18,50,S++,S++_8,S++_32,10.3
1,18,50,S++,S++_8,S++_15,10
1,18,50,S++,S++_8,S++_31,10
1,18,50,S++,S++_8,S++_9,10
1,18,50,S++,S++_8,S++_29,10
1,18,50,S++,S++_8,S++_34,9.7
1,18,50,S++,S++_8,S++_46,9.7
1,18,50,S++,S++_8,S++_36,10
1,18,50,S++,S++_8,S++_41,10
1,18,50,S++,S++_8,S++_21,9.7
1,18,50,S++,S++_8,S++_27,9.7
1,18,50,S++,S++_8,S++_40,9.7
1,18,50,S++,S++_8,S++_42,9.7
1,18,50,S++,S++_8,S++_48,9.7
1,18,50,S++,S++_8,S++_49,9.7
1,18,50,S++,S++_8,S++_22,9.7
1,18,50,S++,S++_8,S++_26,9.7
1,18,50,S++,S++_8,S++_28,9.7
1,18,50,S++,S++_8,S++_30,9.7
1,18,50,S++,S++_8,S++_38,9.7
1,18,50,S++,S++_8,S++_33,10
1,18,50,S++,S++_8,S++_39,9.7
1,18,50,S++,S++_8,S++_14,9.4
1,18,50,S++,S++_8,S++_16,9.4
1,18,50,S++,S++_8,S++_13,10
1,18,50,S++,S++_9,S++_30,10.3
1,18,50,S++,S++_9,S++_36,10.3
1,18,50,S++,S++_9,S++_47,10.3
1,18,50,S++,S++_9,S++_27,10.3
1,18,50,S++,S++_9,S++_14,10
1,18,50,S++,S++_9,S++_37,10
1,18,50,S++,S++_9,S++_22,10
1,18,50,S++,S++_9,S++_33,9.4
1,18,50,S++,S++_9,S++_44,9.4
1,18,50,S++,S++_9,S++_16,9.7
1,18,50,S++,S++_9,S++_43,9.7
1,18,50,S++,S++_9,S++_45,9.7
1,18,50,S++,S++_9,S++_15,9.4
1,18,50,S++,S++_9,S++_38,9.4
1,18,50,S++,S++_9,S++_46,9.4
1,18,50,S++,S++_9,S++_19,9.4
1,18,50,S++,S++_9,S++_29,9.4
1,18,50,S++,S++_9,S++_32,9.4
1,18,50,S++,S++_9,S++_26,9.4
1,18,50,S++,S++_9,S++_34,9.4
1,18,50,S++,S++_9,S++_40,9.4
1,18,50,S++,S++_9,S++_48,9.4
1,18,50,S++,S++_9,S++_18,9.4
1,18,50,S++,S++_9,S++_23,9.4
1,18,50,S++,S++_9,S++_35,10
1,18,50,S++,S++_9,S++_20,10
1,18,50,S++,S++_9,S++_10,9.7
1,18,50,S++,S++_9,S++_11,9.7
1,18,50,S++,S++_9,S++_12,9.7
1,18,50,S++,S++_9,S++_31,9.7
1,18,50,S++,S++_9,S++_41,9.7
1,18,50,S++,S++_9,S++_50,9.7
1,18,50,S++,S++_9,S++_17,9.7
1,18,50,S++,S++_10,S++_22,9.7
1,18,50,S++,S++_10,S++_33,9.7
1,18,50,S++,S++_10,S++_47,9.7
1,18,50,S++,S++_10,S++_21,9.7
1,18,50,S++,S++_10,S++_48,9.7
1,18,50,S++,S++_10,S++_14,9.7
1,18,50,S++,S++_10,S++_19,9.7
1,18,50,S++,S++_10,S++_27,9.7
1,18,50,S++,S++_10,S++_30,9.7
1,18,50,S++,S++_10,S++_29,10
1,18,50,S++,S++_10,S++_37,10
1,18,50,S++,S++_10,S++_23,9.7
1,18,50,S++,S++_10,S++_35,9.7
1,18,50,S++,S++_10,S++_34,9.7
1,18,50,S++,S++_10,S++_38,9.7
1,18,50,S++,S++_11,S++_13,9.7
1,18,50,S++,S++_11,S++_16,9.7
1,18,50,S++,S++_11,S++_34,9.7
1,18,50,S++,S++_11,S++_37,9.7
1,18,50,S++,S++_11,S++_49,9.7
1,18,50,S++,S++_11,S++_40,10
1,18,50,S++,S++_11,S++_46,9.4
1,18,50,S++,S++_11,S++_15,10.3
1,18,50,S++,S++_11,S++_33,10.3
1,18,50,S++,S++_11,S++_44,10.3
1,18,50,S++,S++_11,S++_22,10
1,18,50,S++,S++_11,S++_39,10
1,18,50,S++,S++_11,S++_21,10
1,18,50,S++,S++_11,S++_30,10
1,18,50,S++,S++_11,S++_14,9.7
1,18,50,S++,S++_11,S++_23,9.7
1,18,50,S++,S++_11,S++_28,9.7
1,18,50,S++,S++_11,S++_29,9.7
1,18,50,S++,S++_11,S++_25,9.7
1,18,50,S++,S++_11,S++_12,10
1,18,50,S++,S++_11,S++_24,10
1,18,50,S++,S++_11,S++_42,10
1,18,50,S++,S++_11,S++_45,10
1,18,50,S++,S++_11,S++_47,10
1,18,50,S++,S++_11,S++_43,10
1,18,50,S++,S++_11,S++_31,10.3
1,18,50,S++,S++_11,S++_19,10
1,18,50,S++,S++_11,S++_20,10
1,18,50,S++,S++_11,S++_26,10
1,18,50,S++,S++_11,S++_35,10
1,18,50,S++,S++_11,S++_41,10
1,18,50,S++,S++_11,S++_50,10
1,18,50,S++,S++_11,S++_17,10.3
1,18,50,S++,S++_11,S++_18,10.3
1,18,50,S++,S++_11,S++_32,10
1,18,50,S++,S++_11,S++_38,10
1,18,50,S++,S++_12,S++_23,10.3
1,18,50,S++,S++_12,S++_31,10.3
1,18,50,S++,S++_12,S++_18,10.3
1,18,50,S++,S++_12,S++_35,9.7
1,18,50,S++,S++_12,S++_42,9.7
1,18,50,S++,S++_12,S++_17,9.7
1,18,50,S++,S++_12,S++_24,9.7
1,18,50,S++,S++_12,S++_39,9.7
1,18,50,S++,S++_12,S++_48,9.7
1,18,50,S++,S++_12,S++_14,10
1,18,50,S++,S++_12,S++_32,9.4
1,18,50,S++,S++_12,S++_34,9.4
1,18,50,S++,S++_12,S++_40,9.4
1,18,50,S++,S++_12,S++_22,9.4
1,18,50,S++,S++_12,S++_15,9.7
1,18,50,S++,S++_12,S++_20,9.7
1,18,50,S++,S++_12,S++_21,9.7
1,18,50,S++,S++_12,S++_30,9.7
1,18,50,S++,S++_12,S++_16,10
1,18,50,S++,S++_12,S++_38,10
1,18,50,S++,S++_12,S++_25,9.4
1,18,50,S++,S++_12,S++_49,9.4
1,18,50,S++,S++_13,S++_14,9.4
1,18,50,S++,S++_13,S++_17,9.4
1,18,50,S++,S++_13,S++_32,9.4
1,18,50,S++,S++_13,S++_49,9.4
1,18,50,S++,S++_13,S++_20,9.4
1,18,50,S++,S++_13,S++_30,9.4
1,18,50,S++,S++_13,S++_45,9.4
1,18,50,S++,S++_13,S++_47,9.4
1,18,50,S++,S++_14,S++_35,9.4
1,18,50,S++,S++_14,S++_36,9.4
1,18,50,S++,S++_14,S++_47,9.4
1,18,50,S++,S++_14,S++_48,9.4
1,18,50,S++,S++_14,S++_23,9.7
1,18,50,S++,S++_14,S++_29,9.4
1,18,50,S++,S++_14,S++_17,9.4
1,18,50,S++,S++_15,S++_30,9.4
1,18,50,S++,S++_15,S++_38,9.7
1,18,50,S++,S++_17,S++_27,9.4
1,18,50,S++,S++_17,S++_28,9.7
1,18,50,S++,S++_17,S++_42,9.7
1,18,50,S++,S++_17,S++_20,10
1,18,50,S++,S++_18,S++_25,9.7
1,18,50,S++,S++_18,S++_47,9.4
1,18,50,S++,S++_19,S++_41,10.3
1,18,50,S++,S++_20,S++_39,10.3
1,18,50,S++,S++_20,S++_47,10.3
1,18,50,S++,S++_20,S++_42,10.3
1,18,50,S++,S++_20,S++_48,10.9
1,18,50,S++,S++_21,S++_27,10.3
1,18,50,S++,S++_21,S++_34,10.3
1,18,50,S++,S++_22,S++_24,10.9
1,18,50,S++,S++_22,S++_39,10.9
1,18,50,S++,S++_22,S++_49,10.9
1,18,50,S++,S++_22,S++_33,10.6
1,18,50,S++,S++_22,S++_35,10.6
1,18,50,S++,S++_22,S++_36,10.6
1,18,50,S++,S++_22,S++_27,10.3
1,18,50,S++,S++_22,S++_29,10.3
1,18,50,S++,S++_22,S++_40,10.3
1,18,50,S++,S++_22,S++_26,10.3
1,18,50,S++,S++_22,S++_48,10.3
1,18,50,S++,S++_22,S++_43,10.6
1,18,50,S++,S++_22,S++_47,10.6
1,18,50,S++,S++_23,S++_45,11.5
1,18,50,S++,S++_23,S++_24,11.2
1,18,50,S++,S++_23,S++_28,11.2
1,18,50,S++,S++_23,S++_32,11.2
1,18,50,S++,S++_23,S++_43,11.2
1,18,50,S++,S++_23,S++_44,11.2
1,18,50,S++,S++_23,S++_29,10.9
1,18,50,S++,S++_23,S++_37,10.9
1,18,50,S++,S++_23,S++_42,10.9
1,18,50,S++,S++_23,S++_26,10.9
1,18,50,S++,S++_23,S++_31,10.6
1,18,50,S++,S++_23,S++_25,10.3
1,18,50,S++,S++_23,S++_40,10
1,18,50,S++,S++_23,S++_48,10
1,18,50,S++,S++_24,S++_28,10.9
1,18,50,S++,S++_24,S++_32,10.9
1,18,50,S++,S++_24,S++_35,10.9
1,18,50,S++,S++_24,S++_39,10.6
1,18,50,S++,S++_24,S++_40,10.6
1,18,50,S++,S++_24,S++_27,10.6
1,18,50,S++,S++_24,S++_47,10.6
1,18,50,S++,S++_24,S++_26,10.3
1,18,50,S++,S++_24,S++_42,10.3
1,18,50,S++,S++_24,S++_44,10
1,18,50,S++,S++_24,S++_49,10
1,18,50,S++,S++_24,S++_37,10
1,18,50,S++,S++_24,S++_34,10
1,18,50,S++,S++_24,S++_45,10
1,18,50,S++,S++_24,S++_30,10.3
1,18,50,S++,S++_24,S++_33,10
1,18,50,S++,S++_24,S++_50,10
1,18,50,S++,S++_25,S++_40,10.9
1,18,50,S++,S++_25,S++_31,10.9
1,18,50,S++,S++_25,S++_33,10.9
1,18,50,S++,S++_25,S++_48,10.9
1,18,50,S++,S++_25,S++_27,10.6
1,18,50,S++,S++_25,S++_47,10.6
1,18,50,S++,S++_25,S++_28,10.6
1,18,50,S++,S++_25,S++_29,10
1,18,50,S++,S++_25,S++_34,10
1,18,50,S++,S++_25,S++_38,10
1,18,50,S++,S++_25,S++_46,10
1,18,50,S++,S++_25,S++_41,10
1,18,50,S++,S++_25,S++_42,10
1,18,50,S++,S++_25,S++_43,10.3
1,18,50,S++,S++_25,S++_49,10.3
1,18,50,S++,S++_25,S++_45,10
1,18,50,S++,S++_26,S++_42,10.9
1,18,50,S++,S++_26,S++_37,11.5
1,18,50,S++,S++_26,S++_39,11.5
1,18,50,S++,S++_26,S++_38,10.9
1,18,50,S++,S++_26,S++_47,10.9
1,18,50,S++,S++_26,S++_35,10.6
1,18,50,S++,S++_26,S++_44,10.6
1,18,50,S++,S++_26,S++_50,10.6
1,18,50,S++,S++_26,S++_46,10.6
1,18,50,S++,S++_26,S++_31,10.3
1,18,50,S++,S++_26,S++_45,10.3
1,18,50,S++,S++_26,S++_30,9.7
1,18,50,S++,S++_26,S++_49,9.7
1,18,50,S++,S++_26,S++_48,10.3
1,18,50,S++,S++_27,S++_45,10.3
1,18,50,S++,S++_27,S++_34,10.3
1,18,50,S++,S++_27,S++_48,10.3
1,18,50,S++,S++_28,S++_44,10.9
1,18,50,S++,S++_28,S++_45,10.9
1,18,50,S++,S++_28,S++_43,10.6
1,18,50,S++,S++_28,S++_48,10.6
1,18,50,S++,S++_28,S++_35,10.6
1,18,50,S++,S++_28,S++_36,10.6
1,18,50,S++,S++_28,S++_41,10.3
1,18,50,S++,S++_28,S++_49,10.3
1,18,50,S++,S++_28,S++_32,10
1,18,50,S++,S++_28,S++_31,9.7
1,18,50,S++,S++_28,S++_34,9.7
1,18,50,S++,S++_29,S++_32,9.7
1,18,50,S++,S++_29,S++_38,9.7
1,18,50,S++,S++_29,S++_46,9.7
1,18,50,S++,S++_30,S++_32,9.4
1,18,50,S++,S++_31,S++_46,9.7
1,18,50,S++,S++_31,S++_47,9.4
1,18,50,S++,S++_31,S++_35,9.4
1,18,50,S++,S++_31,S++_50,9.4
1,18,50,S++,S++_32,S++_33,9.4
1,18,50,S++,S++_32,S++_42,9.4
1,18,50,S++,S++_32,S++_46,9.4
1,18,50,S++,S++_32,S++_49,9.4
1,18,50,S++,S++_33,S++_37,9.4
1,18,50,S++,S++_33,S++_45,9.4
1,18,50,S++,S++_33,S++_50,9.4
1,18,50,S++,S++_33,S++_49,9.4
1,18,50,S++,S++_33,S++_39,9.4
1,18,50,S++,S++_34,S++_37,9.7
1,18,50,S++,S++_34,S++_42,9.7
1,18,50,S++,S++_34,S++_48,9.7
1,18,50,S++,S++_34,S++_44,10
1,18,50,S++,S++_34,S++_49,10
1,18,50,S++,S++_34,S++_39,9.7
1,18,50,S++,S++_34,S++_47,9.4
1,18,50,S++,S++_34,S++_46,9.4
1,18,50,S++,S++_34,S++_36,9.7
1,18,50,S++,S++_34,S++_50,9.7
1,18,50,S++,S++_34,S++_41,9.7
1,18,50,S++,S++_34,S++_35,9.4
1,18,50,S++,S++_34,S++_40,9.4
1,18,50,S++,S++_34,S++_43,9.4
1,18,50,S++,S++_34,S++_45,9.4
1,18,50,S++,S++_34,S++_38,9.7
1,18,50,S++,S++_35,S++_37,9.4
1,18,50,S++,S++_35,S++_39,10
1,18,50,S++,S++_35,S++_41,10
1,18,50,S++,S++_35,S++_42,10
1,18,50,S++,S++_35,S++_50,10
1,18,50,S++,S++_35,S++_46,10.3
1,18,50,S++,S++_35,S++_47,10.3
1,18,50,S++,S++_35,S++_45,10
1,18,50,S++,S++_35,S++_36,10
1,18,50,S++,S++_35,S++_40,10.9
1,18,50,S++,S++_35,S++_44,10.3
1,18,50,S++,S++_35,S++_38,10.3
1,18,50,S++,S++_35,S++_43,10
1,18,50,S++,S++_35,S++_48,10
1,18,50,S++,S++_35,S++_49,9.7
1,18,50,S++,S++_36,S++_44,10.3
1,18,50,S++,S++_36,S++_48,10.3
1,18,50,S++,S++_36,S++_41,10.3
1,18,50,S++,S++_36,S++_45,10.3
1,18,50,S++,S++_36,S++_37,10
1,18,50,S++,S++_36,S++_40,10.3
1,18,50,S++,S++_36,S++_47,10.3
1,18,50,S++,S++_36,S++_49,9.7
1,18,50,S++,S++_36,S++_38,10.3
1,18,50,S++,S++_37,S++_40,9.7
1,18,50,S++,S++_37,S++_43,9.7
1,18,50,S++,S++_37,S++_46,9.7
1,18,50,S++,S++_37,S++_49,9.7
1,18,50,S++,S++_37,S++_39,9.7
1,18,50,S++,S++_37,S++_42,9.7
1,18,50,S++,S++_38,S++_47,9.7
1,18,50,S++,S++_38,S++_39,10.3
1,18,50,S++,S++_38,S++_42,10.3
1,18,50,S++,S++_38,S++_50,10.9
1,18,50,S++,S++_38,S++_44,10.6
1,18,50,S++,S++_38,S++_43,10.9
1,18,50,S++,S++_38,S++_49,10.9
1,18,50,S++,S++_38,S++_46,10.9
1,18,50,S++,S++_38,S++_45,10.6
1,18,50,S++,S++_38,S++_48,10.6
1,18,50,S++,S++_38,S++_41,10.3
1,18,50,S++,S++_38,S++_40,10.3
1,18,50,S++,S++_39,S++_43,10.3
1,18,50,S++,S++_39,S++_47,10.3
1,18,50,S++,S++_39,S++_50,10.3
1,18,50,S++,S++_39,S++_44,10.3
1,18,50,S++,S++_39,S++_46,10.9
1,18,50,S++,S++_39,S++_48,10.6
1,18,50,S++,S++_39,S++_42,10.9
1,18,50,S++,S++_39,S++_45,10.9
1,18,50,S++,S++_39,S++_41,10.9
1,18,50,S++,S++_39,S++_49,10.9
1,18,50,S++,S++_39,S++_40,10.3
1,18,50,S++,S++_40,S++_41,10.6
1,18,50,S++,S++_40,S++_42,10.9
1,18,50,S++,S++_40,S++_50,10.9
1,18,50,S++,S++_40,S++_48,10.9
1,18,50,S++,S++_40,S++_46,10.6
1,18,50,S++,S++_40,S++_47,10.6
1,18,50,S++,S++_40,S++_44,10.9
1,18,50,S++,S++_40,S++_45,10.9
1,18,50,S++,S++_40,S++_49,10
1,18,50,S++,S++_40,S++_43,9.7
1,18,50,S++,S++_41,S++_42,10
1,18,50,S++,S++_41,S++_48,9.7
1,18,50,S++,S++_41,S++_44,10
1,18,50,S++,S++_41,S++_43,10
1,18,50,S++,S++_41,S++_45,10
1,18,50,S++,S++_41,S++_46,10
1,18,50,S++,S++_41,S++_50,9.7
1,18,50,S++,S++_42,S++_45,10
1,18,50,S++,S++_42,S++_43,10
1,18,50,S++,S++_42,S++_47,9.7
1,18,50,S++,S++_42,S++_49,9.7
1,18,50,S++,S++_42,S++_46,9.7
1,18,50,S++,S++_43,S++_50,9.7
1,18,50,S++,S++_43,S++_44,10
1,18,50,S++,S++_43,S++_45,10
1,18,50,S++,S++_43,S++_46,10
1,18,50,S++,S++_43,S++_47,10
1,18,50,S++,S++_43,S++_48,9.7
1,18,50,S++,S++_44,S++_45,9.7
1,18,50,S++,S++_44,S++_49,9.7
1,18,50,S++,S++_45,S++_46,9.7
1,18,50,S++,S++_45,S++_47,9.7
1,18,50,S++,S++_45,S++_48,9.4
1,18,50,S++,S++_47,S++_48,9.4
1,18,50,S++,S++_48,S++_50,9.4
1,18,50,S++,S++_48,S++_49,9.7
1,18,50,S++,S++_49,S++_50,9.7
1,19,50,S++,S++_2,S++_38,9.4
1,19,50,S++,S++_6,S++_32,9.4
1,19,50,S++,S++_6,S++_40,9.4
1,19,50,S++,S++_6,S++_11,9.4
1,19,50,S++,S++_6,S++_26,9.4
1,19,50,S++,S++_6,S++_33,9.4
1,19,50,S++,S++_6,S++_44,9.4
1,19,50,S++,S++_6,S++_30,9.4
1,19,50,S++,S++_6,S++_36,9.4
1,19,50,S++,S++_6,S++_38,9.4
1,19,50,S++,S++_6,S++_47,9.4
1,19,50,S++,S++_6,S++_39,9.4
1,19,50,S++,S++_6,S++_12,9.7
1,19,50,S++,S++_6,S++_20,9.7
1,19,50,S++,S++_6,S++_31,9.7
1,19,50,S++,S++_6,S++_7,9.4
1,19,50,S++,S++_6,S++_14,9.4
1,19,50,S++,S++_6,S++_24,9.4
1,19,50,S++,S++_7,S++_9,10
1,19,50,S++,S++_7,S++_11,10
1,19,50,S++,S++_7,S++_17,10
1,19,50,S++,S++_7,S++_22,10
1,19,50,S++,S++_7,S++_30,10
1,19,50,S++,S++_7,S++_45,10
1,19,50,S++,S++_7,S++_46,9.7
1,19,50,S++,S++_7,S++_35,10
1,19,50,S++,S++_7,S++_19,9.7
1,19,50,S++,S++_7,S++_36,9.7
1,19,50,S++,S++_7,S++_40,9.7
1,19,50,S++,S++_7,S++_48,9.7
1,19,50,S++,S++_7,S++_8,10
1,19,50,S++,S++_7,S++_16,10
1,19,50,S++,S++_7,S++_25,10
1,19,50,S++,S++_7,S++_34,10
1,19,50,S++,S++_7,S++_47,9.4
1,19,50,S++,S++_7,S++_49,9.4
1,19,50,S++,S++_7,S++_43,9.4
1,19,50,S++,S++_7,S++_28,9.7
1,19,50,S++,S++_7,S++_24,9.7
1,19,50,S++,S++_7,S++_31,9.7
1,19,50,S++,S++_7,S++_37,9.7
1,19,50,S++,S++_7,S++_10,9.4
1,19,50,S++,S++_7,S++_14,9.4
1,19,50,S++,S++_7,S++_21,9.4
1,19,50,S++,S++_7,S++_33,9.4
1,19,50,S++,S++_7,S++_44,9.4
1,19,50,S++,S++_7,S++_50,9.4
1,19,50,S++,S++_7,S++_20,9.4
1,19,50,S++,S++_7,S++_23,9.4
1,19,50,S++,S++_7,S++_27,9.4
1,19,50,S++,S++_7,S++_12,9.7
1,19,50,S++,S++_7,S++_32,9.7
1,19,50,S++,S++_7,S++_26,9.7
1,19,50,S++,S++_7,S++_38,9.7
1,19,50,S++,S++_7,S++_42,9.7
1,19,50,S++,S++_7,S++_29,9.4
1,19,50,S++,S++_7,S++_41,9.4
1,19,50,S++,S++_7,S++_18,9.4
1,19,50,S++,S++_8,S++_17,9.4
1,19,50,S++,S++_8,S++_19,9.4
1,19,50,S++,S++_8,S++_23,10
1,19,50,S++,S++_8,S++_35,10
1,19,50,S++,S++_8,S++_47,10
1,19,50,S++,S++_8,S++_10,10
1,19,50,S++,S++_8,S++_24,10
1,19,50,S++,S++_8,S++_43,9.7
1,19,50,S++,S++_8,S++_50,9.7
1,19,50,S++,S++_8,S++_25,9.7
1,19,50,S++,S++_8,S++_37,9.7
1,19,50,S++,S++_8,S++_44,9.7
1,19,50,S++,S++_8,S++_45,9.7
1,19,50,S++,S++_8,S++_11,10
1,19,50,S++,S++_8,S++_18,10
1,19,50,S++,S++_8,S++_20,10
1,19,50,S++,S++_8,S++_12,10
1,19,50,S++,S++_8,S++_32,10
1,19,50,S++,S++_8,S++_15,9.7
1,19,50,S++,S++_8,S++_31,9.7
1,19,50,S++,S++_8,S++_9,9.7
1,19,50,S++,S++_8,S++_29,9.7
1,19,50,S++,S++_8,S++_34,9.4
1,19,50,S++,S++_8,S++_46,9.4
1,19,50,S++,S++_8,S++_36,9.7
1,19,50,S++,S++_8,S++_41,9.7
1,19,50,S++,S++_8,S++_21,9.4
1,19,50,S++,S++_8,S++_27,9.4
1,19,50,S++,S++_8,S++_40,9.4
1,19,50,S++,S++_8,S++_42,9.4
1,19,50,S++,S++_8,S++_48,9.4
1,19,50,S++,S++_8,S++_49,9.4
1,19,50,S++,S++_8,S++_22,9.4
1,19,50,S++,S++_8,S++_26,9.4
1,19,50,S++,S++_8,S++_28,9.4
1,19,50,S++,S++_8,S++_30,9.4
1,19,50,S++,S++_8,S++_38,9.4
1,19,50,S++,S++_8,S++_33,10.3
1,19,50,S++,S++_8,S++_39,10
1,19,50,S++,S++_8,S++_14,9.7
1,19,50,S++,S++_8,S++_16,9.7
1,19,50,S++,S++_8,S++_13,10.3
1,19,50,S++,S++_9,S++_30,10.6
1,19,50,S++,S++_9,S++_36,10.6
1,19,50,S++,S++_9,S++_47,10.6
1,19,50,S++,S++_9,S++_27,10.6
1,19,50,S++,S++_9,S++_14,10.3
1,19,50,S++,S++_9,S++_37,10.3
1,19,50,S++,S++_9,S++_22,10.3
1,19,50,S++,S++_9,S++_33,9.7
1,19,50,S++,S++_9,S++_44,9.7
1,19,50,S++,S++_9,S++_16,10
1,19,50,S++,S++_9,S++_43,10
1,19,50,S++,S++_9,S++_45,10
1,19,50,S++,S++_9,S++_15,9.7
1,19,50,S++,S++_9,S++_38,9.7
1,19,50,S++,S++_9,S++_46,9.7
1,19,50,S++,S++_9,S++_19,9.7
1,19,50,S++,S++_9,S++_29,9.7
1,19,50,S++,S++_9,S++_32,9.7
1,19,50,S++,S++_9,S++_26,9.7
1,19,50,S++,S++_9,S++_34,9.7
1,19,50,S++,S++_9,S++_40,9.7
1,19,50,S++,S++_9,S++_48,9.7
1,19,50,S++,S++_9,S++_18,9.7
1,19,50,S++,S++_9,S++_23,9.7
1,19,50,S++,S++_9,S++_35,10.3
1,19,50,S++,S++_9,S++_20,10.3
1,19,50,S++,S++_9,S++_10,10
1,19,50,S++,S++_9,S++_11,10
1,19,50,S++,S++_9,S++_12,10
1,19,50,S++,S++_9,S++_31,10
1,19,50,S++,S++_9,S++_41,10
1,19,50,S++,S++_9,S++_50,10
1,19,50,S++,S++_9,S++_17,10
1,19,50,S++,S++_10,S++_22,10
1,19,50,S++,S++_10,S++_33,10
1,19,50,S++,S++_10,S++_47,10
1,19,50,S++,S++_10,S++_21,10
1,19,50,S++,S++_10,S++_48,10
1,19,50,S++,S++_10,S++_14,10
1,19,50,S++,S++_10,S++_19,10
1,19,50,S++,S++_10,S++_27,10
1,19,50,S++,S++_10,S++_30,10
1,19,50,S++,S++_10,S++_29,10.3
1,19,50,S++,S++_10,S++_37,10.3
1,19,50,S++,S++_10,S++_23,10
1,19,50,S++,S++_10,S++_35,10
1,19,50,S++,S++_10,S++_34,10
1,19,50,S++,S++_10,S++_38,10
1,19,50,S++,S++_11,S++_13,10
1,19,50,S++,S++_11,S++_16,10
1,19,50,S++,S++_11,S++_34,10
1,19,50,S++,S++_11,S++_37,10
1,19,50,S++,S++_11,S++_49,10
1,19,50,S++,S++_11,S++_40,10.3
1,19,50,S++,S++_11,S++_46,9.7
1,19,50,S++,S++_11,S++_15,10.6
1,19,50,S++,S++_11,S++_33,10.6
1,19,50,S++,S++_11,S++_44,10.6
1,19,50,S++,S++_11,S++_22,10.3
1,19,50,S++,S++_11,S++_39,10.3
1,19,50,S++,S++_11,S++_21,10.3
1,19,50,S++,S++_11,S++_30,10.3
1,19,50,S++,S++_11,S++_14,10
1,19,50,S++,S++_11,S++_23,10
1,19,50,S++,S++_11,S++_28,10
1,19,50,S++,S++_11,S++_29,10
1,19,50,S++,S++_11,S++_25,10
1,19,50,S++,S++_11,S++_12,10.3
1,19,50,S++,S++_11,S++_24,10.3
1,19,50,S++,S++_11,S++_42,10.3
1,19,50,S++,S++_11,S++_45,10.3
1,19,50,S++,S++_11,S++_47,10.3
1,19,50,S++,S++_11,S++_43,10.3
1,19,50,S++,S++_11,S++_31,10.6
1,19,50,S++,S++_11,S++_19,10.3
1,19,50,S++,S++_11,S++_20,10.3
1,19,50,S++,S++_11,S++_26,10.3
1,19,50,S++,S++_11,S++_35,10.3
1,19,50,S++,S++_11,S++_41,10.3
1,19,50,S++,S++_11,S++_50,10.3
1,19,50,S++,S++_11,S++_17,10.6
1,19,50,S++,S++_11,S++_18,10.6
1,19,50,S++,S++_11,S++_32,10.3
1,19,50,S++,S++_11,S++_38,10.3
1,19,50,S++,S++_12,S++_23,10.6
1,19,50,S++,S++_12,S++_31,10.6
1,19,50,S++,S++_12,S++_18,10.6
1,19,50,S++,S++_12,S++_35,10
1,19,50,S++,S++_12,S++_42,10
1,19,50,S++,S++_12,S++_17,10
1,19,50,S++,S++_12,S++_24,10
1,19,50,S++,S++_12,S++_39,10
1,19,50,S++,S++_12,S++_48,10
1,19,50,S++,S++_12,S++_14,10.3
1,19,50,S++,S++_12,S++_32,9.7
1,19,50,S++,S++_12,S++_34,9.7
1,19,50,S++,S++_12,S++_40,9.7
1,19,50,S++,S++_12,S++_22,9.7
1,19,50,S++,S++_12,S++_15,10
1,19,50,S++,S++_12,S++_20,10
1,19,50,S++,S++_12,S++_21,10
1,19,50,S++,S++_12,S++_30,10
1,19,50,S++,S++_12,S++_16,10.3
1,19,50,S++,S++_12,S++_38,10.3
1,19,50,S++,S++_12,S++_25,9.7
1,19,50,S++,S++_12,S++_49,9.7
1,19,50,S++,S++_13,S++_14,9.7
1,19,50,S++,S++_13,S++_17,9.7
1,19,50,S++,S++_13,S++_32,9.7
1,19,50,S++,S++_13,S++_49,9.7
1,19,50,S++,S++_13,S++_20,9.7
1,19,50,S++,S++_13,S++_30,9.7
1,19,50,S++,S++_13,S++_45,9.7
1,19,50,S++,S++_13,S++_47,9.7
1,19,50,S++,S++_14,S++_35,9.7
1,19,50,S++,S++_14,S++_36,9.7
1,19,50,S++,S++_14,S++_47,9.7
1,19,50,S++,S++_14,S++_48,9.7
1,19,50,S++,S++_14,S++_23,10
1,19,50,S++,S++_14,S++_29,9.7
1,19,50,S++,S++_14,S++_17,9.7
1,19,50,S++,S++_15,S++_30,9.7
1,19,50,S++,S++_15,S++_38,10
1,19,50,S++,S++_17,S++_27,9.7
1,19,50,S++,S++_17,S++_28,10
1,19,50,S++,S++_17,S++_42,10
1,19,50,S++,S++_17,S++_20,10.3
1,19,50,S++,S++_18,S++_25,10
1,19,50,S++,S++_18,S++_47,9.7
1,19,50,S++,S++_19,S++_41,10.6
1,19,50,S++,S++_20,S++_39,10.6
1,19,50,S++,S++_20,S++_47,10.6
1,19,50,S++,S++_20,S++_42,10.6
1,19,50,S++,S++_20,S++_48,11.2
1,19,50,S++,S++_21,S++_27,10.6
1,19,50,S++,S++_21,S++_34,10.6
1,19,50,S++,S++_22,S++_24,11.2
1,19,50,S++,S++_22,S++_39,11.2
1,19,50,S++,S++_22,S++_49,11.2
1,19,50,S++,S++_22,S++_33,10.9
1,19,50,S++,S++_22,S++_35,10.9
1,19,50,S++,S++_22,S++_36,10.9
1,19,50,S++,S++_22,S++_27,10.6
1,19,50,S++,S++_22,S++_29,10.6
1,19,50,S++,S++_22,S++_40,10.6
1,19,50,S++,S++_22,S++_26,10.6
1,19,50,S++,S++_22,S++_48,10.6
1,19,50,S++,S++_22,S++_43,10.9
1,19,50,S++,S++_22,S++_47,10.9
1,19,50,S++,S++_23,S++_45,11.8
1,19,50,S++,S++_23,S++_24,11.5
1,19,50,S++,S++_23,S++_28,11.5
1,19,50,S++,S++_23,S++_32,11.5
1,19,50,S++,S++_23,S++_43,11.5
1,19,50,S++,S++_23,S++_44,11.5
1,19,50,S++,S++_23,S++_29,11.2
1,19,50,S++,S++_23,S++_37,11.2
1,19,50,S++,S++_23,S++_42,10.6
1,19,50,S++,S++_23,S++_26,10.6
1,19,50,S++,S++_23,S++_31,10.3
1,19,50,S++,S++_23,S++_25,10
1,19,50,S++,S++_23,S++_40,9.7
1,19,50,S++,S++_23,S++_48,9.7
1,19,50,S++,S++_24,S++_28,10.6
1,19,50,S++,S++_24,S++_32,10.6
1,19,50,S++,S++_24,S++_35,10.6
1,19,50,S++,S++_24,S++_39,10.3
1,19,50,S++,S++_24,S++_40,10.3
1,19,50,S++,S++_24,S++_27,10.3
1,19,50,S++,S++_24,S++_47,10.3
1,19,50,S++,S++_24,S++_26,10
1,19,50,S++,S++_24,S++_42,10
1,19,50,S++,S++_24,S++_44,9.7
1,19,50,S++,S++_24,S++_49,9.7
1,19,50,S++,S++_24,S++_37,9.7
1,19,50,S++,S++_24,S++_34,9.7
1,19,50,S++,S++_24,S++_45,9.7
1,19,50,S++,S++_24,S++_30,10
1,19,50,S++,S++_24,S++_33,9.7
1,19,50,S++,S++_24,S++_50,9.7
1,19,50,S++,S++_25,S++_40,10.6
1,19,50,S++,S++_25,S++_31,10.6
1,19,50,S++,S++_25,S++_33,10.6
1,19,50,S++,S++_25,S++_48,10.6
1,19,50,S++,S++_25,S++_27,10.3
1,19,50,S++,S++_25,S++_47,10.3
1,19,50,S++,S++_25,S++_28,10.3
1,19,50,S++,S++_25,S++_29,9.7
1,19,50,S++,S++_25,S++_34,9.7
1,19,50,S++,S++_25,S++_38,9.7
1,19,50,S++,S++_25,S++_46,9.7
1,19,50,S++,S++_25,S++_41,9.7
1,19,50,S++,S++_25,S++_42,9.7
1,19,50,S++,S++_25,S++_43,10
1,19,50,S++,S++_25,S++_49,10
1,19,50,S++,S++_25,S++_45,9.7
1,19,50,S++,S++_26,S++_42,10.6
1,19,50,S++,S++_26,S++_37,11.2
1,19,50,S++,S++_26,S++_39,11.2
1,19,50,S++,S++_26,S++_38,10.6
1,19,50,S++,S++_26,S++_47,10.6
1,19,50,S++,S++_26,S++_35,10.3
1,19,50,S++,S++_26,S++_44,10.3
1,19,50,S++,S++_26,S++_50,10.3
1,19,50,S++,S++_26,S++_46,10.3
1,19,50,S++,S++_26,S++_31,10
1,19,50,S++,S++_26,S++_45,10
1,19,50,S++,S++_26,S++_30,9.4
1,19,50,S++,S++_26,S++_49,9.4
1,19,50,S++,S++_26,S++_48,10
1,19,50,S++,S++_27,S++_45,10
1,19,50,S++,S++_27,S++_34,10
1,19,50,S++,S++_27,S++_48,10
1,19,50,S++,S++_28,S++_44,10.6
1,19,50,S++,S++_28,S++_45,10.6
1,19,50,S++,S++_28,S++_43,10.3
1,19,50,S++,S++_28,S++_48,10.3
1,19,50,S++,S++_28,S++_35,10.3
1,19,50,S++,S++_28,S++_36,10.3
1,19,50,S++,S++_28,S++_41,10
1,19,50,S++,S++_28,S++_49,10
1,19,50,S++,S++_28,S++_32,9.7
1,19,50,S++,S++_28,S++_31,9.4
1,19,50,S++,S++_28,S++_34,9.4
1,19,50,S++,S++_29,S++_32,9.4
1,19,50,S++,S++_29,S++_38,9.4
1,19,50,S++,S++_29,S++_46,9.4
1,19,50,S++,S++_31,S++_46,9.4
1,19,50,S++,S++_34,S++_37,9.4
1,19,50,S++,S++_34,S++_42,9.4
1,19,50,S++,S++_34,S++_48,9.4
1,19,50,S++,S++_34,S++_44,9.7
1,19,50,S++,S++_34,S++_49,9.7
1,19,50,S++,S++_34,S++_39,9.4
1,19,50,S++,S++_34,S++_36,9.4
1,19,50,S++,S++_34,S++_50,9.4
1,19,50,S++,S++_34,S++_41,9.4
1,19,50,S++,S++_34,S++_38,9.4
1,19,50,S++,S++_35,S++_39,9.7
1,19,50,S++,S++_35,S++_41,9.7
1,19,50,S++,S++_35,S++_42,9.7
1,19,50,S++,S++_35,S++_50,9.7
1,19,50,S++,S++_35,S++_46,10
1,19,50,S++,S++_35,S++_47,10
1,19,50,S++,S++_35,S++_45,9.7
1,19,50,S++,S++_35,S++_36,9.7
1,19,50,S++,S++_35,S++_40,10.6
1,19,50,S++,S++_35,S++_44,10
1,19,50,S++,S++_35,S++_38,10
1,19,50,S++,S++_35,S++_43,9.7
1,19,50,S++,S++_35,S++_48,9.7
1,19,50,S++,S++_35,S++_49,9.4
1,19,50,S++,S++_36,S++_44,10
1,19,50,S++,S++_36,S++_48,10
1,19,50,S++,S++_36,S++_41,10
1,19,50,S++,S++_36,S++_45,10
1,19,50,S++,S++_36,S++_37,9.7
1,19,50,S++,S++_36,S++_40,10
1,19,50,S++,S++_36,S++_47,10
1,19,50,S++,S++_36,S++_49,9.4
1,19,50,S++,S++_36,S++_38,10
1,19,50,S++,S++_37,S++_40,9.4
1,19,50,S++,S++_37,S++_43,9.4
1,19,50,S++,S++_37,S++_46,9.4
1,19,50,S++,S++_37,S++_49,9.4
1,19,50,S++,S++_37,S++_39,9.4
1,19,50,S++,S++_37,S++_42,9.4
1,19,50,S++,S++_38,S++_47,9.4
1,19,50,S++,S++_38,S++_39,10
1,19,50,S++,S++_38,S++_42,10
1,19,50,S++,S++_38,S++_50,10.6
1,19,50,S++,S++_38,S++_44,10.3
1,19,50,S++,S++_38,S++_43,10.6
1,19,50,S++,S++_38,S++_49,10.6
1,19,50,S++,S++_38,S++_46,10.6
1,19,50,S++,S++_38,S++_45,10.3
1,19,50,S++,S++_38,S++_48,10.3
1,19,50,S++,S++_38,S++_41,10
1,19,50,S++,S++_38,S++_40,10
1,19,50,S++,S++_39,S++_43,10
1,19,50,S++,S++_39,S++_47,10
1,19,50,S++,S++_39,S++_50,10
1,19,50,S++,S++_39,S++_44,10
1,19,50,S++,S++_39,S++_46,10.6
1,19,50,S++,S++_39,S++_48,10.3
1,19,50,S++,S++_39,S++_42,10.6
1,19,50,S++,S++_39,S++_45,10.6
1,19,50,S++,S++_39,S++_41,10.6
1,19,50,S++,S++_39,S++_49,10.6
1,19,50,S++,S++_39,S++_40,10
1,19,50,S++,S++_40,S++_41,10.3
1,19,50,S++,S++_40,S++_42,10.6
1,19,50,S++,S++_40,S++_50,10.6
1,19,50,S++,S++_40,S++_48,10.6
1,19,50,S++,S++_40,S++_46,10.3
1,19,50,S++,S++_40,S++_47,10.3
1,19,50,S++,S++_40,S++_44,10.6
1,19,50,S++,S++_40,S++_45,10.6
1,19,50,S++,S++_40,S++_49,9.7
1,19,50,S++,S++_40,S++_43,9.4
1,19,50,S++,S++_41,S++_42,9.7
1,19,50,S++,S++_41,S++_48,9.4
1,19,50,S++,S++_41,S++_44,9.7
1,19,50,S++,S++_41,S++_43,9.7
1,19,50,S++,S++_41,S++_45,9.7
1,19,50,S++,S++_41,S++_46,9.7
1,19,50,S++,S++_41,S++_50,9.4
1,19,50,S++,S++_42,S++_45,9.7
1,19,50,S++,S++_42,S++_43,9.7
1,19,50,S++,S++_42,S++_47,9.4
1,19,50,S++,S++_42,S++_49,9.4
1,19,50,S++,S++_42,S++_46,9.4
1,19,50,S++,S++_43,S++_50,9.4
1,19,50,S++,S++_43,S++_44,9.7
1,19,50,S++,S++_43,S++_45,9.7
1,19,50,S++,S++_43,S++_46,9.7
1,19,50,S++,S++_43,S++_47,9.7
1,19,50,S++,S++_43,S++_48,9.4
1,19,50,S++,S++_44,S++_45,9.4
1,19,50,S++,S++_44,S++_49,9.4
1,19,50,S++,S++_45,S++_46,9.4
1,19,50,S++,S++_45,S++_47,9.4
1,19,50,S++,S++_48,S++_49,9.4
1,19,50,S++,S++_49,S++_50,9.4
1,20,50,S++,S++_6,S++_12,10
1,20,50,S++,S++_6,S++_20,10
1,20,50,S++,S++_6,S++_31,10
1,20,50,S++,S++_6,S++_7,9.7
1,20,50,S++,S++_6,S++_14,9.7
1,20,50,S++,S++_6,S++_24,9.7
1,20,50,S++,S++_7,S++_9,10.3
1,20,50,S++,S++_7,S++_11,10.3
1,20,50,S++,S++_7,S++_17,10.3
1,20,50,S++,S++_7,S++_22,10.3
1,20,50,S++,S++_7,S++_30,10.3
1,20,50,S++,S++_7,S++_45,10.3
1,20,50,S++,S++_7,S++_46,10
1,20,50,S++,S++_7,S++_35,10.3
1,20,50,S++,S++_7,S++_19,10
1,20,50,S++,S++_7,S++_36,10
1,20,50,S++,S++_7,S++_40,10
1,20,50,S++,S++_7,S++_48,10
1,20,50,S++,S++_7,S++_8,10.3
1,20,50,S++,S++_7,S++_16,10.3
1,20,50,S++,S++_7,S++_25,10.3
1,20,50,S++,S++_7,S++_34,10.3
1,20,50,S++,S++_7,S++_47,9.7
1,20,50,S++,S++_7,S++_49,9.7
1,20,50,S++,S++_7,S++_43,9.7
1,20,50,S++,S++_7,S++_28,10
1,20,50,S++,S++_7,S++_24,10
1,20,50,S++,S++_7,S++_31,10
1,20,50,S++,S++_7,S++_37,10
1,20,50,S++,S++_7,S++_10,9.7
1,20,50,S++,S++_7,S++_14,9.7
1,20,50,S++,S++_7,S++_21,9.7
1,20,50,S++,S++_7,S++_33,9.7
1,20,50,S++,S++_7,S++_44,9.7
1,20,50,S++,S++_7,S++_50,9.7
1,20,50,S++,S++_7,S++_20,9.7
1,20,50,S++,S++_7,S++_23,9.7
1,20,50,S++,S++_7,S++_27,9.7
1,20,50,S++,S++_7,S++_12,10
1,20,50,S++,S++_7,S++_32,10
1,20,50,S++,S++_7,S++_26,10
1,20,50,S++,S++_7,S++_38,10
1,20,50,S++,S++_7,S++_42,10
1,20,50,S++,S++_7,S++_29,9.7
1,20,50,S++,S++_7,S++_41,9.7
1,20,50,S++,S++_7,S++_18,9.7
1,20,50,S++,S++_8,S++_17,9.7
1,20,50,S++,S++_8,S++_19,9.7
1,20,50,S++,S++_8,S++_23,10.3
1,20,50,S++,S++_8,S++_35,10.3
1,20,50,S++,S++_8,S++_47,10.3
1,20,50,S++,S++_8,S++_10,10.3
1,20,50,S++,S++_8,S++_24,10.3
1,20,50,S++,S++_8,S++_43,10
1,20,50,S++,S++_8,S++_50,10
1,20,50,S++,S++_8,S++_25,10
1,20,50,S++,S++_8,S++_37,10
1,20,50,S++,S++_8,S++_44,10
1,20,50,S++,S++_8,S++_45,10
1,20,50,S++,S++_8,S++_11,10.3
1,20,50,S++,S++_8,S++_18,10.3
1,20,50,S++,S++_8,S++_20,10.3
1,20,50,S++,S++_8,S++_12,10.3
1,20,50,S++,S++_8,S++_32,10.3
1,20,50,S++,S++_8,S++_15,10
1,20,50,S++,S++_8,S++_31,10
1,20,50,S++,S++_8,S++_9,10
1,20,50,S++,S++_8,S++_29,10
1,20,50,S++,S++_8,S++_34,9.7
1,20,50,S++,S++_8,S++_46,9.7
1,20,50,S++,S++_8,S++_36,10
1,20,50,S++,S++_8,S++_41,10
1,20,50,S++,S++_8,S++_21,9.7
1,20,50,S++,S++_8,S++_27,9.7
1,20,50,S++,S++_8,S++_40,9.7
1,20,50,S++,S++_8,S++_42,9.7
1,20,50,S++,S++_8,S++_48,9.7
1,20,50,S++,S++_8,S++_49,9.7
1,20,50,S++,S++_8,S++_33,10
1,20,50,S++,S++_8,S++_39,9.7
1,20,50,S++,S++_8,S++_14,9.4
1,20,50,S++,S++_8,S++_16,9.4
1,20,50,S++,S++_8,S++_13,10
1,20,50,S++,S++_9,S++_30,10.3
1,20,50,S++,S++_9,S++_36,10.3
1,20,50,S++,S++_9,S++_47,10.3
1,20,50,S++,S++_9,S++_27,10.3
1,20,50,S++,S++_9,S++_14,10
1,20,50,S++,S++_9,S++_37,10
1,20,50,S++,S++_9,S++_22,10
1,20,50,S++,S++_9,S++_33,9.4
1,20,50,S++,S++_9,S++_44,9.4
1,20,50,S++,S++_9,S++_16,9.7
1,20,50,S++,S++_9,S++_43,9.7
1,20,50,S++,S++_9,S++_45,9.7
1,20,50,S++,S++_9,S++_15,9.4
1,20,50,S++,S++_9,S++_38,9.4
1,20,50,S++,S++_9,S++_46,9.4
1,20,50,S++,S++_9,S++_19,9.4
1,20,50,S++,S++_9,S++_29,9.4
1,20,50,S++,S++_9,S++_32,9.4
1,20,50,S++,S++_9,S++_26,9.4
1,20,50,S++,S++_9,S++_34,9.4
1,20,50,S++,S++_9,S++_40,9.4
1,20,50,S++,S++_9,S++_48,9.4
1,20,50,S++,S++_9,S++_18,9.4
1,20,50,S++,S++_9,S++_23,9.4
1,20,50,S++,S++_9,S++_35,10
1,20,50,S++,S++_9,S++_20,10
1,20,50,S++,S++_9,S++_10,9.7
1,20,50,S++,S++_9,S++_11,9.7
1,20,50,S++,S++_9,S++_12,9.7
1,20,50,S++,S++_9,S++_31,9.7
1,20,50,S++,S++_9,S++_41,9.7
1,20,50,S++,S++_9,S++_50,9.7
1,20,50,S++,S++_9,S++_17,9.7
1,20,50,S++,S++_10,S++_22,9.7
1,20,50,S++,S++_10,S++_33,9.7
1,20,50,S++,S++_10,S++_47,9.7
1,20,50,S++,S++_10,S++_21,9.7
1,20,50,S++,S++_10,S++_48,9.7
1,20,50,S++,S++_10,S++_14,9.7
1,20,50,S++,S++_10,S++_19,9.7
1,20,50,S++,S++_10,S++_27,9.7
1,20,50,S++,S++_10,S++_30,9.7
1,20,50,S++,S++_10,S++_29,10
1,20,50,S++,S++_10,S++_37,10
1,20,50,S++,S++_10,S++_23,9.7
1,20,50,S++,S++_10,S++_35,9.7
1,20,50,S++,S++_10,S++_34,9.7
1,20,50,S++,S++_10,S++_38,9.7
1,20,50,S++,S++_11,S++_13,9.7
1,20,50,S++,S++_11,S++_16,9.7
1,20,50,S++,S++_11,S++_34,9.7
1,20,50,S++,S++_11,S++_37,9.7
1,20,50,S++,S++_11,S++_49,9.7
1,20,50,S++,S++_11,S++_40,10
1,20,50,S++,S++_11,S++_46,9.4
1,20,50,S++,S++_11,S++_15,10.3
1,20,50,S++,S++_11,S++_33,10.3
1,20,50,S++,S++_11,S++_44,10.3
1,20,50,S++,S++_11,S++_22,10
1,20,50,S++,S++_11,S++_39,10
1,20,50,S++,S++_11,S++_21,10
1,20,50,S++,S++_11,S++_30,10
1,20,50,S++,S++_11,S++_14,9.7
1,20,50,S++,S++_11,S++_23,9.7
1,20,50,S++,S++_11,S++_28,9.7
1,20,50,S++,S++_11,S++_29,9.7
1,20,50,S++,S++_11,S++_25,9.7
1,20,50,S++,S++_11,S++_12,10
1,20,50,S++,S++_11,S++_24,10
1,20,50,S++,S++_11,S++_42,10
1,20,50,S++,S++_11,S++_45,10
1,20,50,S++,S++_11,S++_47,10
1,20,50,S++,S++_11,S++_43,10
1,20,50,S++,S++_11,S++_31,10.3
1,20,50,S++,S++_11,S++_19,10
1,20,50,S++,S++_11,S++_20,10
1,20,50,S++,S++_11,S++_26,10
1,20,50,S++,S++_11,S++_35,10
1,20,50,S++,S++_11,S++_41,10
1,20,50,S++,S++_11,S++_50,10
1,20,50,S++,S++_11,S++_17,10.3
1,20,50,S++,S++_11,S++_18,10.3
1,20,50,S++,S++_11,S++_32,10
1,20,50,S++,S++_11,S++_38,10
1,20,50,S++,S++_12,S++_23,10.3
1,20,50,S++,S++_12,S++_31,10.3
1,20,50,S++,S++_12,S++_18,10.3
1,20,50,S++,S++_12,S++_35,9.7
1,20,50,S++,S++_12,S++_42,9.7
1,20,50,S++,S++_12,S++_17,9.7
1,20,50,S++,S++_12,S++_24,9.7
1,20,50,S++,S++_12,S++_39,9.7
1,20,50,S++,S++_12,S++_48,9.7
1,20,50,S++,S++_12,S++_14,10
1,20,50,S++,S++_12,S++_32,9.4
1,20,50,S++,S++_12,S++_34,9.4
1,20,50,S++,S++_12,S++_40,9.4
1,20,50,S++,S++_12,S++_22,9.4
1,20,50,S++,S++_12,S++_15,9.7
1,20,50,S++,S++_12,S++_20,9.7
1,20,50,S++,S++_12,S++_21,9.7
1,20,50,S++,S++_12,S++_30,9.7
1,20,50,S++,S++_12,S++_16,10
1,20,50,S++,S++_12,S++_38,10
1,20,50,S++,S++_12,S++_25,9.4
1,20,50,S++,S++_12,S++_49,9.4
1,20,50,S++,S++_13,S++_14,9.4
1,20,50,S++,S++_13,S++_17,9.4
1,20,50,S++,S++_13,S++_32,9.4
1,20,50,S++,S++_13,S++_49,9.4
1,20,50,S++,S++_13,S++_20,9.4
1,20,50,S++,S++_13,S++_30,9.4
1,20,50,S++,S++_13,S++_45,9.4
1,20,50,S++,S++_13,S++_47,9.4
1,20,50,S++,S++_14,S++_35,9.4
1,20,50,S++,S++_14,S++_36,9.4
1,20,50,S++,S++_14,S++_47,9.4
1,20,50,S++,S++_14,S++_48,9.4
1,20,50,S++,S++_14,S++_23,9.7
1,20,50,S++,S++_14,S++_29,9.4
1,20,50,S++,S++_14,S++_17,9.4
1,20,50,S++,S++_15,S++_30,9.4
1,20,50,S++,S++_15,S++_38,9.7
1,20,50,S++,S++_17,S++_27,9.4
1,20,50,S++,S++_17,S++_28,9.7
1,20,50,S++,S++_17,S++_42,9.7
1,20,50,S++,S++_17,S++_20,10
1,20,50,S++,S++_18,S++_25,9.7
1,20,50,S++,S++_18,S++_47,9.4
1,20,50,S++,S++_19,S++_41,10.3
1,20,50,S++,S++_20,S++_39,10.3
1,20,50,S++,S++_20,S++_47,10.3
1,20,50,S++,S++_20,S++_42,10.3
1,20,50,S++,S++_20,S++_48,10.9
1,20,50,S++,S++_21,S++_27,10.3
1,20,50,S++,S++_21,S++_34,10.3
1,20,50,S++,S++_22,S++_24,10.9
1,20,50,S++,S++_22,S++_39,10.9
1,20,50,S++,S++_22,S++_49,10.9
1,20,50,S++,S++_22,S++_33,10.6
1,20,50,S++,S++_22,S++_35,10.6
1,20,50,S++,S++_22,S++_36,10.6
1,20,50,S++,S++_22,S++_27,10.3
1,20,50,S++,S++_22,S++_29,10.3
1,20,50,S++,S++_22,S++_40,10.3
1,20,50,S++,S++_22,S++_26,10.3
1,20,50,S++,S++_22,S++_48,10.3
1,20,50,S++,S++_22,S++_43,10.6
1,20,50,S++,S++_22,S++_47,10.6
1,20,50,S++,S++_23,S++_45,11.5
1,20,50,S++,S++_23,S++_24,11.2
1,20,50,S++,S++_23,S++_28,11.2
1,20,50,S++,S++_23,S++_32,11.2
1,20,50,S++,S++_23,S++_43,11.2
1,20,50,S++,S++_23,S++_44,11.2
1,20,50,S++,S++_23,S++_29,10.9
1,20,50,S++,S++_23,S++_37,10.9
1,20,50,S++,S++_23,S++_42,10.3
1,20,50,S++,S++_23,S++_26,10.3
1,20,50,S++,S++_23,S++_31,10
1,20,50,S++,S++_23,S++_25,9.7
1,20,50,S++,S++_23,S++_40,9.4
1,20,50,S++,S++_23,S++_48,9.4
1,20,50,S++,S++_24,S++_28,10.3
1,20,50,S++,S++_24,S++_32,10.3
1,20,50,S++,S++_24,S++_35,10.3
1,20,50,S++,S++_24,S++_39,10
1,20,50,S++,S++_24,S++_40,10
1,20,50,S++,S++_24,S++_27,10
1,20,50,S++,S++_24,S++_47,10
1,20,50,S++,S++_24,S++_26,9.7
1,20,50,S++,S++_24,S++_42,9.7
1,20,50,S++,S++_24,S++_44,9.4
1,20,50,S++,S++_24,S++_49,9.4
1,20,50,S++,S++_24,S++_37,9.4
1,20,50,S++,S++_24,S++_34,9.4
1,20,50,S++,S++_24,S++_45,9.4
1,20,50,S++,S++_24,S++_30,9.7
1,20,50,S++,S++_24,S++_33,9.4
1,20,50,S++,S++_24,S++_50,9.4
1,20,50,S++,S++_25,S++_40,10.3
1,20,50,S++,S++_25,S++_31,10.3
1,20,50,S++,S++_25,S++_33,10.3
1,20,50,S++,S++_25,S++_48,10.3
1,20,50,S++,S++_25,S++_27,10
1,20,50,S++,S++_25,S++_47,10
1,20,50,S++,S++_25,S++_28,10
1,20,50,S++,S++_25,S++_29,9.4
1,20,50,S++,S++_25,S++_34,9.4
1,20,50,S++,S++_25,S++_38,9.4
1,20,50,S++,S++_25,S++_46,9.4
1,20,50,S++,S++_25,S++_41,9.4
1,20,50,S++,S++_25,S++_42,9.4
1,20,50,S++,S++_25,S++_43,9.7
1,20,50,S++,S++_25,S++_49,9.7
1,20,50,S++,S++_25,S++_45,9.4
1,20,50,S++,S++_26,S++_42,10.3
1,20,50,S++,S++_26,S++_37,10.9
1,20,50,S++,S++_26,S++_39,10.9
1,20,50,S++,S++_26,S++_38,10.3
1,20,50,S++,S++_26,S++_47,10.3
1,20,50,S++,S++_26,S++_35,10
1,20,50,S++,S++_26,S++_44,10
1,20,50,S++,S++_26,S++_50,10
1,20,50,S++,S++_26,S++_46,10
1,20,50,S++,S++_26,S++_31,9.7
1,20,50,S++,S++_26,S++_45,9.7
1,20,50,S++,S++_26,S++_48,9.7
1,20,50,S++,S++_27,S++_45,9.7
1,20,50,S++,S++_27,S++_34,9.7
1,20,50,S++,S++_27,S++_48,9.7
1,20,50,S++,S++_28,S++_44,10.3
1,20,50,S++,S++_28,S++_45,10.3
1,20,50,S++,S++_28,S++_43,10
1,20,50,S++,S++_28,S++_48,10
1,20,50,S++,S++_28,S++_35,10
1,20,50,S++,S++_28,S++_36,10
1,20,50,S++,S++_28,S++_41,9.7
1,20,50,S++,S++_28,S++_49,9.7
1,20,50,S++,S++_28,S++_32,9.4
1,20,50,S++,S++_34,S++_42,9.7
1,20,50,S++,S++_34,S++_48,9.7
1,20,50,S++,S++_34,S++_44,10
1,20,50,S++,S++_34,S++_49,10
1,20,50,S++,S++_34,S++_39,9.7
1,20,50,S++,S++_34,S++_36,9.7
1,20,50,S++,S++_34,S++_50,9.7
1,20,50,S++,S++_34,S++_41,9.7
1,20,50,S++,S++_34,S++_38,9.7
1,20,50,S++,S++_35,S++_39,10
1,20,50,S++,S++_35,S++_41,10
1,20,50,S++,S++_35,S++_42,10
1,20,50,S++,S++_35,S++_50,10
1,20,50,S++,S++_35,S++_46,10.3
1,20,50,S++,S++_35,S++_47,10.3
1,20,50,S++,S++_35,S++_45,10
1,20,50,S++,S++_35,S++_36,10
1,20,50,S++,S++_35,S++_40,10.9
1,20,50,S++,S++_35,S++_44,10.3
1,20,50,S++,S++_35,S++_38,10.3
1,20,50,S++,S++_35,S++_43,10
1,20,50,S++,S++_35,S++_48,10
1,20,50,S++,S++_35,S++_49,9.7
1,20,50,S++,S++_36,S++_44,10.3
1,20,50,S++,S++_36,S++_48,10.3
1,20,50,S++,S++_36,S++_41,10.3
1,20,50,S++,S++_36,S++_45,10.3
1,20,50,S++,S++_36,S++_37,10
1,20,50,S++,S++_36,S++_40,10.3
1,20,50,S++,S++_36,S++_47,10.3
1,20,50,S++,S++_36,S++_49,9.7
1,20,50,S++,S++_36,S++_38,10.3
1,20,50,S++,S++_37,S++_40,9.7
1,20,50,S++,S++_37,S++_43,9.7
1,20,50,S++,S++_37,S++_46,9.7
1,20,50,S++,S++_37,S++_49,9.7
1,20,50,S++,S++_37,S++_39,9.7
1,20,50,S++,S++_37,S++_42,9.7
1,20,50,S++,S++_38,S++_47,9.7
1,20,50,S++,S++_38,S++_39,10.3
1,20,50,S++,S++_38,S++_42,10.3
1,20,50,S++,S++_38,S++_50,10.9
1,20,50,S++,S++_38,S++_44,10.6
1,20,50,S++,S++_38,S++_43,10.9
1,20,50,S++,S++_38,S++_49,10.9
1,20,50,S++,S++_38,S++_46,10.9
1,20,50,S++,S++_38,S++_45,10.6
1,20,50,S++,S++_38,S++_48,10.6
1,20,50,S++,S++_38,S++_41,10.3
1,20,50,S++,S++_38,S++_40,10.3
1,20,50,S++,S++_39,S++_43,10.3
1,20,50,S++,S++_39,S++_47,10.3
1,20,50,S++,S++_39,S++_50,10.3
1,20,50,S++,S++_39,S++_44,10.3
1,20,50,S++,S++_39,S++_46,10.9
1,20,50,S++,S++_39,S++_48,10.6
1,20,50,S++,S++_39,S++_42,10.9
1,20,50,S++,S++_39,S++_45,10.9
1,20,50,S++,S++_39,S++_41,10.9
1,20,50,S++,S++_39,S++_49,10.9
1,20,50,S++,S++_39,S++_40,10.3
1,20,50,S++,S++_40,S++_41,10.6
1,20,50,S++,S++_40,S++_42,10.9
1,20,50,S++,S++_40,S++_50,10.9
1,20,50,S++,S++_40,S++_48,10.9
1,20,50,S++,S++_40,S++_46,10.6
1,20,50,S++,S++_40,S++_47,10.6
1,20,50,S++,S++_40,S++_44,10.9
1,20,50,S++,S++_40,S++_45,10.9
1,20,50,S++,S++_40,S++_49,10
1,20,50,S++,S++_40,S++_43,9.7
1,20,50,S++,S++_41,S++_42,10
1,20,50,S++,S++_41,S++_48,9.7
1,20,50,S++,S++_41,S++_44,10
1,20,50,S++,S++_41,S++_43,10
1,20,50,S++,S++_41,S++_45,10
1,20,50,S++,S++_41,S++_46,10
1,20,50,S++,S++_41,S++_50,9.7
1,20,50,S++,S++_42,S++_45,10
1,20,50,S++,S++_42,S++_43,10
1,20,50,S++,S++_42,S++_47,9.7
1,20,50,S++,S++_43,S++_44,9.4
1,20,50,S++,S++_43,S++_45,9.4
1,20,50,S++,S++_43,S++_46,9.4
1,20,50,S++,S++_43,S++_47,9.4
2,1,50,S++,S++_1,S++_4,10
2,1,50,S++,S++_1,S++_25,10
2,1,50,S++,S++_1,S++_48,10
2,1,50,S++,S++_1,S++_12,10
2,1,50,S++,S++_1,S++_20,10
2,1,50,S++,S++_1,S++_22,10
2,1,50,S++,S++_1,S++_39,10
2,1,50,S++,S++_2,S++_3,10
2,1,50,S++,S++_2,S++_13,10
2,1,50,S++,S++_2,S++_39,10
2,1,50,S++,S++_2,S++_6,10
2,1,50,S++,S++_2,S++_29,10
2,1,50,S++,S++_3,S++_6,10
2,1,50,S++,S++_3,S++_23,10
2,1,50,S++,S++_3,S++_46,10
2,1,50,S++,S++_3,S++_8,10
2,1,50,S++,S++_3,S++_35,10
2,1,50,S++,S++_4,S++_22,10
2,1,50,S++,S++_4,S++_35,10
2,1,50,S++,S++_4,S++_41,10
2,1,50,S++,S++_4,S++_15,10
2,1,50,S++,S++_4,S++_24,10
2,1,50,S++,S++_4,S++_42,10
2,1,50,S++,S++_5,S++_6,10
2,1,50,S++,S++_5,S++_8,10
2,1,50,S++,S++_5,S++_25,10
2,1,50,S++,S++_5,S++_30,10
2,1,50,S++,S++_5,S++_39,10
2,1,50,S++,S++_5,S++_43,10
2,1,50,S++,S++_5,S++_45,10
2,1,50,S++,S++_5,S++_48,10
2,1,50,S++,S++_5,S++_16,10
2,1,50,S++,S++_5,S++_41,10
2,1,50,S++,S++_6,S++_8,10
2,1,50,S++,S++_6,S++_27,10
2,1,50,S++,S++_6,S++_28,10
2,1,50,S++,S++_6,S++_47,10
2,1,50,S++,S++_6,S++_20,10
2,1,50,S++,S++_6,S++_25,10
2,1,50,S++,S++_6,S++_40,10
2,1,50,S++,S++_7,S++_9,10
2,1,50,S++,S++_7,S++_23,10
2,1,50,S++,S++_7,S++_46,10
2,1,50,S++,S++_7,S++_11,10
2,1,50,S++,S++_7,S++_13,10
2,1,50,S++,S++_7,S++_22,10
2,1,50,S++,S++_7,S++_27,10
2,1,50,S++,S++_7,S++_42,10
2,1,50,S++,S++_7,S++_48,10
2,1,50,S++,S++_8,S++_27,10
2,1,50,S++,S++_8,S++_12,10
2,1,50,S++,S++_8,S++_15,10
2,1,50,S++,S++_8,S++_19,10
2,1,50,S++,S++_8,S++_28,10
2,1,50,S++,S++_9,S++_21,10
2,1,50,S++,S++_9,S++_27,10
2,1,50,S++,S++_9,S++_36,10
2,1,50,S++,S++_9,S++_38,10
2,1,50,S++,S++_9,S++_28,10
2,1,50,S++,S++_9,S++_46,10
2,1,50,S++,S++_10,S++_25,10
2,1,50,S++,S++_11,S++_12,10
2,1,50,S++,S++_11,S++_44,10
2,1,50,S++,S++_11,S++_21,10
2,1,50,S++,S++_11,S++_23,10
2,1,50,S++,S++_11,S++_38,10
2,1,50,S++,S++_12,S++_15,10
2,1,50,S++,S++_12,S++_19,10
2,1,50,S++,S++_12,S++_35,10
2,1,50,S++,S++_12,S++_22,10
2,1,50,S++,S++_12,S++_40,10
2,1,50,S++,S++_13,S++_15,9.7
2,1,50,S++,S++_13,S++_14,9.7
2,1,50,S++,S++_13,S++_26,10
2,1,50,S++,S++_13,S++_29,10
2,1,50,S++,S++_13,S++_40,10
2,1,50,S++,S++_13,S++_41,10
2,1,50,S++,S++_14,S++_32,10
2,1,50,S++,S++_14,S++_33,10
2,1,50,S++,S++_14,S++_35,10
2,1,50,S++,S++_14,S++_16,10
2,1,50,S++,S++_14,S++_36,10
2,1,50,S++,S++_15,S++_16,10
2,1,50,S++,S++_15,S++_25,10
2,1,50,S++,S++_15,S++_33,10
2,1,50,S++,S++_15,S++_46,10
2,1,50,S++,S++_15,S++_24,10
2,1,50,S++,S++_16,S++_21,10
2,1,50,S++,S++_16,S++_34,10
2,1,50,S++,S++_16,S++_26,10
2,1,50,S++,S++_17,S++_24,10
2,1,50,S++,S++_17,S++_34,10
2,1,50,S++,S++_18,S++_23,10
2,1,50,S++,S++_18,S++_35,10
2,1,50,S++,S++_18,S++_36,10
2,1,50,S++,S++_18,S++_37,10
2,1,50,S++,S++_18,S++_46,10
2,1,50,S++,S++_18,S++_50,10
2,1,50,S++,S++_19,S++_41,10
2,1,50,S++,S++_19,S++_44,10
2,1,50,S++,S++_19,S++_26,10
2,1,50,S++,S++_20,S++_24,10
2,1,50,S++,S++_20,S++_45,10
2,1,50,S++,S++_20,S++_25,10
2,1,50,S++,S++_20,S++_36,10
2,1,50,S++,S++_21,S++_27,10
2,1,50,S++,S++_21,S++_42,10
2,1,50,S++,S++_21,S++_46,10
2,1,50,S++,S++_21,S++_23,10
2,1,50,S++,S++_21,S++_40,10
2,1,50,S++,S++_22,S++_30,10
2,1,50,S++,S++_22,S++_43,10
2,1,50,S++,S++_22,S++_49,10
2,1,50,S++,S++_23,S++_46,10
2,1,50,S++,S++_23,S++_31,10
2,1,50,S++,S++_23,S++_35,10
2,1,50,S++,S++_24,S++_44,10
2,1,50,S++,S++_24,S++_46,10
2,1,50,S++,S++_24,S++_36,10
2,1,50,S++,S++_24,S++_45,10
2,1,50,S++,S++_24,S++_48,10
2,1,50,S++,S++_25,S++_33,10
2,1,50,S++,S++_25,S++_36,10
2,1,50,S++,S++_25,S++_46,10
2,1,50,S++,S++_25,S++_30,10
2,1,50,S++,S++_26,S++_42,10
2,1,50,S++,S++_26,S++_49,10
2,1,50,S++,S++_26,S++_47,10
2,1,50,S++,S++_27,S++_32,10
2,1,50,S++,S++_27,S++_42,10
2,1,50,S++,S++_27,S++_44,10
2,1,50,S++,S++_28,S++_33,10
2,1,50,S++,S++_28,S++_45,10
2,1,50,S++,S++_28,S++_42,10
2,1,50,S++,S++_29,S++_32,10
2,1,50,S++,S++_29,S++_35,10
2,1,50,S++,S++_29,S++_40,10
2,1,50,S++,S++_29,S++_45,10
2,1,50,S++,S++_29,S++_49,10
2,1,50,S++,S++_30,S++_41,10
2,1,50,S++,S++_30,S++_36,10
2,1,50,S++,S++_30,S++_45,10
2,1,50,S++,S++_30,S++_46,10
2,1,50,S++,S++_30,S++_48,10
2,1,50,S++,S++_31,S++_34,10
2,1,50,S++,S++_31,S++_37,10
2,1,50,S++,S++_32,S++_40,10
2,1,50,S++,S++_32,S++_43,10
2,1,50,S++,S++_33,S++_34,10
2,1,50,S++,S++_33,S++_39,10
2,1,50,S++,S++_33,S++_42,10
2,1,50,S++,S++_34,S++_35,10
2,1,50,S++,S++_36,S++_45,10
2,1,50,S++,S++_38,S++_49,10
2,1,50,S++,S++_40,S++_47,10
2,1,50,S++,S++_40,S++_46,10
2,1,50,S++,S++_41,S++_43,10
2,1,50,S++,S++_43,S++_44,10
2,1,50,S++,S++_43,S++_49,10
2,1,50,S++,S++_43,S++_50,10
2,1,50,S++,S++_44,S++_46,10
2,2,50,S++,S++_1,S++_4,9.7
2,2,50,S++,S++_1,S++_25,9.7
2,2,50,S++,S++_1,S++_48,9.7
2,2,50,S++,S++_1,S++_12,9.7
2,2,50,S++,S++_1,S++_20,9.7
2,2,50,S++,S++_1,S++_22,9.7
2,2,50,S++,S++_1,S++_39,9.7
2,2,50,S++,S++_1,S++_17,10
2,2,50,S++,S++_1,S++_43,10
2,2,50,S++,S++_1,S++_5,10
2,2,50,S++,S++_1,S++_27,10
2,2,50,S++,S++_1,S++_36,10
2,2,50,S++,S++_1,S++_40,10
2,2,50,S++,S++_1,S++_44,10
2,2,50,S++,S++_2,S++_3,9.7
2,2,50,S++,S++_2,S++_13,9.7
2,2,50,S++,S++_2,S++_39,9.7
2,2,50,S++,S++_2,S++_6,9.7
2,2,50,S++,S++_2,S++_29,9.7
2,2,50,S++,S++_2,S++_15,10
2,2,50,S++,S++_2,S++_49,10
2,2,50,S++,S++_2,S++_11,10
2,2,50,S++,S++_2,S++_26,10
2,2,50,S++,S++_3,S++_6,9.7
2,2,50,S++,S++_3,S++_23,9.7
2,2,50,S++,S++_3,S++_46,9.7
2,2,50,S++,S++_3,S++_8,9.7
2,2,50,S++,S++_3,S++_35,9.7
2,2,50,S++,S++_3,S++_27,10
2,2,50,S++,S++_3,S++_47,10
2,2,50,S++,S++_3,S++_48,10
2,2,50,S++,S++_4,S++_22,9.7
2,2,50,S++,S++_4,S++_35,9.7
2,2,50,S++,S++_4,S++_41,9.7
2,2,50,S++,S++_4,S++_15,9.7
2,2,50,S++,S++_4,S++_24,9.7
2,2,50,S++,S++_4,S++_42,9.7
2,2,50,S++,S++_4,S++_26,10
2,2,50,S++,S++_4,S++_43,10
2,2,50,S++,S++_4,S++_50,10
2,2,50,S++,S++_5,S++_6,9.7
2,2,50,S++,S++_5,S++_8,9.7
2,2,50,S++,S++_5,S++_25,9.7
2,2,50,S++,S++_5,S++_30,9.7
2,2,50,S++,S++_5,S++_39,9.7
2,2,50,S++,S++_5,S++_43,9.7
2,2,50,S++,S++_5,S++_45,9.7
2,2,50,S++,S++_5,S++_48,9.7
2,2,50,S++,S++_5,S++_16,9.7
2,2,50,S++,S++_5,S++_41,9.7
2,2,50,S++,S++_5,S++_17,10
2,2,50,S++,S++_5,S++_22,10
2,2,50,S++,S++_6,S++_8,9.7
2,2,50,S++,S++_6,S++_27,9.7
2,2,50,S++,S++_6,S++_28,9.7
2,2,50,S++,S++_6,S++_47,9.7
2,2,50,S++,S++_6,S++_20,9.7
2,2,50,S++,S++_6,S++_25,9.7
2,2,50,S++,S++_6,S++_40,9.7
2,2,50,S++,S++_6,S++_26,10
2,2,50,S++,S++_6,S++_14,10
2,2,50,S++,S++_6,S++_38,10
2,2,50,S++,S++_6,S++_44,10
2,2,50,S++,S++_7,S++_9,9.7
2,2,50,S++,S++_7,S++_23,9.7
2,2,50,S++,S++_7,S++_46,9.7
2,2,50,S++,S++_7,S++_11,9.7
2,2,50,S++,S++_7,S++_13,9.7
2,2,50,S++,S++_7,S++_22,9.7
2,2,50,S++,S++_7,S++_27,9.7
2,2,50,S++,S++_7,S++_42,9.7
2,2,50,S++,S++_7,S++_48,9.7
2,2,50,S++,S++_7,S++_12,10
2,2,50,S++,S++_7,S++_14,10
2,2,50,S++,S++_7,S++_15,10
2,2,50,S++,S++_7,S++_39,10
2,2,50,S++,S++_7,S++_16,10
2,2,50,S++,S++_7,S++_33,10
2,2,50,S++,S++_8,S++_27,9.7
2,2,50,S++,S++_8,S++_12,9.7
2,2,50,S++,S++_8,S++_15,9.7
2,2,50,S++,S++_8,S++_19,9.7
2,2,50,S++,S++_8,S++_28,9.7
2,2,50,S++,S++_8,S++_9,10
2,2,50,S++,S++_8,S++_29,10
2,2,50,S++,S++_8,S++_35,10
2,2,50,S++,S++_8,S++_42,10
2,2,50,S++,S++_8,S++_33,10
2,2,50,S++,S++_8,S++_37,10
2,2,50,S++,S++_8,S++_50,10
2,2,50,S++,S++_9,S++_21,9.7
2,2,50,S++,S++_9,S++_27,9.7
2,2,50,S++,S++_9,S++_36,9.7
2,2,50,S++,S++_9,S++_38,9.7
2,2,50,S++,S++_9,S++_28,9.7
2,2,50,S++,S++_9,S++_46,9.7
2,2,50,S++,S++_9,S++_22,10
2,2,50,S++,S++_9,S++_13,10
2,2,50,S++,S++_9,S++_16,10
2,2,50,S++,S++_9,S++_32,10
2,2,50,S++,S++_9,S++_45,10
2,2,50,S++,S++_9,S++_48,10
2,2,50,S++,S++_10,S++_25,9.7
2,2,50,S++,S++_10,S++_41,10
2,2,50,S++,S++_10,S++_48,10
2,2,50,S++,S++_10,S++_20,10
2,2,50,S++,S++_10,S++_27,10
2,2,50,S++,S++_11,S++_12,9.7
2,2,50,S++,S++_11,S++_44,9.7
2,2,50,S++,S++_11,S++_21,9.7
2,2,50,S++,S++_11,S++_23,9.7
2,2,50,S++,S++_11,S++_38,9.7
2,2,50,S++,S++_11,S++_34,10
2,2,50,S++,S++_11,S++_14,10
2,2,50,S++,S++_11,S++_39,10
2,2,50,S++,S++_11,S++_43,10
2,2,50,S++,S++_12,S++_15,9.7
2,2,50,S++,S++_12,S++_19,9.7
2,2,50,S++,S++_12,S++_35,9.7
2,2,50,S++,S++_12,S++_22,9.7
2,2,50,S++,S++_12,S++_40,9.7
2,2,50,S++,S++_12,S++_18,10
2,2,50,S++,S++_12,S++_27,10
2,2,50,S++,S++_13,S++_15,9.4
2,2,50,S++,S++_13,S++_14,10
2,2,50,S++,S++_13,S++_26,10.3
2,2,50,S++,S++_13,S++_29,10.3
2,2,50,S++,S++_13,S++_40,10.3
2,2,50,S++,S++_13,S++_41,10.3
2,2,50,S++,S++_13,S++_28,10
2,2,50,S++,S++_13,S++_43,10
2,2,50,S++,S++_14,S++_32,10.3
2,2,50,S++,S++_14,S++_33,10.3
2,2,50,S++,S++_14,S++_35,10.3
2,2,50,S++,S++_14,S++_16,10.3
2,2,50,S++,S++_14,S++_36,10.3
2,2,50,S++,S++_14,S++_38,10
2,2,50,S++,S++_14,S++_40,10
2,2,50,S++,S++_14,S++_49,10
2,2,50,S++,S++_14,S++_21,10
2,2,50,S++,S++_14,S++_26,10
2,2,50,S++,S++_14,S++_28,10
2,2,50,S++,S++_14,S++_29,10
2,2,50,S++,S++_14,S++_30,10
2,2,50,S++,S++_14,S++_45,10
2,2,50,S++,S++_15,S++_16,10.3
2,2,50,S++,S++_15,S++_25,10.3
2,2,50,S++,S++_15,S++_33,10.3
2,2,50,S++,S++_15,S++_46,10.3
2,2,50,S++,S++_15,S++_24,10.3
2,2,50,S++,S++_15,S++_30,10
2,2,50,S++,S++_15,S++_43,10
2,2,50,S++,S++_16,S++_21,10.3
2,2,50,S++,S++_16,S++_34,10.3
2,2,50,S++,S++_16,S++_26,10.3
2,2,50,S++,S++_16,S++_28,10
2,2,50,S++,S++_16,S++_39,10
2,2,50,S++,S++_16,S++_38,10
2,2,50,S++,S++_17,S++_24,10.3
2,2,50,S++,S++_17,S++_34,10.3
2,2,50,S++,S++_17,S++_45,10
2,2,50,S++,S++_17,S++_50,10
2,2,50,S++,S++_17,S++_18,10
2,2,50,S++,S++_17,S++_28,10
2,2,50,S++,S++_17,S++_48,10
2,2,50,S++,S++_18,S++_23,10.3
2,2,50,S++,S++_18,S++_35,10.3
2,2,50,S++,S++_18,S++_36,10.3
2,2,50,S++,S++_18,S++_37,10.3
2,2,50,S++,S++_18,S++_46,10.3
2,2,50,S++,S++_18,S++_50,10.3
2,2,50,S++,S++_18,S++_39,10
2,2,50,S++,S++_18,S++_24,10
2,2,50,S++,S++_18,S++_34,10
2,2,50,S++,S++_18,S++_40,10
2,2,50,S++,S++_19,S++_41,10.3
2,2,50,S++,S++_19,S++_44,10.3
2,2,50,S++,S++_19,S++_26,10.3
2,2,50,S++,S++_19,S++_35,10
2,2,50,S++,S++_19,S++_36,10
2,2,50,S++,S++_19,S++_37,10
2,2,50,S++,S++_19,S++_42,10
2,2,50,S++,S++_20,S++_24,10.3
2,2,50,S++,S++_20,S++_45,10.3
2,2,50,S++,S++_20,S++_25,10.3
2,2,50,S++,S++_20,S++_36,10.3
2,2,50,S++,S++_21,S++_27,10.3
2,2,50,S++,S++_21,S++_42,10.3
2,2,50,S++,S++_21,S++_46,10.3
2,2,50,S++,S++_21,S++_23,10.3
2,2,50,S++,S++_21,S++_40,10.3
2,2,50,S++,S++_21,S++_41,10
2,2,50,S++,S++_21,S++_38,10
2,2,50,S++,S++_21,S++_44,10
2,2,50,S++,S++_22,S++_30,10.3
2,2,50,S++,S++_22,S++_43,10.3
2,2,50,S++,S++_22,S++_49,10.3
2,2,50,S++,S++_22,S++_37,10
2,2,50,S++,S++_22,S++_34,10
2,2,50,S++,S++_22,S++_48,10
2,2,50,S++,S++_23,S++_46,10.3
2,2,50,S++,S++_23,S++_31,10.3
2,2,50,S++,S++_23,S++_35,10.3
2,2,50,S++,S++_23,S++_48,10
2,2,50,S++,S++_24,S++_44,10.3
2,2,50,S++,S++_24,S++_46,10.3
2,2,50,S++,S++_24,S++_36,10.3
2,2,50,S++,S++_24,S++_45,10.3
2,2,50,S++,S++_24,S++_48,10.3
2,2,50,S++,S++_24,S++_26,10
2,2,50,S++,S++_24,S++_28,10
2,2,50,S++,S++_24,S++_32,10
2,2,50,S++,S++_25,S++_33,10.3
2,2,50,S++,S++_25,S++_36,10.3
2,2,50,S++,S++_25,S++_46,10.3
2,2,50,S++,S++_25,S++_30,10.3
2,2,50,S++,S++_25,S++_34,10
2,2,50,S++,S++_25,S++_39,10
2,2,50,S++,S++_25,S++_41,10
2,2,50,S++,S++_25,S++_43,10
2,2,50,S++,S++_26,S++_42,10.3
2,2,50,S++,S++_26,S++_49,10.3
2,2,50,S++,S++_26,S++_47,10.3
2,2,50,S++,S++_26,S++_39,10
2,2,50,S++,S++_26,S++_33,10
2,2,50,S++,S++_27,S++_32,10.3
2,2,50,S++,S++_27,S++_42,10.3
2,2,50,S++,S++_27,S++_44,10.3
2,2,50,S++,S++_27,S++_35,10
2,2,50,S++,S++_27,S++_37,10
2,2,50,S++,S++_28,S++_33,10.3
2,2,50,S++,S++_28,S++_45,10.3
2,2,50,S++,S++_28,S++_42,10.3
2,2,50,S++,S++_28,S++_39,10
2,2,50,S++,S++_28,S++_44,10
2,2,50,S++,S++_29,S++_32,10.3
2,2,50,S++,S++_29,S++_35,10.3
2,2,50,S++,S++_29,S++_40,10.3
2,2,50,S++,S++_29,S++_45,10.3
2,2,50,S++,S++_29,S++_49,10.3
2,2,50,S++,S++_29,S++_48,10
2,2,50,S++,S++_29,S++_39,10
2,2,50,S++,S++_29,S++_43,10
2,2,50,S++,S++_30,S++_41,10.3
2,2,50,S++,S++_30,S++_36,10.3
2,2,50,S++,S++_30,S++_45,10.3
2,2,50,S++,S++_30,S++_46,10.3
2,2,50,S++,S++_30,S++_48,10.3
2,2,50,S++,S++_30,S++_38,10
2,2,50,S++,S++_31,S++_34,10.3
2,2,50,S++,S++_31,S++_37,10.3
2,2,50,S++,S++_31,S++_32,10
2,2,50,S++,S++_31,S++_50,10
2,2,50,S++,S++_31,S++_42,10
2,2,50,S++,S++_32,S++_40,10.3
2,2,50,S++,S++_32,S++_43,10.3
2,2,50,S++,S++_32,S++_49,10
2,2,50,S++,S++_33,S++_34,10.3
2,2,50,S++,S++_33,S++_39,10.3
2,2,50,S++,S++_33,S++_42,10.3
2,2,50,S++,S++_33,S++_35,10
2,2,50,S++,S++_33,S++_41,10
2,2,50,S++,S++_34,S++_35,10.3
2,2,50,S++,S++_34,S++_50,10
2,2,50,S++,S++_35,S++_43,10
2,2,50,S++,S++_36,S++_45,9.7
2,2,50,S++,S++_36,S++_41,10
2,2,50,S++,S++_37,S++_50,10
2,2,50,S++,S++_38,S++_49,9.7
2,2,50,S++,S++_39,S++_43,10
2,2,50,S++,S++_39,S++_44,10
2,2,50,S++,S++_40,S++_47,9.7
2,2,50,S++,S++_40,S++_46,9.7
2,2,50,S++,S++_40,S++_49,10
2,2,50,S++,S++_41,S++_43,9.7
2,2,50,S++,S++_41,S++_50,10
2,2,50,S++,S++_42,S++_46,10
2,2,50,S++,S++_43,S++_44,9.7
2,2,50,S++,S++_43,S++_49,9.7
2,2,50,S++,S++_43,S++_50,9.7
2,2,50,S++,S++_44,S++_46,9.7
2,3,50,S++,S++_1,S++_4,9.4
2,3,50,S++,S++_1,S++_25,9.4
2,3,50,S++,S++_1,S++_48,9.4
2,3,50,S++,S++_1,S++_12,9.4
2,3,50,S++,S++_1,S++_20,9.4
2,3,50,S++,S++_1,S++_22,9.4
2,3,50,S++,S++_1,S++_39,9.4
2,3,50,S++,S++_1,S++_17,9.7
2,3,50,S++,S++_1,S++_43,9.7
2,3,50,S++,S++_1,S++_5,9.7
2,3,50,S++,S++_1,S++_27,9.7
2,3,50,S++,S++_1,S++_36,9.7
2,3,50,S++,S++_1,S++_40,9.7
2,3,50,S++,S++_1,S++_44,9.7
2,3,50,S++,S++_1,S++_7,10
2,3,50,S++,S++_1,S++_10,10
2,3,50,S++,S++_1,S++_24,10
2,3,50,S++,S++_1,S++_15,10
2,3,50,S++,S++_1,S++_41,10
2,3,50,S++,S++_1,S++_45,10
2,3,50,S++,S++_2,S++_3,9.4
2,3,50,S++,S++_2,S++_13,9.4
2,3,50,S++,S++_2,S++_39,9.4
2,3,50,S++,S++_2,S++_6,9.4
2,3,50,S++,S++_2,S++_29,9.4
2,3,50,S++,S++_2,S++_15,9.7
2,3,50,S++,S++_2,S++_49,9.7
2,3,50,S++,S++_2,S++_11,9.7
2,3,50,S++,S++_2,S++_26,9.7
2,3,50,S++,S++_2,S++_40,10
2,3,50,S++,S++_2,S++_47,10
2,3,50,S++,S++_2,S++_34,10
2,3,50,S++,S++_3,S++_6,9.4
2,3,50,S++,S++_3,S++_23,9.4
2,3,50,S++,S++_3,S++_46,9.4
2,3,50,S++,S++_3,S++_8,9.4
2,3,50,S++,S++_3,S++_35,9.4
2,3,50,S++,S++_3,S++_27,9.7
2,3,50,S++,S++_3,S++_47,9.7
2,3,50,S++,S++_3,S++_48,9.7
2,3,50,S++,S++_3,S++_18,10
2,3,50,S++,S++_3,S++_29,10
2,3,50,S++,S++_3,S++_39,10
2,3,50,S++,S++_4,S++_22,9.4
2,3,50,S++,S++_4,S++_35,9.4
2,3,50,S++,S++_4,S++_41,9.4
2,3,50,S++,S++_4,S++_15,9.4
2,3,50,S++,S++_4,S++_24,9.4
2,3,50,S++,S++_4,S++_42,9.4
2,3,50,S++,S++_4,S++_26,9.7
2,3,50,S++,S++_4,S++_43,9.7
2,3,50,S++,S++_4,S++_50,9.7
2,3,50,S++,S++_4,S++_19,10
2,3,50,S++,S++_4,S++_34,10
2,3,50,S++,S++_4,S++_29,10
2,3,50,S++,S++_5,S++_6,9.4
2,3,50,S++,S++_5,S++_8,9.4
2,3,50,S++,S++_5,S++_25,9.4
2,3,50,S++,S++_5,S++_30,9.4
2,3,50,S++,S++_5,S++_39,9.4
2,3,50,S++,S++_5,S++_43,9.4
2,3,50,S++,S++_5,S++_45,9.4
2,3,50,S++,S++_5,S++_48,9.4
2,3,50,S++,S++_5,S++_16,9.4
2,3,50,S++,S++_5,S++_41,9.4
2,3,50,S++,S++_5,S++_17,9.7
2,3,50,S++,S++_5,S++_22,9.7
2,3,50,S++,S++_5,S++_10,10
2,3,50,S++,S++_6,S++_8,9.4
2,3,50,S++,S++_6,S++_27,9.4
2,3,50,S++,S++_6,S++_28,9.4
2,3,50,S++,S++_6,S++_47,9.4
2,3,50,S++,S++_6,S++_20,9.4
2,3,50,S++,S++_6,S++_25,9.4
2,3,50,S++,S++_6,S++_40,9.4
2,3,50,S++,S++_6,S++_26,9.7
2,3,50,S++,S++_6,S++_14,9.7
2,3,50,S++,S++_6,S++_38,9.7
2,3,50,S++,S++_6,S++_44,9.7
2,3,50,S++,S++_6,S++_9,10
2,3,50,S++,S++_6,S++_22,10
2,3,50,S++,S++_6,S++_29,10
2,3,50,S++,S++_6,S++_31,10
2,3,50,S++,S++_7,S++_9,9.4
2,3,50,S++,S++_7,S++_23,9.4
2,3,50,S++,S++_7,S++_46,9.4
2,3,50,S++,S++_7,S++_11,9.4
2,3,50,S++,S++_7,S++_13,9.4
2,3,50,S++,S++_7,S++_22,9.4
2,3,50,S++,S++_7,S++_27,9.4
2,3,50,S++,S++_7,S++_42,9.4
2,3,50,S++,S++_7,S++_48,9.4
2,3,50,S++,S++_7,S++_12,9.7
2,3,50,S++,S++_7,S++_14,9.7
2,3,50,S++,S++_7,S++_15,9.7
2,3,50,S++,S++_7,S++_39,9.7
2,3,50,S++,S++_7,S++_16,9.7
2,3,50,S++,S++_7,S++_33,9.7
2,3,50,S++,S++_7,S++_17,10
2,3,50,S++,S++_8,S++_27,9.4
2,3,50,S++,S++_8,S++_12,9.4
2,3,50,S++,S++_8,S++_15,9.4
2,3,50,S++,S++_8,S++_19,9.4
2,3,50,S++,S++_8,S++_28,9.4
2,3,50,S++,S++_8,S++_9,9.7
2,3,50,S++,S++_8,S++_29,9.7
2,3,50,S++,S++_8,S++_35,9.7
2,3,50,S++,S++_8,S++_42,9.7
2,3,50,S++,S++_8,S++_33,9.7
2,3,50,S++,S++_8,S++_37,9.7
2,3,50,S++,S++_8,S++_50,9.7
2,3,50,S++,S++_8,S++_31,10
2,3,50,S++,S++_8,S++_32,10
2,3,50,S++,S++_9,S++_21,9.4
2,3,50,S++,S++_9,S++_27,9.4
2,3,50,S++,S++_9,S++_36,9.4
2,3,50,S++,S++_9,S++_38,9.4
2,3,50,S++,S++_9,S++_28,9.4
2,3,50,S++,S++_9,S++_46,9.4
2,3,50,S++,S++_9,S++_22,9.7
2,3,50,S++,S++_9,S++_13,9.7
2,3,50,S++,S++_9,S++_16,9.7
2,3,50,S++,S++_9,S++_32,9.7
2,3,50,S++,S++_9,S++_45,9.7
2,3,50,S++,S++_9,S++_48,9.7
2,3,50,S++,S++_9,S++_25,10
2,3,50,S++,S++_10,S++_25,9.4
2,3,50,S++,S++_10,S++_41,9.7
2,3,50,S++,S++_10,S++_48,9.7
2,3,50,S++,S++_10,S++_20,9.7
2,3,50,S++,S++_10,S++_27,9.7
2,3,50,S++,S++_10,S++_21,10
2,3,50,S++,S++_10,S++_13,10
2,3,50,S++,S++_11,S++_12,9.4
2,3,50,S++,S++_11,S++_44,9.4
2,3,50,S++,S++_11,S++_21,9.4
2,3,50,S++,S++_11,S++_23,9.4
2,3,50,S++,S++_11,S++_38,9.4
2,3,50,S++,S++_11,S++_34,9.7
2,3,50,S++,S++_11,S++_14,9.7
2,3,50,S++,S++_11,S++_39,9.7
2,3,50,S++,S++_11,S++_43,9.7
2,3,50,S++,S++_11,S++_13,10
2,3,50,S++,S++_11,S++_16,10
2,3,50,S++,S++_11,S++_49,10
2,3,50,S++,S++_12,S++_15,9.4
2,3,50,S++,S++_12,S++_19,9.4
2,3,50,S++,S++_12,S++_35,9.4
2,3,50,S++,S++_12,S++_22,9.4
2,3,50,S++,S++_12,S++_40,9.4
2,3,50,S++,S++_12,S++_18,9.7
2,3,50,S++,S++_12,S++_27,9.7
2,3,50,S++,S++_12,S++_26,10
2,3,50,S++,S++_12,S++_28,10
2,3,50,S++,S++_12,S++_44,10
2,3,50,S++,S++_13,S++_14,9.7
2,3,50,S++,S++_13,S++_26,10
2,3,50,S++,S++_13,S++_29,10
2,3,50,S++,S++_13,S++_40,10
2,3,50,S++,S++_13,S++_41,10
2,3,50,S++,S++_13,S++_28,9.7
2,3,50,S++,S++_13,S++_43,9.7
2,3,50,S++,S++_13,S++_17,10
2,3,50,S++,S++_13,S++_23,10
2,3,50,S++,S++_13,S++_25,10
2,3,50,S++,S++_13,S++_44,10
2,3,50,S++,S++_13,S++_48,10
2,3,50,S++,S++_14,S++_32,10
2,3,50,S++,S++_14,S++_33,10
2,3,50,S++,S++_14,S++_35,10
2,3,50,S++,S++_14,S++_16,10
2,3,50,S++,S++_14,S++_36,10
2,3,50,S++,S++_14,S++_38,9.7
2,3,50,S++,S++_14,S++_40,9.7
2,3,50,S++,S++_14,S++_49,9.7
2,3,50,S++,S++_14,S++_21,9.7
2,3,50,S++,S++_14,S++_26,9.7
2,3,50,S++,S++_14,S++_28,9.7
2,3,50,S++,S++_14,S++_29,9.7
2,3,50,S++,S++_14,S++_30,9.7
2,3,50,S++,S++_14,S++_45,9.7
2,3,50,S++,S++_14,S++_43,10
2,3,50,S++,S++_15,S++_16,10
2,3,50,S++,S++_15,S++_25,10
2,3,50,S++,S++_15,S++_33,10
2,3,50,S++,S++_15,S++_46,10
2,3,50,S++,S++_15,S++_24,10
2,3,50,S++,S++_15,S++_30,9.7
2,3,50,S++,S++_15,S++_43,9.7
2,3,50,S++,S++_15,S++_21,10
2,3,50,S++,S++_15,S++_22,10
2,3,50,S++,S++_15,S++_41,10
2,3,50,S++,S++_16,S++_21,10
2,3,50,S++,S++_16,S++_34,10
2,3,50,S++,S++_16,S++_26,10
2,3,50,S++,S++_16,S++_28,9.7
2,3,50,S++,S++_16,S++_39,9.7
2,3,50,S++,S++_16,S++_38,9.7
2,3,50,S++,S++_16,S++_32,10
2,3,50,S++,S++_16,S++_29,10
2,3,50,S++,S++_16,S++_49,10
2,3,50,S++,S++_17,S++_24,10
2,3,50,S++,S++_17,S++_34,10
2,3,50,S++,S++_17,S++_45,9.7
2,3,50,S++,S++_17,S++_50,9.7
2,3,50,S++,S++_17,S++_18,9.7
2,3,50,S++,S++_17,S++_28,9.7
2,3,50,S++,S++_17,S++_48,9.7
2,3,50,S++,S++_17,S++_30,10
2,3,50,S++,S++_17,S++_36,10
2,3,50,S++,S++_17,S++_43,10
2,3,50,S++,S++_17,S++_37,10
2,3,50,S++,S++_17,S++_49,10
2,3,50,S++,S++_18,S++_23,10
2,3,50,S++,S++_18,S++_35,10
2,3,50,S++,S++_18,S++_36,10
2,3,50,S++,S++_18,S++_37,10
2,3,50,S++,S++_18,S++_46,10
2,3,50,S++,S++_18,S++_50,10
2,3,50,S++,S++_18,S++_39,9.7
2,3,50,S++,S++_18,S++_24,9.7
2,3,50,S++,S++_18,S++_34,9.7
2,3,50,S++,S++_18,S++_40,9.7
2,3,50,S++,S++_18,S++_30,10
2,3,50,S++,S++_19,S++_41,10
2,3,50,S++,S++_19,S++_44,10
2,3,50,S++,S++_19,S++_26,10
2,3,50,S++,S++_19,S++_35,9.7
2,3,50,S++,S++_19,S++_36,9.7
2,3,50,S++,S++_19,S++_37,9.7
2,3,50,S++,S++_19,S++_42,9.7
2,3,50,S++,S++_19,S++_20,10
2,3,50,S++,S++_19,S++_29,10
2,3,50,S++,S++_19,S++_30,10
2,3,50,S++,S++_20,S++_24,10
2,3,50,S++,S++_20,S++_45,10
2,3,50,S++,S++_20,S++_25,10
2,3,50,S++,S++_20,S++_36,10
2,3,50,S++,S++_20,S++_46,10
2,3,50,S++,S++_20,S++_27,10
2,3,50,S++,S++_21,S++_27,10
2,3,50,S++,S++_21,S++_42,10
2,3,50,S++,S++_21,S++_46,10
2,3,50,S++,S++_21,S++_23,10
2,3,50,S++,S++_21,S++_40,10
2,3,50,S++,S++_21,S++_41,9.7
2,3,50,S++,S++_21,S++_38,9.7
2,3,50,S++,S++_21,S++_44,9.7
2,3,50,S++,S++_21,S++_28,10
2,3,50,S++,S++_21,S++_32,10
2,3,50,S++,S++_21,S++_36,10
2,3,50,S++,S++_21,S++_39,10
2,3,50,S++,S++_21,S++_49,10
2,3,50,S++,S++_22,S++_30,10
2,3,50,S++,S++_22,S++_43,10
2,3,50,S++,S++_22,S++_49,10
2,3,50,S++,S++_22,S++_37,9.7
2,3,50,S++,S++_22,S++_34,9.7
2,3,50,S++,S++_22,S++_48,9.7
2,3,50,S++,S++_22,S++_36,10
2,3,50,S++,S++_22,S++_44,10
2,3,50,S++,S++_22,S++_45,10
2,3,50,S++,S++_22,S++_33,10
2,3,50,S++,S++_23,S++_46,10
2,3,50,S++,S++_23,S++_31,10
2,3,50,S++,S++_23,S++_35,10
2,3,50,S++,S++_23,S++_48,9.7
2,3,50,S++,S++_23,S++_27,10
2,3,50,S++,S++_23,S++_33,10
2,3,50,S++,S++_23,S++_49,10
2,3,50,S++,S++_24,S++_44,10
2,3,50,S++,S++_24,S++_46,10
2,3,50,S++,S++_24,S++_36,10
2,3,50,S++,S++_24,S++_45,10
2,3,50,S++,S++_24,S++_48,10
2,3,50,S++,S++_24,S++_26,9.7
2,3,50,S++,S++_24,S++_28,9.7
2,3,50,S++,S++_24,S++_32,9.7
2,3,50,S++,S++_24,S++_25,10
2,3,50,S++,S++_24,S++_49,10
2,3,50,S++,S++_25,S++_33,10
2,3,50,S++,S++_25,S++_36,10
2,3,50,S++,S++_25,S++_46,10
2,3,50,S++,S++_25,S++_30,10
2,3,50,S++,S++_25,S++_34,9.7
2,3,50,S++,S++_25,S++_39,9.7
2,3,50,S++,S++_25,S++_41,9.7
2,3,50,S++,S++_25,S++_43,9.7
2,3,50,S++,S++_25,S++_44,10
2,3,50,S++,S++_26,S++_42,10
2,3,50,S++,S++_26,S++_49,10
2,3,50,S++,S++_26,S++_47,10
2,3,50,S++,S++_26,S++_39,9.7
2,3,50,S++,S++_26,S++_33,9.7
2,3,50,S++,S++_26,S++_35,10
2,3,50,S++,S++_26,S++_27,10
2,3,50,S++,S++_26,S++_30,10
2,3,50,S++,S++_27,S++_32,10
2,3,50,S++,S++_27,S++_42,10
2,3,50,S++,S++_27,S++_44,10
2,3,50,S++,S++_27,S++_35,9.7
2,3,50,S++,S++_27,S++_37,9.7
2,3,50,S++,S++_27,S++_29,10
2,3,50,S++,S++_27,S++_31,10
2,3,50,S++,S++_27,S++_34,10
2,3,50,S++,S++_28,S++_33,10
2,3,50,S++,S++_28,S++_45,10
2,3,50,S++,S++_28,S++_42,10
2,3,50,S++,S++_28,S++_39,9.7
2,3,50,S++,S++_28,S++_44,9.7
2,3,50,S++,S++_28,S++_29,10
2,3,50,S++,S++_28,S++_49,10
2,3,50,S++,S++_29,S++_32,10
2,3,50,S++,S++_29,S++_35,10
2,3,50,S++,S++_29,S++_40,10
2,3,50,S++,S++_29,S++_45,10
2,3,50,S++,S++_29,S++_49,10
2,3,50,S++,S++_29,S++_48,9.7
2,3,50,S++,S++_29,S++_39,9.7
2,3,50,S++,S++_29,S++_43,9.7
2,3,50,S++,S++_30,S++_41,10
2,3,50,S++,S++_30,S++_36,10
2,3,50,S++,S++_30,S++_45,10
2,3,50,S++,S++_30,S++_46,10
2,3,50,S++,S++_30,S++_48,10
2,3,50,S++,S++_30,S++_38,9.7
2,3,50,S++,S++_31,S++_34,10
2,3,50,S++,S++_31,S++_37,10
2,3,50,S++,S++_31,S++_32,9.7
2,3,50,S++,S++_31,S++_50,9.7
2,3,50,S++,S++_31,S++_42,9.7
2,3,50,S++,S++_32,S++_40,10
2,3,50,S++,S++_32,S++_43,10
2,3,50,S++,S++_32,S++_49,9.7
2,3,50,S++,S++_32,S++_38,10
2,3,50,S++,S++_33,S++_34,10
2,3,50,S++,S++_33,S++_39,10
2,3,50,S++,S++_33,S++_42,10
2,3,50,S++,S++_33,S++_35,9.7
2,3,50,S++,S++_33,S++_41,9.7
2,3,50,S++,S++_33,S++_36,10
2,3,50,S++,S++_33,S++_47,10
2,3,50,S++,S++_33,S++_50,10
2,3,50,S++,S++_33,S++_43,10
2,3,50,S++,S++_34,S++_35,10
2,3,50,S++,S++_34,S++_50,9.7
2,3,50,S++,S++_34,S++_46,10
2,3,50,S++,S++_34,S++_49,10
2,3,50,S++,S++_35,S++_43,9.7
2,3,50,S++,S++_35,S++_47,10
2,3,50,S++,S++_36,S++_45,9.4
2,3,50,S++,S++_36,S++_41,9.7
2,3,50,S++,S++_36,S++_38,10
2,3,50,S++,S++_36,S++_50,10
2,3,50,S++,S++_37,S++_50,9.7
2,3,50,S++,S++_37,S++_46,10
2,3,50,S++,S++_38,S++_49,9.4
2,3,50,S++,S++_38,S++_45,10
2,3,50,S++,S++_38,S++_40,10
2,3,50,S++,S++_38,S++_42,10
2,3,50,S++,S++_39,S++_43,9.7
2,3,50,S++,S++_39,S++_44,9.7
2,3,50,S++,S++_39,S++_41,10
2,3,50,S++,S++_40,S++_47,9.4
2,3,50,S++,S++_40,S++_46,9.4
2,3,50,S++,S++_40,S++_49,9.7
2,3,50,S++,S++_40,S++_41,10
2,3,50,S++,S++_41,S++_43,9.4
2,3,50,S++,S++_41,S++_50,9.7
2,3,50,S++,S++_41,S++_44,10
2,3,50,S++,S++_42,S++_46,9.7
2,3,50,S++,S++_42,S++_50,10
2,3,50,S++,S++_43,S++_44,9.4
2,3,50,S++,S++_43,S++_49,9.4
2,3,50,S++,S++_43,S++_50,9.4
2,3,50,S++,S++_44,S++_46,9.4
2,3,50,S++,S++_44,S++_45,10
2,3,50,S++,S++_46,S++_50,10
2,3,50,S++,S++_47,S++_49,10
2,4,50,S++,S++_1,S++_17,9.4
2,4,50,S++,S++_1,S++_43,9.4
2,4,50,S++,S++_1,S++_5,9.4
2,4,50,S++,S++_1,S++_27,9.4
2,4,50,S++,S++_1,S++_36,9.4
2,4,50,S++,S++_1,S++_40,9.4
2,4,50,S++,S++_1,S++_44,9.4
2,4,50,S++,S++_1,S++_7,9.7
2,4,50,S++,S++_1,S++_10,9.7
2,4,50,S++,S++_1,S++_24,9.7
2,4,50,S++,S++_1,S++_15,9.7
2,4,50,S++,S++_1,S++_41,9.7
2,4,50,S++,S++_1,S++_45,9.7
2,4,50,S++,S++_1,S++_28,10
2,4,50,S++,S++_1,S++_37,10
2,4,50,S++,S++_1,S++_20,10
2,4,50,S++,S++_2,S++_15,9.4
2,4,50,S++,S++_2,S++_49,9.4
2,4,50,S++,S++_2,S++_11,9.4
2,4,50,S++,S++_2,S++_26,9.4
2,4,50,S++,S++_2,S++_40,9.7
2,4,50,S++,S++_2,S++_47,9.7
2,4,50,S++,S++_2,S++_34,9.7
2,4,50,S++,S++_2,S++_4,10
2,4,50,S++,S++_2,S++_8,10
2,4,50,S++,S++_2,S++_17,10
2,4,50,S++,S++_2,S++_28,10
2,4,50,S++,S++_3,S++_27,9.4
2,4,50,S++,S++_3,S++_47,9.4
2,4,50,S++,S++_3,S++_48,9.4
2,4,50,S++,S++_3,S++_18,9.7
2,4,50,S++,S++_3,S++_29,9.7
2,4,50,S++,S++_3,S++_39,9.7
2,4,50,S++,S++_3,S++_8,10
2,4,50,S++,S++_3,S++_45,10
2,4,50,S++,S++_4,S++_35,9.7
2,4,50,S++,S++_4,S++_41,9.7
2,4,50,S++,S++_4,S++_15,9.7
2,4,50,S++,S++_4,S++_24,9.7
2,4,50,S++,S++_4,S++_42,9.7
2,4,50,S++,S++_4,S++_26,10
2,4,50,S++,S++_4,S++_43,10
2,4,50,S++,S++_4,S++_50,10
2,4,50,S++,S++_4,S++_19,10.3
2,4,50,S++,S++_4,S++_34,10.3
2,4,50,S++,S++_4,S++_29,10.3
2,4,50,S++,S++_4,S++_10,10
2,4,50,S++,S++_4,S++_33,10
2,4,50,S++,S++_4,S++_44,10
2,4,50,S++,S++_5,S++_6,9.7
2,4,50,S++,S++_5,S++_8,9.7
2,4,50,S++,S++_5,S++_25,9.7
2,4,50,S++,S++_5,S++_30,9.7
2,4,50,S++,S++_5,S++_39,9.7
2,4,50,S++,S++_5,S++_43,9.7
2,4,50,S++,S++_5,S++_45,9.7
2,4,50,S++,S++_5,S++_48,9.7
2,4,50,S++,S++_5,S++_16,9.7
2,4,50,S++,S++_5,S++_41,9.7
2,4,50,S++,S++_5,S++_17,10
2,4,50,S++,S++_5,S++_22,10
2,4,50,S++,S++_5,S++_10,10.3
2,4,50,S++,S++_5,S++_28,10
2,4,50,S++,S++_5,S++_34,10
2,4,50,S++,S++_6,S++_8,9.7
2,4,50,S++,S++_6,S++_27,9.7
2,4,50,S++,S++_6,S++_28,9.7
2,4,50,S++,S++_6,S++_47,9.7
2,4,50,S++,S++_6,S++_20,9.7
2,4,50,S++,S++_6,S++_25,9.7
2,4,50,S++,S++_6,S++_40,9.7
2,4,50,S++,S++_6,S++_26,10
2,4,50,S++,S++_6,S++_14,10
2,4,50,S++,S++_6,S++_38,10
2,4,50,S++,S++_6,S++_44,10
2,4,50,S++,S++_6,S++_9,10.3
2,4,50,S++,S++_6,S++_22,10.3
2,4,50,S++,S++_6,S++_29,10.3
2,4,50,S++,S++_6,S++_31,10.3
2,4,50,S++,S++_6,S++_16,10
2,4,50,S++,S++_6,S++_18,10
2,4,50,S++,S++_7,S++_9,9.7
2,4,50,S++,S++_7,S++_23,9.7
2,4,50,S++,S++_7,S++_46,9.7
2,4,50,S++,S++_7,S++_11,9.7
2,4,50,S++,S++_7,S++_13,9.7
2,4,50,S++,S++_7,S++_22,9.7
2,4,50,S++,S++_7,S++_27,9.7
2,4,50,S++,S++_7,S++_42,9.7
2,4,50,S++,S++_7,S++_48,9.7
2,4,50,S++,S++_7,S++_12,10
2,4,50,S++,S++_7,S++_14,10
2,4,50,S++,S++_7,S++_15,10
2,4,50,S++,S++_7,S++_39,10
2,4,50,S++,S++_7,S++_16,10
2,4,50,S++,S++_7,S++_33,10
2,4,50,S++,S++_7,S++_17,10.3
2,4,50,S++,S++_7,S++_21,10
2,4,50,S++,S++_7,S++_35,10
2,4,50,S++,S++_7,S++_40,10
2,4,50,S++,S++_7,S++_44,10
2,4,50,S++,S++_8,S++_27,9.7
2,4,50,S++,S++_8,S++_12,9.7
2,4,50,S++,S++_8,S++_15,9.7
2,4,50,S++,S++_8,S++_19,9.7
2,4,50,S++,S++_8,S++_28,9.7
2,4,50,S++,S++_8,S++_9,10
2,4,50,S++,S++_8,S++_29,10
2,4,50,S++,S++_8,S++_35,10
2,4,50,S++,S++_8,S++_42,10
2,4,50,S++,S++_8,S++_33,10
2,4,50,S++,S++_8,S++_37,10
2,4,50,S++,S++_8,S++_50,10
2,4,50,S++,S++_8,S++_31,10.3
2,4,50,S++,S++_8,S++_32,10.3
2,4,50,S++,S++_8,S++_34,10
2,4,50,S++,S++_9,S++_21,9.7
2,4,50,S++,S++_9,S++_27,9.7
2,4,50,S++,S++_9,S++_36,9.7
2,4,50,S++,S++_9,S++_38,9.7
2,4,50,S++,S++_9,S++_28,9.7
2,4,50,S++,S++_9,S++_46,9.7
2,4,50,S++,S++_9,S++_22,10
2,4,50,S++,S++_9,S++_13,10
2,4,50,S++,S++_9,S++_16,10
2,4,50,S++,S++_9,S++_32,10
2,4,50,S++,S++_9,S++_45,10
2,4,50,S++,S++_9,S++_48,10
2,4,50,S++,S++_9,S++_25,10.3
2,4,50,S++,S++_9,S++_37,10
2,4,50,S++,S++_9,S++_33,10
2,4,50,S++,S++_10,S++_25,9.7
2,4,50,S++,S++_10,S++_41,10
2,4,50,S++,S++_10,S++_48,10
2,4,50,S++,S++_10,S++_20,10
2,4,50,S++,S++_10,S++_27,10
2,4,50,S++,S++_10,S++_21,10.3
2,4,50,S++,S++_10,S++_13,10.3
2,4,50,S++,S++_10,S++_15,10
2,4,50,S++,S++_10,S++_28,10
2,4,50,S++,S++_10,S++_30,10
2,4,50,S++,S++_10,S++_35,10
2,4,50,S++,S++_10,S++_36,10
2,4,50,S++,S++_10,S++_37,10
2,4,50,S++,S++_10,S++_45,10
2,4,50,S++,S++_10,S++_46,10
2,4,50,S++,S++_10,S++_40,10
2,4,50,S++,S++_11,S++_12,9.7
2,4,50,S++,S++_11,S++_44,9.7
2,4,50,S++,S++_11,S++_21,9.7
2,4,50,S++,S++_11,S++_23,9.7
2,4,50,S++,S++_11,S++_38,9.7
2,4,50,S++,S++_11,S++_34,10
2,4,50,S++,S++_11,S++_14,10
2,4,50,S++,S++_11,S++_39,10
2,4,50,S++,S++_11,S++_43,10
2,4,50,S++,S++_11,S++_13,10.3
2,4,50,S++,S++_11,S++_16,10.3
2,4,50,S++,S++_11,S++_49,10.3
2,4,50,S++,S++_11,S++_17,10
2,4,50,S++,S++_11,S++_25,10
2,4,50,S++,S++_11,S++_26,10
2,4,50,S++,S++_11,S++_29,10
2,4,50,S++,S++_12,S++_15,9.7
2,4,50,S++,S++_12,S++_19,9.7
2,4,50,S++,S++_12,S++_35,9.7
2,4,50,S++,S++_12,S++_22,9.7
2,4,50,S++,S++_12,S++_40,9.7
2,4,50,S++,S++_12,S++_18,10
2,4,50,S++,S++_12,S++_27,10
2,4,50,S++,S++_12,S++_26,10.3
2,4,50,S++,S++_12,S++_28,10.3
2,4,50,S++,S++_12,S++_44,10.3
2,4,50,S++,S++_12,S++_37,10
2,4,50,S++,S++_12,S++_42,10
2,4,50,S++,S++_12,S++_14,10
2,4,50,S++,S++_12,S++_31,10
2,4,50,S++,S++_12,S++_34,10
2,4,50,S++,S++_12,S++_49,10
2,4,50,S++,S++_13,S++_14,10
2,4,50,S++,S++_13,S++_26,10.3
2,4,50,S++,S++_13,S++_29,10.3
2,4,50,S++,S++_13,S++_40,10.3
2,4,50,S++,S++_13,S++_41,10.3
2,4,50,S++,S++_13,S++_28,10
2,4,50,S++,S++_13,S++_43,10
2,4,50,S++,S++_13,S++_17,10.3
2,4,50,S++,S++_13,S++_23,10.3
2,4,50,S++,S++_13,S++_25,10.3
2,4,50,S++,S++_13,S++_44,10.3
2,4,50,S++,S++_13,S++_48,10.3
2,4,50,S++,S++_13,S++_21,10
2,4,50,S++,S++_13,S++_27,10
2,4,50,S++,S++_13,S++_49,10
2,4,50,S++,S++_14,S++_32,10.3
2,4,50,S++,S++_14,S++_33,10.3
2,4,50,S++,S++_14,S++_35,10.3
2,4,50,S++,S++_14,S++_16,10.3
2,4,50,S++,S++_14,S++_36,10.3
2,4,50,S++,S++_14,S++_38,10
2,4,50,S++,S++_14,S++_40,10
2,4,50,S++,S++_14,S++_49,10
2,4,50,S++,S++_14,S++_21,10
2,4,50,S++,S++_14,S++_26,10
2,4,50,S++,S++_14,S++_28,10
2,4,50,S++,S++_14,S++_29,10
2,4,50,S++,S++_14,S++_30,10
2,4,50,S++,S++_14,S++_45,10
2,4,50,S++,S++_14,S++_43,10.3
2,4,50,S++,S++_14,S++_23,10
2,4,50,S++,S++_15,S++_16,10.3
2,4,50,S++,S++_15,S++_25,10.3
2,4,50,S++,S++_15,S++_33,10.3
2,4,50,S++,S++_15,S++_46,10.3
2,4,50,S++,S++_15,S++_24,10.3
2,4,50,S++,S++_15,S++_30,10
2,4,50,S++,S++_15,S++_43,10
2,4,50,S++,S++_15,S++_21,10.3
2,4,50,S++,S++_15,S++_22,10.3
2,4,50,S++,S++_15,S++_41,10.3
2,4,50,S++,S++_15,S++_29,10
2,4,50,S++,S++_15,S++_32,10
2,4,50,S++,S++_15,S++_47,10
2,4,50,S++,S++_16,S++_21,10.3
2,4,50,S++,S++_16,S++_34,10.3
2,4,50,S++,S++_16,S++_26,10.3
2,4,50,S++,S++_16,S++_28,10
2,4,50,S++,S++_16,S++_39,10
2,4,50,S++,S++_16,S++_38,10
2,4,50,S++,S++_16,S++_32,10.3
2,4,50,S++,S++_16,S++_29,9.7
2,4,50,S++,S++_16,S++_49,9.7
2,4,50,S++,S++_16,S++_37,10
2,4,50,S++,S++_16,S++_40,10
2,4,50,S++,S++_16,S++_46,10
2,4,50,S++,S++_16,S++_24,10
2,4,50,S++,S++_17,S++_24,9.7
2,4,50,S++,S++_17,S++_34,9.7
2,4,50,S++,S++_17,S++_45,9.4
2,4,50,S++,S++_17,S++_50,9.4
2,4,50,S++,S++_17,S++_18,9.4
2,4,50,S++,S++_17,S++_28,9.4
2,4,50,S++,S++_17,S++_48,9.4
2,4,50,S++,S++_17,S++_30,9.7
2,4,50,S++,S++_17,S++_36,9.7
2,4,50,S++,S++_17,S++_43,9.7
2,4,50,S++,S++_17,S++_37,9.7
2,4,50,S++,S++_17,S++_49,9.7
2,4,50,S++,S++_18,S++_23,9.7
2,4,50,S++,S++_18,S++_35,9.7
2,4,50,S++,S++_18,S++_36,9.7
2,4,50,S++,S++_18,S++_37,9.7
2,4,50,S++,S++_18,S++_46,9.7
2,4,50,S++,S++_18,S++_50,9.7
2,4,50,S++,S++_18,S++_39,9.4
2,4,50,S++,S++_18,S++_24,9.4
2,4,50,S++,S++_18,S++_34,9.4
2,4,50,S++,S++_18,S++_40,9.4
2,4,50,S++,S++_18,S++_30,9.7
2,4,50,S++,S++_18,S++_27,10
2,4,50,S++,S++_18,S++_49,10
2,4,50,S++,S++_18,S++_33,10
2,4,50,S++,S++_19,S++_41,9.7
2,4,50,S++,S++_19,S++_44,9.7
2,4,50,S++,S++_19,S++_26,9.7
2,4,50,S++,S++_19,S++_35,9.4
2,4,50,S++,S++_19,S++_36,9.4
2,4,50,S++,S++_19,S++_37,9.4
2,4,50,S++,S++_19,S++_42,9.4
2,4,50,S++,S++_19,S++_20,9.7
2,4,50,S++,S++_19,S++_29,9.7
2,4,50,S++,S++_19,S++_30,9.7
2,4,50,S++,S++_19,S++_24,10
2,4,50,S++,S++_19,S++_34,10
2,4,50,S++,S++_19,S++_43,10
2,4,50,S++,S++_19,S++_50,10
2,4,50,S++,S++_20,S++_24,9.7
2,4,50,S++,S++_20,S++_45,9.7
2,4,50,S++,S++_20,S++_25,9.7
2,4,50,S++,S++_20,S++_36,9.7
2,4,50,S++,S++_20,S++_46,9.7
2,4,50,S++,S++_20,S++_27,9.7
2,4,50,S++,S++_20,S++_22,10
2,4,50,S++,S++_20,S++_41,10
2,4,50,S++,S++_20,S++_30,10
2,4,50,S++,S++_21,S++_27,9.7
2,4,50,S++,S++_21,S++_42,9.7
2,4,50,S++,S++_21,S++_46,9.7
2,4,50,S++,S++_21,S++_23,9.7
2,4,50,S++,S++_21,S++_40,9.7
2,4,50,S++,S++_21,S++_41,9.4
2,4,50,S++,S++_21,S++_38,9.4
2,4,50,S++,S++_21,S++_44,9.4
2,4,50,S++,S++_21,S++_28,9.7
2,4,50,S++,S++_21,S++_32,9.7
2,4,50,S++,S++_21,S++_36,9.7
2,4,50,S++,S++_21,S++_39,9.7
2,4,50,S++,S++_21,S++_49,9.7
2,4,50,S++,S++_21,S++_34,10
2,4,50,S++,S++_21,S++_48,10
2,4,50,S++,S++_22,S++_30,9.7
2,4,50,S++,S++_22,S++_43,9.7
2,4,50,S++,S++_22,S++_49,9.7
2,4,50,S++,S++_22,S++_37,9.4
2,4,50,S++,S++_22,S++_34,9.4
2,4,50,S++,S++_22,S++_48,9.4
2,4,50,S++,S++_22,S++_36,9.7
2,4,50,S++,S++_22,S++_44,9.7
2,4,50,S++,S++_22,S++_45,9.7
2,4,50,S++,S++_22,S++_33,9.7
2,4,50,S++,S++_22,S++_27,10
2,4,50,S++,S++_22,S++_41,10
2,4,50,S++,S++_23,S++_46,9.7
2,4,50,S++,S++_23,S++_31,9.7
2,4,50,S++,S++_23,S++_35,9.7
2,4,50,S++,S++_23,S++_48,9.4
2,4,50,S++,S++_23,S++_27,9.7
2,4,50,S++,S++_23,S++_33,9.7
2,4,50,S++,S++_23,S++_49,9.7
2,4,50,S++,S++_23,S++_26,10
2,4,50,S++,S++_23,S++_34,10
2,4,50,S++,S++_23,S++_24,10
2,4,50,S++,S++_24,S++_44,9.7
2,4,50,S++,S++_24,S++_46,9.7
2,4,50,S++,S++_24,S++_36,9.7
2,4,50,S++,S++_24,S++_45,9.7
2,4,50,S++,S++_24,S++_48,9.7
2,4,50,S++,S++_24,S++_26,9.4
2,4,50,S++,S++_24,S++_28,9.4
2,4,50,S++,S++_24,S++_32,9.4
2,4,50,S++,S++_24,S++_25,9.7
2,4,50,S++,S++_24,S++_49,9.7
2,4,50,S++,S++_25,S++_33,9.7
2,4,50,S++,S++_25,S++_36,9.7
2,4,50,S++,S++_25,S++_46,9.7
2,4,50,S++,S++_25,S++_30,9.7
2,4,50,S++,S++_25,S++_34,9.4
2,4,50,S++,S++_25,S++_39,9.4
2,4,50,S++,S++_25,S++_41,9.4
2,4,50,S++,S++_25,S++_43,9.4
2,4,50,S++,S++_25,S++_44,9.7
2,4,50,S++,S++_25,S++_31,10
2,4,50,S++,S++_26,S++_42,9.7
2,4,50,S++,S++_26,S++_49,9.7
2,4,50,S++,S++_26,S++_47,9.7
2,4,50,S++,S++_26,S++_39,9.4
2,4,50,S++,S++_26,S++_33,9.4
2,4,50,S++,S++_26,S++_35,9.7
2,4,50,S++,S++_26,S++_27,9.7
2,4,50,S++,S++_26,S++_30,9.7
2,4,50,S++,S++_26,S++_29,10
2,4,50,S++,S++_26,S++_44,10
2,4,50,S++,S++_27,S++_32,9.7
2,4,50,S++,S++_27,S++_42,9.7
2,4,50,S++,S++_27,S++_44,9.7
2,4,50,S++,S++_27,S++_35,9.4
2,4,50,S++,S++_27,S++_37,9.4
2,4,50,S++,S++_27,S++_29,9.7
2,4,50,S++,S++_27,S++_31,9.7
2,4,50,S++,S++_27,S++_34,9.7
2,4,50,S++,S++_28,S++_33,9.7
2,4,50,S++,S++_28,S++_45,9.7
2,4,50,S++,S++_28,S++_42,9.7
2,4,50,S++,S++_28,S++_39,9.4
2,4,50,S++,S++_28,S++_44,9.4
2,4,50,S++,S++_28,S++_29,9.7
2,4,50,S++,S++_28,S++_49,9.7
2,4,50,S++,S++_28,S++_32,10
2,4,50,S++,S++_28,S++_34,10
2,4,50,S++,S++_28,S++_36,10
2,4,50,S++,S++_29,S++_32,9.7
2,4,50,S++,S++_29,S++_35,9.7
2,4,50,S++,S++_29,S++_40,9.7
2,4,50,S++,S++_29,S++_45,9.7
2,4,50,S++,S++_29,S++_49,9.7
2,4,50,S++,S++_29,S++_48,9.4
2,4,50,S++,S++_29,S++_39,9.4
2,4,50,S++,S++_29,S++_43,9.4
2,4,50,S++,S++_29,S++_38,10
2,4,50,S++,S++_30,S++_41,9.7
2,4,50,S++,S++_30,S++_36,9.7
2,4,50,S++,S++_30,S++_45,9.7
2,4,50,S++,S++_30,S++_46,9.7
2,4,50,S++,S++_30,S++_48,9.7
2,4,50,S++,S++_30,S++_38,9.4
2,4,50,S++,S++_30,S++_43,10
2,4,50,S++,S++_31,S++_34,9.7
2,4,50,S++,S++_31,S++_37,9.7
2,4,50,S++,S++_31,S++_32,9.4
2,4,50,S++,S++_31,S++_50,9.4
2,4,50,S++,S++_31,S++_42,9.4
2,4,50,S++,S++_31,S++_36,10
2,4,50,S++,S++_31,S++_33,10
2,4,50,S++,S++_32,S++_40,9.7
2,4,50,S++,S++_32,S++_43,9.7
2,4,50,S++,S++_32,S++_49,9.4
2,4,50,S++,S++_32,S++_38,9.7
2,4,50,S++,S++_32,S++_47,10
2,4,50,S++,S++_33,S++_34,9.7
2,4,50,S++,S++_33,S++_39,9.7
2,4,50,S++,S++_33,S++_42,9.7
2,4,50,S++,S++_33,S++_35,9.4
2,4,50,S++,S++_33,S++_41,9.4
2,4,50,S++,S++_33,S++_36,9.7
2,4,50,S++,S++_33,S++_47,9.7
2,4,50,S++,S++_33,S++_50,9.7
2,4,50,S++,S++_33,S++_43,9.7
2,4,50,S++,S++_34,S++_35,9.7
2,4,50,S++,S++_34,S++_50,9.4
2,4,50,S++,S++_34,S++_46,9.7
2,4,50,S++,S++_34,S++_49,9.7
2,4,50,S++,S++_34,S++_38,10
2,4,50,S++,S++_34,S++_40,10
2,4,50,S++,S++_34,S++_43,10
2,4,50,S++,S++_35,S++_43,9.4
2,4,50,S++,S++_35,S++_47,9.7
2,4,50,S++,S++_36,S++_41,9.4
2,4,50,S++,S++_36,S++_38,9.7
2,4,50,S++,S++_36,S++_50,9.7
2,4,50,S++,S++_36,S++_47,10
2,4,50,S++,S++_36,S++_48,10
2,4,50,S++,S++_36,S++_40,10
2,4,50,S++,S++_36,S++_44,10
2,4,50,S++,S++_36,S++_45,10
2,4,50,S++,S++_37,S++_50,9.4
2,4,50,S++,S++_37,S++_46,9.7
2,4,50,S++,S++_37,S++_44,10
2,4,50,S++,S++_38,S++_45,9.7
2,4,50,S++,S++_38,S++_40,9.7
2,4,50,S++,S++_38,S++_42,9.7
2,4,50,S++,S++_39,S++_43,9.4
2,4,50,S++,S++_39,S++_44,9.4
2,4,50,S++,S++_39,S++_41,9.7
2,4,50,S++,S++_39,S++_45,10
2,4,50,S++,S++_40,S++_49,9.4
2,4,50,S++,S++_40,S++_41,9.7
2,4,50,S++,S++_41,S++_50,9.4
2,4,50,S++,S++_41,S++_44,9.7
2,4,50,S++,S++_41,S++_43,10
2,4,50,S++,S++_42,S++_46,9.4
2,4,50,S++,S++_42,S++_50,9.7
2,4,50,S++,S++_43,S++_45,10
2,4,50,S++,S++_44,S++_45,9.7
2,4,50,S++,S++_46,S++_50,9.7
2,4,50,S++,S++_46,S++_48,10
2,4,50,S++,S++_47,S++_49,9.7
2,5,50,S++,S++_1,S++_7,9.4
2,5,50,S++,S++_1,S++_10,9.4
2,5,50,S++,S++_1,S++_24,9.4
2,5,50,S++,S++_1,S++_15,9.4
2,5,50,S++,S++_1,S++_41,9.4
2,5,50,S++,S++_1,S++_45,9.4
2,5,50,S++,S++_1,S++_28,9.7
2,5,50,S++,S++_1,S++_37,9.7
2,5,50,S++,S++_1,S++_20,9.7
2,5,50,S++,S++_1,S++_50,10
2,5,50,S++,S++_1,S++_3,10
2,5,50,S++,S++_1,S++_17,10
2,5,50,S++,S++_1,S++_40,10
2,5,50,S++,S++_1,S++_44,10
2,5,50,S++,S++_2,S++_40,9.4
2,5,50,S++,S++_2,S++_47,9.4
2,5,50,S++,S++_2,S++_34,9.4
2,5,50,S++,S++_2,S++_4,9.7
2,5,50,S++,S++_2,S++_8,9.7
2,5,50,S++,S++_2,S++_17,9.7
2,5,50,S++,S++_2,S++_28,9.7
2,5,50,S++,S++_2,S++_10,10
2,5,50,S++,S++_2,S++_12,10
2,5,50,S++,S++_2,S++_46,10
2,5,50,S++,S++_2,S++_18,10
2,5,50,S++,S++_2,S++_19,10
2,5,50,S++,S++_2,S++_32,10
2,5,50,S++,S++_2,S++_36,10
2,5,50,S++,S++_3,S++_18,9.4
2,5,50,S++,S++_3,S++_29,9.4
2,5,50,S++,S++_3,S++_39,9.4
2,5,50,S++,S++_3,S++_8,9.7
2,5,50,S++,S++_3,S++_45,9.7
2,5,50,S++,S++_3,S++_35,10
2,5,50,S++,S++_3,S++_49,10
2,5,50,S++,S++_3,S++_6,10
2,5,50,S++,S++_3,S++_36,10
2,5,50,S++,S++_3,S++_50,10
2,5,50,S++,S++_4,S++_35,9.4
2,5,50,S++,S++_4,S++_41,9.4
2,5,50,S++,S++_4,S++_15,9.4
2,5,50,S++,S++_4,S++_24,9.4
2,5,50,S++,S++_4,S++_42,9.4
2,5,50,S++,S++_4,S++_26,9.7
2,5,50,S++,S++_4,S++_43,9.7
2,5,50,S++,S++_4,S++_50,9.7
2,5,50,S++,S++_4,S++_19,10
2,5,50,S++,S++_4,S++_34,10
2,5,50,S++,S++_4,S++_29,10
2,5,50,S++,S++_4,S++_10,9.7
2,5,50,S++,S++_4,S++_33,9.7
2,5,50,S++,S++_4,S++_44,9.7
2,5,50,S++,S++_4,S++_23,10
2,5,50,S++,S++_4,S++_27,10
2,5,50,S++,S++_4,S++_5,10
2,5,50,S++,S++_4,S++_18,10
2,5,50,S++,S++_5,S++_6,9.4
2,5,50,S++,S++_5,S++_8,9.4
2,5,50,S++,S++_5,S++_25,9.4
2,5,50,S++,S++_5,S++_30,9.4
2,5,50,S++,S++_5,S++_39,9.4
2,5,50,S++,S++_5,S++_43,9.4
2,5,50,S++,S++_5,S++_45,9.4
2,5,50,S++,S++_5,S++_48,9.4
2,5,50,S++,S++_5,S++_16,9.4
2,5,50,S++,S++_5,S++_41,9.4
2,5,50,S++,S++_5,S++_17,9.7
2,5,50,S++,S++_5,S++_22,9.7
2,5,50,S++,S++_5,S++_10,10
2,5,50,S++,S++_5,S++_28,9.7
2,5,50,S++,S++_5,S++_34,9.7
2,5,50,S++,S++_5,S++_15,10
2,5,50,S++,S++_5,S++_21,10
2,5,50,S++,S++_5,S++_26,10
2,5,50,S++,S++_5,S++_37,10
2,5,50,S++,S++_5,S++_40,10
2,5,50,S++,S++_5,S++_13,10
2,5,50,S++,S++_5,S++_14,10
2,5,50,S++,S++_5,S++_19,10
2,5,50,S++,S++_6,S++_8,9.4
2,5,50,S++,S++_6,S++_27,9.4
2,5,50,S++,S++_6,S++_28,9.4
2,5,50,S++,S++_6,S++_47,9.4
2,5,50,S++,S++_6,S++_20,9.4
2,5,50,S++,S++_6,S++_25,9.4
2,5,50,S++,S++_6,S++_40,9.4
2,5,50,S++,S++_6,S++_26,9.7
2,5,50,S++,S++_6,S++_14,9.7
2,5,50,S++,S++_6,S++_38,9.7
2,5,50,S++,S++_6,S++_44,9.7
2,5,50,S++,S++_6,S++_9,10
2,5,50,S++,S++_6,S++_22,10
2,5,50,S++,S++_6,S++_29,10
2,5,50,S++,S++_6,S++_31,10
2,5,50,S++,S++_6,S++_16,9.7
2,5,50,S++,S++_6,S++_18,9.7
2,5,50,S++,S++_6,S++_37,10
2,5,50,S++,S++_6,S++_12,10
2,5,50,S++,S++_6,S++_23,10
2,5,50,S++,S++_7,S++_9,9.4
2,5,50,S++,S++_7,S++_23,9.4
2,5,50,S++,S++_7,S++_46,9.4
2,5,50,S++,S++_7,S++_11,9.4
2,5,50,S++,S++_7,S++_13,9.4
2,5,50,S++,S++_7,S++_22,9.4
2,5,50,S++,S++_7,S++_27,9.4
2,5,50,S++,S++_7,S++_42,9.4
2,5,50,S++,S++_7,S++_48,9.4
2,5,50,S++,S++_7,S++_12,9.7
2,5,50,S++,S++_7,S++_14,9.7
2,5,50,S++,S++_7,S++_15,9.7
2,5,50,S++,S++_7,S++_39,9.7
2,5,50,S++,S++_7,S++_16,9.7
2,5,50,S++,S++_7,S++_33,9.7
2,5,50,S++,S++_7,S++_17,10
2,5,50,S++,S++_7,S++_21,9.7
2,5,50,S++,S++_7,S++_35,9.7
2,5,50,S++,S++_7,S++_40,9.7
2,5,50,S++,S++_7,S++_44,9.7
2,5,50,S++,S++_7,S++_10,10
2,5,50,S++,S++_7,S++_26,10
2,5,50,S++,S++_7,S++_29,10
2,5,50,S++,S++_7,S++_36,10
2,5,50,S++,S++_7,S++_43,10
2,5,50,S++,S++_7,S++_45,10
2,5,50,S++,S++_7,S++_24,10
2,5,50,S++,S++_8,S++_27,9.4
2,5,50,S++,S++_8,S++_12,9.4
2,5,50,S++,S++_8,S++_15,9.4
2,5,50,S++,S++_8,S++_19,9.4
2,5,50,S++,S++_8,S++_28,9.4
2,5,50,S++,S++_8,S++_9,9.7
2,5,50,S++,S++_8,S++_29,9.7
2,5,50,S++,S++_8,S++_35,9.7
2,5,50,S++,S++_8,S++_42,9.7
2,5,50,S++,S++_8,S++_33,9.7
2,5,50,S++,S++_8,S++_37,9.7
2,5,50,S++,S++_8,S++_50,9.7
2,5,50,S++,S++_8,S++_31,10
2,5,50,S++,S++_8,S++_32,10
2,5,50,S++,S++_8,S++_34,9.7
2,5,50,S++,S++_8,S++_16,10
2,5,50,S++,S++_9,S++_21,9.4
2,5,50,S++,S++_9,S++_27,9.4
2,5,50,S++,S++_9,S++_36,9.4
2,5,50,S++,S++_9,S++_38,9.4
2,5,50,S++,S++_9,S++_28,9.4
2,5,50,S++,S++_9,S++_46,9.4
2,5,50,S++,S++_9,S++_22,9.7
2,5,50,S++,S++_9,S++_13,9.7
2,5,50,S++,S++_9,S++_16,9.7
2,5,50,S++,S++_9,S++_32,9.7
2,5,50,S++,S++_9,S++_45,9.7
2,5,50,S++,S++_9,S++_48,9.7
2,5,50,S++,S++_9,S++_25,10
2,5,50,S++,S++_9,S++_37,9.7
2,5,50,S++,S++_9,S++_33,9.7
2,5,50,S++,S++_9,S++_19,10
2,5,50,S++,S++_9,S++_44,10
2,5,50,S++,S++_9,S++_15,10
2,5,50,S++,S++_9,S++_39,10
2,5,50,S++,S++_9,S++_49,10
2,5,50,S++,S++_10,S++_25,9.4
2,5,50,S++,S++_10,S++_41,9.7
2,5,50,S++,S++_10,S++_48,9.7
2,5,50,S++,S++_10,S++_20,9.7
2,5,50,S++,S++_10,S++_27,9.7
2,5,50,S++,S++_10,S++_21,10
2,5,50,S++,S++_10,S++_13,10
2,5,50,S++,S++_10,S++_15,9.7
2,5,50,S++,S++_10,S++_28,9.7
2,5,50,S++,S++_10,S++_30,9.7
2,5,50,S++,S++_10,S++_35,9.7
2,5,50,S++,S++_10,S++_36,9.7
2,5,50,S++,S++_10,S++_37,9.7
2,5,50,S++,S++_10,S++_45,9.7
2,5,50,S++,S++_10,S++_46,9.7
2,5,50,S++,S++_10,S++_40,9.7
2,5,50,S++,S++_10,S++_19,10
2,5,50,S++,S++_10,S++_43,10
2,5,50,S++,S++_10,S++_50,10
2,5,50,S++,S++_10,S++_24,10
2,5,50,S++,S++_10,S++_32,10
2,5,50,S++,S++_10,S++_44,10
2,5,50,S++,S++_11,S++_12,9.4
2,5,50,S++,S++_11,S++_44,9.4
2,5,50,S++,S++_11,S++_21,9.4
2,5,50,S++,S++_11,S++_23,9.4
2,5,50,S++,S++_11,S++_38,9.4
2,5,50,S++,S++_11,S++_34,9.7
2,5,50,S++,S++_11,S++_14,9.7
2,5,50,S++,S++_11,S++_39,9.7
2,5,50,S++,S++_11,S++_43,9.7
2,5,50,S++,S++_11,S++_13,10
2,5,50,S++,S++_11,S++_16,10
2,5,50,S++,S++_11,S++_49,10
2,5,50,S++,S++_11,S++_17,9.7
2,5,50,S++,S++_11,S++_25,9.7
2,5,50,S++,S++_11,S++_26,9.7
2,5,50,S++,S++_11,S++_29,9.7
2,5,50,S++,S++_11,S++_30,10
2,5,50,S++,S++_11,S++_32,10
2,5,50,S++,S++_11,S++_33,10
2,5,50,S++,S++_12,S++_15,9.4
2,5,50,S++,S++_12,S++_19,9.4
2,5,50,S++,S++_12,S++_35,9.4
2,5,50,S++,S++_12,S++_22,9.4
2,5,50,S++,S++_12,S++_40,9.4
2,5,50,S++,S++_12,S++_18,9.7
2,5,50,S++,S++_12,S++_27,9.7
2,5,50,S++,S++_12,S++_26,10
2,5,50,S++,S++_12,S++_28,10
2,5,50,S++,S++_12,S++_44,10
2,5,50,S++,S++_12,S++_37,9.7
2,5,50,S++,S++_12,S++_42,9.7
2,5,50,S++,S++_12,S++_14,9.7
2,5,50,S++,S++_12,S++_31,9.7
2,5,50,S++,S++_12,S++_34,9.7
2,5,50,S++,S++_12,S++_49,9.7
2,5,50,S++,S++_12,S++_21,10
2,5,50,S++,S++_12,S++_47,10
2,5,50,S++,S++_13,S++_14,9.7
2,5,50,S++,S++_13,S++_26,10
2,5,50,S++,S++_13,S++_29,10
2,5,50,S++,S++_13,S++_40,10
2,5,50,S++,S++_13,S++_41,10
2,5,50,S++,S++_13,S++_28,9.7
2,5,50,S++,S++_13,S++_43,9.7
2,5,50,S++,S++_13,S++_17,10
2,5,50,S++,S++_13,S++_23,10
2,5,50,S++,S++_13,S++_25,10
2,5,50,S++,S++_13,S++_44,10
2,5,50,S++,S++_13,S++_48,10
2,5,50,S++,S++_13,S++_21,9.7
2,5,50,S++,S++_13,S++_27,9.7
2,5,50,S++,S++_13,S++_49,9.7
2,5,50,S++,S++_13,S++_50,10
2,5,50,S++,S++_14,S++_32,10
2,5,50,S++,S++_14,S++_33,10
2,5,50,S++,S++_14,S++_35,10
2,5,50,S++,S++_14,S++_16,10
2,5,50,S++,S++_14,S++_36,10
2,5,50,S++,S++_14,S++_38,9.7
2,5,50,S++,S++_14,S++_40,9.7
2,5,50,S++,S++_14,S++_49,9.7
2,5,50,S++,S++_14,S++_21,9.7
2,5,50,S++,S++_14,S++_26,9.7
2,5,50,S++,S++_14,S++_28,9.7
2,5,50,S++,S++_14,S++_29,9.7
2,5,50,S++,S++_14,S++_30,9.7
2,5,50,S++,S++_14,S++_45,9.7
2,5,50,S++,S++_14,S++_43,10
2,5,50,S++,S++_14,S++_23,9.7
2,5,50,S++,S++_14,S++_24,10
2,5,50,S++,S++_14,S++_25,10
2,5,50,S++,S++_14,S++_34,10
2,5,50,S++,S++_15,S++_16,10
2,5,50,S++,S++_15,S++_25,10
2,5,50,S++,S++_15,S++_33,10
2,5,50,S++,S++_15,S++_46,10
2,5,50,S++,S++_15,S++_24,10
2,5,50,S++,S++_15,S++_30,9.7
2,5,50,S++,S++_15,S++_43,9.7
2,5,50,S++,S++_15,S++_21,10
2,5,50,S++,S++_15,S++_22,10
2,5,50,S++,S++_15,S++_41,10
2,5,50,S++,S++_15,S++_29,9.7
2,5,50,S++,S++_15,S++_32,9.7
2,5,50,S++,S++_15,S++_47,9.7
2,5,50,S++,S++_15,S++_42,10
2,5,50,S++,S++_15,S++_50,10
2,5,50,S++,S++_15,S++_17,10
2,5,50,S++,S++_15,S++_19,10
2,5,50,S++,S++_15,S++_40,10
2,5,50,S++,S++_15,S++_49,10
2,5,50,S++,S++_16,S++_21,10
2,5,50,S++,S++_16,S++_34,10
2,5,50,S++,S++_16,S++_26,10
2,5,50,S++,S++_16,S++_28,9.7
2,5,50,S++,S++_16,S++_39,9.7
2,5,50,S++,S++_16,S++_38,9.7
2,5,50,S++,S++_16,S++_32,10
2,5,50,S++,S++_16,S++_29,9.4
2,5,50,S++,S++_16,S++_49,9.4
2,5,50,S++,S++_16,S++_37,9.7
2,5,50,S++,S++_16,S++_40,9.7
2,5,50,S++,S++_16,S++_46,9.7
2,5,50,S++,S++_16,S++_24,9.7
2,5,50,S++,S++_16,S++_44,10
2,5,50,S++,S++_17,S++_24,9.4
2,5,50,S++,S++_17,S++_34,9.4
2,5,50,S++,S++_17,S++_30,9.4
2,5,50,S++,S++_17,S++_36,9.4
2,5,50,S++,S++_17,S++_43,9.4
2,5,50,S++,S++_17,S++_37,9.4
2,5,50,S++,S++_17,S++_49,9.4
2,5,50,S++,S++_17,S++_20,10
2,5,50,S++,S++_17,S++_46,10
2,5,50,S++,S++_17,S++_38,10
2,5,50,S++,S++_18,S++_23,9.4
2,5,50,S++,S++_18,S++_35,9.4
2,5,50,S++,S++_18,S++_36,9.4
2,5,50,S++,S++_18,S++_37,9.4
2,5,50,S++,S++_18,S++_46,9.4
2,5,50,S++,S++_18,S++_50,9.4
2,5,50,S++,S++_18,S++_30,9.4
2,5,50,S++,S++_18,S++_27,9.7
2,5,50,S++,S++_18,S++_49,9.7
2,5,50,S++,S++_18,S++_33,9.7
2,5,50,S++,S++_18,S++_42,10
2,5,50,S++,S++_19,S++_41,9.4
2,5,50,S++,S++_19,S++_44,9.4
2,5,50,S++,S++_19,S++_26,9.4
2,5,50,S++,S++_19,S++_20,9.4
2,5,50,S++,S++_19,S++_29,9.4
2,5,50,S++,S++_19,S++_30,9.4
2,5,50,S++,S++_19,S++_24,9.7
2,5,50,S++,S++_19,S++_34,9.7
2,5,50,S++,S++_19,S++_43,9.7
2,5,50,S++,S++_19,S++_50,9.7
2,5,50,S++,S++_19,S++_23,10
2,5,50,S++,S++_19,S++_46,10
2,5,50,S++,S++_20,S++_24,9.4
2,5,50,S++,S++_20,S++_45,9.4
2,5,50,S++,S++_20,S++_25,9.4
2,5,50,S++,S++_20,S++_36,9.4
2,5,50,S++,S++_20,S++_46,9.4
2,5,50,S++,S++_20,S++_27,9.4
2,5,50,S++,S++_20,S++_22,9.7
2,5,50,S++,S++_20,S++_41,9.7
2,5,50,S++,S++_20,S++_30,9.7
2,5,50,S++,S++_20,S++_42,10
2,5,50,S++,S++_20,S++_44,10
2,5,50,S++,S++_20,S++_28,10
2,5,50,S++,S++_21,S++_27,9.4
2,5,50,S++,S++_21,S++_42,9.4
2,5,50,S++,S++_21,S++_46,9.4
2,5,50,S++,S++_21,S++_23,9.4
2,5,50,S++,S++_21,S++_40,9.4
2,5,50,S++,S++_21,S++_28,9.4
2,5,50,S++,S++_21,S++_32,9.4
2,5,50,S++,S++_21,S++_36,9.4
2,5,50,S++,S++_21,S++_39,9.4
2,5,50,S++,S++_21,S++_49,9.4
2,5,50,S++,S++_21,S++_34,9.7
2,5,50,S++,S++_21,S++_48,9.7
2,5,50,S++,S++_21,S++_25,10
2,5,50,S++,S++_22,S++_30,9.4
2,5,50,S++,S++_22,S++_43,9.4
2,5,50,S++,S++_22,S++_49,9.4
2,5,50,S++,S++_22,S++_36,9.4
2,5,50,S++,S++_22,S++_44,9.4
2,5,50,S++,S++_22,S++_45,9.4
2,5,50,S++,S++_22,S++_33,9.4
2,5,50,S++,S++_22,S++_27,9.7
2,5,50,S++,S++_22,S++_41,9.7
2,5,50,S++,S++_22,S++_42,10
2,5,50,S++,S++_23,S++_46,9.4
2,5,50,S++,S++_23,S++_31,9.4
2,5,50,S++,S++_23,S++_35,9.4
2,5,50,S++,S++_23,S++_27,9.4
2,5,50,S++,S++_23,S++_33,9.4
2,5,50,S++,S++_23,S++_49,9.4
2,5,50,S++,S++_23,S++_26,9.7
2,5,50,S++,S++_23,S++_34,9.7
2,5,50,S++,S++_23,S++_24,9.7
2,5,50,S++,S++_24,S++_44,9.4
2,5,50,S++,S++_24,S++_46,9.4
2,5,50,S++,S++_24,S++_36,9.4
2,5,50,S++,S++_24,S++_45,9.4
2,5,50,S++,S++_24,S++_48,9.4
2,5,50,S++,S++_24,S++_25,9.4
2,5,50,S++,S++_24,S++_49,9.4
2,5,50,S++,S++_24,S++_34,10
2,5,50,S++,S++_25,S++_33,9.4
2,5,50,S++,S++_25,S++_36,9.4
2,5,50,S++,S++_25,S++_46,9.4
2,5,50,S++,S++_25,S++_30,9.4
2,5,50,S++,S++_25,S++_44,9.4
2,5,50,S++,S++_25,S++_31,9.7
2,5,50,S++,S++_25,S++_37,10
2,5,50,S++,S++_25,S++_45,10
2,5,50,S++,S++_25,S++_26,10
2,5,50,S++,S++_25,S++_27,10
2,5,50,S++,S++_26,S++_42,9.4
2,5,50,S++,S++_26,S++_49,9.4
2,5,50,S++,S++_26,S++_47,9.4
2,5,50,S++,S++_26,S++_35,9.4
2,5,50,S++,S++_26,S++_27,9.4
2,5,50,S++,S++_26,S++_30,9.4
2,5,50,S++,S++_26,S++_29,9.7
2,5,50,S++,S++_26,S++_44,9.7
2,5,50,S++,S++_26,S++_28,10
2,5,50,S++,S++_26,S++_40,10
2,5,50,S++,S++_27,S++_32,9.4
2,5,50,S++,S++_27,S++_42,9.4
2,5,50,S++,S++_27,S++_44,9.4
2,5,50,S++,S++_27,S++_29,9.4
2,5,50,S++,S++_27,S++_31,9.4
2,5,50,S++,S++_27,S++_34,9.4
2,5,50,S++,S++_27,S++_28,10
2,5,50,S++,S++_27,S++_39,10
2,5,50,S++,S++_28,S++_33,9.4
2,5,50,S++,S++_28,S++_45,9.4
2,5,50,S++,S++_28,S++_42,9.4
2,5,50,S++,S++_28,S++_29,9.4
2,5,50,S++,S++_28,S++_49,9.4
2,5,50,S++,S++_28,S++_32,9.7
2,5,50,S++,S++_28,S++_34,9.7
2,5,50,S++,S++_28,S++_36,9.7
2,5,50,S++,S++_28,S++_35,10
2,5,50,S++,S++_28,S++_46,10
2,5,50,S++,S++_29,S++_32,9.4
2,5,50,S++,S++_29,S++_35,9.4
2,5,50,S++,S++_29,S++_40,9.4
2,5,50,S++,S++_29,S++_45,9.4
2,5,50,S++,S++_29,S++_49,9.4
2,5,50,S++,S++_29,S++_38,9.7
2,5,50,S++,S++_30,S++_41,9.4
2,5,50,S++,S++_30,S++_36,9.4
2,5,50,S++,S++_30,S++_45,9.4
2,5,50,S++,S++_30,S++_46,9.4
2,5,50,S++,S++_30,S++_48,9.4
2,5,50,S++,S++_30,S++_43,9.7
2,5,50,S++,S++_30,S++_49,10
2,5,50,S++,S++_30,S++_34,10
2,5,50,S++,S++_31,S++_34,9.4
2,5,50,S++,S++_31,S++_37,9.4
2,5,50,S++,S++_31,S++_36,9.7
2,5,50,S++,S++_31,S++_33,9.7
2,5,50,S++,S++_31,S++_47,10
2,5,50,S++,S++_31,S++_35,10
2,5,50,S++,S++_31,S++_39,10
2,5,50,S++,S++_32,S++_40,9.4
2,5,50,S++,S++_32,S++_43,9.4
2,5,50,S++,S++_32,S++_38,9.4
2,5,50,S++,S++_32,S++_47,9.7
2,5,50,S++,S++_33,S++_34,9.4
2,5,50,S++,S++_33,S++_39,9.4
2,5,50,S++,S++_33,S++_42,9.4
2,5,50,S++,S++_33,S++_36,9.4
2,5,50,S++,S++_33,S++_47,9.4
2,5,50,S++,S++_33,S++_50,9.4
2,5,50,S++,S++_33,S++_43,9.4
2,5,50,S++,S++_33,S++_45,10
2,5,50,S++,S++_34,S++_35,9.4
2,5,50,S++,S++_34,S++_46,9.4
2,5,50,S++,S++_34,S++_49,9.4
2,5,50,S++,S++_34,S++_38,9.7
2,5,50,S++,S++_34,S++_40,9.7
2,5,50,S++,S++_34,S++_43,9.7
2,5,50,S++,S++_35,S++_47,9.4
2,5,50,S++,S++_35,S++_46,10
2,5,50,S++,S++_35,S++_49,10
2,5,50,S++,S++_36,S++_38,9.4
2,5,50,S++,S++_36,S++_50,9.4
2,5,50,S++,S++_36,S++_47,9.7
2,5,50,S++,S++_36,S++_48,9.7
2,5,50,S++,S++_36,S++_40,9.7
2,5,50,S++,S++_36,S++_44,9.7
2,5,50,S++,S++_36,S++_45,9.7
2,5,50,S++,S++_36,S++_46,10
2,5,50,S++,S++_37,S++_46,9.4
2,5,50,S++,S++_37,S++_44,9.7
2,5,50,S++,S++_37,S++_45,10
2,5,50,S++,S++_37,S++_42,10
2,5,50,S++,S++_38,S++_45,9.4
2,5,50,S++,S++_38,S++_40,9.4
2,5,50,S++,S++_38,S++_42,9.4
2,5,50,S++,S++_38,S++_39,10
2,5,50,S++,S++_38,S++_44,10
2,5,50,S++,S++_39,S++_41,9.4
2,5,50,S++,S++_39,S++_45,9.7
2,5,50,S++,S++_39,S++_49,10
2,5,50,S++,S++_39,S++_40,10
2,5,50,S++,S++_39,S++_46,10
2,5,50,S++,S++_40,S++_41,9.4
2,5,50,S++,S++_40,S++_46,10
2,5,50,S++,S++_41,S++_44,9.4
2,5,50,S++,S++_41,S++_43,9.7
2,5,50,S++,S++_42,S++_50,9.4
2,5,50,S++,S++_42,S++_43,10
2,5,50,S++,S++_42,S++_48,10
2,5,50,S++,S++_43,S++_45,9.7
2,5,50,S++,S++_43,S++_46,10
2,5,50,S++,S++_44,S++_45,9.4
2,5,50,S++,S++_46,S++_50,9.4
2,5,50,S++,S++_46,S++_48,9.7
2,5,50,S++,S++_47,S++_49,9.4
2,6,50,S++,S++_1,S++_7,9.7
2,6,50,S++,S++_1,S++_10,9.7
2,6,50,S++,S++_1,S++_24,9.7
2,6,50,S++,S++_1,S++_15,9.7
2,6,50,S++,S++_1,S++_41,9.7
2,6,50,S++,S++_1,S++_45,9.7
2,6,50,S++,S++_1,S++_28,10
2,6,50,S++,S++_1,S++_37,10
2,6,50,S++,S++_1,S++_20,10
2,6,50,S++,S++_1,S++_50,10.3
2,6,50,S++,S++_1,S++_3,10.3
2,6,50,S++,S++_1,S++_17,10.3
2,6,50,S++,S++_1,S++_40,10.3
2,6,50,S++,S++_1,S++_44,10.3
2,6,50,S++,S++_1,S++_33,10
2,6,50,S++,S++_1,S++_34,10
2,6,50,S++,S++_1,S++_42,10
2,6,50,S++,S++_1,S++_30,10
2,6,50,S++,S++_1,S++_36,10
2,6,50,S++,S++_2,S++_40,9.7
2,6,50,S++,S++_2,S++_47,9.7
2,6,50,S++,S++_2,S++_34,9.7
2,6,50,S++,S++_2,S++_4,10
2,6,50,S++,S++_2,S++_8,10
2,6,50,S++,S++_2,S++_17,10
2,6,50,S++,S++_2,S++_28,10
2,6,50,S++,S++_2,S++_10,10.3
2,6,50,S++,S++_2,S++_12,10.3
2,6,50,S++,S++_2,S++_46,10.3
2,6,50,S++,S++_2,S++_18,10.3
2,6,50,S++,S++_2,S++_19,10.3
2,6,50,S++,S++_2,S++_32,10.3
2,6,50,S++,S++_2,S++_36,10.3
2,6,50,S++,S++_2,S++_5,10
2,6,50,S++,S++_2,S++_26,10
2,6,50,S++,S++_2,S++_6,10
2,6,50,S++,S++_2,S++_13,10
2,6,50,S++,S++_2,S++_22,10
2,6,50,S++,S++_2,S++_29,10
2,6,50,S++,S++_3,S++_18,9.7
2,6,50,S++,S++_3,S++_29,9.7
2,6,50,S++,S++_3,S++_39,9.7
2,6,50,S++,S++_3,S++_8,10
2,6,50,S++,S++_3,S++_45,10
2,6,50,S++,S++_3,S++_35,10.3
2,6,50,S++,S++_3,S++_49,10.3
2,6,50,S++,S++_3,S++_6,10.3
2,6,50,S++,S++_3,S++_36,10.3
2,6,50,S++,S++_3,S++_50,10.3
2,6,50,S++,S++_3,S++_12,10
2,6,50,S++,S++_3,S++_23,10
2,6,50,S++,S++_3,S++_26,10
2,6,50,S++,S++_3,S++_14,10
2,6,50,S++,S++_3,S++_31,10
2,6,50,S++,S++_4,S++_35,9.7
2,6,50,S++,S++_4,S++_41,9.7
2,6,50,S++,S++_4,S++_15,9.7
2,6,50,S++,S++_4,S++_24,9.7
2,6,50,S++,S++_4,S++_42,9.7
2,6,50,S++,S++_4,S++_26,10
2,6,50,S++,S++_4,S++_43,10
2,6,50,S++,S++_4,S++_50,10
2,6,50,S++,S++_4,S++_19,10.3
2,6,50,S++,S++_4,S++_34,10.3
2,6,50,S++,S++_4,S++_29,10.3
2,6,50,S++,S++_4,S++_10,10
2,6,50,S++,S++_4,S++_33,10
2,6,50,S++,S++_4,S++_44,10
2,6,50,S++,S++_4,S++_23,10.3
2,6,50,S++,S++_4,S++_27,10.3
2,6,50,S++,S++_4,S++_5,10.3
2,6,50,S++,S++_4,S++_18,10.3
2,6,50,S++,S++_4,S++_6,10
2,6,50,S++,S++_4,S++_14,10
2,6,50,S++,S++_4,S++_22,10
2,6,50,S++,S++_4,S++_49,10
2,6,50,S++,S++_4,S++_28,10
2,6,50,S++,S++_4,S++_36,10
2,6,50,S++,S++_4,S++_45,10
2,6,50,S++,S++_4,S++_48,10
2,6,50,S++,S++_5,S++_6,9.7
2,6,50,S++,S++_5,S++_8,9.7
2,6,50,S++,S++_5,S++_25,9.7
2,6,50,S++,S++_5,S++_30,9.7
2,6,50,S++,S++_5,S++_39,9.7
2,6,50,S++,S++_5,S++_43,9.7
2,6,50,S++,S++_5,S++_45,9.7
2,6,50,S++,S++_5,S++_48,9.7
2,6,50,S++,S++_5,S++_16,9.7
2,6,50,S++,S++_5,S++_41,9.7
2,6,50,S++,S++_5,S++_17,10
2,6,50,S++,S++_5,S++_22,10
2,6,50,S++,S++_5,S++_10,10.3
2,6,50,S++,S++_5,S++_28,10
2,6,50,S++,S++_5,S++_34,10
2,6,50,S++,S++_5,S++_15,10.3
2,6,50,S++,S++_5,S++_21,10.3
2,6,50,S++,S++_5,S++_26,10.3
2,6,50,S++,S++_5,S++_37,10.3
2,6,50,S++,S++_5,S++_40,9.7
2,6,50,S++,S++_5,S++_13,9.7
2,6,50,S++,S++_5,S++_14,9.7
2,6,50,S++,S++_5,S++_19,9.7
2,6,50,S++,S++_5,S++_20,10
2,6,50,S++,S++_5,S++_32,10
2,6,50,S++,S++_5,S++_36,10
2,6,50,S++,S++_6,S++_26,9.4
2,6,50,S++,S++_6,S++_14,9.4
2,6,50,S++,S++_6,S++_38,9.4
2,6,50,S++,S++_6,S++_44,9.4
2,6,50,S++,S++_6,S++_9,9.7
2,6,50,S++,S++_6,S++_22,9.7
2,6,50,S++,S++_6,S++_29,9.7
2,6,50,S++,S++_6,S++_31,9.7
2,6,50,S++,S++_6,S++_16,9.4
2,6,50,S++,S++_6,S++_18,9.4
2,6,50,S++,S++_6,S++_37,9.7
2,6,50,S++,S++_6,S++_12,9.7
2,6,50,S++,S++_6,S++_23,9.7
2,6,50,S++,S++_6,S++_13,10
2,6,50,S++,S++_6,S++_34,10
2,6,50,S++,S++_6,S++_43,10
2,6,50,S++,S++_7,S++_12,9.4
2,6,50,S++,S++_7,S++_14,9.4
2,6,50,S++,S++_7,S++_15,9.4
2,6,50,S++,S++_7,S++_39,9.4
2,6,50,S++,S++_7,S++_16,9.4
2,6,50,S++,S++_7,S++_33,9.4
2,6,50,S++,S++_7,S++_17,9.7
2,6,50,S++,S++_7,S++_21,9.4
2,6,50,S++,S++_7,S++_35,9.4
2,6,50,S++,S++_7,S++_40,9.4
2,6,50,S++,S++_7,S++_44,9.4
2,6,50,S++,S++_7,S++_10,9.7
2,6,50,S++,S++_7,S++_26,9.7
2,6,50,S++,S++_7,S++_29,9.7
2,6,50,S++,S++_7,S++_36,9.7
2,6,50,S++,S++_7,S++_43,9.7
2,6,50,S++,S++_7,S++_45,9.7
2,6,50,S++,S++_7,S++_24,9.7
2,6,50,S++,S++_7,S++_28,10
2,6,50,S++,S++_7,S++_49,10
2,6,50,S++,S++_8,S++_9,9.4
2,6,50,S++,S++_8,S++_29,9.4
2,6,50,S++,S++_8,S++_35,9.4
2,6,50,S++,S++_8,S++_42,9.4
2,6,50,S++,S++_8,S++_33,9.4
2,6,50,S++,S++_8,S++_37,9.4
2,6,50,S++,S++_8,S++_50,9.4
2,6,50,S++,S++_8,S++_31,9.7
2,6,50,S++,S++_8,S++_32,9.7
2,6,50,S++,S++_8,S++_34,9.4
2,6,50,S++,S++_8,S++_16,9.7
2,6,50,S++,S++_8,S++_13,10
2,6,50,S++,S++_8,S++_24,10
2,6,50,S++,S++_9,S++_22,9.4
2,6,50,S++,S++_9,S++_13,9.4
2,6,50,S++,S++_9,S++_16,9.4
2,6,50,S++,S++_9,S++_32,9.4
2,6,50,S++,S++_9,S++_45,9.4
2,6,50,S++,S++_9,S++_48,9.4
2,6,50,S++,S++_9,S++_25,9.7
2,6,50,S++,S++_9,S++_37,10
2,6,50,S++,S++_9,S++_33,10
2,6,50,S++,S++_9,S++_19,10.3
2,6,50,S++,S++_9,S++_44,10.3
2,6,50,S++,S++_9,S++_15,10.3
2,6,50,S++,S++_9,S++_39,10.3
2,6,50,S++,S++_9,S++_49,10.3
2,6,50,S++,S++_9,S++_40,10
2,6,50,S++,S++_10,S++_25,9.7
2,6,50,S++,S++_10,S++_41,10
2,6,50,S++,S++_10,S++_48,10
2,6,50,S++,S++_10,S++_20,10
2,6,50,S++,S++_10,S++_27,10
2,6,50,S++,S++_10,S++_21,10.3
2,6,50,S++,S++_10,S++_13,10.3
2,6,50,S++,S++_10,S++_15,10
2,6,50,S++,S++_10,S++_28,10
2,6,50,S++,S++_10,S++_30,10
2,6,50,S++,S++_10,S++_35,10
2,6,50,S++,S++_10,S++_36,10
2,6,50,S++,S++_10,S++_37,10
2,6,50,S++,S++_10,S++_45,10
2,6,50,S++,S++_10,S++_46,10
2,6,50,S++,S++_10,S++_40,10
2,6,50,S++,S++_10,S++_19,10.3
2,6,50,S++,S++_10,S++_43,10.3
2,6,50,S++,S++_10,S++_50,10.3
2,6,50,S++,S++_10,S++_24,10.3
2,6,50,S++,S++_10,S++_32,10.3
2,6,50,S++,S++_10,S++_44,10.3
2,6,50,S++,S++_10,S++_23,10
2,6,50,S++,S++_10,S++_39,10
2,6,50,S++,S++_11,S++_12,9.7
2,6,50,S++,S++_11,S++_44,9.7
2,6,50,S++,S++_11,S++_21,9.7
2,6,50,S++,S++_11,S++_23,9.7
2,6,50,S++,S++_11,S++_38,9.7
2,6,50,S++,S++_11,S++_34,10
2,6,50,S++,S++_11,S++_14,10
2,6,50,S++,S++_11,S++_39,10
2,6,50,S++,S++_11,S++_43,10
2,6,50,S++,S++_11,S++_13,10.3
2,6,50,S++,S++_11,S++_16,10.3
2,6,50,S++,S++_11,S++_49,10.3
2,6,50,S++,S++_11,S++_17,10
2,6,50,S++,S++_11,S++_25,10
2,6,50,S++,S++_11,S++_26,10
2,6,50,S++,S++_11,S++_29,10
2,6,50,S++,S++_11,S++_30,10.3
2,6,50,S++,S++_11,S++_32,10.3
2,6,50,S++,S++_11,S++_33,10.3
2,6,50,S++,S++_11,S++_20,10
2,6,50,S++,S++_11,S++_28,10
2,6,50,S++,S++_11,S++_22,10
2,6,50,S++,S++_11,S++_24,10
2,6,50,S++,S++_11,S++_36,10
2,6,50,S++,S++_12,S++_15,9.7
2,6,50,S++,S++_12,S++_19,9.7
2,6,50,S++,S++_12,S++_35,9.7
2,6,50,S++,S++_12,S++_22,9.7
2,6,50,S++,S++_12,S++_40,9.7
2,6,50,S++,S++_12,S++_18,10
2,6,50,S++,S++_12,S++_27,10
2,6,50,S++,S++_12,S++_26,10.3
2,6,50,S++,S++_12,S++_28,10.3
2,6,50,S++,S++_12,S++_44,10.3
2,6,50,S++,S++_12,S++_37,10
2,6,50,S++,S++_12,S++_42,10
2,6,50,S++,S++_12,S++_14,10
2,6,50,S++,S++_12,S++_31,10
2,6,50,S++,S++_12,S++_34,10
2,6,50,S++,S++_12,S++_49,10
2,6,50,S++,S++_12,S++_21,10.3
2,6,50,S++,S++_12,S++_47,10.3
2,6,50,S++,S++_12,S++_29,10
2,6,50,S++,S++_12,S++_36,10
2,6,50,S++,S++_12,S++_43,10
2,6,50,S++,S++_12,S++_13,10
2,6,50,S++,S++_13,S++_14,10
2,6,50,S++,S++_13,S++_26,10.3
2,6,50,S++,S++_13,S++_29,10.3
2,6,50,S++,S++_13,S++_40,10.3
2,6,50,S++,S++_13,S++_41,10.3
2,6,50,S++,S++_13,S++_28,10
2,6,50,S++,S++_13,S++_43,10
2,6,50,S++,S++_13,S++_17,10.3
2,6,50,S++,S++_13,S++_23,10.3
2,6,50,S++,S++_13,S++_25,10.3
2,6,50,S++,S++_13,S++_44,9.7
2,6,50,S++,S++_13,S++_48,9.7
2,6,50,S++,S++_13,S++_21,9.4
2,6,50,S++,S++_13,S++_27,9.4
2,6,50,S++,S++_13,S++_49,9.4
2,6,50,S++,S++_13,S++_50,9.7
2,6,50,S++,S++_13,S++_38,10
2,6,50,S++,S++_13,S++_46,10
2,6,50,S++,S++_14,S++_32,9.7
2,6,50,S++,S++_14,S++_33,9.7
2,6,50,S++,S++_14,S++_35,9.7
2,6,50,S++,S++_14,S++_16,9.7
2,6,50,S++,S++_14,S++_36,9.7
2,6,50,S++,S++_14,S++_38,9.4
2,6,50,S++,S++_14,S++_40,9.4
2,6,50,S++,S++_14,S++_49,9.4
2,6,50,S++,S++_14,S++_21,9.4
2,6,50,S++,S++_14,S++_26,9.4
2,6,50,S++,S++_14,S++_28,9.4
2,6,50,S++,S++_14,S++_29,9.4
2,6,50,S++,S++_14,S++_30,9.4
2,6,50,S++,S++_14,S++_45,9.4
2,6,50,S++,S++_14,S++_43,9.7
2,6,50,S++,S++_14,S++_23,9.4
2,6,50,S++,S++_14,S++_24,9.7
2,6,50,S++,S++_14,S++_25,9.7
2,6,50,S++,S++_14,S++_34,9.7
2,6,50,S++,S++_14,S++_27,10
2,6,50,S++,S++_14,S++_39,10
2,6,50,S++,S++_14,S++_37,10
2,6,50,S++,S++_14,S++_44,10
2,6,50,S++,S++_15,S++_16,9.7
2,6,50,S++,S++_15,S++_25,9.7
2,6,50,S++,S++_15,S++_33,9.7
2,6,50,S++,S++_15,S++_46,9.7
2,6,50,S++,S++_15,S++_24,9.7
2,6,50,S++,S++_15,S++_30,9.4
2,6,50,S++,S++_15,S++_43,9.4
2,6,50,S++,S++_15,S++_21,9.7
2,6,50,S++,S++_15,S++_22,9.7
2,6,50,S++,S++_15,S++_41,9.7
2,6,50,S++,S++_15,S++_29,9.4
2,6,50,S++,S++_15,S++_32,9.4
2,6,50,S++,S++_15,S++_47,9.4
2,6,50,S++,S++_15,S++_42,9.7
2,6,50,S++,S++_15,S++_50,9.7
2,6,50,S++,S++_15,S++_17,9.7
2,6,50,S++,S++_15,S++_19,9.7
2,6,50,S++,S++_15,S++_40,9.7
2,6,50,S++,S++_15,S++_49,9.7
2,6,50,S++,S++_15,S++_20,10
2,6,50,S++,S++_15,S++_23,10
2,6,50,S++,S++_15,S++_36,10
2,6,50,S++,S++_16,S++_21,9.7
2,6,50,S++,S++_16,S++_34,9.7
2,6,50,S++,S++_16,S++_26,9.7
2,6,50,S++,S++_16,S++_28,9.4
2,6,50,S++,S++_16,S++_39,9.4
2,6,50,S++,S++_16,S++_38,9.4
2,6,50,S++,S++_16,S++_32,9.7
2,6,50,S++,S++_16,S++_37,9.4
2,6,50,S++,S++_16,S++_40,9.4
2,6,50,S++,S++_16,S++_46,9.4
2,6,50,S++,S++_16,S++_24,9.4
2,6,50,S++,S++_16,S++_44,9.7
2,6,50,S++,S++_16,S++_18,10
2,6,50,S++,S++_16,S++_45,10
2,6,50,S++,S++_16,S++_27,10
2,6,50,S++,S++_17,S++_20,9.7
2,6,50,S++,S++_17,S++_46,9.7
2,6,50,S++,S++_17,S++_38,9.7
2,6,50,S++,S++_17,S++_25,10
2,6,50,S++,S++_17,S++_32,10
2,6,50,S++,S++_17,S++_36,10
2,6,50,S++,S++_17,S++_37,10
2,6,50,S++,S++_17,S++_49,10
2,6,50,S++,S++_18,S++_27,9.4
2,6,50,S++,S++_18,S++_49,9.4
2,6,50,S++,S++_18,S++_33,9.4
2,6,50,S++,S++_18,S++_42,9.7
2,6,50,S++,S++_18,S++_29,10
2,6,50,S++,S++_18,S++_31,10
2,6,50,S++,S++_19,S++_41,9.7
2,6,50,S++,S++_19,S++_44,9.7
2,6,50,S++,S++_19,S++_26,9.7
2,6,50,S++,S++_19,S++_20,9.7
2,6,50,S++,S++_19,S++_29,9.7
2,6,50,S++,S++_19,S++_30,9.7
2,6,50,S++,S++_19,S++_24,10
2,6,50,S++,S++_19,S++_34,10
2,6,50,S++,S++_19,S++_43,10
2,6,50,S++,S++_19,S++_50,10
2,6,50,S++,S++_19,S++_23,10.3
2,6,50,S++,S++_19,S++_46,10.3
2,6,50,S++,S++_19,S++_21,10
2,6,50,S++,S++_20,S++_24,9.7
2,6,50,S++,S++_20,S++_45,9.7
2,6,50,S++,S++_20,S++_25,9.7
2,6,50,S++,S++_20,S++_36,9.7
2,6,50,S++,S++_20,S++_46,9.7
2,6,50,S++,S++_20,S++_27,9.7
2,6,50,S++,S++_20,S++_22,10
2,6,50,S++,S++_20,S++_41,10
2,6,50,S++,S++_20,S++_30,10
2,6,50,S++,S++_20,S++_42,10.3
2,6,50,S++,S++_20,S++_44,10.3
2,6,50,S++,S++_20,S++_28,10.3
2,6,50,S++,S++_20,S++_49,10
2,6,50,S++,S++_20,S++_31,10
2,6,50,S++,S++_21,S++_27,9.7
2,6,50,S++,S++_21,S++_42,9.7
2,6,50,S++,S++_21,S++_46,9.7
2,6,50,S++,S++_21,S++_23,9.7
2,6,50,S++,S++_21,S++_40,9.7
2,6,50,S++,S++_21,S++_28,9.7
2,6,50,S++,S++_21,S++_32,9.7
2,6,50,S++,S++_21,S++_36,9.7
2,6,50,S++,S++_21,S++_39,9.7
2,6,50,S++,S++_21,S++_49,9.7
2,6,50,S++,S++_21,S++_34,10
2,6,50,S++,S++_21,S++_48,10
2,6,50,S++,S++_21,S++_25,10.3
2,6,50,S++,S++_22,S++_30,9.7
2,6,50,S++,S++_22,S++_43,9.7
2,6,50,S++,S++_22,S++_49,9.7
2,6,50,S++,S++_22,S++_36,9.7
2,6,50,S++,S++_22,S++_44,9.7
2,6,50,S++,S++_22,S++_45,9.7
2,6,50,S++,S++_22,S++_33,9.7
2,6,50,S++,S++_22,S++_27,10
2,6,50,S++,S++_22,S++_41,10
2,6,50,S++,S++_22,S++_42,10.3
2,6,50,S++,S++_22,S++_25,10
2,6,50,S++,S++_22,S++_24,10
2,6,50,S++,S++_22,S++_26,10
2,6,50,S++,S++_23,S++_46,9.7
2,6,50,S++,S++_23,S++_31,9.7
2,6,50,S++,S++_23,S++_35,9.7
2,6,50,S++,S++_23,S++_27,9.7
2,6,50,S++,S++_23,S++_33,9.7
2,6,50,S++,S++_23,S++_49,9.7
2,6,50,S++,S++_23,S++_26,10
2,6,50,S++,S++_23,S++_34,10
2,6,50,S++,S++_23,S++_24,10
2,6,50,S++,S++_23,S++_38,10
2,6,50,S++,S++_24,S++_44,9.7
2,6,50,S++,S++_24,S++_46,9.7
2,6,50,S++,S++_24,S++_36,9.7
2,6,50,S++,S++_24,S++_45,9.7
2,6,50,S++,S++_24,S++_48,9.7
2,6,50,S++,S++_24,S++_25,9.7
2,6,50,S++,S++_24,S++_49,9.7
2,6,50,S++,S++_24,S++_34,10.3
2,6,50,S++,S++_25,S++_33,9.7
2,6,50,S++,S++_25,S++_36,9.7
2,6,50,S++,S++_25,S++_46,9.7
2,6,50,S++,S++_25,S++_30,9.7
2,6,50,S++,S++_25,S++_44,9.7
2,6,50,S++,S++_25,S++_31,10
2,6,50,S++,S++_25,S++_37,10.3
2,6,50,S++,S++_25,S++_45,10.3
2,6,50,S++,S++_25,S++_26,10.3
2,6,50,S++,S++_25,S++_27,10.3
2,6,50,S++,S++_25,S++_29,10
2,6,50,S++,S++_25,S++_40,10
2,6,50,S++,S++_25,S++_42,10
2,6,50,S++,S++_26,S++_42,9.7
2,6,50,S++,S++_26,S++_49,9.7
2,6,50,S++,S++_26,S++_47,9.7
2,6,50,S++,S++_26,S++_35,9.7
2,6,50,S++,S++_26,S++_27,9.7
2,6,50,S++,S++_26,S++_29,9.4
2,6,50,S++,S++_26,S++_44,9.4
2,6,50,S++,S++_26,S++_28,9.7
2,6,50,S++,S++_26,S++_40,9.7
2,6,50,S++,S++_26,S++_34,10
2,6,50,S++,S++_27,S++_28,9.7
2,6,50,S++,S++_27,S++_39,9.7
2,6,50,S++,S++_27,S++_30,10
2,6,50,S++,S++_27,S++_33,10
2,6,50,S++,S++_28,S++_32,9.4
2,6,50,S++,S++_28,S++_34,9.4
2,6,50,S++,S++_28,S++_36,9.4
2,6,50,S++,S++_28,S++_35,9.7
2,6,50,S++,S++_28,S++_46,9.7
2,6,50,S++,S++_29,S++_38,9.4
2,6,50,S++,S++_29,S++_46,10
2,6,50,S++,S++_30,S++_43,9.4
2,6,50,S++,S++_30,S++_49,9.7
2,6,50,S++,S++_30,S++_34,9.7
2,6,50,S++,S++_30,S++_32,10
2,6,50,S++,S++_30,S++_42,10
2,6,50,S++,S++_31,S++_36,9.4
2,6,50,S++,S++_31,S++_33,9.4
2,6,50,S++,S++_31,S++_47,9.7
2,6,50,S++,S++_31,S++_35,9.7
2,6,50,S++,S++_31,S++_39,9.7
2,6,50,S++,S++_31,S++_48,10
2,6,50,S++,S++_32,S++_47,9.4
2,6,50,S++,S++_33,S++_45,9.7
2,6,50,S++,S++_33,S++_46,10
2,6,50,S++,S++_34,S++_38,9.4
2,6,50,S++,S++_34,S++_40,9.4
2,6,50,S++,S++_34,S++_43,9.4
2,6,50,S++,S++_35,S++_46,9.7
2,6,50,S++,S++_35,S++_49,9.7
2,6,50,S++,S++_36,S++_47,9.4
2,6,50,S++,S++_36,S++_48,9.4
2,6,50,S++,S++_36,S++_40,9.4
2,6,50,S++,S++_36,S++_44,9.4
2,6,50,S++,S++_36,S++_45,9.4
2,6,50,S++,S++_36,S++_46,9.7
2,6,50,S++,S++_36,S++_39,10
2,6,50,S++,S++_37,S++_44,9.4
2,6,50,S++,S++_37,S++_45,10.3
2,6,50,S++,S++_37,S++_42,10.3
2,6,50,S++,S++_37,S++_41,10
2,6,50,S++,S++_38,S++_45,9.7
2,6,50,S++,S++_38,S++_40,9.7
2,6,50,S++,S++_38,S++_42,9.7
2,6,50,S++,S++_38,S++_39,10.3
2,6,50,S++,S++_38,S++_44,10.3
2,6,50,S++,S++_38,S++_43,10
2,6,50,S++,S++_39,S++_41,9.7
2,6,50,S++,S++_39,S++_45,10
2,6,50,S++,S++_39,S++_49,10.3
2,6,50,S++,S++_39,S++_40,10.3
2,6,50,S++,S++_39,S++_46,10.3
2,6,50,S++,S++_40,S++_41,9.7
2,6,50,S++,S++_40,S++_46,10.3
2,6,50,S++,S++_40,S++_45,10
2,6,50,S++,S++_41,S++_44,9.7
2,6,50,S++,S++_41,S++_43,10
2,6,50,S++,S++_42,S++_50,9.7
2,6,50,S++,S++_42,S++_43,10.3
2,6,50,S++,S++_42,S++_48,10.3
2,6,50,S++,S++_43,S++_45,10
2,6,50,S++,S++_43,S++_46,10.3
2,6,50,S++,S++_43,S++_47,10
2,6,50,S++,S++_44,S++_45,9.7
2,6,50,S++,S++_46,S++_50,9.7
2,6,50,S++,S++_46,S++_48,10
2,6,50,S++,S++_47,S++_49,9.7
2,6,50,S++,S++_47,S++_50,10
2,6,50,S++,S++_48,S++_49,10
2,7,50,S++,S++_1,S++_7,10
2,7,50,S++,S++_1,S++_10,10
2,7,50,S++,S++_1,S++_24,10
2,7,50,S++,S++_1,S++_15,10
2,7,50,S++,S++_1,S++_41,10
2,7,50,S++,S++_1,S++_45,10
2,7,50,S++,S++_1,S++_28,10.3
2,7,50,S++,S++_1,S++_37,10.3
2,7,50,S++,S++_1,S++_20,10.3
2,7,50,S++,S++_1,S++_50,10.6
2,7,50,S++,S++_1,S++_3,10.6
2,7,50,S++,S++_1,S++_17,10.6
2,7,50,S++,S++_1,S++_40,10.6
2,7,50,S++,S++_1,S++_44,10.6
2,7,50,S++,S++_1,S++_33,10.3
2,7,50,S++,S++_1,S++_34,10.3
2,7,50,S++,S++_1,S++_42,10.3
2,7,50,S++,S++_1,S++_30,10.3
2,7,50,S++,S++_1,S++_36,10.3
2,7,50,S++,S++_1,S++_2,10
2,7,50,S++,S++_1,S++_8,10
2,7,50,S++,S++_1,S++_25,10
2,7,50,S++,S++_1,S++_43,10
2,7,50,S++,S++_1,S++_48,10
2,7,50,S++,S++_1,S++_5,10
2,7,50,S++,S++_1,S++_18,10
2,7,50,S++,S++_1,S++_35,10
2,7,50,S++,S++_1,S++_46,10
2,7,50,S++,S++_2,S++_40,10
2,7,50,S++,S++_2,S++_47,10
2,7,50,S++,S++_2,S++_34,10
2,7,50,S++,S++_2,S++_4,10.3
2,7,50,S++,S++_2,S++_8,10.3
2,7,50,S++,S++_2,S++_17,10.3
2,7,50,S++,S++_2,S++_28,10.3
2,7,50,S++,S++_2,S++_10,10.6
2,7,50,S++,S++_2,S++_12,10.6
2,7,50,S++,S++_2,S++_46,10.6
2,7,50,S++,S++_2,S++_18,10.6
2,7,50,S++,S++_2,S++_19,10.6
2,7,50,S++,S++_2,S++_32,10.6
2,7,50,S++,S++_2,S++_36,10.6
2,7,50,S++,S++_2,S++_5,10.3
2,7,50,S++,S++_2,S++_26,10.3
2,7,50,S++,S++_2,S++_6,10.3
2,7,50,S++,S++_2,S++_13,10.3
2,7,50,S++,S++_2,S++_22,10.3
2,7,50,S++,S++_2,S++_29,10.3
2,7,50,S++,S++_2,S++_15,10
2,7,50,S++,S++_2,S++_21,10
2,7,50,S++,S++_2,S++_27,10
2,7,50,S++,S++_2,S++_49,10
2,7,50,S++,S++_2,S++_25,10
2,7,50,S++,S++_2,S++_31,10
2,7,50,S++,S++_2,S++_39,10
2,7,50,S++,S++_2,S++_43,10
2,7,50,S++,S++_3,S++_18,10
2,7,50,S++,S++_3,S++_29,10
2,7,50,S++,S++_3,S++_39,10
2,7,50,S++,S++_3,S++_8,10.3
2,7,50,S++,S++_3,S++_45,10.3
2,7,50,S++,S++_3,S++_35,10.6
2,7,50,S++,S++_3,S++_49,10.6
2,7,50,S++,S++_3,S++_6,10.6
2,7,50,S++,S++_3,S++_36,10.6
2,7,50,S++,S++_3,S++_50,10.6
2,7,50,S++,S++_3,S++_12,10.3
2,7,50,S++,S++_3,S++_23,10.3
2,7,50,S++,S++_3,S++_26,10.3
2,7,50,S++,S++_3,S++_14,10.3
2,7,50,S++,S++_3,S++_31,10.3
2,7,50,S++,S++_3,S++_4,10
2,7,50,S++,S++_3,S++_15,10
2,7,50,S++,S++_3,S++_25,10
2,7,50,S++,S++_3,S++_40,10
2,7,50,S++,S++_3,S++_47,10
2,7,50,S++,S++_4,S++_35,10
2,7,50,S++,S++_4,S++_41,10
2,7,50,S++,S++_4,S++_15,10
2,7,50,S++,S++_4,S++_24,10
2,7,50,S++,S++_4,S++_42,10
2,7,50,S++,S++_4,S++_26,10.3
2,7,50,S++,S++_4,S++_43,10.3
2,7,50,S++,S++_4,S++_50,10.3
2,7,50,S++,S++_4,S++_19,10.6
2,7,50,S++,S++_4,S++_34,10.6
2,7,50,S++,S++_4,S++_29,10.6
2,7,50,S++,S++_4,S++_10,10.3
2,7,50,S++,S++_4,S++_33,10.3
2,7,50,S++,S++_4,S++_44,10.3
2,7,50,S++,S++_4,S++_23,10.6
2,7,50,S++,S++_4,S++_27,10.6
2,7,50,S++,S++_4,S++_5,10.6
2,7,50,S++,S++_4,S++_18,10.6
2,7,50,S++,S++_4,S++_6,10.3
2,7,50,S++,S++_4,S++_14,10.3
2,7,50,S++,S++_4,S++_22,10.3
2,7,50,S++,S++_4,S++_49,10.3
2,7,50,S++,S++_4,S++_28,10.3
2,7,50,S++,S++_4,S++_36,10.3
2,7,50,S++,S++_4,S++_45,10.3
2,7,50,S++,S++_4,S++_48,10.3
2,7,50,S++,S++_4,S++_30,10
2,7,50,S++,S++_4,S++_31,10
2,7,50,S++,S++_4,S++_32,10
2,7,50,S++,S++_4,S++_9,10
2,7,50,S++,S++_4,S++_25,10
2,7,50,S++,S++_5,S++_6,10
2,7,50,S++,S++_5,S++_8,10
2,7,50,S++,S++_5,S++_25,10
2,7,50,S++,S++_5,S++_30,10
2,7,50,S++,S++_5,S++_39,10
2,7,50,S++,S++_5,S++_43,10
2,7,50,S++,S++_5,S++_45,10
2,7,50,S++,S++_5,S++_48,10
2,7,50,S++,S++_5,S++_16,10
2,7,50,S++,S++_5,S++_41,10
2,7,50,S++,S++_5,S++_17,10.3
2,7,50,S++,S++_5,S++_22,10.3
2,7,50,S++,S++_5,S++_10,10.6
2,7,50,S++,S++_5,S++_28,10.3
2,7,50,S++,S++_5,S++_34,10.3
2,7,50,S++,S++_5,S++_15,10.6
2,7,50,S++,S++_5,S++_21,10.6
2,7,50,S++,S++_5,S++_26,10.6
2,7,50,S++,S++_5,S++_37,10.6
2,7,50,S++,S++_5,S++_40,10
2,7,50,S++,S++_5,S++_13,10
2,7,50,S++,S++_5,S++_14,10
2,7,50,S++,S++_5,S++_19,10
2,7,50,S++,S++_5,S++_20,10.3
2,7,50,S++,S++_5,S++_32,10.3
2,7,50,S++,S++_5,S++_36,10.3
2,7,50,S++,S++_5,S++_29,10
2,7,50,S++,S++_5,S++_46,10
2,7,50,S++,S++_5,S++_23,10
2,7,50,S++,S++_5,S++_33,10
2,7,50,S++,S++_6,S++_26,9.7
2,7,50,S++,S++_6,S++_14,9.7
2,7,50,S++,S++_6,S++_38,9.7
2,7,50,S++,S++_6,S++_44,9.7
2,7,50,S++,S++_6,S++_9,10
2,7,50,S++,S++_6,S++_22,10
2,7,50,S++,S++_6,S++_29,10
2,7,50,S++,S++_6,S++_31,10
2,7,50,S++,S++_6,S++_16,9.7
2,7,50,S++,S++_6,S++_18,9.7
2,7,50,S++,S++_6,S++_37,10
2,7,50,S++,S++_6,S++_12,10
2,7,50,S++,S++_6,S++_23,10
2,7,50,S++,S++_6,S++_13,10.3
2,7,50,S++,S++_6,S++_34,10.3
2,7,50,S++,S++_6,S++_43,10.3
2,7,50,S++,S++_6,S++_46,10
2,7,50,S++,S++_6,S++_49,10
2,7,50,S++,S++_6,S++_7,10
2,7,50,S++,S++_6,S++_11,10
2,7,50,S++,S++_6,S++_32,10
2,7,50,S++,S++_7,S++_12,9.7
2,7,50,S++,S++_7,S++_14,9.7
2,7,50,S++,S++_7,S++_15,9.7
2,7,50,S++,S++_7,S++_39,9.7
2,7,50,S++,S++_7,S++_16,9.7
2,7,50,S++,S++_7,S++_33,9.7
2,7,50,S++,S++_7,S++_17,10
2,7,50,S++,S++_7,S++_21,9.7
2,7,50,S++,S++_7,S++_35,9.7
2,7,50,S++,S++_7,S++_40,9.7
2,7,50,S++,S++_7,S++_44,9.7
2,7,50,S++,S++_7,S++_10,10
2,7,50,S++,S++_7,S++_26,10
2,7,50,S++,S++_7,S++_29,10
2,7,50,S++,S++_7,S++_36,10
2,7,50,S++,S++_7,S++_43,10
2,7,50,S++,S++_7,S++_45,10
2,7,50,S++,S++_7,S++_24,10
2,7,50,S++,S++_7,S++_28,10.3
2,7,50,S++,S++_7,S++_49,10.3
2,7,50,S++,S++_7,S++_20,10
2,7,50,S++,S++_7,S++_25,10
2,7,50,S++,S++_7,S++_32,10
2,7,50,S++,S++_7,S++_41,10
2,7,50,S++,S++_8,S++_9,9.7
2,7,50,S++,S++_8,S++_29,9.7
2,7,50,S++,S++_8,S++_35,9.7
2,7,50,S++,S++_8,S++_42,9.7
2,7,50,S++,S++_8,S++_33,9.7
2,7,50,S++,S++_8,S++_37,9.7
2,7,50,S++,S++_8,S++_50,9.7
2,7,50,S++,S++_8,S++_31,10
2,7,50,S++,S++_8,S++_32,10
2,7,50,S++,S++_8,S++_34,9.7
2,7,50,S++,S++_8,S++_16,10
2,7,50,S++,S++_8,S++_13,10.3
2,7,50,S++,S++_8,S++_24,10.3
2,7,50,S++,S++_8,S++_10,10
2,7,50,S++,S++_8,S++_18,10
2,7,50,S++,S++_8,S++_23,10
2,7,50,S++,S++_8,S++_39,10
2,7,50,S++,S++_9,S++_22,9.7
2,7,50,S++,S++_9,S++_13,9.7
2,7,50,S++,S++_9,S++_16,9.7
2,7,50,S++,S++_9,S++_32,9.7
2,7,50,S++,S++_9,S++_45,9.7
2,7,50,S++,S++_9,S++_48,9.7
2,7,50,S++,S++_9,S++_25,10
2,7,50,S++,S++_9,S++_37,10.3
2,7,50,S++,S++_9,S++_33,10.3
2,7,50,S++,S++_9,S++_19,10.6
2,7,50,S++,S++_9,S++_44,10.6
2,7,50,S++,S++_9,S++_15,10.6
2,7,50,S++,S++_9,S++_39,10.6
2,7,50,S++,S++_9,S++_49,10.6
2,7,50,S++,S++_9,S++_40,10.3
2,7,50,S++,S++_9,S++_10,10
2,7,50,S++,S++_9,S++_24,10
2,7,50,S++,S++_10,S++_25,10
2,7,50,S++,S++_10,S++_41,10.3
2,7,50,S++,S++_10,S++_48,10.3
2,7,50,S++,S++_10,S++_20,10.3
2,7,50,S++,S++_10,S++_27,10.3
2,7,50,S++,S++_10,S++_21,10.6
2,7,50,S++,S++_10,S++_13,10
2,7,50,S++,S++_10,S++_15,9.7
2,7,50,S++,S++_10,S++_28,9.7
2,7,50,S++,S++_10,S++_30,9.7
2,7,50,S++,S++_10,S++_35,9.7
2,7,50,S++,S++_10,S++_36,9.7
2,7,50,S++,S++_10,S++_37,9.7
2,7,50,S++,S++_10,S++_45,9.7
2,7,50,S++,S++_10,S++_46,9.7
2,7,50,S++,S++_10,S++_40,9.7
2,7,50,S++,S++_10,S++_19,10
2,7,50,S++,S++_10,S++_43,10
2,7,50,S++,S++_10,S++_50,10
2,7,50,S++,S++_10,S++_24,10
2,7,50,S++,S++_10,S++_32,10
2,7,50,S++,S++_10,S++_44,10
2,7,50,S++,S++_10,S++_23,9.7
2,7,50,S++,S++_10,S++_39,9.7
2,7,50,S++,S++_10,S++_11,10
2,7,50,S++,S++_10,S++_33,10
2,7,50,S++,S++_10,S++_34,10
2,7,50,S++,S++_10,S++_17,10
2,7,50,S++,S++_11,S++_12,9.4
2,7,50,S++,S++_11,S++_44,9.4
2,7,50,S++,S++_11,S++_21,9.4
2,7,50,S++,S++_11,S++_23,9.4
2,7,50,S++,S++_11,S++_38,9.4
2,7,50,S++,S++_11,S++_34,9.7
2,7,50,S++,S++_11,S++_14,9.7
2,7,50,S++,S++_11,S++_39,9.7
2,7,50,S++,S++_11,S++_43,9.7
2,7,50,S++,S++_11,S++_13,10
2,7,50,S++,S++_11,S++_16,10
2,7,50,S++,S++_11,S++_49,10
2,7,50,S++,S++_11,S++_17,9.7
2,7,50,S++,S++_11,S++_25,9.7
2,7,50,S++,S++_11,S++_26,9.7
2,7,50,S++,S++_11,S++_29,9.7
2,7,50,S++,S++_11,S++_30,10
2,7,50,S++,S++_11,S++_32,10
2,7,50,S++,S++_11,S++_33,10
2,7,50,S++,S++_11,S++_20,9.7
2,7,50,S++,S++_11,S++_28,9.7
2,7,50,S++,S++_11,S++_22,9.7
2,7,50,S++,S++_11,S++_24,9.7
2,7,50,S++,S++_11,S++_36,9.7
2,7,50,S++,S++_11,S++_27,10
2,7,50,S++,S++_11,S++_40,10
2,7,50,S++,S++_11,S++_41,10
2,7,50,S++,S++_11,S++_46,10
2,7,50,S++,S++_12,S++_15,9.4
2,7,50,S++,S++_12,S++_19,9.4
2,7,50,S++,S++_12,S++_35,9.4
2,7,50,S++,S++_12,S++_22,9.4
2,7,50,S++,S++_12,S++_40,9.4
2,7,50,S++,S++_12,S++_18,9.7
2,7,50,S++,S++_12,S++_27,9.7
2,7,50,S++,S++_12,S++_26,10
2,7,50,S++,S++_12,S++_28,10
2,7,50,S++,S++_12,S++_44,10
2,7,50,S++,S++_12,S++_37,9.7
2,7,50,S++,S++_12,S++_42,9.7
2,7,50,S++,S++_12,S++_14,9.7
2,7,50,S++,S++_12,S++_31,9.7
2,7,50,S++,S++_12,S++_34,9.7
2,7,50,S++,S++_12,S++_49,9.7
2,7,50,S++,S++_12,S++_21,10
2,7,50,S++,S++_12,S++_47,10
2,7,50,S++,S++_12,S++_29,9.7
2,7,50,S++,S++_12,S++_36,9.7
2,7,50,S++,S++_12,S++_43,9.7
2,7,50,S++,S++_12,S++_13,9.7
2,7,50,S++,S++_12,S++_33,10
2,7,50,S++,S++_12,S++_46,10
2,7,50,S++,S++_12,S++_23,10
2,7,50,S++,S++_12,S++_25,10
2,7,50,S++,S++_13,S++_14,9.7
2,7,50,S++,S++_13,S++_26,10
2,7,50,S++,S++_13,S++_29,10
2,7,50,S++,S++_13,S++_40,10
2,7,50,S++,S++_13,S++_41,10
2,7,50,S++,S++_13,S++_28,9.7
2,7,50,S++,S++_13,S++_43,9.7
2,7,50,S++,S++_13,S++_17,10
2,7,50,S++,S++_13,S++_23,10
2,7,50,S++,S++_13,S++_25,10
2,7,50,S++,S++_13,S++_44,9.4
2,7,50,S++,S++_13,S++_48,9.4
2,7,50,S++,S++_13,S++_50,9.4
2,7,50,S++,S++_13,S++_38,9.7
2,7,50,S++,S++_13,S++_46,9.7
2,7,50,S++,S++_13,S++_33,10
2,7,50,S++,S++_13,S++_39,10
2,7,50,S++,S++_13,S++_45,10
2,7,50,S++,S++_13,S++_21,10
2,7,50,S++,S++_13,S++_37,10
2,7,50,S++,S++_14,S++_32,9.4
2,7,50,S++,S++_14,S++_33,9.4
2,7,50,S++,S++_14,S++_35,9.4
2,7,50,S++,S++_14,S++_16,9.4
2,7,50,S++,S++_14,S++_36,9.4
2,7,50,S++,S++_14,S++_43,9.4
2,7,50,S++,S++_14,S++_24,9.4
2,7,50,S++,S++_14,S++_25,9.4
2,7,50,S++,S++_14,S++_34,9.4
2,7,50,S++,S++_14,S++_27,9.7
2,7,50,S++,S++_14,S++_39,9.7
2,7,50,S++,S++_14,S++_37,9.7
2,7,50,S++,S++_14,S++_44,9.7
2,7,50,S++,S++_14,S++_19,10
2,7,50,S++,S++_14,S++_41,10
2,7,50,S++,S++_15,S++_16,9.4
2,7,50,S++,S++_15,S++_25,9.4
2,7,50,S++,S++_15,S++_33,9.4
2,7,50,S++,S++_15,S++_46,9.4
2,7,50,S++,S++_15,S++_24,9.4
2,7,50,S++,S++_15,S++_21,9.4
2,7,50,S++,S++_15,S++_22,9.4
2,7,50,S++,S++_15,S++_41,9.4
2,7,50,S++,S++_15,S++_42,9.4
2,7,50,S++,S++_15,S++_50,9.4
2,7,50,S++,S++_15,S++_17,9.4
2,7,50,S++,S++_15,S++_19,9.4
2,7,50,S++,S++_15,S++_40,9.4
2,7,50,S++,S++_15,S++_49,9.4
2,7,50,S++,S++_15,S++_20,9.7
2,7,50,S++,S++_15,S++_23,9.7
2,7,50,S++,S++_15,S++_36,9.7
2,7,50,S++,S++_15,S++_34,10
2,7,50,S++,S++_16,S++_21,9.4
2,7,50,S++,S++_16,S++_34,9.4
2,7,50,S++,S++_16,S++_26,9.4
2,7,50,S++,S++_16,S++_32,9.4
2,7,50,S++,S++_16,S++_44,9.4
2,7,50,S++,S++_16,S++_18,9.7
2,7,50,S++,S++_16,S++_45,9.7
2,7,50,S++,S++_16,S++_27,9.7
2,7,50,S++,S++_16,S++_25,10
2,7,50,S++,S++_16,S++_36,10
2,7,50,S++,S++_17,S++_20,9.4
2,7,50,S++,S++_17,S++_46,9.4
2,7,50,S++,S++_17,S++_38,9.4
2,7,50,S++,S++_17,S++_25,9.7
2,7,50,S++,S++_17,S++_32,9.7
2,7,50,S++,S++_17,S++_36,9.7
2,7,50,S++,S++_17,S++_37,9.7
2,7,50,S++,S++_17,S++_49,9.7
2,7,50,S++,S++_17,S++_26,10
2,7,50,S++,S++_17,S++_39,10
2,7,50,S++,S++_17,S++_40,10
2,7,50,S++,S++_17,S++_19,10
2,7,50,S++,S++_17,S++_21,10
2,7,50,S++,S++_17,S++_44,10
2,7,50,S++,S++_18,S++_49,9.7
2,7,50,S++,S++_18,S++_33,9.7
2,7,50,S++,S++_18,S++_42,10
2,7,50,S++,S++_18,S++_29,10.3
2,7,50,S++,S++_18,S++_31,10.3
2,7,50,S++,S++_18,S++_21,10
2,7,50,S++,S++_18,S++_44,10
2,7,50,S++,S++_19,S++_41,10
2,7,50,S++,S++_19,S++_44,10
2,7,50,S++,S++_19,S++_26,10
2,7,50,S++,S++_19,S++_20,10
2,7,50,S++,S++_19,S++_29,10
2,7,50,S++,S++_19,S++_30,10
2,7,50,S++,S++_19,S++_24,10.3
2,7,50,S++,S++_19,S++_34,10.3
2,7,50,S++,S++_19,S++_43,10.3
2,7,50,S++,S++_19,S++_50,10.3
2,7,50,S++,S++_19,S++_23,10.6
2,7,50,S++,S++_19,S++_46,10.6
2,7,50,S++,S++_19,S++_21,10.3
2,7,50,S++,S++_19,S++_25,10
2,7,50,S++,S++_19,S++_33,10
2,7,50,S++,S++_19,S++_28,10
2,7,50,S++,S++_20,S++_24,10
2,7,50,S++,S++_20,S++_45,10
2,7,50,S++,S++_20,S++_25,10
2,7,50,S++,S++_20,S++_36,10
2,7,50,S++,S++_20,S++_46,10
2,7,50,S++,S++_20,S++_27,10
2,7,50,S++,S++_20,S++_22,10.3
2,7,50,S++,S++_20,S++_41,10.3
2,7,50,S++,S++_20,S++_30,10.3
2,7,50,S++,S++_20,S++_42,10.6
2,7,50,S++,S++_20,S++_44,10.6
2,7,50,S++,S++_20,S++_28,10.6
2,7,50,S++,S++_20,S++_49,10.3
2,7,50,S++,S++_20,S++_31,10.3
2,7,50,S++,S++_20,S++_48,10
2,7,50,S++,S++_20,S++_47,10
2,7,50,S++,S++_21,S++_27,10
2,7,50,S++,S++_21,S++_42,10
2,7,50,S++,S++_21,S++_46,10
2,7,50,S++,S++_21,S++_23,10
2,7,50,S++,S++_21,S++_40,10
2,7,50,S++,S++_21,S++_28,10
2,7,50,S++,S++_21,S++_32,10
2,7,50,S++,S++_21,S++_36,10
2,7,50,S++,S++_21,S++_39,10
2,7,50,S++,S++_21,S++_49,10
2,7,50,S++,S++_21,S++_34,10.3
2,7,50,S++,S++_21,S++_48,10.3
2,7,50,S++,S++_21,S++_25,10.6
2,7,50,S++,S++_21,S++_22,10
2,7,50,S++,S++_21,S++_26,10
2,7,50,S++,S++_21,S++_45,10
2,7,50,S++,S++_22,S++_30,10
2,7,50,S++,S++_22,S++_43,10
2,7,50,S++,S++_22,S++_49,10
2,7,50,S++,S++_22,S++_36,10
2,7,50,S++,S++_22,S++_44,10
2,7,50,S++,S++_22,S++_45,10
2,7,50,S++,S++_22,S++_33,10
2,7,50,S++,S++_22,S++_27,10.3
2,7,50,S++,S++_22,S++_41,10.3
2,7,50,S++,S++_22,S++_42,10.6
2,7,50,S++,S++_22,S++_25,10.3
2,7,50,S++,S++_22,S++_24,10.3
2,7,50,S++,S++_22,S++_26,10.3
2,7,50,S++,S++_22,S++_29,10
2,7,50,S++,S++_22,S++_39,10
2,7,50,S++,S++_23,S++_46,10
2,7,50,S++,S++_23,S++_31,10
2,7,50,S++,S++_23,S++_35,10
2,7,50,S++,S++_23,S++_27,10
2,7,50,S++,S++_23,S++_33,10
2,7,50,S++,S++_23,S++_49,10
2,7,50,S++,S++_23,S++_26,10.3
2,7,50,S++,S++_23,S++_34,10.3
2,7,50,S++,S++_23,S++_24,10.3
2,7,50,S++,S++_23,S++_38,10.3
2,7,50,S++,S++_23,S++_29,10
2,7,50,S++,S++_23,S++_47,10
2,7,50,S++,S++_23,S++_40,10
2,7,50,S++,S++_24,S++_44,10
2,7,50,S++,S++_24,S++_46,10
2,7,50,S++,S++_24,S++_36,10
2,7,50,S++,S++_24,S++_45,10
2,7,50,S++,S++_24,S++_48,10
2,7,50,S++,S++_24,S++_25,10
2,7,50,S++,S++_24,S++_49,10
2,7,50,S++,S++_24,S++_34,10.6
2,7,50,S++,S++_24,S++_39,10
2,7,50,S++,S++_24,S++_41,10
2,7,50,S++,S++_24,S++_43,10
2,7,50,S++,S++_24,S++_33,10
2,7,50,S++,S++_24,S++_42,10
2,7,50,S++,S++_25,S++_33,10
2,7,50,S++,S++_25,S++_36,10
2,7,50,S++,S++_25,S++_46,10
2,7,50,S++,S++_25,S++_30,10
2,7,50,S++,S++_25,S++_44,10
2,7,50,S++,S++_25,S++_31,10.3
2,7,50,S++,S++_25,S++_37,10.6
2,7,50,S++,S++_25,S++_45,10.6
2,7,50,S++,S++_25,S++_26,10.6
2,7,50,S++,S++_25,S++_27,10.6
2,7,50,S++,S++_25,S++_29,10.3
2,7,50,S++,S++_25,S++_40,10.3
2,7,50,S++,S++_25,S++_42,10.3
2,7,50,S++,S++_25,S++_28,10
2,7,50,S++,S++_26,S++_42,10
2,7,50,S++,S++_26,S++_49,10
2,7,50,S++,S++_26,S++_47,10
2,7,50,S++,S++_26,S++_35,10
2,7,50,S++,S++_26,S++_27,10
2,7,50,S++,S++_26,S++_29,9.7
2,7,50,S++,S++_26,S++_44,9.7
2,7,50,S++,S++_26,S++_28,10
2,7,50,S++,S++_26,S++_40,10
2,7,50,S++,S++_26,S++_34,10.3
2,7,50,S++,S++_26,S++_43,10
2,7,50,S++,S++_26,S++_48,10
2,7,50,S++,S++_26,S++_37,10
2,7,50,S++,S++_26,S++_38,10
2,7,50,S++,S++_27,S++_28,10
2,7,50,S++,S++_27,S++_39,10
2,7,50,S++,S++_27,S++_30,10.3
2,7,50,S++,S++_27,S++_33,10.3
2,7,50,S++,S++_27,S++_40,10
2,7,50,S++,S++_27,S++_41,10
2,7,50,S++,S++_28,S++_32,9.7
2,7,50,S++,S++_28,S++_34,9.7
2,7,50,S++,S++_28,S++_36,9.7
2,7,50,S++,S++_28,S++_35,10
2,7,50,S++,S++_28,S++_46,10
2,7,50,S++,S++_28,S++_38,10
2,7,50,S++,S++_28,S++_41,10
2,7,50,S++,S++_28,S++_43,10
2,7,50,S++,S++_29,S++_38,9.7
2,7,50,S++,S++_29,S++_46,10.3
2,7,50,S++,S++_29,S++_37,10
2,7,50,S++,S++_29,S++_41,10
2,7,50,S++,S++_29,S++_33,10
2,7,50,S++,S++_29,S++_34,10
2,7,50,S++,S++_29,S++_44,10
2,7,50,S++,S++_30,S++_43,9.7
2,7,50,S++,S++_30,S++_49,10
2,7,50,S++,S++_30,S++_34,10
2,7,50,S++,S++_30,S++_32,10.3
2,7,50,S++,S++_30,S++_42,10.3
2,7,50,S++,S++_30,S++_31,10
2,7,50,S++,S++_30,S++_35,10
2,7,50,S++,S++_30,S++_37,10
2,7,50,S++,S++_30,S++_39,10
2,7,50,S++,S++_30,S++_44,10
2,7,50,S++,S++_30,S++_47,10
2,7,50,S++,S++_31,S++_36,9.7
2,7,50,S++,S++_31,S++_33,9.7
2,7,50,S++,S++_31,S++_47,10
2,7,50,S++,S++_31,S++_35,10
2,7,50,S++,S++_31,S++_39,10
2,7,50,S++,S++_31,S++_48,10.3
2,7,50,S++,S++_32,S++_47,9.7
2,7,50,S++,S++_32,S++_37,10
2,7,50,S++,S++_32,S++_39,10
2,7,50,S++,S++_32,S++_42,10
2,7,50,S++,S++_33,S++_45,10
2,7,50,S++,S++_33,S++_46,10.3
2,7,50,S++,S++_34,S++_38,9.7
2,7,50,S++,S++_34,S++_40,9.7
2,7,50,S++,S++_34,S++_43,9.7
2,7,50,S++,S++_34,S++_37,10
2,7,50,S++,S++_34,S++_42,10
2,7,50,S++,S++_34,S++_44,10
2,7,50,S++,S++_35,S++_46,10
2,7,50,S++,S++_35,S++_49,10
2,7,50,S++,S++_35,S++_50,10
2,7,50,S++,S++_36,S++_47,9.7
2,7,50,S++,S++_36,S++_48,9.7
2,7,50,S++,S++_36,S++_40,9.7
2,7,50,S++,S++_36,S++_44,9.7
2,7,50,S++,S++_36,S++_45,9.7
2,7,50,S++,S++_36,S++_46,10
2,7,50,S++,S++_36,S++_39,10.3
2,7,50,S++,S++_36,S++_37,10
2,7,50,S++,S++_37,S++_44,9.7
2,7,50,S++,S++_37,S++_45,10.6
2,7,50,S++,S++_37,S++_42,10.6
2,7,50,S++,S++_37,S++_41,10.3
2,7,50,S++,S++_37,S++_39,10
2,7,50,S++,S++_37,S++_48,10
2,7,50,S++,S++_38,S++_45,10
2,7,50,S++,S++_38,S++_40,10
2,7,50,S++,S++_38,S++_42,10
2,7,50,S++,S++_38,S++_39,10.6
2,7,50,S++,S++_38,S++_44,10.6
2,7,50,S++,S++_38,S++_43,10.3
2,7,50,S++,S++_38,S++_41,10
2,7,50,S++,S++_39,S++_41,10
2,7,50,S++,S++_39,S++_45,10.3
2,7,50,S++,S++_39,S++_49,10.6
2,7,50,S++,S++_39,S++_40,10.6
2,7,50,S++,S++_39,S++_46,10.6
2,7,50,S++,S++_39,S++_50,10
2,7,50,S++,S++_40,S++_41,10
2,7,50,S++,S++_40,S++_46,10.6
2,7,50,S++,S++_40,S++_45,10.3
2,7,50,S++,S++_40,S++_43,10
2,7,50,S++,S++_41,S++_44,10
2,7,50,S++,S++_41,S++_43,10.3
2,7,50,S++,S++_41,S++_45,10
2,7,50,S++,S++_41,S++_48,10
2,7,50,S++,S++_41,S++_49,10
2,7,50,S++,S++_42,S++_50,10
2,7,50,S++,S++_42,S++_43,10.6
2,7,50,S++,S++_42,S++_48,10.6
2,7,50,S++,S++_42,S++_47,10
2,7,50,S++,S++_43,S++_45,10.3
2,7,50,S++,S++_43,S++_46,10.6
2,7,50,S++,S++_43,S++_47,10.3
2,7,50,S++,S++_43,S++_50,10
2,7,50,S++,S++_44,S++_45,10
2,7,50,S++,S++_45,S++_46,10
2,7,50,S++,S++_45,S++_48,10
2,7,50,S++,S++_45,S++_49,10
2,7,50,S++,S++_46,S++_50,9.4
2,7,50,S++,S++_46,S++_48,9.7
2,7,50,S++,S++_47,S++_49,9.4
2,7,50,S++,S++_47,S++_50,9.7
2,7,50,S++,S++_48,S++_49,9.7
2,8,50,S++,S++_1,S++_7,9.7
2,8,50,S++,S++_1,S++_10,9.7
2,8,50,S++,S++_1,S++_24,9.7
2,8,50,S++,S++_1,S++_15,9.7
2,8,50,S++,S++_1,S++_41,9.7
2,8,50,S++,S++_1,S++_45,9.7
2,8,50,S++,S++_1,S++_28,10
2,8,50,S++,S++_1,S++_37,10
2,8,50,S++,S++_1,S++_20,10
2,8,50,S++,S++_1,S++_50,10.3
2,8,50,S++,S++_1,S++_3,10.3
2,8,50,S++,S++_1,S++_17,10.3
2,8,50,S++,S++_1,S++_40,10.3
2,8,50,S++,S++_1,S++_44,10.3
2,8,50,S++,S++_1,S++_33,10
2,8,50,S++,S++_1,S++_34,10
2,8,50,S++,S++_1,S++_42,10
2,8,50,S++,S++_1,S++_30,10
2,8,50,S++,S++_1,S++_36,10
2,8,50,S++,S++_1,S++_2,9.7
2,8,50,S++,S++_1,S++_8,9.7
2,8,50,S++,S++_1,S++_25,9.7
2,8,50,S++,S++_1,S++_43,9.7
2,8,50,S++,S++_1,S++_48,9.7
2,8,50,S++,S++_1,S++_5,9.7
2,8,50,S++,S++_1,S++_18,9.7
2,8,50,S++,S++_1,S++_35,9.7
2,8,50,S++,S++_1,S++_46,9.7
2,8,50,S++,S++_1,S++_16,10
2,8,50,S++,S++_1,S++_19,10
2,8,50,S++,S++_1,S++_21,10
2,8,50,S++,S++_1,S++_31,10
2,8,50,S++,S++_1,S++_12,10
2,8,50,S++,S++_1,S++_13,10
2,8,50,S++,S++_1,S++_38,10
2,8,50,S++,S++_2,S++_40,9.7
2,8,50,S++,S++_2,S++_47,9.7
2,8,50,S++,S++_2,S++_34,9.7
2,8,50,S++,S++_2,S++_4,10
2,8,50,S++,S++_2,S++_8,10
2,8,50,S++,S++_2,S++_17,10
2,8,50,S++,S++_2,S++_28,10
2,8,50,S++,S++_2,S++_10,10.3
2,8,50,S++,S++_2,S++_12,10.3
2,8,50,S++,S++_2,S++_46,10.3
2,8,50,S++,S++_2,S++_18,10.3
2,8,50,S++,S++_2,S++_19,10.3
2,8,50,S++,S++_2,S++_32,10.3
2,8,50,S++,S++_2,S++_36,10.3
2,8,50,S++,S++_2,S++_5,10
2,8,50,S++,S++_2,S++_26,10
2,8,50,S++,S++_2,S++_6,10
2,8,50,S++,S++_2,S++_13,10
2,8,50,S++,S++_2,S++_22,10
2,8,50,S++,S++_2,S++_29,10
2,8,50,S++,S++_2,S++_15,9.7
2,8,50,S++,S++_2,S++_21,9.7
2,8,50,S++,S++_2,S++_27,9.7
2,8,50,S++,S++_2,S++_49,9.7
2,8,50,S++,S++_2,S++_25,9.7
2,8,50,S++,S++_2,S++_31,9.7
2,8,50,S++,S++_2,S++_39,9.7
2,8,50,S++,S++_2,S++_43,9.7
2,8,50,S++,S++_2,S++_9,10
2,8,50,S++,S++_2,S++_11,10
2,8,50,S++,S++_2,S++_35,10
2,8,50,S++,S++_2,S++_41,10
2,8,50,S++,S++_2,S++_30,10
2,8,50,S++,S++_2,S++_42,10
2,8,50,S++,S++_2,S++_45,10
2,8,50,S++,S++_3,S++_18,9.7
2,8,50,S++,S++_3,S++_29,9.7
2,8,50,S++,S++_3,S++_39,9.7
2,8,50,S++,S++_3,S++_8,10
2,8,50,S++,S++_3,S++_45,10
2,8,50,S++,S++_3,S++_35,10.3
2,8,50,S++,S++_3,S++_49,10.3
2,8,50,S++,S++_3,S++_6,10.3
2,8,50,S++,S++_3,S++_36,10.3
2,8,50,S++,S++_3,S++_50,10.3
2,8,50,S++,S++_3,S++_12,10
2,8,50,S++,S++_3,S++_23,10
2,8,50,S++,S++_3,S++_26,10
2,8,50,S++,S++_3,S++_14,10
2,8,50,S++,S++_3,S++_31,10
2,8,50,S++,S++_3,S++_4,9.7
2,8,50,S++,S++_3,S++_15,9.7
2,8,50,S++,S++_3,S++_25,9.7
2,8,50,S++,S++_3,S++_40,9.7
2,8,50,S++,S++_3,S++_47,9.7
2,8,50,S++,S++_3,S++_9,10
2,8,50,S++,S++_3,S++_11,10
2,8,50,S++,S++_3,S++_46,10
2,8,50,S++,S++_3,S++_13,10
2,8,50,S++,S++_3,S++_19,10
2,8,50,S++,S++_3,S++_33,10
2,8,50,S++,S++_3,S++_34,10
2,8,50,S++,S++_4,S++_35,9.7
2,8,50,S++,S++_4,S++_41,9.7
2,8,50,S++,S++_4,S++_15,9.7
2,8,50,S++,S++_4,S++_24,9.7
2,8,50,S++,S++_4,S++_42,9.7
2,8,50,S++,S++_4,S++_26,10
2,8,50,S++,S++_4,S++_43,10
2,8,50,S++,S++_4,S++_50,10
2,8,50,S++,S++_4,S++_19,10.3
2,8,50,S++,S++_4,S++_34,10.3
2,8,50,S++,S++_4,S++_29,10.3
2,8,50,S++,S++_4,S++_10,10
2,8,50,S++,S++_4,S++_33,10
2,8,50,S++,S++_4,S++_44,10
2,8,50,S++,S++_4,S++_23,10.3
2,8,50,S++,S++_4,S++_27,10.3
2,8,50,S++,S++_4,S++_5,10.3
2,8,50,S++,S++_4,S++_18,10.3
2,8,50,S++,S++_4,S++_6,10
2,8,50,S++,S++_4,S++_14,10
2,8,50,S++,S++_4,S++_22,10
2,8,50,S++,S++_4,S++_49,10
2,8,50,S++,S++_4,S++_28,10
2,8,50,S++,S++_4,S++_36,10
2,8,50,S++,S++_4,S++_45,10
2,8,50,S++,S++_4,S++_48,10
2,8,50,S++,S++_4,S++_30,9.7
2,8,50,S++,S++_4,S++_31,9.7
2,8,50,S++,S++_4,S++_32,9.7
2,8,50,S++,S++_4,S++_9,9.7
2,8,50,S++,S++_4,S++_25,9.7
2,8,50,S++,S++_4,S++_13,10
2,8,50,S++,S++_4,S++_37,10
2,8,50,S++,S++_4,S++_8,10
2,8,50,S++,S++_5,S++_6,9.7
2,8,50,S++,S++_5,S++_8,9.7
2,8,50,S++,S++_5,S++_25,9.7
2,8,50,S++,S++_5,S++_30,9.7
2,8,50,S++,S++_5,S++_39,9.7
2,8,50,S++,S++_5,S++_43,9.7
2,8,50,S++,S++_5,S++_45,9.7
2,8,50,S++,S++_5,S++_48,10.3
2,8,50,S++,S++_5,S++_16,10.3
2,8,50,S++,S++_5,S++_41,10.3
2,8,50,S++,S++_5,S++_17,10.6
2,8,50,S++,S++_5,S++_22,10.6
2,8,50,S++,S++_5,S++_10,10.9
2,8,50,S++,S++_5,S++_28,10.6
2,8,50,S++,S++_5,S++_34,10.6
2,8,50,S++,S++_5,S++_15,10.9
2,8,50,S++,S++_5,S++_21,10.9
2,8,50,S++,S++_5,S++_26,10.9
2,8,50,S++,S++_5,S++_37,10.9
2,8,50,S++,S++_5,S++_40,10.3
2,8,50,S++,S++_5,S++_13,10.3
2,8,50,S++,S++_5,S++_14,10.3
2,8,50,S++,S++_5,S++_19,10.3
2,8,50,S++,S++_5,S++_20,10.6
2,8,50,S++,S++_5,S++_32,10.6
2,8,50,S++,S++_5,S++_36,10.6
2,8,50,S++,S++_5,S++_29,10.3
2,8,50,S++,S++_5,S++_46,10.3
2,8,50,S++,S++_5,S++_23,10.3
2,8,50,S++,S++_5,S++_33,10.3
2,8,50,S++,S++_5,S++_7,10
2,8,50,S++,S++_5,S++_38,10
2,8,50,S++,S++_5,S++_9,10
2,8,50,S++,S++_5,S++_24,10
2,8,50,S++,S++_5,S++_44,10
2,8,50,S++,S++_5,S++_49,10
2,8,50,S++,S++_6,S++_26,10
2,8,50,S++,S++_6,S++_14,10
2,8,50,S++,S++_6,S++_38,10
2,8,50,S++,S++_6,S++_44,10
2,8,50,S++,S++_6,S++_9,10.3
2,8,50,S++,S++_6,S++_22,10.3
2,8,50,S++,S++_6,S++_29,10.3
2,8,50,S++,S++_6,S++_31,10.3
2,8,50,S++,S++_6,S++_16,10
2,8,50,S++,S++_6,S++_18,10
2,8,50,S++,S++_6,S++_37,10.3
2,8,50,S++,S++_6,S++_12,10.3
2,8,50,S++,S++_6,S++_23,10.3
2,8,50,S++,S++_6,S++_13,10.6
2,8,50,S++,S++_6,S++_34,10.6
2,8,50,S++,S++_6,S++_43,10.6
2,8,50,S++,S++_6,S++_46,10.3
2,8,50,S++,S++_6,S++_49,10.3
2,8,50,S++,S++_6,S++_7,10.3
2,8,50,S++,S++_6,S++_11,10.3
2,8,50,S++,S++_6,S++_32,10.3
2,8,50,S++,S++_6,S++_21,10
2,8,50,S++,S++_6,S++_35,10
2,8,50,S++,S++_6,S++_30,10
2,8,50,S++,S++_6,S++_39,10
2,8,50,S++,S++_6,S++_45,10
2,8,50,S++,S++_7,S++_12,10
2,8,50,S++,S++_7,S++_14,10
2,8,50,S++,S++_7,S++_15,10
2,8,50,S++,S++_7,S++_39,10
2,8,50,S++,S++_7,S++_16,10
2,8,50,S++,S++_7,S++_33,10
2,8,50,S++,S++_7,S++_17,10.3
2,8,50,S++,S++_7,S++_21,10
2,8,50,S++,S++_7,S++_35,10
2,8,50,S++,S++_7,S++_40,10
2,8,50,S++,S++_7,S++_44,10
2,8,50,S++,S++_7,S++_10,10.3
2,8,50,S++,S++_7,S++_26,10.3
2,8,50,S++,S++_7,S++_29,10.3
2,8,50,S++,S++_7,S++_36,10.3
2,8,50,S++,S++_7,S++_43,10.3
2,8,50,S++,S++_7,S++_45,10.3
2,8,50,S++,S++_7,S++_24,10.3
2,8,50,S++,S++_7,S++_28,10.6
2,8,50,S++,S++_7,S++_49,10.6
2,8,50,S++,S++_7,S++_20,10.3
2,8,50,S++,S++_7,S++_25,10.3
2,8,50,S++,S++_7,S++_32,10.3
2,8,50,S++,S++_7,S++_41,10.3
2,8,50,S++,S++_7,S++_8,10
2,8,50,S++,S++_7,S++_30,10
2,8,50,S++,S++_7,S++_31,10
2,8,50,S++,S++_7,S++_18,10
2,8,50,S++,S++_8,S++_9,10
2,8,50,S++,S++_8,S++_29,10
2,8,50,S++,S++_8,S++_35,10
2,8,50,S++,S++_8,S++_42,10
2,8,50,S++,S++_8,S++_33,10
2,8,50,S++,S++_8,S++_37,10
2,8,50,S++,S++_8,S++_50,10
2,8,50,S++,S++_8,S++_31,10.3
2,8,50,S++,S++_8,S++_32,10.3
2,8,50,S++,S++_8,S++_34,10
2,8,50,S++,S++_8,S++_16,10.3
2,8,50,S++,S++_8,S++_13,10.6
2,8,50,S++,S++_8,S++_24,10.6
2,8,50,S++,S++_8,S++_10,10.3
2,8,50,S++,S++_8,S++_18,10.3
2,8,50,S++,S++_8,S++_23,10.3
2,8,50,S++,S++_8,S++_39,10.3
2,8,50,S++,S++_8,S++_17,10
2,8,50,S++,S++_8,S++_20,10
2,8,50,S++,S++_8,S++_22,10
2,8,50,S++,S++_8,S++_25,10
2,8,50,S++,S++_8,S++_26,10
2,8,50,S++,S++_8,S++_36,10
2,8,50,S++,S++_8,S++_41,10
2,8,50,S++,S++_8,S++_46,10
2,8,50,S++,S++_8,S++_47,10
2,8,50,S++,S++_8,S++_48,10
2,8,50,S++,S++_8,S++_49,10
2,8,50,S++,S++_8,S++_30,10
2,8,50,S++,S++_8,S++_43,10
2,8,50,S++,S++_9,S++_22,10
2,8,50,S++,S++_9,S++_13,10
2,8,50,S++,S++_9,S++_16,10
2,8,50,S++,S++_9,S++_32,10
2,8,50,S++,S++_9,S++_45,10
2,8,50,S++,S++_9,S++_48,10
2,8,50,S++,S++_9,S++_25,10.3
2,8,50,S++,S++_9,S++_37,10.6
2,8,50,S++,S++_9,S++_33,10.6
2,8,50,S++,S++_9,S++_19,10.9
2,8,50,S++,S++_9,S++_44,10.9
2,8,50,S++,S++_9,S++_15,10.9
2,8,50,S++,S++_9,S++_39,10.9
2,8,50,S++,S++_9,S++_49,10.9
2,8,50,S++,S++_9,S++_40,10.6
2,8,50,S++,S++_9,S++_10,10.3
2,8,50,S++,S++_9,S++_24,10.3
2,8,50,S++,S++_9,S++_26,10
2,8,50,S++,S++_9,S++_29,10
2,8,50,S++,S++_9,S++_30,10
2,8,50,S++,S++_9,S++_14,10
2,8,50,S++,S++_9,S++_34,10
2,8,50,S++,S++_10,S++_25,10.3
2,8,50,S++,S++_10,S++_41,10.6
2,8,50,S++,S++_10,S++_48,10.6
2,8,50,S++,S++_10,S++_20,10.6
2,8,50,S++,S++_10,S++_27,10.6
2,8,50,S++,S++_10,S++_21,10.9
2,8,50,S++,S++_10,S++_13,10.3
2,8,50,S++,S++_10,S++_15,10
2,8,50,S++,S++_10,S++_28,10
2,8,50,S++,S++_10,S++_30,10
2,8,50,S++,S++_10,S++_35,10
2,8,50,S++,S++_10,S++_36,10
2,8,50,S++,S++_10,S++_37,10
2,8,50,S++,S++_10,S++_45,10
2,8,50,S++,S++_10,S++_46,10
2,8,50,S++,S++_10,S++_40,10
2,8,50,S++,S++_10,S++_19,10.3
2,8,50,S++,S++_10,S++_43,10.3
2,8,50,S++,S++_10,S++_50,10.3
2,8,50,S++,S++_10,S++_24,10.3
2,8,50,S++,S++_10,S++_32,10.3
2,8,50,S++,S++_10,S++_44,10.3
2,8,50,S++,S++_10,S++_23,10
2,8,50,S++,S++_10,S++_39,10
2,8,50,S++,S++_10,S++_11,10.3
2,8,50,S++,S++_10,S++_33,10.3
2,8,50,S++,S++_10,S++_34,10.3
2,8,50,S++,S++_10,S++_17,10.3
2,8,50,S++,S++_10,S++_12,10
2,8,50,S++,S++_10,S++_26,10
2,8,50,S++,S++_10,S++_38,10
2,8,50,S++,S++_10,S++_47,10
2,8,50,S++,S++_11,S++_12,9.7
2,8,50,S++,S++_11,S++_44,9.7
2,8,50,S++,S++_11,S++_21,9.7
2,8,50,S++,S++_11,S++_23,9.7
2,8,50,S++,S++_11,S++_38,9.7
2,8,50,S++,S++_11,S++_34,10
2,8,50,S++,S++_11,S++_14,10
2,8,50,S++,S++_11,S++_39,10
2,8,50,S++,S++_11,S++_43,10
2,8,50,S++,S++_11,S++_13,10.3
2,8,50,S++,S++_11,S++_16,10.3
2,8,50,S++,S++_11,S++_49,10.3
2,8,50,S++,S++_11,S++_17,10
2,8,50,S++,S++_11,S++_25,10
2,8,50,S++,S++_11,S++_26,10
2,8,50,S++,S++_11,S++_29,10
2,8,50,S++,S++_11,S++_30,10.3
2,8,50,S++,S++_11,S++_32,10.3
2,8,50,S++,S++_11,S++_33,10.3
2,8,50,S++,S++_11,S++_20,10
2,8,50,S++,S++_11,S++_28,10
2,8,50,S++,S++_11,S++_22,10
2,8,50,S++,S++_11,S++_24,10
2,8,50,S++,S++_11,S++_36,10
2,8,50,S++,S++_11,S++_27,10.3
2,8,50,S++,S++_11,S++_40,10.3
2,8,50,S++,S++_11,S++_41,10.3
2,8,50,S++,S++_11,S++_46,10.3
2,8,50,S++,S++_11,S++_18,10
2,8,50,S++,S++_11,S++_45,10
2,8,50,S++,S++_11,S++_48,10
2,8,50,S++,S++_11,S++_42,10
2,8,50,S++,S++_11,S++_50,10
2,8,50,S++,S++_12,S++_15,9.7
2,8,50,S++,S++_12,S++_19,9.7
2,8,50,S++,S++_12,S++_35,9.7
2,8,50,S++,S++_12,S++_18,9.4
2,8,50,S++,S++_12,S++_27,9.4
2,8,50,S++,S++_12,S++_26,9.7
2,8,50,S++,S++_12,S++_28,9.7
2,8,50,S++,S++_12,S++_44,9.7
2,8,50,S++,S++_12,S++_37,9.4
2,8,50,S++,S++_12,S++_42,9.4
2,8,50,S++,S++_12,S++_14,9.4
2,8,50,S++,S++_12,S++_31,9.4
2,8,50,S++,S++_12,S++_34,9.4
2,8,50,S++,S++_12,S++_49,9.4
2,8,50,S++,S++_12,S++_21,9.7
2,8,50,S++,S++_12,S++_47,9.7
2,8,50,S++,S++_12,S++_29,9.4
2,8,50,S++,S++_12,S++_36,9.4
2,8,50,S++,S++_12,S++_43,9.4
2,8,50,S++,S++_12,S++_13,9.4
2,8,50,S++,S++_12,S++_33,9.7
2,8,50,S++,S++_12,S++_46,9.7
2,8,50,S++,S++_12,S++_23,9.7
2,8,50,S++,S++_12,S++_25,9.7
2,8,50,S++,S++_12,S++_38,10
2,8,50,S++,S++_12,S++_50,10
2,8,50,S++,S++_13,S++_14,9.4
2,8,50,S++,S++_13,S++_26,9.7
2,8,50,S++,S++_13,S++_29,9.7
2,8,50,S++,S++_13,S++_40,9.7
2,8,50,S++,S++_13,S++_41,9.7
2,8,50,S++,S++_13,S++_28,9.4
2,8,50,S++,S++_13,S++_43,9.4
2,8,50,S++,S++_13,S++_17,9.7
2,8,50,S++,S++_13,S++_23,9.7
2,8,50,S++,S++_13,S++_25,9.7
2,8,50,S++,S++_13,S++_38,9.4
2,8,50,S++,S++_13,S++_46,9.4
2,8,50,S++,S++_13,S++_33,9.7
2,8,50,S++,S++_13,S++_39,9.7
2,8,50,S++,S++_13,S++_45,9.7
2,8,50,S++,S++_13,S++_21,9.7
2,8,50,S++,S++_13,S++_37,9.7
2,8,50,S++,S++_13,S++_22,10
2,8,50,S++,S++_13,S++_49,10
2,8,50,S++,S++_13,S++_35,10
2,8,50,S++,S++_14,S++_27,9.4
2,8,50,S++,S++_14,S++_39,9.4
2,8,50,S++,S++_14,S++_37,9.4
2,8,50,S++,S++_14,S++_44,9.4
2,8,50,S++,S++_14,S++_19,9.7
2,8,50,S++,S++_14,S++_41,9.7
2,8,50,S++,S++_14,S++_15,10
2,8,50,S++,S++_14,S++_17,10
2,8,50,S++,S++_14,S++_20,10
2,8,50,S++,S++_15,S++_20,9.4
2,8,50,S++,S++_15,S++_23,9.4
2,8,50,S++,S++_15,S++_36,9.4
2,8,50,S++,S++_15,S++_34,9.7
2,8,50,S++,S++_15,S++_27,10
2,8,50,S++,S++_15,S++_31,10
2,8,50,S++,S++_15,S++_39,10
2,8,50,S++,S++_15,S++_28,10
2,8,50,S++,S++_15,S++_29,10
2,8,50,S++,S++_15,S++_37,10
2,8,50,S++,S++_16,S++_18,9.4
2,8,50,S++,S++_16,S++_45,9.4
2,8,50,S++,S++_16,S++_27,9.4
2,8,50,S++,S++_16,S++_25,9.7
2,8,50,S++,S++_16,S++_36,9.7
2,8,50,S++,S++_16,S++_23,10
2,8,50,S++,S++_16,S++_29,10
2,8,50,S++,S++_16,S++_32,10
2,8,50,S++,S++_16,S++_33,10
2,8,50,S++,S++_16,S++_48,10
2,8,50,S++,S++_16,S++_50,10
2,8,50,S++,S++_17,S++_25,9.4
2,8,50,S++,S++_17,S++_32,9.4
2,8,50,S++,S++_17,S++_36,9.4
2,8,50,S++,S++_17,S++_37,9.4
2,8,50,S++,S++_17,S++_49,9.4
2,8,50,S++,S++_17,S++_26,9.7
2,8,50,S++,S++_17,S++_39,9.7
2,8,50,S++,S++_17,S++_40,9.7
2,8,50,S++,S++_17,S++_19,9.7
2,8,50,S++,S++_17,S++_21,9.7
2,8,50,S++,S++_17,S++_44,9.7
2,8,50,S++,S++_17,S++_27,10
2,8,50,S++,S++_17,S++_22,10
2,8,50,S++,S++_18,S++_49,9.4
2,8,50,S++,S++_18,S++_33,9.4
2,8,50,S++,S++_18,S++_42,9.7
2,8,50,S++,S++_18,S++_29,10
2,8,50,S++,S++_18,S++_31,10
2,8,50,S++,S++_18,S++_21,9.7
2,8,50,S++,S++_18,S++_44,9.7
2,8,50,S++,S++_18,S++_25,10
2,8,50,S++,S++_18,S++_48,10
2,8,50,S++,S++_18,S++_43,10
2,8,50,S++,S++_19,S++_41,9.7
2,8,50,S++,S++_19,S++_44,9.7
2,8,50,S++,S++_19,S++_26,9.7
2,8,50,S++,S++_19,S++_20,9.7
2,8,50,S++,S++_19,S++_29,9.7
2,8,50,S++,S++_19,S++_30,9.7
2,8,50,S++,S++_19,S++_24,10
2,8,50,S++,S++_19,S++_34,10
2,8,50,S++,S++_19,S++_43,10
2,8,50,S++,S++_19,S++_50,10
2,8,50,S++,S++_19,S++_23,10.3
2,8,50,S++,S++_19,S++_46,10.3
2,8,50,S++,S++_19,S++_21,10
2,8,50,S++,S++_19,S++_25,9.7
2,8,50,S++,S++_19,S++_33,9.7
2,8,50,S++,S++_19,S++_28,9.7
2,8,50,S++,S++_19,S++_27,10
2,8,50,S++,S++_19,S++_38,10
2,8,50,S++,S++_19,S++_22,10
2,8,50,S++,S++_19,S++_48,10
2,8,50,S++,S++_20,S++_24,9.7
2,8,50,S++,S++_20,S++_45,9.7
2,8,50,S++,S++_20,S++_25,9.7
2,8,50,S++,S++_20,S++_36,9.7
2,8,50,S++,S++_20,S++_46,9.7
2,8,50,S++,S++_20,S++_27,9.7
2,8,50,S++,S++_20,S++_22,10
2,8,50,S++,S++_20,S++_41,10
2,8,50,S++,S++_20,S++_30,10
2,8,50,S++,S++_20,S++_42,10.3
2,8,50,S++,S++_20,S++_44,10.3
2,8,50,S++,S++_20,S++_28,10.3
2,8,50,S++,S++_20,S++_49,10
2,8,50,S++,S++_20,S++_31,10
2,8,50,S++,S++_20,S++_48,9.7
2,8,50,S++,S++_20,S++_47,9.7
2,8,50,S++,S++_20,S++_38,10
2,8,50,S++,S++_20,S++_39,10
2,8,50,S++,S++_20,S++_40,10
2,8,50,S++,S++_20,S++_43,10
2,8,50,S++,S++_20,S++_23,10
2,8,50,S++,S++_20,S++_32,10
2,8,50,S++,S++_20,S++_34,10
2,8,50,S++,S++_21,S++_27,9.7
2,8,50,S++,S++_21,S++_42,9.7
2,8,50,S++,S++_21,S++_46,9.7
2,8,50,S++,S++_21,S++_23,9.7
2,8,50,S++,S++_21,S++_40,9.7
2,8,50,S++,S++_21,S++_28,9.7
2,8,50,S++,S++_21,S++_32,9.7
2,8,50,S++,S++_21,S++_36,9.7
2,8,50,S++,S++_21,S++_39,9.7
2,8,50,S++,S++_21,S++_49,9.7
2,8,50,S++,S++_21,S++_34,10
2,8,50,S++,S++_21,S++_48,10
2,8,50,S++,S++_21,S++_25,10.3
2,8,50,S++,S++_21,S++_22,9.7
2,8,50,S++,S++_21,S++_26,9.7
2,8,50,S++,S++_21,S++_45,9.7
2,8,50,S++,S++_21,S++_50,10
2,8,50,S++,S++_22,S++_30,9.7
2,8,50,S++,S++_22,S++_43,9.7
2,8,50,S++,S++_22,S++_49,9.7
2,8,50,S++,S++_22,S++_36,9.7
2,8,50,S++,S++_22,S++_44,9.7
2,8,50,S++,S++_22,S++_45,9.7
2,8,50,S++,S++_22,S++_33,9.7
2,8,50,S++,S++_22,S++_27,10
2,8,50,S++,S++_22,S++_41,10
2,8,50,S++,S++_22,S++_42,10.3
2,8,50,S++,S++_22,S++_25,10
2,8,50,S++,S++_22,S++_24,10
2,8,50,S++,S++_22,S++_26,10
2,8,50,S++,S++_22,S++_29,9.7
2,8,50,S++,S++_22,S++_39,9.7
2,8,50,S++,S++_22,S++_23,10
2,8,50,S++,S++_22,S++_32,10
2,8,50,S++,S++_22,S++_28,10
2,8,50,S++,S++_22,S++_35,10
2,8,50,S++,S++_23,S++_46,9.7
2,8,50,S++,S++_23,S++_31,9.7
2,8,50,S++,S++_23,S++_35,9.7
2,8,50,S++,S++_23,S++_27,9.7
2,8,50,S++,S++_23,S++_33,9.7
2,8,50,S++,S++_23,S++_49,9.7
2,8,50,S++,S++_23,S++_26,10
2,8,50,S++,S++_23,S++_34,10
2,8,50,S++,S++_23,S++_24,10
2,8,50,S++,S++_23,S++_38,10
2,8,50,S++,S++_23,S++_29,9.7
2,8,50,S++,S++_23,S++_47,9.7
2,8,50,S++,S++_23,S++_40,9.7
2,8,50,S++,S++_23,S++_39,10
2,8,50,S++,S++_23,S++_42,10
2,8,50,S++,S++_23,S++_45,10
2,8,50,S++,S++_23,S++_36,10
2,8,50,S++,S++_23,S++_50,10
2,8,50,S++,S++_24,S++_44,9.7
2,8,50,S++,S++_24,S++_46,9.7
2,8,50,S++,S++_24,S++_36,9.7
2,8,50,S++,S++_24,S++_45,9.7
2,8,50,S++,S++_24,S++_48,9.7
2,8,50,S++,S++_24,S++_25,9.7
2,8,50,S++,S++_24,S++_49,9.7
2,8,50,S++,S++_24,S++_34,10.3
2,8,50,S++,S++_24,S++_39,9.7
2,8,50,S++,S++_24,S++_41,9.7
2,8,50,S++,S++_24,S++_43,9.7
2,8,50,S++,S++_24,S++_33,9.7
2,8,50,S++,S++_24,S++_42,9.7
2,8,50,S++,S++_24,S++_27,10
2,8,50,S++,S++_24,S++_29,10
2,8,50,S++,S++_24,S++_31,10
2,8,50,S++,S++_24,S++_38,10
2,8,50,S++,S++_25,S++_33,9.7
2,8,50,S++,S++_25,S++_36,9.7
2,8,50,S++,S++_25,S++_46,9.7
2,8,50,S++,S++_25,S++_30,9.7
2,8,50,S++,S++_25,S++_44,9.7
2,8,50,S++,S++_25,S++_31,10
2,8,50,S++,S++_25,S++_37,10.3
2,8,50,S++,S++_25,S++_45,10.3
2,8,50,S++,S++_25,S++_26,10.3
2,8,50,S++,S++_25,S++_27,10.3
2,8,50,S++,S++_25,S++_29,10
2,8,50,S++,S++_25,S++_40,10
2,8,50,S++,S++_25,S++_42,10
2,8,50,S++,S++_25,S++_28,9.7
2,8,50,S++,S++_25,S++_38,10
2,8,50,S++,S++_26,S++_42,9.7
2,8,50,S++,S++_26,S++_49,9.7
2,8,50,S++,S++_26,S++_47,9.7
2,8,50,S++,S++_26,S++_35,9.7
2,8,50,S++,S++_26,S++_27,9.7
2,8,50,S++,S++_26,S++_29,9.4
2,8,50,S++,S++_26,S++_44,9.4
2,8,50,S++,S++_26,S++_28,9.7
2,8,50,S++,S++_26,S++_40,9.7
2,8,50,S++,S++_26,S++_34,10
2,8,50,S++,S++_26,S++_43,9.7
2,8,50,S++,S++_26,S++_48,9.7
2,8,50,S++,S++_26,S++_37,9.7
2,8,50,S++,S++_26,S++_38,9.7
2,8,50,S++,S++_26,S++_36,10
2,8,50,S++,S++_26,S++_50,10
2,8,50,S++,S++_26,S++_31,10
2,8,50,S++,S++_26,S++_45,10
2,8,50,S++,S++_27,S++_28,9.7
2,8,50,S++,S++_27,S++_39,9.7
2,8,50,S++,S++_27,S++_30,10
2,8,50,S++,S++_27,S++_33,10
2,8,50,S++,S++_27,S++_40,9.7
2,8,50,S++,S++_27,S++_41,9.7
2,8,50,S++,S++_27,S++_43,10
2,8,50,S++,S++_27,S++_45,10
2,8,50,S++,S++_27,S++_49,10
2,8,50,S++,S++_27,S++_38,10
2,8,50,S++,S++_28,S++_32,9.4
2,8,50,S++,S++_28,S++_34,9.4
2,8,50,S++,S++_28,S++_36,9.4
2,8,50,S++,S++_28,S++_35,9.7
2,8,50,S++,S++_28,S++_46,9.7
2,8,50,S++,S++_28,S++_38,9.7
2,8,50,S++,S++_28,S++_41,10.3
2,8,50,S++,S++_28,S++_43,10.3
2,8,50,S++,S++_28,S++_37,10
2,8,50,S++,S++_28,S++_48,10
2,8,50,S++,S++_29,S++_38,10
2,8,50,S++,S++_29,S++_46,10.6
2,8,50,S++,S++_29,S++_37,10.3
2,8,50,S++,S++_29,S++_41,10.3
2,8,50,S++,S++_29,S++_33,10.3
2,8,50,S++,S++_29,S++_34,10.3
2,8,50,S++,S++_29,S++_44,10.3
2,8,50,S++,S++_29,S++_30,10
2,8,50,S++,S++_29,S++_50,10
2,8,50,S++,S++_30,S++_43,10
2,8,50,S++,S++_30,S++_49,10.3
2,8,50,S++,S++_30,S++_34,10.3
2,8,50,S++,S++_30,S++_32,10.6
2,8,50,S++,S++_30,S++_42,10.6
2,8,50,S++,S++_30,S++_31,10.3
2,8,50,S++,S++_30,S++_35,10.3
2,8,50,S++,S++_30,S++_37,10.3
2,8,50,S++,S++_30,S++_39,10.3
2,8,50,S++,S++_30,S++_44,10.3
2,8,50,S++,S++_30,S++_47,10.3
2,8,50,S++,S++_30,S++_33,10
2,8,50,S++,S++_31,S++_36,10
2,8,50,S++,S++_31,S++_33,10
2,8,50,S++,S++_31,S++_47,10.3
2,8,50,S++,S++_31,S++_35,10.3
2,8,50,S++,S++_31,S++_39,10.3
2,8,50,S++,S++_31,S++_48,10.6
2,8,50,S++,S++_31,S++_49,10
2,8,50,S++,S++_31,S++_43,10
2,8,50,S++,S++_31,S++_45,10
2,8,50,S++,S++_31,S++_46,10
2,8,50,S++,S++_32,S++_47,10
2,8,50,S++,S++_32,S++_37,10.3
2,8,50,S++,S++_32,S++_39,10.3
2,8,50,S++,S++_32,S++_42,10.3
2,8,50,S++,S++_32,S++_33,10
2,8,50,S++,S++_32,S++_45,10
2,8,50,S++,S++_32,S++_46,10
2,8,50,S++,S++_33,S++_45,10.3
2,8,50,S++,S++_33,S++_46,10.6
2,8,50,S++,S++_33,S++_37,10
2,8,50,S++,S++_33,S++_38,10
2,8,50,S++,S++_34,S++_38,10
2,8,50,S++,S++_34,S++_40,10
2,8,50,S++,S++_34,S++_43,10
2,8,50,S++,S++_34,S++_37,10.3
2,8,50,S++,S++_34,S++_42,10.3
2,8,50,S++,S++_34,S++_44,10.3
2,8,50,S++,S++_34,S++_39,10
2,8,50,S++,S++_34,S++_47,10
2,8,50,S++,S++_34,S++_36,10
2,8,50,S++,S++_35,S++_46,10.3
2,8,50,S++,S++_35,S++_49,10.3
2,8,50,S++,S++_35,S++_50,10.3
2,8,50,S++,S++_35,S++_44,10
2,8,50,S++,S++_36,S++_47,10
2,8,50,S++,S++_36,S++_48,10
2,8,50,S++,S++_36,S++_40,10
2,8,50,S++,S++_36,S++_44,10
2,8,50,S++,S++_36,S++_45,10
2,8,50,S++,S++_36,S++_46,10.3
2,8,50,S++,S++_36,S++_39,10.6
2,8,50,S++,S++_36,S++_37,10.3
2,8,50,S++,S++_36,S++_42,10
2,8,50,S++,S++_37,S++_44,10
2,8,50,S++,S++_37,S++_45,10.9
2,8,50,S++,S++_37,S++_42,10.9
2,8,50,S++,S++_37,S++_41,10.6
2,8,50,S++,S++_37,S++_39,10.3
2,8,50,S++,S++_37,S++_48,10.3
2,8,50,S++,S++_37,S++_43,10
2,8,50,S++,S++_38,S++_45,10.3
2,8,50,S++,S++_38,S++_40,10.3
2,8,50,S++,S++_38,S++_42,10.3
2,8,50,S++,S++_38,S++_39,10.9
2,8,50,S++,S++_38,S++_44,10.9
2,8,50,S++,S++_38,S++_43,10.6
2,8,50,S++,S++_38,S++_41,10.3
2,8,50,S++,S++_38,S++_46,10
2,8,50,S++,S++_38,S++_49,10
2,8,50,S++,S++_38,S++_47,10
2,8,50,S++,S++_39,S++_41,10.3
2,8,50,S++,S++_39,S++_45,10.6
2,8,50,S++,S++_39,S++_49,10.9
2,8,50,S++,S++_39,S++_40,10.9
2,8,50,S++,S++_39,S++_46,10.9
2,8,50,S++,S++_39,S++_50,10.3
2,8,50,S++,S++_39,S++_47,10
2,8,50,S++,S++_40,S++_41,10.3
2,8,50,S++,S++_40,S++_46,10.9
2,8,50,S++,S++_40,S++_45,10.6
2,8,50,S++,S++_40,S++_43,10.3
2,8,50,S++,S++_40,S++_48,10
2,8,50,S++,S++_41,S++_44,10.3
2,8,50,S++,S++_41,S++_43,10.6
2,8,50,S++,S++_41,S++_45,10.3
2,8,50,S++,S++_41,S++_48,10.3
2,8,50,S++,S++_41,S++_49,10.3
2,8,50,S++,S++_41,S++_46,10
2,8,50,S++,S++_42,S++_50,10.3
2,8,50,S++,S++_42,S++_43,10.9
2,8,50,S++,S++_42,S++_48,10.9
2,8,50,S++,S++_42,S++_47,10.3
2,8,50,S++,S++_42,S++_44,10
2,8,50,S++,S++_42,S++_49,10
2,8,50,S++,S++_43,S++_45,10.6
2,8,50,S++,S++_43,S++_46,10.9
2,8,50,S++,S++_43,S++_47,10.6
2,8,50,S++,S++_43,S++_50,10.3
2,8,50,S++,S++_43,S++_48,10
2,8,50,S++,S++_44,S++_45,10.3
2,8,50,S++,S++_44,S++_46,10
2,8,50,S++,S++_44,S++_49,10
2,8,50,S++,S++_45,S++_46,10.3
2,8,50,S++,S++_45,S++_48,10.3
2,8,50,S++,S++_45,S++_49,10.3
2,8,50,S++,S++_46,S++_50,9.7
2,8,50,S++,S++_46,S++_48,10
2,8,50,S++,S++_47,S++_49,9.7
2,8,50,S++,S++_47,S++_50,10
2,8,50,S++,S++_48,S++_49,10
2,9,50,S++,S++_1,S++_7,10
2,9,50,S++,S++_1,S++_10,10
2,9,50,S++,S++_1,S++_24,10
2,9,50,S++,S++_1,S++_15,10
2,9,50,S++,S++_1,S++_41,10
2,9,50,S++,S++_1,S++_45,10
2,9,50,S++,S++_1,S++_28,10.3
2,9,50,S++,S++_1,S++_37,10.3
2,9,50,S++,S++_1,S++_20,10.3
2,9,50,S++,S++_1,S++_50,10.6
2,9,50,S++,S++_1,S++_3,10.6
2,9,50,S++,S++_1,S++_17,10.6
2,9,50,S++,S++_1,S++_40,10.6
2,9,50,S++,S++_1,S++_44,10.6
2,9,50,S++,S++_1,S++_33,10.3
2,9,50,S++,S++_1,S++_34,10.3
2,9,50,S++,S++_1,S++_42,10.3
2,9,50,S++,S++_1,S++_30,10.3
2,9,50,S++,S++_1,S++_36,10.3
2,9,50,S++,S++_1,S++_2,10
2,9,50,S++,S++_1,S++_8,10
2,9,50,S++,S++_1,S++_25,10
2,9,50,S++,S++_1,S++_43,10
2,9,50,S++,S++_1,S++_48,10
2,9,50,S++,S++_1,S++_5,10
2,9,50,S++,S++_1,S++_18,9.4
2,9,50,S++,S++_1,S++_35,9.4
2,9,50,S++,S++_1,S++_46,9.4
2,9,50,S++,S++_1,S++_16,9.7
2,9,50,S++,S++_1,S++_19,9.7
2,9,50,S++,S++_1,S++_21,9.7
2,9,50,S++,S++_1,S++_31,9.7
2,9,50,S++,S++_1,S++_12,9.7
2,9,50,S++,S++_1,S++_13,9.7
2,9,50,S++,S++_1,S++_38,9.7
2,9,50,S++,S++_1,S++_4,10
2,9,50,S++,S++_1,S++_22,10
2,9,50,S++,S++_1,S++_23,10
2,9,50,S++,S++_1,S++_32,10
2,9,50,S++,S++_1,S++_39,10
2,9,50,S++,S++_1,S++_49,10
2,9,50,S++,S++_2,S++_40,9.4
2,9,50,S++,S++_2,S++_47,9.4
2,9,50,S++,S++_2,S++_34,9.4
2,9,50,S++,S++_2,S++_4,9.7
2,9,50,S++,S++_2,S++_8,9.7
2,9,50,S++,S++_2,S++_17,9.7
2,9,50,S++,S++_2,S++_28,9.7
2,9,50,S++,S++_2,S++_10,10
2,9,50,S++,S++_2,S++_12,10
2,9,50,S++,S++_2,S++_46,10
2,9,50,S++,S++_2,S++_18,10
2,9,50,S++,S++_2,S++_19,10
2,9,50,S++,S++_2,S++_32,10
2,9,50,S++,S++_2,S++_36,10
2,9,50,S++,S++_2,S++_5,9.7
2,9,50,S++,S++_2,S++_26,9.7
2,9,50,S++,S++_2,S++_6,9.7
2,9,50,S++,S++_2,S++_13,9.7
2,9,50,S++,S++_2,S++_22,9.7
2,9,50,S++,S++_2,S++_29,9.7
2,9,50,S++,S++_2,S++_15,9.4
2,9,50,S++,S++_2,S++_21,9.4
2,9,50,S++,S++_2,S++_27,9.4
2,9,50,S++,S++_2,S++_49,9.4
2,9,50,S++,S++_2,S++_25,9.4
2,9,50,S++,S++_2,S++_31,9.4
2,9,50,S++,S++_2,S++_39,9.4
2,9,50,S++,S++_2,S++_43,9.4
2,9,50,S++,S++_2,S++_9,9.7
2,9,50,S++,S++_2,S++_11,9.7
2,9,50,S++,S++_2,S++_35,9.7
2,9,50,S++,S++_2,S++_41,9.7
2,9,50,S++,S++_2,S++_30,9.7
2,9,50,S++,S++_2,S++_42,9.7
2,9,50,S++,S++_2,S++_45,9.7
2,9,50,S++,S++_2,S++_14,10
2,9,50,S++,S++_2,S++_38,10
2,9,50,S++,S++_2,S++_44,10
2,9,50,S++,S++_2,S++_33,10
2,9,50,S++,S++_3,S++_18,9.4
2,9,50,S++,S++_3,S++_29,9.4
2,9,50,S++,S++_3,S++_39,9.4
2,9,50,S++,S++_3,S++_8,9.7
2,9,50,S++,S++_3,S++_45,9.7
2,9,50,S++,S++_3,S++_35,10
2,9,50,S++,S++_3,S++_49,10
2,9,50,S++,S++_3,S++_6,10
2,9,50,S++,S++_3,S++_36,10
2,9,50,S++,S++_3,S++_50,10
2,9,50,S++,S++_3,S++_12,9.7
2,9,50,S++,S++_3,S++_23,9.7
2,9,50,S++,S++_3,S++_26,9.7
2,9,50,S++,S++_3,S++_14,9.7
2,9,50,S++,S++_3,S++_31,9.7
2,9,50,S++,S++_3,S++_4,9.4
2,9,50,S++,S++_3,S++_15,9.4
2,9,50,S++,S++_3,S++_25,9.4
2,9,50,S++,S++_3,S++_40,9.4
2,9,50,S++,S++_3,S++_47,9.4
2,9,50,S++,S++_3,S++_9,9.7
2,9,50,S++,S++_3,S++_11,9.7
2,9,50,S++,S++_3,S++_46,9.7
2,9,50,S++,S++_3,S++_13,9.7
2,9,50,S++,S++_3,S++_19,9.7
2,9,50,S++,S++_3,S++_33,9.7
2,9,50,S++,S++_3,S++_34,9.7
2,9,50,S++,S++_3,S++_32,10
2,9,50,S++,S++_3,S++_7,10
2,9,50,S++,S++_3,S++_21,10
2,9,50,S++,S++_3,S++_44,10
2,9,50,S++,S++_4,S++_35,9.4
2,9,50,S++,S++_4,S++_41,9.4
2,9,50,S++,S++_4,S++_15,9.4
2,9,50,S++,S++_4,S++_24,9.4
2,9,50,S++,S++_4,S++_42,9.4
2,9,50,S++,S++_4,S++_26,9.7
2,9,50,S++,S++_4,S++_43,9.7
2,9,50,S++,S++_4,S++_50,9.7
2,9,50,S++,S++_4,S++_19,10
2,9,50,S++,S++_4,S++_34,10
2,9,50,S++,S++_4,S++_29,10
2,9,50,S++,S++_4,S++_10,9.7
2,9,50,S++,S++_4,S++_33,9.7
2,9,50,S++,S++_4,S++_44,9.7
2,9,50,S++,S++_4,S++_23,10
2,9,50,S++,S++_4,S++_27,10
2,9,50,S++,S++_4,S++_5,10
2,9,50,S++,S++_4,S++_18,10
2,9,50,S++,S++_4,S++_6,9.7
2,9,50,S++,S++_4,S++_14,9.7
2,9,50,S++,S++_4,S++_22,9.7
2,9,50,S++,S++_4,S++_49,9.7
2,9,50,S++,S++_4,S++_28,9.7
2,9,50,S++,S++_4,S++_36,9.7
2,9,50,S++,S++_4,S++_45,9.7
2,9,50,S++,S++_4,S++_48,9.7
2,9,50,S++,S++_4,S++_30,9.4
2,9,50,S++,S++_4,S++_31,9.4
2,9,50,S++,S++_4,S++_32,9.4
2,9,50,S++,S++_4,S++_9,9.4
2,9,50,S++,S++_4,S++_25,9.4
2,9,50,S++,S++_4,S++_13,9.7
2,9,50,S++,S++_4,S++_37,9.7
2,9,50,S++,S++_4,S++_8,9.7
2,9,50,S++,S++_4,S++_12,10
2,9,50,S++,S++_4,S++_20,10
2,9,50,S++,S++_4,S++_38,10
2,9,50,S++,S++_4,S++_39,10
2,9,50,S++,S++_4,S++_7,10
2,9,50,S++,S++_4,S++_11,10
2,9,50,S++,S++_5,S++_6,9.4
2,9,50,S++,S++_5,S++_8,9.4
2,9,50,S++,S++_5,S++_25,9.4
2,9,50,S++,S++_5,S++_30,9.4
2,9,50,S++,S++_5,S++_39,9.4
2,9,50,S++,S++_5,S++_43,9.4
2,9,50,S++,S++_5,S++_45,9.4
2,9,50,S++,S++_5,S++_48,10
2,9,50,S++,S++_5,S++_16,10
2,9,50,S++,S++_5,S++_41,10
2,9,50,S++,S++_5,S++_17,10.3
2,9,50,S++,S++_5,S++_22,10.3
2,9,50,S++,S++_5,S++_10,10.6
2,9,50,S++,S++_5,S++_28,10.3
2,9,50,S++,S++_5,S++_34,10.3
2,9,50,S++,S++_5,S++_15,10.6
2,9,50,S++,S++_5,S++_21,10.6
2,9,50,S++,S++_5,S++_26,10.6
2,9,50,S++,S++_5,S++_37,10.6
2,9,50,S++,S++_5,S++_40,10
2,9,50,S++,S++_5,S++_13,10
2,9,50,S++,S++_5,S++_14,10
2,9,50,S++,S++_5,S++_19,10
2,9,50,S++,S++_5,S++_20,10.3
2,9,50,S++,S++_5,S++_32,10.3
2,9,50,S++,S++_5,S++_36,10.3
2,9,50,S++,S++_5,S++_29,10
2,9,50,S++,S++_5,S++_46,10
2,9,50,S++,S++_5,S++_23,10
2,9,50,S++,S++_5,S++_33,10
2,9,50,S++,S++_5,S++_7,9.7
2,9,50,S++,S++_5,S++_38,9.7
2,9,50,S++,S++_5,S++_9,9.7
2,9,50,S++,S++_5,S++_24,9.7
2,9,50,S++,S++_5,S++_44,9.7
2,9,50,S++,S++_5,S++_49,9.7
2,9,50,S++,S++_5,S++_18,10
2,9,50,S++,S++_5,S++_27,10
2,9,50,S++,S++_5,S++_31,10
2,9,50,S++,S++_5,S++_42,10
2,9,50,S++,S++_5,S++_50,10
2,9,50,S++,S++_5,S++_11,10
2,9,50,S++,S++_6,S++_26,9.7
2,9,50,S++,S++_6,S++_14,9.7
2,9,50,S++,S++_6,S++_38,9.7
2,9,50,S++,S++_6,S++_44,9.7
2,9,50,S++,S++_6,S++_9,10
2,9,50,S++,S++_6,S++_22,10
2,9,50,S++,S++_6,S++_29,10
2,9,50,S++,S++_6,S++_31,10
2,9,50,S++,S++_6,S++_16,9.7
2,9,50,S++,S++_6,S++_18,9.7
2,9,50,S++,S++_6,S++_37,10
2,9,50,S++,S++_6,S++_12,10
2,9,50,S++,S++_6,S++_23,10
2,9,50,S++,S++_6,S++_13,10.3
2,9,50,S++,S++_6,S++_34,10.3
2,9,50,S++,S++_6,S++_43,10.3
2,9,50,S++,S++_6,S++_46,10
2,9,50,S++,S++_6,S++_49,10
2,9,50,S++,S++_6,S++_7,10
2,9,50,S++,S++_6,S++_11,10
2,9,50,S++,S++_6,S++_32,10
2,9,50,S++,S++_6,S++_21,9.7
2,9,50,S++,S++_6,S++_35,9.7
2,9,50,S++,S++_6,S++_30,9.7
2,9,50,S++,S++_6,S++_39,9.7
2,9,50,S++,S++_6,S++_45,9.7
2,9,50,S++,S++_6,S++_33,10
2,9,50,S++,S++_6,S++_36,10
2,9,50,S++,S++_6,S++_42,10
2,9,50,S++,S++_6,S++_48,10
2,9,50,S++,S++_7,S++_12,9.7
2,9,50,S++,S++_7,S++_14,9.7
2,9,50,S++,S++_7,S++_15,9.7
2,9,50,S++,S++_7,S++_39,9.7
2,9,50,S++,S++_7,S++_16,9.7
2,9,50,S++,S++_7,S++_33,9.7
2,9,50,S++,S++_7,S++_17,10
2,9,50,S++,S++_7,S++_21,9.7
2,9,50,S++,S++_7,S++_35,9.7
2,9,50,S++,S++_7,S++_40,9.7
2,9,50,S++,S++_7,S++_44,9.7
2,9,50,S++,S++_7,S++_10,10
2,9,50,S++,S++_7,S++_26,10
2,9,50,S++,S++_7,S++_29,10
2,9,50,S++,S++_7,S++_36,10
2,9,50,S++,S++_7,S++_43,10
2,9,50,S++,S++_7,S++_45,10
2,9,50,S++,S++_7,S++_24,10
2,9,50,S++,S++_7,S++_28,10.3
2,9,50,S++,S++_7,S++_49,10.3
2,9,50,S++,S++_7,S++_20,10
2,9,50,S++,S++_7,S++_25,10
2,9,50,S++,S++_7,S++_32,10
2,9,50,S++,S++_7,S++_41,10
2,9,50,S++,S++_7,S++_8,9.7
2,9,50,S++,S++_7,S++_30,9.7
2,9,50,S++,S++_7,S++_31,9.7
2,9,50,S++,S++_7,S++_18,9.7
2,9,50,S++,S++_7,S++_50,10
2,9,50,S++,S++_7,S++_19,10
2,9,50,S++,S++_7,S++_37,10
2,9,50,S++,S++_8,S++_9,9.7
2,9,50,S++,S++_8,S++_29,9.7
2,9,50,S++,S++_8,S++_35,9.7
2,9,50,S++,S++_8,S++_42,9.7
2,9,50,S++,S++_8,S++_33,9.7
2,9,50,S++,S++_8,S++_37,9.7
2,9,50,S++,S++_8,S++_50,9.7
2,9,50,S++,S++_8,S++_31,10
2,9,50,S++,S++_8,S++_32,10
2,9,50,S++,S++_8,S++_34,9.7
2,9,50,S++,S++_8,S++_16,10
2,9,50,S++,S++_8,S++_13,10.3
2,9,50,S++,S++_8,S++_24,10.3
2,9,50,S++,S++_8,S++_10,10
2,9,50,S++,S++_8,S++_18,10
2,9,50,S++,S++_8,S++_23,10
2,9,50,S++,S++_8,S++_39,10
2,9,50,S++,S++_8,S++_17,9.7
2,9,50,S++,S++_8,S++_20,9.7
2,9,50,S++,S++_8,S++_22,9.7
2,9,50,S++,S++_8,S++_25,9.7
2,9,50,S++,S++_8,S++_26,9.7
2,9,50,S++,S++_8,S++_36,9.7
2,9,50,S++,S++_8,S++_41,9.7
2,9,50,S++,S++_8,S++_46,9.7
2,9,50,S++,S++_8,S++_47,9.7
2,9,50,S++,S++_8,S++_48,9.7
2,9,50,S++,S++_8,S++_49,9.7
2,9,50,S++,S++_8,S++_30,9.7
2,9,50,S++,S++_8,S++_43,9.7
2,9,50,S++,S++_8,S++_38,10
2,9,50,S++,S++_8,S++_40,10
2,9,50,S++,S++_9,S++_22,9.7
2,9,50,S++,S++_9,S++_13,9.7
2,9,50,S++,S++_9,S++_16,9.7
2,9,50,S++,S++_9,S++_32,9.7
2,9,50,S++,S++_9,S++_45,9.7
2,9,50,S++,S++_9,S++_48,9.7
2,9,50,S++,S++_9,S++_25,10
2,9,50,S++,S++_9,S++_37,10.3
2,9,50,S++,S++_9,S++_33,10.3
2,9,50,S++,S++_9,S++_19,10.6
2,9,50,S++,S++_9,S++_44,10.6
2,9,50,S++,S++_9,S++_15,10.6
2,9,50,S++,S++_9,S++_39,10.6
2,9,50,S++,S++_9,S++_49,11.2
2,9,50,S++,S++_9,S++_40,10.9
2,9,50,S++,S++_9,S++_10,10.6
2,9,50,S++,S++_9,S++_24,10.6
2,9,50,S++,S++_9,S++_26,10.3
2,9,50,S++,S++_9,S++_29,10.3
2,9,50,S++,S++_9,S++_30,10.3
2,9,50,S++,S++_9,S++_14,10.3
2,9,50,S++,S++_9,S++_34,10.3
2,9,50,S++,S++_9,S++_11,10
2,9,50,S++,S++_9,S++_12,10
2,9,50,S++,S++_9,S++_20,10
2,9,50,S++,S++_9,S++_31,10
2,9,50,S++,S++_9,S++_43,10
2,9,50,S++,S++_9,S++_50,10
2,9,50,S++,S++_9,S++_23,10
2,9,50,S++,S++_9,S++_35,10
2,9,50,S++,S++_9,S++_42,10
2,9,50,S++,S++_10,S++_25,10.6
2,9,50,S++,S++_10,S++_41,10.9
2,9,50,S++,S++_10,S++_48,10.9
2,9,50,S++,S++_10,S++_20,10.9
2,9,50,S++,S++_10,S++_27,10.9
2,9,50,S++,S++_10,S++_21,11.2
2,9,50,S++,S++_10,S++_13,10.6
2,9,50,S++,S++_10,S++_15,10.3
2,9,50,S++,S++_10,S++_28,10.3
2,9,50,S++,S++_10,S++_30,10.3
2,9,50,S++,S++_10,S++_35,10.3
2,9,50,S++,S++_10,S++_36,10.3
2,9,50,S++,S++_10,S++_37,10.3
2,9,50,S++,S++_10,S++_45,10.3
2,9,50,S++,S++_10,S++_46,10.3
2,9,50,S++,S++_10,S++_40,10.3
2,9,50,S++,S++_10,S++_19,10.6
2,9,50,S++,S++_10,S++_43,10.6
2,9,50,S++,S++_10,S++_50,10.6
2,9,50,S++,S++_10,S++_24,10.6
2,9,50,S++,S++_10,S++_32,10.6
2,9,50,S++,S++_10,S++_44,10.6
2,9,50,S++,S++_10,S++_23,10.3
2,9,50,S++,S++_10,S++_39,10.3
2,9,50,S++,S++_10,S++_11,10.6
2,9,50,S++,S++_10,S++_33,10.6
2,9,50,S++,S++_10,S++_34,10.6
2,9,50,S++,S++_10,S++_17,10.6
2,9,50,S++,S++_10,S++_12,10.3
2,9,50,S++,S++_10,S++_26,10.3
2,9,50,S++,S++_10,S++_38,10.3
2,9,50,S++,S++_10,S++_47,10.3
2,9,50,S++,S++_10,S++_22,10
2,9,50,S++,S++_10,S++_29,10
2,9,50,S++,S++_10,S++_42,10
2,9,50,S++,S++_10,S++_49,10
2,9,50,S++,S++_10,S++_14,10
2,9,50,S++,S++_11,S++_12,10
2,9,50,S++,S++_11,S++_44,10
2,9,50,S++,S++_11,S++_21,10
2,9,50,S++,S++_11,S++_23,10
2,9,50,S++,S++_11,S++_38,10
2,9,50,S++,S++_11,S++_34,10.3
2,9,50,S++,S++_11,S++_14,10.3
2,9,50,S++,S++_11,S++_39,10.3
2,9,50,S++,S++_11,S++_43,10.3
2,9,50,S++,S++_11,S++_13,10.6
2,9,50,S++,S++_11,S++_16,10.6
2,9,50,S++,S++_11,S++_49,10.6
2,9,50,S++,S++_11,S++_17,10.3
2,9,50,S++,S++_11,S++_25,10.3
2,9,50,S++,S++_11,S++_26,10.3
2,9,50,S++,S++_11,S++_29,10.3
2,9,50,S++,S++_11,S++_30,10.6
2,9,50,S++,S++_11,S++_32,10.6
2,9,50,S++,S++_11,S++_33,10.6
2,9,50,S++,S++_11,S++_20,10.3
2,9,50,S++,S++_11,S++_28,10.3
2,9,50,S++,S++_11,S++_22,10.3
2,9,50,S++,S++_11,S++_24,10.3
2,9,50,S++,S++_11,S++_36,10.3
2,9,50,S++,S++_11,S++_27,10.6
2,9,50,S++,S++_11,S++_40,10.6
2,9,50,S++,S++_11,S++_41,10.6
2,9,50,S++,S++_11,S++_46,10.6
2,9,50,S++,S++_11,S++_18,10.3
2,9,50,S++,S++_11,S++_45,10.3
2,9,50,S++,S++_11,S++_48,10.3
2,9,50,S++,S++_11,S++_42,10.3
2,9,50,S++,S++_11,S++_50,10.3
2,9,50,S++,S++_11,S++_19,10
2,9,50,S++,S++_11,S++_37,10
2,9,50,S++,S++_11,S++_15,10
2,9,50,S++,S++_11,S++_35,10
2,9,50,S++,S++_12,S++_15,10
2,9,50,S++,S++_12,S++_19,10
2,9,50,S++,S++_12,S++_35,10
2,9,50,S++,S++_12,S++_18,9.7
2,9,50,S++,S++_12,S++_27,9.7
2,9,50,S++,S++_12,S++_26,10
2,9,50,S++,S++_12,S++_28,10
2,9,50,S++,S++_12,S++_44,10
2,9,50,S++,S++_12,S++_37,9.7
2,9,50,S++,S++_12,S++_42,9.7
2,9,50,S++,S++_12,S++_14,9.7
2,9,50,S++,S++_12,S++_31,9.7
2,9,50,S++,S++_12,S++_34,9.7
2,9,50,S++,S++_12,S++_49,9.7
2,9,50,S++,S++_12,S++_21,10
2,9,50,S++,S++_12,S++_47,10
2,9,50,S++,S++_12,S++_29,9.7
2,9,50,S++,S++_12,S++_36,9.7
2,9,50,S++,S++_12,S++_43,9.7
2,9,50,S++,S++_12,S++_13,9.7
2,9,50,S++,S++_12,S++_33,10
2,9,50,S++,S++_12,S++_46,10
2,9,50,S++,S++_12,S++_23,10
2,9,50,S++,S++_12,S++_25,10
2,9,50,S++,S++_12,S++_38,10.3
2,9,50,S++,S++_12,S++_50,10.3
2,9,50,S++,S++_12,S++_16,10
2,9,50,S++,S++_12,S++_32,10
2,9,50,S++,S++_12,S++_39,10
2,9,50,S++,S++_12,S++_45,10
2,9,50,S++,S++_12,S++_20,10
2,9,50,S++,S++_12,S++_24,10
2,9,50,S++,S++_12,S++_41,10
2,9,50,S++,S++_13,S++_14,9.7
2,9,50,S++,S++_13,S++_26,10
2,9,50,S++,S++_13,S++_29,10
2,9,50,S++,S++_13,S++_40,10
2,9,50,S++,S++_13,S++_41,10
2,9,50,S++,S++_13,S++_28,9.7
2,9,50,S++,S++_13,S++_43,9.7
2,9,50,S++,S++_13,S++_17,10
2,9,50,S++,S++_13,S++_23,10
2,9,50,S++,S++_13,S++_25,10
2,9,50,S++,S++_13,S++_38,9.7
2,9,50,S++,S++_13,S++_46,9.7
2,9,50,S++,S++_13,S++_33,10
2,9,50,S++,S++_13,S++_39,10
2,9,50,S++,S++_13,S++_45,10
2,9,50,S++,S++_13,S++_21,10
2,9,50,S++,S++_13,S++_37,10
2,9,50,S++,S++_13,S++_22,10.3
2,9,50,S++,S++_13,S++_49,10.3
2,9,50,S++,S++_13,S++_35,10.3
2,9,50,S++,S++_13,S++_16,10
2,9,50,S++,S++_13,S++_20,10
2,9,50,S++,S++_13,S++_31,10
2,9,50,S++,S++_13,S++_18,10
2,9,50,S++,S++_13,S++_19,10
2,9,50,S++,S++_13,S++_27,10
2,9,50,S++,S++_13,S++_32,10
2,9,50,S++,S++_13,S++_34,10
2,9,50,S++,S++_13,S++_42,10
2,9,50,S++,S++_14,S++_27,9.7
2,9,50,S++,S++_14,S++_39,9.7
2,9,50,S++,S++_14,S++_37,9.7
2,9,50,S++,S++_14,S++_44,9.7
2,9,50,S++,S++_14,S++_19,10
2,9,50,S++,S++_14,S++_41,10
2,9,50,S++,S++_14,S++_15,10.3
2,9,50,S++,S++_14,S++_17,10.3
2,9,50,S++,S++_14,S++_20,10.3
2,9,50,S++,S++_14,S++_46,10
2,9,50,S++,S++_14,S++_22,10
2,9,50,S++,S++_14,S++_25,10
2,9,50,S++,S++_14,S++_34,10
2,9,50,S++,S++_14,S++_47,10
2,9,50,S++,S++_15,S++_20,9.7
2,9,50,S++,S++_15,S++_23,9.7
2,9,50,S++,S++_15,S++_36,9.7
2,9,50,S++,S++_15,S++_34,10
2,9,50,S++,S++_15,S++_27,10.3
2,9,50,S++,S++_15,S++_31,10.3
2,9,50,S++,S++_15,S++_39,10.3
2,9,50,S++,S++_15,S++_28,10.3
2,9,50,S++,S++_15,S++_29,10.3
2,9,50,S++,S++_15,S++_37,10.3
2,9,50,S++,S++_15,S++_19,10
2,9,50,S++,S++_15,S++_32,10
2,9,50,S++,S++_15,S++_42,10
2,9,50,S++,S++_15,S++_38,10
2,9,50,S++,S++_15,S++_40,10
2,9,50,S++,S++_15,S++_49,10
2,9,50,S++,S++_16,S++_18,9.7
2,9,50,S++,S++_16,S++_45,9.7
2,9,50,S++,S++_16,S++_27,9.7
2,9,50,S++,S++_16,S++_25,10
2,9,50,S++,S++_16,S++_36,10
2,9,50,S++,S++_16,S++_23,10.3
2,9,50,S++,S++_16,S++_29,10.3
2,9,50,S++,S++_16,S++_32,10.3
2,9,50,S++,S++_16,S++_33,10.3
2,9,50,S++,S++_16,S++_48,10.3
2,9,50,S++,S++_16,S++_50,10.3
2,9,50,S++,S++_16,S++_20,10
2,9,50,S++,S++_16,S++_22,10
2,9,50,S++,S++_16,S++_42,10
2,9,50,S++,S++_16,S++_44,10
2,9,50,S++,S++_16,S++_46,10
2,9,50,S++,S++_16,S++_49,10
2,9,50,S++,S++_16,S++_19,10
2,9,50,S++,S++_16,S++_37,10
2,9,50,S++,S++_16,S++_40,10
2,9,50,S++,S++_16,S++_41,10
2,9,50,S++,S++_16,S++_47,10
2,9,50,S++,S++_17,S++_25,9.7
2,9,50,S++,S++_17,S++_32,9.7
2,9,50,S++,S++_17,S++_36,9.7
2,9,50,S++,S++_17,S++_37,9.7
2,9,50,S++,S++_17,S++_49,9.7
2,9,50,S++,S++_17,S++_26,10
2,9,50,S++,S++_17,S++_39,10
2,9,50,S++,S++_17,S++_40,10
2,9,50,S++,S++_17,S++_19,10
2,9,50,S++,S++_17,S++_21,10
2,9,50,S++,S++_17,S++_44,10
2,9,50,S++,S++_17,S++_27,10.3
2,9,50,S++,S++_17,S++_22,10.3
2,9,50,S++,S++_17,S++_20,10
2,9,50,S++,S++_17,S++_38,10
2,9,50,S++,S++_17,S++_23,10
2,9,50,S++,S++_17,S++_29,10
2,9,50,S++,S++_17,S++_35,10
2,9,50,S++,S++_18,S++_49,9.7
2,9,50,S++,S++_18,S++_33,9.7
2,9,50,S++,S++_18,S++_42,10
2,9,50,S++,S++_18,S++_29,10.3
2,9,50,S++,S++_18,S++_31,10.3
2,9,50,S++,S++_18,S++_21,10
2,9,50,S++,S++_18,S++_44,10
2,9,50,S++,S++_18,S++_25,10.3
2,9,50,S++,S++_18,S++_48,10.3
2,9,50,S++,S++_18,S++_43,10.3
2,9,50,S++,S++_18,S++_27,10
2,9,50,S++,S++_18,S++_32,10
2,9,50,S++,S++_19,S++_41,10
2,9,50,S++,S++_19,S++_44,10
2,9,50,S++,S++_19,S++_26,10
2,9,50,S++,S++_19,S++_20,10
2,9,50,S++,S++_19,S++_29,10
2,9,50,S++,S++_19,S++_30,10
2,9,50,S++,S++_19,S++_24,10.3
2,9,50,S++,S++_19,S++_34,10.3
2,9,50,S++,S++_19,S++_43,10.3
2,9,50,S++,S++_19,S++_50,10.3
2,9,50,S++,S++_19,S++_23,10.6
2,9,50,S++,S++_19,S++_46,10.6
2,9,50,S++,S++_19,S++_21,10.3
2,9,50,S++,S++_19,S++_25,10
2,9,50,S++,S++_19,S++_33,10
2,9,50,S++,S++_19,S++_28,10
2,9,50,S++,S++_19,S++_27,10.3
2,9,50,S++,S++_19,S++_38,10.3
2,9,50,S++,S++_19,S++_22,10.3
2,9,50,S++,S++_19,S++_48,10.3
2,9,50,S++,S++_19,S++_39,10
2,9,50,S++,S++_19,S++_40,10
2,9,50,S++,S++_19,S++_45,10
2,9,50,S++,S++_19,S++_47,10
2,9,50,S++,S++_20,S++_24,10
2,9,50,S++,S++_20,S++_45,10
2,9,50,S++,S++_20,S++_25,10
2,9,50,S++,S++_20,S++_36,10
2,9,50,S++,S++_20,S++_46,10
2,9,50,S++,S++_20,S++_27,10
2,9,50,S++,S++_20,S++_22,10.3
2,9,50,S++,S++_20,S++_41,10.3
2,9,50,S++,S++_20,S++_30,10.3
2,9,50,S++,S++_20,S++_42,10.6
2,9,50,S++,S++_20,S++_44,10.6
2,9,50,S++,S++_20,S++_28,10.6
2,9,50,S++,S++_20,S++_49,10.3
2,9,50,S++,S++_20,S++_31,10.3
2,9,50,S++,S++_20,S++_48,10
2,9,50,S++,S++_20,S++_47,10
2,9,50,S++,S++_20,S++_38,10.3
2,9,50,S++,S++_20,S++_39,10.3
2,9,50,S++,S++_20,S++_40,10.3
2,9,50,S++,S++_20,S++_43,10.3
2,9,50,S++,S++_20,S++_23,10.3
2,9,50,S++,S++_20,S++_32,10.3
2,9,50,S++,S++_20,S++_34,10.3
2,9,50,S++,S++_20,S++_37,10
2,9,50,S++,S++_20,S++_26,10
2,9,50,S++,S++_20,S++_29,10
2,9,50,S++,S++_20,S++_33,10
2,9,50,S++,S++_20,S++_50,10
2,9,50,S++,S++_21,S++_27,10
2,9,50,S++,S++_21,S++_42,10
2,9,50,S++,S++_21,S++_46,10
2,9,50,S++,S++_21,S++_23,10
2,9,50,S++,S++_21,S++_40,10
2,9,50,S++,S++_21,S++_28,10
2,9,50,S++,S++_21,S++_32,10
2,9,50,S++,S++_21,S++_36,10
2,9,50,S++,S++_21,S++_39,10
2,9,50,S++,S++_21,S++_49,10
2,9,50,S++,S++_21,S++_34,10.3
2,9,50,S++,S++_21,S++_48,10.3
2,9,50,S++,S++_21,S++_25,10.6
2,9,50,S++,S++_21,S++_22,10
2,9,50,S++,S++_21,S++_26,9.4
2,9,50,S++,S++_21,S++_45,9.4
2,9,50,S++,S++_21,S++_50,9.7
2,9,50,S++,S++_21,S++_37,10
2,9,50,S++,S++_21,S++_43,10
2,9,50,S++,S++_21,S++_24,10
2,9,50,S++,S++_21,S++_29,10
2,9,50,S++,S++_21,S++_31,10
2,9,50,S++,S++_22,S++_30,9.4
2,9,50,S++,S++_22,S++_43,9.4
2,9,50,S++,S++_22,S++_49,9.4
2,9,50,S++,S++_22,S++_36,9.4
2,9,50,S++,S++_22,S++_44,9.4
2,9,50,S++,S++_22,S++_45,9.4
2,9,50,S++,S++_22,S++_33,9.4
2,9,50,S++,S++_22,S++_27,9.7
2,9,50,S++,S++_22,S++_41,9.7
2,9,50,S++,S++_22,S++_42,10
2,9,50,S++,S++_22,S++_25,9.7
2,9,50,S++,S++_22,S++_24,9.7
2,9,50,S++,S++_22,S++_26,9.7
2,9,50,S++,S++_22,S++_29,9.4
2,9,50,S++,S++_22,S++_39,9.4
2,9,50,S++,S++_22,S++_23,9.7
2,9,50,S++,S++_22,S++_32,9.7
2,9,50,S++,S++_22,S++_28,9.7
2,9,50,S++,S++_22,S++_35,9.7
2,9,50,S++,S++_22,S++_38,10
2,9,50,S++,S++_22,S++_50,10
2,9,50,S++,S++_23,S++_46,9.4
2,9,50,S++,S++_23,S++_31,9.4
2,9,50,S++,S++_23,S++_35,9.4
2,9,50,S++,S++_23,S++_27,9.4
2,9,50,S++,S++_23,S++_33,9.4
2,9,50,S++,S++_23,S++_49,9.4
2,9,50,S++,S++_23,S++_26,9.7
2,9,50,S++,S++_23,S++_34,9.7
2,9,50,S++,S++_23,S++_24,9.7
2,9,50,S++,S++_23,S++_38,9.7
2,9,50,S++,S++_23,S++_29,9.4
2,9,50,S++,S++_23,S++_47,9.4
2,9,50,S++,S++_23,S++_40,9.4
2,9,50,S++,S++_23,S++_39,9.7
2,9,50,S++,S++_23,S++_42,9.7
2,9,50,S++,S++_23,S++_45,9.7
2,9,50,S++,S++_23,S++_36,9.7
2,9,50,S++,S++_23,S++_50,9.7
2,9,50,S++,S++_23,S++_25,10
2,9,50,S++,S++_23,S++_28,10
2,9,50,S++,S++_23,S++_32,10
2,9,50,S++,S++_23,S++_37,10
2,9,50,S++,S++_23,S++_41,10
2,9,50,S++,S++_23,S++_43,10
2,9,50,S++,S++_24,S++_44,9.4
2,9,50,S++,S++_24,S++_46,9.4
2,9,50,S++,S++_24,S++_36,9.4
2,9,50,S++,S++_24,S++_45,9.4
2,9,50,S++,S++_24,S++_48,9.4
2,9,50,S++,S++_24,S++_25,9.4
2,9,50,S++,S++_24,S++_49,9.4
2,9,50,S++,S++_24,S++_34,10
2,9,50,S++,S++_24,S++_39,9.4
2,9,50,S++,S++_24,S++_41,9.4
2,9,50,S++,S++_24,S++_43,9.4
2,9,50,S++,S++_24,S++_33,9.4
2,9,50,S++,S++_24,S++_42,9.4
2,9,50,S++,S++_24,S++_27,9.7
2,9,50,S++,S++_24,S++_29,9.7
2,9,50,S++,S++_24,S++_31,9.7
2,9,50,S++,S++_24,S++_38,9.7
2,9,50,S++,S++_24,S++_30,10
2,9,50,S++,S++_24,S++_47,10
2,9,50,S++,S++_24,S++_50,10
2,9,50,S++,S++_25,S++_33,9.4
2,9,50,S++,S++_25,S++_36,9.4
2,9,50,S++,S++_25,S++_46,9.4
2,9,50,S++,S++_25,S++_30,9.4
2,9,50,S++,S++_25,S++_44,9.4
2,9,50,S++,S++_25,S++_31,9.7
2,9,50,S++,S++_25,S++_37,10
2,9,50,S++,S++_25,S++_45,10
2,9,50,S++,S++_25,S++_26,10
2,9,50,S++,S++_25,S++_27,10
2,9,50,S++,S++_25,S++_29,9.7
2,9,50,S++,S++_25,S++_40,9.7
2,9,50,S++,S++_25,S++_42,9.7
2,9,50,S++,S++_25,S++_28,9.4
2,9,50,S++,S++_25,S++_38,9.7
2,9,50,S++,S++_25,S++_32,10
2,9,50,S++,S++_25,S++_35,10
2,9,50,S++,S++_25,S++_47,10
2,9,50,S++,S++_25,S++_48,10
2,9,50,S++,S++_25,S++_49,10
2,9,50,S++,S++_26,S++_42,9.4
2,9,50,S++,S++_26,S++_49,9.4
2,9,50,S++,S++_26,S++_47,9.4
2,9,50,S++,S++_26,S++_35,9.4
2,9,50,S++,S++_26,S++_27,9.4
2,9,50,S++,S++_26,S++_29,9.7
2,9,50,S++,S++_26,S++_44,9.7
2,9,50,S++,S++_26,S++_28,10
2,9,50,S++,S++_26,S++_40,10
2,9,50,S++,S++_26,S++_34,10.3
2,9,50,S++,S++_26,S++_43,10
2,9,50,S++,S++_26,S++_48,10
2,9,50,S++,S++_26,S++_37,10
2,9,50,S++,S++_26,S++_38,10
2,9,50,S++,S++_26,S++_36,10.3
2,9,50,S++,S++_26,S++_50,10.3
2,9,50,S++,S++_26,S++_31,10.3
2,9,50,S++,S++_26,S++_45,10.3
2,9,50,S++,S++_27,S++_28,10
2,9,50,S++,S++_27,S++_39,10
2,9,50,S++,S++_27,S++_30,10.3
2,9,50,S++,S++_27,S++_33,10.3
2,9,50,S++,S++_27,S++_40,10
2,9,50,S++,S++_27,S++_41,10
2,9,50,S++,S++_27,S++_43,10.3
2,9,50,S++,S++_27,S++_45,10.3
2,9,50,S++,S++_27,S++_49,10.3
2,9,50,S++,S++_27,S++_38,10.3
2,9,50,S++,S++_27,S++_46,10
2,9,50,S++,S++_27,S++_36,10
2,9,50,S++,S++_27,S++_48,10
2,9,50,S++,S++_27,S++_50,10
2,9,50,S++,S++_28,S++_32,9.7
2,9,50,S++,S++_28,S++_34,9.7
2,9,50,S++,S++_28,S++_36,9.7
2,9,50,S++,S++_28,S++_35,10
2,9,50,S++,S++_28,S++_46,10
2,9,50,S++,S++_28,S++_38,10
2,9,50,S++,S++_28,S++_41,10.6
2,9,50,S++,S++_28,S++_43,10.6
2,9,50,S++,S++_28,S++_37,10.3
2,9,50,S++,S++_28,S++_48,10.3
2,9,50,S++,S++_28,S++_31,10
2,9,50,S++,S++_28,S++_47,10
2,9,50,S++,S++_28,S++_30,10
2,9,50,S++,S++_28,S++_40,10
2,9,50,S++,S++_28,S++_50,10
2,9,50,S++,S++_29,S++_38,10.3
2,9,50,S++,S++_29,S++_46,10.9
2,9,50,S++,S++_29,S++_37,10.6
2,9,50,S++,S++_29,S++_41,10.6
2,9,50,S++,S++_29,S++_33,10.6
2,9,50,S++,S++_29,S++_34,10.6
2,9,50,S++,S++_29,S++_44,10.6
2,9,50,S++,S++_29,S++_30,10.3
2,9,50,S++,S++_29,S++_50,10.3
2,9,50,S++,S++_29,S++_31,10
2,9,50,S++,S++_29,S++_36,10
2,9,50,S++,S++_29,S++_47,10
2,9,50,S++,S++_30,S++_43,10.3
2,9,50,S++,S++_30,S++_49,10.6
2,9,50,S++,S++_30,S++_34,10.6
2,9,50,S++,S++_30,S++_32,10.9
2,9,50,S++,S++_30,S++_42,10.9
2,9,50,S++,S++_30,S++_31,10.6
2,9,50,S++,S++_30,S++_35,10.6
2,9,50,S++,S++_30,S++_37,10.6
2,9,50,S++,S++_30,S++_39,10.6
2,9,50,S++,S++_30,S++_44,10.6
2,9,50,S++,S++_30,S++_47,10.6
2,9,50,S++,S++_30,S++_33,10.3
2,9,50,S++,S++_30,S++_40,10
2,9,50,S++,S++_30,S++_50,10
2,9,50,S++,S++_31,S++_36,10.3
2,9,50,S++,S++_31,S++_33,10.3
2,9,50,S++,S++_31,S++_47,10.6
2,9,50,S++,S++_31,S++_35,10.6
2,9,50,S++,S++_31,S++_39,10.6
2,9,50,S++,S++_31,S++_48,10.9
2,9,50,S++,S++_31,S++_49,10.3
2,9,50,S++,S++_31,S++_43,10.3
2,9,50,S++,S++_31,S++_45,10.3
2,9,50,S++,S++_31,S++_46,10.3
2,9,50,S++,S++_31,S++_40,10
2,9,50,S++,S++_32,S++_47,10.3
2,9,50,S++,S++_32,S++_37,10.6
2,9,50,S++,S++_32,S++_39,10.6
2,9,50,S++,S++_32,S++_42,10.6
2,9,50,S++,S++_32,S++_33,10.3
2,9,50,S++,S++_32,S++_45,10.3
2,9,50,S++,S++_32,S++_46,10.3
2,9,50,S++,S++_32,S++_34,10
2,9,50,S++,S++_32,S++_36,10
2,9,50,S++,S++_32,S++_41,10
2,9,50,S++,S++_32,S++_44,10
2,9,50,S++,S++_32,S++_35,10
2,9,50,S++,S++_32,S++_48,10
2,9,50,S++,S++_32,S++_50,10
2,9,50,S++,S++_33,S++_45,10.6
2,9,50,S++,S++_33,S++_46,10.9
2,9,50,S++,S++_33,S++_37,10.3
2,9,50,S++,S++_33,S++_38,10.3
2,9,50,S++,S++_33,S++_44,10
2,9,50,S++,S++_33,S++_48,10
2,9,50,S++,S++_33,S++_49,10
2,9,50,S++,S++_34,S++_38,10.3
2,9,50,S++,S++_34,S++_40,10.3
2,9,50,S++,S++_34,S++_43,10.3
2,9,50,S++,S++_34,S++_37,10.6
2,9,50,S++,S++_34,S++_42,10.6
2,9,50,S++,S++_34,S++_44,10.6
2,9,50,S++,S++_34,S++_39,10.3
2,9,50,S++,S++_34,S++_47,10.3
2,9,50,S++,S++_34,S++_36,10.3
2,9,50,S++,S++_34,S++_45,10
2,9,50,S++,S++_35,S++_46,10.6
2,9,50,S++,S++_35,S++_49,10.6
2,9,50,S++,S++_35,S++_50,10.6
2,9,50,S++,S++_35,S++_44,10.3
2,9,50,S++,S++_35,S++_41,10
2,9,50,S++,S++_35,S++_48,10
2,9,50,S++,S++_35,S++_37,10
2,9,50,S++,S++_35,S++_42,10
2,9,50,S++,S++_36,S++_47,10.3
2,9,50,S++,S++_36,S++_48,10.3
2,9,50,S++,S++_36,S++_40,10.3
2,9,50,S++,S++_36,S++_44,10.3
2,9,50,S++,S++_36,S++_45,10.3
2,9,50,S++,S++_36,S++_46,10.6
2,9,50,S++,S++_36,S++_39,10.9
2,9,50,S++,S++_36,S++_37,10.6
2,9,50,S++,S++_36,S++_42,10.3
2,9,50,S++,S++_36,S++_49,10
2,9,50,S++,S++_36,S++_43,10
2,9,50,S++,S++_37,S++_44,10.3
2,9,50,S++,S++_37,S++_45,11.2
2,9,50,S++,S++_37,S++_42,11.2
2,9,50,S++,S++_37,S++_41,10.9
2,9,50,S++,S++_37,S++_39,10.6
2,9,50,S++,S++_37,S++_48,10.6
2,9,50,S++,S++_37,S++_43,10.3
2,9,50,S++,S++_37,S++_38,10
2,9,50,S++,S++_37,S++_40,10
2,9,50,S++,S++_37,S++_47,10
2,9,50,S++,S++_37,S++_49,10
2,9,50,S++,S++_38,S++_45,10.6
2,9,50,S++,S++_38,S++_40,10.6
2,9,50,S++,S++_38,S++_42,10.6
2,9,50,S++,S++_38,S++_39,11.2
2,9,50,S++,S++_38,S++_44,11.2
2,9,50,S++,S++_38,S++_43,10.9
2,9,50,S++,S++_38,S++_41,10.6
2,9,50,S++,S++_38,S++_46,10.3
2,9,50,S++,S++_38,S++_49,10.3
2,9,50,S++,S++_38,S++_47,10.3
2,9,50,S++,S++_38,S++_48,10
2,9,50,S++,S++_38,S++_50,10
2,9,50,S++,S++_39,S++_41,10.6
2,9,50,S++,S++_39,S++_45,10.9
2,9,50,S++,S++_39,S++_49,11.2
2,9,50,S++,S++_39,S++_40,11.2
2,9,50,S++,S++_39,S++_46,11.2
2,9,50,S++,S++_39,S++_50,10.6
2,9,50,S++,S++_39,S++_47,10.3
2,9,50,S++,S++_39,S++_42,10
2,9,50,S++,S++_40,S++_41,10.6
2,9,50,S++,S++_40,S++_46,11.2
2,9,50,S++,S++_40,S++_45,10.9
2,9,50,S++,S++_40,S++_43,10.6
2,9,50,S++,S++_40,S++_48,10.3
2,9,50,S++,S++_40,S++_44,10
2,9,50,S++,S++_40,S++_47,10
2,9,50,S++,S++_41,S++_44,10.6
2,9,50,S++,S++_41,S++_43,10.9
2,9,50,S++,S++_41,S++_45,10.6
2,9,50,S++,S++_41,S++_48,10.6
2,9,50,S++,S++_41,S++_49,10.6
2,9,50,S++,S++_41,S++_46,10.3
2,9,50,S++,S++_41,S++_47,10
2,9,50,S++,S++_42,S++_50,10.6
2,9,50,S++,S++_42,S++_43,11.2
2,9,50,S++,S++_42,S++_48,11.2
2,9,50,S++,S++_42,S++_47,10.6
2,9,50,S++,S++_42,S++_44,10.3
2,9,50,S++,S++_42,S++_49,10.3
2,9,50,S++,S++_42,S++_45,10
2,9,50,S++,S++_43,S++_45,10.9
2,9,50,S++,S++_43,S++_46,11.2
2,9,50,S++,S++_43,S++_47,10.9
2,9,50,S++,S++_43,S++_50,10.6
2,9,50,S++,S++_43,S++_48,10.3
2,9,50,S++,S++_43,S++_49,10
2,9,50,S++,S++_43,S++_44,10
2,9,50,S++,S++_44,S++_45,10.6
2,9,50,S++,S++_44,S++_46,10.3
2,9,50,S++,S++_44,S++_49,10.3
2,9,50,S++,S++_44,S++_48,10
2,9,50,S++,S++_44,S++_50,10
2,9,50,S++,S++_45,S++_46,10.6
2,9,50,S++,S++_45,S++_48,10.6
2,9,50,S++,S++_45,S++_49,10.6
2,9,50,S++,S++_46,S++_50,10
2,9,50,S++,S++_46,S++_48,10.3
2,9,50,S++,S++_46,S++_47,10
2,9,50,S++,S++_46,S++_49,10
2,9,50,S++,S++_47,S++_49,10
2,9,50,S++,S++_47,S++_50,10.3
2,9,50,S++,S++_47,S++_48,10
2,9,50,S++,S++_48,S++_49,10.3
2,9,50,S++,S++_48,S++_50,10
2,9,50,S++,S++_49,S++_50,10
2,10,50,S++,S++_1,S++_7,10.3
2,10,50,S++,S++_1,S++_10,10.3
2,10,50,S++,S++_1,S++_24,10.3
2,10,50,S++,S++_1,S++_15,10.3
2,10,50,S++,S++_1,S++_41,10.3
2,10,50,S++,S++_1,S++_45,10.3
2,10,50,S++,S++_1,S++_28,10.6
2,10,50,S++,S++_1,S++_37,10.6
2,10,50,S++,S++_1,S++_20,10.6
2,10,50,S++,S++_1,S++_50,10.9
2,10,50,S++,S++_1,S++_3,10.9
2,10,50,S++,S++_1,S++_17,10.9
2,10,50,S++,S++_1,S++_40,10.9
2,10,50,S++,S++_1,S++_44,10.9
2,10,50,S++,S++_1,S++_33,10.6
2,10,50,S++,S++_1,S++_34,10.6
2,10,50,S++,S++_1,S++_42,10.6
2,10,50,S++,S++_1,S++_30,10.6
2,10,50,S++,S++_1,S++_36,10.6
2,10,50,S++,S++_1,S++_2,10.3
2,10,50,S++,S++_1,S++_8,10.3
2,10,50,S++,S++_1,S++_25,10.3
2,10,50,S++,S++_1,S++_43,10.3
2,10,50,S++,S++_1,S++_48,10.3
2,10,50,S++,S++_1,S++_5,10.3
2,10,50,S++,S++_1,S++_18,9.7
2,10,50,S++,S++_1,S++_35,9.7
2,10,50,S++,S++_1,S++_46,9.7
2,10,50,S++,S++_1,S++_16,10
2,10,50,S++,S++_1,S++_19,10
2,10,50,S++,S++_1,S++_21,10
2,10,50,S++,S++_1,S++_31,10
2,10,50,S++,S++_1,S++_12,10
2,10,50,S++,S++_1,S++_13,10
2,10,50,S++,S++_1,S++_38,10
2,10,50,S++,S++_1,S++_4,10.3
2,10,50,S++,S++_1,S++_22,10.3
2,10,50,S++,S++_1,S++_23,10.3
2,10,50,S++,S++_1,S++_32,10.3
2,10,50,S++,S++_1,S++_39,10.3
2,10,50,S++,S++_1,S++_49,10.3
2,10,50,S++,S++_1,S++_6,10
2,10,50,S++,S++_1,S++_9,10
2,10,50,S++,S++_1,S++_11,10
2,10,50,S++,S++_1,S++_14,10
2,10,50,S++,S++_1,S++_26,10
2,10,50,S++,S++_1,S++_27,10
2,10,50,S++,S++_1,S++_47,10
2,10,50,S++,S++_1,S++_29,10
2,10,50,S++,S++_2,S++_40,9.7
2,10,50,S++,S++_2,S++_47,9.7
2,10,50,S++,S++_2,S++_34,9.7
2,10,50,S++,S++_2,S++_4,10
2,10,50,S++,S++_2,S++_8,10
2,10,50,S++,S++_2,S++_17,10
2,10,50,S++,S++_2,S++_28,10
2,10,50,S++,S++_2,S++_10,10.3
2,10,50,S++,S++_2,S++_12,10.3
2,10,50,S++,S++_2,S++_46,10.3
2,10,50,S++,S++_2,S++_18,10.3
2,10,50,S++,S++_2,S++_19,10.3
2,10,50,S++,S++_2,S++_32,10.3
2,10,50,S++,S++_2,S++_36,10.3
2,10,50,S++,S++_2,S++_5,10
2,10,50,S++,S++_2,S++_26,10
2,10,50,S++,S++_2,S++_6,10
2,10,50,S++,S++_2,S++_13,10
2,10,50,S++,S++_2,S++_22,10
2,10,50,S++,S++_2,S++_29,10
2,10,50,S++,S++_2,S++_15,9.7
2,10,50,S++,S++_2,S++_21,9.7
2,10,50,S++,S++_2,S++_27,9.7
2,10,50,S++,S++_2,S++_49,9.7
2,10,50,S++,S++_2,S++_25,9.7
2,10,50,S++,S++_2,S++_31,9.7
2,10,50,S++,S++_2,S++_39,9.7
2,10,50,S++,S++_2,S++_43,9.7
2,10,50,S++,S++_2,S++_9,10
2,10,50,S++,S++_2,S++_11,10
2,10,50,S++,S++_2,S++_35,10
2,10,50,S++,S++_2,S++_41,10
2,10,50,S++,S++_2,S++_30,10
2,10,50,S++,S++_2,S++_42,10
2,10,50,S++,S++_2,S++_45,10
2,10,50,S++,S++_2,S++_14,10.3
2,10,50,S++,S++_2,S++_38,10.3
2,10,50,S++,S++_2,S++_44,10.3
2,10,50,S++,S++_2,S++_33,10.3
2,10,50,S++,S++_2,S++_3,10
2,10,50,S++,S++_2,S++_16,10
2,10,50,S++,S++_2,S++_23,10
2,10,50,S++,S++_2,S++_37,10
2,10,50,S++,S++_2,S++_48,10
2,10,50,S++,S++_2,S++_50,10
2,10,50,S++,S++_2,S++_7,10
2,10,50,S++,S++_2,S++_20,10
2,10,50,S++,S++_3,S++_18,9.7
2,10,50,S++,S++_3,S++_29,9.7
2,10,50,S++,S++_3,S++_39,9.7
2,10,50,S++,S++_3,S++_8,10
2,10,50,S++,S++_3,S++_45,10
2,10,50,S++,S++_3,S++_35,10.3
2,10,50,S++,S++_3,S++_49,10.3
2,10,50,S++,S++_3,S++_6,10.3
2,10,50,S++,S++_3,S++_36,10.3
2,10,50,S++,S++_3,S++_50,10.3
2,10,50,S++,S++_3,S++_12,10
2,10,50,S++,S++_3,S++_23,10
2,10,50,S++,S++_3,S++_26,10
2,10,50,S++,S++_3,S++_14,10
2,10,50,S++,S++_3,S++_31,10
2,10,50,S++,S++_3,S++_4,9.7
2,10,50,S++,S++_3,S++_15,9.7
2,10,50,S++,S++_3,S++_25,9.7
2,10,50,S++,S++_3,S++_40,9.7
2,10,50,S++,S++_3,S++_47,9.7
2,10,50,S++,S++_3,S++_9,10
2,10,50,S++,S++_3,S++_11,10
2,10,50,S++,S++_3,S++_46,10
2,10,50,S++,S++_3,S++_13,10
2,10,50,S++,S++_3,S++_19,10
2,10,50,S++,S++_3,S++_33,10
2,10,50,S++,S++_3,S++_34,10
2,10,50,S++,S++_3,S++_32,10.3
2,10,50,S++,S++_3,S++_7,10.3
2,10,50,S++,S++_3,S++_21,10.3
2,10,50,S++,S++_3,S++_44,10.3
2,10,50,S++,S++_3,S++_22,10
2,10,50,S++,S++_3,S++_38,10
2,10,50,S++,S++_3,S++_5,10
2,10,50,S++,S++_3,S++_28,10
2,10,50,S++,S++_3,S++_37,10
2,10,50,S++,S++_3,S++_43,10
2,10,50,S++,S++_3,S++_48,10
2,10,50,S++,S++_4,S++_35,9.7
2,10,50,S++,S++_4,S++_41,9.7
2,10,50,S++,S++_4,S++_15,9.7
2,10,50,S++,S++_4,S++_24,9.7
2,10,50,S++,S++_4,S++_42,9.7
2,10,50,S++,S++_4,S++_26,10
2,10,50,S++,S++_4,S++_43,10
2,10,50,S++,S++_4,S++_50,9.4
2,10,50,S++,S++_4,S++_19,9.7
2,10,50,S++,S++_4,S++_34,9.7
2,10,50,S++,S++_4,S++_29,9.7
2,10,50,S++,S++_4,S++_10,9.4
2,10,50,S++,S++_4,S++_33,9.4
2,10,50,S++,S++_4,S++_44,9.4
2,10,50,S++,S++_4,S++_23,9.7
2,10,50,S++,S++_4,S++_27,9.7
2,10,50,S++,S++_4,S++_5,9.7
2,10,50,S++,S++_4,S++_18,9.7
2,10,50,S++,S++_4,S++_6,9.4
2,10,50,S++,S++_4,S++_14,9.4
2,10,50,S++,S++_4,S++_22,9.4
2,10,50,S++,S++_4,S++_49,9.4
2,10,50,S++,S++_4,S++_28,9.4
2,10,50,S++,S++_4,S++_36,9.4
2,10,50,S++,S++_4,S++_45,9.4
2,10,50,S++,S++_4,S++_48,9.4
2,10,50,S++,S++_4,S++_13,9.4
2,10,50,S++,S++_4,S++_37,9.4
2,10,50,S++,S++_4,S++_8,9.4
2,10,50,S++,S++_4,S++_12,9.7
2,10,50,S++,S++_4,S++_20,9.7
2,10,50,S++,S++_4,S++_38,9.7
2,10,50,S++,S++_4,S++_39,9.7
2,10,50,S++,S++_4,S++_7,9.7
2,10,50,S++,S++_4,S++_11,9.7
2,10,50,S++,S++_4,S++_40,10
2,10,50,S++,S++_4,S++_46,10
2,10,50,S++,S++_4,S++_17,10
2,10,50,S++,S++_4,S++_21,10
2,10,50,S++,S++_4,S++_47,10
2,10,50,S++,S++_5,S++_48,9.7
2,10,50,S++,S++_5,S++_16,9.7
2,10,50,S++,S++_5,S++_41,9.7
2,10,50,S++,S++_5,S++_17,10
2,10,50,S++,S++_5,S++_22,10
2,10,50,S++,S++_5,S++_10,10.3
2,10,50,S++,S++_5,S++_28,10
2,10,50,S++,S++_5,S++_34,10
2,10,50,S++,S++_5,S++_15,10.3
2,10,50,S++,S++_5,S++_21,10.3
2,10,50,S++,S++_5,S++_26,10.3
2,10,50,S++,S++_5,S++_37,10.3
2,10,50,S++,S++_5,S++_40,9.7
2,10,50,S++,S++_5,S++_13,9.7
2,10,50,S++,S++_5,S++_14,9.7
2,10,50,S++,S++_5,S++_19,9.7
2,10,50,S++,S++_5,S++_20,10
2,10,50,S++,S++_5,S++_32,10
2,10,50,S++,S++_5,S++_36,10
2,10,50,S++,S++_5,S++_29,9.7
2,10,50,S++,S++_5,S++_46,9.7
2,10,50,S++,S++_5,S++_23,9.7
2,10,50,S++,S++_5,S++_33,9.7
2,10,50,S++,S++_5,S++_7,9.4
2,10,50,S++,S++_5,S++_38,9.4
2,10,50,S++,S++_5,S++_9,9.4
2,10,50,S++,S++_5,S++_24,9.4
2,10,50,S++,S++_5,S++_44,9.4
2,10,50,S++,S++_5,S++_49,9.4
2,10,50,S++,S++_5,S++_18,9.7
2,10,50,S++,S++_5,S++_27,9.7
2,10,50,S++,S++_5,S++_31,9.7
2,10,50,S++,S++_5,S++_42,9.7
2,10,50,S++,S++_5,S++_50,9.7
2,10,50,S++,S++_5,S++_11,9.7
2,10,50,S++,S++_5,S++_12,10
2,10,50,S++,S++_5,S++_35,10
2,10,50,S++,S++_6,S++_26,9.4
2,10,50,S++,S++_6,S++_14,9.4
2,10,50,S++,S++_6,S++_38,9.4
2,10,50,S++,S++_6,S++_44,10
2,10,50,S++,S++_6,S++_9,10.3
2,10,50,S++,S++_6,S++_22,10.3
2,10,50,S++,S++_6,S++_29,10.3
2,10,50,S++,S++_6,S++_31,10.3
2,10,50,S++,S++_6,S++_16,10
2,10,50,S++,S++_6,S++_18,10
2,10,50,S++,S++_6,S++_37,10.3
2,10,50,S++,S++_6,S++_12,10.3
2,10,50,S++,S++_6,S++_23,10.3
2,10,50,S++,S++_6,S++_13,10.6
2,10,50,S++,S++_6,S++_34,10.6
2,10,50,S++,S++_6,S++_43,10.6
2,10,50,S++,S++_6,S++_46,10.3
2,10,50,S++,S++_6,S++_49,10.3
2,10,50,S++,S++_6,S++_7,10.3
2,10,50,S++,S++_6,S++_11,10.3
2,10,50,S++,S++_6,S++_32,10.3
2,10,50,S++,S++_6,S++_21,10
2,10,50,S++,S++_6,S++_35,10
2,10,50,S++,S++_6,S++_30,10
2,10,50,S++,S++_6,S++_39,10
2,10,50,S++,S++_6,S++_45,10
2,10,50,S++,S++_6,S++_33,10.3
2,10,50,S++,S++_6,S++_36,10.3
2,10,50,S++,S++_6,S++_42,10.3
2,10,50,S++,S++_6,S++_48,10.3
2,10,50,S++,S++_6,S++_10,10
2,10,50,S++,S++_6,S++_17,10
2,10,50,S++,S++_6,S++_19,10
2,10,50,S++,S++_6,S++_50,10
2,10,50,S++,S++_6,S++_24,10
2,10,50,S++,S++_7,S++_12,10
2,10,50,S++,S++_7,S++_14,10
2,10,50,S++,S++_7,S++_15,10
2,10,50,S++,S++_7,S++_39,10
2,10,50,S++,S++_7,S++_16,10
2,10,50,S++,S++_7,S++_33,10
2,10,50,S++,S++_7,S++_17,10.3
2,10,50,S++,S++_7,S++_21,10
2,10,50,S++,S++_7,S++_35,10
2,10,50,S++,S++_7,S++_40,10
2,10,50,S++,S++_7,S++_44,10
2,10,50,S++,S++_7,S++_10,10.3
2,10,50,S++,S++_7,S++_26,10.3
2,10,50,S++,S++_7,S++_29,10.3
2,10,50,S++,S++_7,S++_36,10.3
2,10,50,S++,S++_7,S++_43,10.3
2,10,50,S++,S++_7,S++_45,10.3
2,10,50,S++,S++_7,S++_24,10.3
2,10,50,S++,S++_7,S++_28,10.6
2,10,50,S++,S++_7,S++_49,10.6
2,10,50,S++,S++_7,S++_20,10.3
2,10,50,S++,S++_7,S++_25,10.3
2,10,50,S++,S++_7,S++_32,10.3
2,10,50,S++,S++_7,S++_41,10.3
2,10,50,S++,S++_7,S++_8,10
2,10,50,S++,S++_7,S++_30,10
2,10,50,S++,S++_7,S++_31,10
2,10,50,S++,S++_7,S++_18,10
2,10,50,S++,S++_7,S++_50,10.3
2,10,50,S++,S++_7,S++_19,10.3
2,10,50,S++,S++_7,S++_37,10.3
2,10,50,S++,S++_7,S++_38,10
2,10,50,S++,S++_7,S++_47,10
2,10,50,S++,S++_8,S++_9,10
2,10,50,S++,S++_8,S++_29,10
2,10,50,S++,S++_8,S++_35,10
2,10,50,S++,S++_8,S++_42,10
2,10,50,S++,S++_8,S++_33,10
2,10,50,S++,S++_8,S++_37,10
2,10,50,S++,S++_8,S++_50,10
2,10,50,S++,S++_8,S++_31,10.3
2,10,50,S++,S++_8,S++_32,10.3
2,10,50,S++,S++_8,S++_34,10
2,10,50,S++,S++_8,S++_16,10.3
2,10,50,S++,S++_8,S++_13,10.6
2,10,50,S++,S++_8,S++_24,10.6
2,10,50,S++,S++_8,S++_10,10.3
2,10,50,S++,S++_8,S++_18,10.3
2,10,50,S++,S++_8,S++_23,10.3
2,10,50,S++,S++_8,S++_39,10.3
2,10,50,S++,S++_8,S++_17,10
2,10,50,S++,S++_8,S++_20,10
2,10,50,S++,S++_8,S++_22,10
2,10,50,S++,S++_8,S++_25,9.4
2,10,50,S++,S++_8,S++_26,9.4
2,10,50,S++,S++_8,S++_36,9.4
2,10,50,S++,S++_8,S++_41,9.4
2,10,50,S++,S++_8,S++_46,9.4
2,10,50,S++,S++_8,S++_47,9.4
2,10,50,S++,S++_8,S++_48,9.4
2,10,50,S++,S++_8,S++_49,9.4
2,10,50,S++,S++_8,S++_30,9.4
2,10,50,S++,S++_8,S++_43,9.4
2,10,50,S++,S++_8,S++_38,9.7
2,10,50,S++,S++_8,S++_40,9.7
2,10,50,S++,S++_8,S++_14,10
2,10,50,S++,S++_8,S++_21,10
2,10,50,S++,S++_8,S++_45,10
2,10,50,S++,S++_8,S++_44,10
2,10,50,S++,S++_9,S++_22,9.4
2,10,50,S++,S++_9,S++_13,9.4
2,10,50,S++,S++_9,S++_16,9.4
2,10,50,S++,S++_9,S++_32,9.4
2,10,50,S++,S++_9,S++_45,9.4
2,10,50,S++,S++_9,S++_48,9.4
2,10,50,S++,S++_9,S++_25,9.7
2,10,50,S++,S++_9,S++_37,10
2,10,50,S++,S++_9,S++_33,10
2,10,50,S++,S++_9,S++_19,10.3
2,10,50,S++,S++_9,S++_44,10.3
2,10,50,S++,S++_9,S++_15,10.3
2,10,50,S++,S++_9,S++_39,10.3
2,10,50,S++,S++_9,S++_49,10.9
2,10,50,S++,S++_9,S++_40,10.6
2,10,50,S++,S++_9,S++_10,10.3
2,10,50,S++,S++_9,S++_24,10.3
2,10,50,S++,S++_9,S++_26,10
2,10,50,S++,S++_9,S++_29,10
2,10,50,S++,S++_9,S++_30,10
2,10,50,S++,S++_9,S++_14,10
2,10,50,S++,S++_9,S++_34,10
2,10,50,S++,S++_9,S++_11,9.7
2,10,50,S++,S++_9,S++_12,9.7
2,10,50,S++,S++_9,S++_20,9.7
2,10,50,S++,S++_9,S++_31,9.7
2,10,50,S++,S++_9,S++_43,9.7
2,10,50,S++,S++_9,S++_50,9.7
2,10,50,S++,S++_9,S++_23,9.7
2,10,50,S++,S++_9,S++_35,9.7
2,10,50,S++,S++_9,S++_42,9.7
2,10,50,S++,S++_9,S++_18,10
2,10,50,S++,S++_9,S++_41,10
2,10,50,S++,S++_9,S++_47,10
2,10,50,S++,S++_10,S++_25,10.3
2,10,50,S++,S++_10,S++_41,10.6
2,10,50,S++,S++_10,S++_48,10.6
2,10,50,S++,S++_10,S++_20,10.6
2,10,50,S++,S++_10,S++_27,10.6
2,10,50,S++,S++_10,S++_21,10.9
2,10,50,S++,S++_10,S++_13,10.3
2,10,50,S++,S++_10,S++_15,10
2,10,50,S++,S++_10,S++_28,10
2,10,50,S++,S++_10,S++_30,10
2,10,50,S++,S++_10,S++_35,10
2,10,50,S++,S++_10,S++_36,10
2,10,50,S++,S++_10,S++_37,10
2,10,50,S++,S++_10,S++_45,10
2,10,50,S++,S++_10,S++_46,10
2,10,50,S++,S++_10,S++_40,10
2,10,50,S++,S++_10,S++_19,10.3
2,10,50,S++,S++_10,S++_43,10.3
2,10,50,S++,S++_10,S++_50,10.3
2,10,50,S++,S++_10,S++_24,10.3
2,10,50,S++,S++_10,S++_32,10.3
2,10,50,S++,S++_10,S++_44,10.3
2,10,50,S++,S++_10,S++_23,10
2,10,50,S++,S++_10,S++_39,10
2,10,50,S++,S++_10,S++_11,10.3
2,10,50,S++,S++_10,S++_33,10.3
2,10,50,S++,S++_10,S++_34,10.3
2,10,50,S++,S++_10,S++_17,10.3
2,10,50,S++,S++_10,S++_12,10
2,10,50,S++,S++_10,S++_26,10.6
2,10,50,S++,S++_10,S++_38,10.6
2,10,50,S++,S++_10,S++_47,10.6
2,10,50,S++,S++_10,S++_22,10.3
2,10,50,S++,S++_10,S++_29,10.3
2,10,50,S++,S++_10,S++_42,10.3
2,10,50,S++,S++_10,S++_49,10.3
2,10,50,S++,S++_10,S++_14,10.3
2,10,50,S++,S++_10,S++_16,10
2,10,50,S++,S++_10,S++_31,10
2,10,50,S++,S++_11,S++_12,10.3
2,10,50,S++,S++_11,S++_44,10.3
2,10,50,S++,S++_11,S++_21,10.3
2,10,50,S++,S++_11,S++_23,10.3
2,10,50,S++,S++_11,S++_38,10.3
2,10,50,S++,S++_11,S++_34,10.6
2,10,50,S++,S++_11,S++_14,10.6
2,10,50,S++,S++_11,S++_39,10.6
2,10,50,S++,S++_11,S++_43,10.6
2,10,50,S++,S++_11,S++_13,10.9
2,10,50,S++,S++_11,S++_16,10.9
2,10,50,S++,S++_11,S++_49,10.9
2,10,50,S++,S++_11,S++_17,10.6
2,10,50,S++,S++_11,S++_25,10.6
2,10,50,S++,S++_11,S++_26,10.6
2,10,50,S++,S++_11,S++_29,10.6
2,10,50,S++,S++_11,S++_30,10.9
2,10,50,S++,S++_11,S++_32,10.9
2,10,50,S++,S++_11,S++_33,10.9
2,10,50,S++,S++_11,S++_20,10.6
2,10,50,S++,S++_11,S++_28,10.6
2,10,50,S++,S++_11,S++_22,10.6
2,10,50,S++,S++_11,S++_24,10.6
2,10,50,S++,S++_11,S++_36,10.6
2,10,50,S++,S++_11,S++_27,10.9
2,10,50,S++,S++_11,S++_40,10.9
2,10,50,S++,S++_11,S++_41,10.9
2,10,50,S++,S++_11,S++_46,10.9
2,10,50,S++,S++_11,S++_18,10.6
2,10,50,S++,S++_11,S++_45,10.6
2,10,50,S++,S++_11,S++_48,10.6
2,10,50,S++,S++_11,S++_42,10.6
2,10,50,S++,S++_11,S++_50,10.6
2,10,50,S++,S++_11,S++_19,10.3
2,10,50,S++,S++_11,S++_37,10.3
2,10,50,S++,S++_11,S++_15,10.3
2,10,50,S++,S++_11,S++_35,10.3
2,10,50,S++,S++_11,S++_31,10
2,10,50,S++,S++_11,S++_47,10
2,10,50,S++,S++_12,S++_15,10.3
2,10,50,S++,S++_12,S++_19,10.3
2,10,50,S++,S++_12,S++_35,10.3
2,10,50,S++,S++_12,S++_18,10
2,10,50,S++,S++_12,S++_27,10
2,10,50,S++,S++_12,S++_26,10.3
2,10,50,S++,S++_12,S++_28,10.3
2,10,50,S++,S++_12,S++_44,10.3
2,10,50,S++,S++_12,S++_37,10
2,10,50,S++,S++_12,S++_42,10
2,10,50,S++,S++_12,S++_14,10
2,10,50,S++,S++_12,S++_31,10
2,10,50,S++,S++_12,S++_34,10
2,10,50,S++,S++_12,S++_49,10
2,10,50,S++,S++_12,S++_21,10.3
2,10,50,S++,S++_12,S++_47,10.3
2,10,50,S++,S++_12,S++_29,10
2,10,50,S++,S++_12,S++_36,10
2,10,50,S++,S++_12,S++_43,10
2,10,50,S++,S++_12,S++_13,10
2,10,50,S++,S++_12,S++_33,10.3
2,10,50,S++,S++_12,S++_46,10.3
2,10,50,S++,S++_12,S++_23,10.3
2,10,50,S++,S++_12,S++_25,10.3
2,10,50,S++,S++_12,S++_38,10.6
2,10,50,S++,S++_12,S++_50,10.6
2,10,50,S++,S++_12,S++_16,10.3
2,10,50,S++,S++_12,S++_32,10.3
2,10,50,S++,S++_12,S++_39,10.3
2,10,50,S++,S++_12,S++_45,10.3
2,10,50,S++,S++_12,S++_20,10.3
2,10,50,S++,S++_12,S++_24,10.3
2,10,50,S++,S++_12,S++_41,10.3
2,10,50,S++,S++_12,S++_48,10
2,10,50,S++,S++_12,S++_17,10
2,10,50,S++,S++_12,S++_30,10
2,10,50,S++,S++_13,S++_14,10
2,10,50,S++,S++_13,S++_26,10.3
2,10,50,S++,S++_13,S++_29,10.3
2,10,50,S++,S++_13,S++_40,10.3
2,10,50,S++,S++_13,S++_41,10.3
2,10,50,S++,S++_13,S++_28,10
2,10,50,S++,S++_13,S++_43,10
2,10,50,S++,S++_13,S++_17,10.3
2,10,50,S++,S++_13,S++_23,10.3
2,10,50,S++,S++_13,S++_25,10.3
2,10,50,S++,S++_13,S++_38,10
2,10,50,S++,S++_13,S++_46,10
2,10,50,S++,S++_13,S++_33,10.3
2,10,50,S++,S++_13,S++_39,10.3
2,10,50,S++,S++_13,S++_45,10.3
2,10,50,S++,S++_13,S++_21,10.3
2,10,50,S++,S++_13,S++_37,10.3
2,10,50,S++,S++_13,S++_22,10.6
2,10,50,S++,S++_13,S++_49,10.6
2,10,50,S++,S++_13,S++_35,10.6
2,10,50,S++,S++_13,S++_16,10.3
2,10,50,S++,S++_13,S++_20,10.3
2,10,50,S++,S++_13,S++_31,10.3
2,10,50,S++,S++_13,S++_18,10.3
2,10,50,S++,S++_13,S++_19,10.3
2,10,50,S++,S++_13,S++_27,10.3
2,10,50,S++,S++_13,S++_32,10.3
2,10,50,S++,S++_13,S++_34,10.3
2,10,50,S++,S++_13,S++_42,10.3
2,10,50,S++,S++_13,S++_24,10
2,10,50,S++,S++_13,S++_36,10
2,10,50,S++,S++_13,S++_47,10
2,10,50,S++,S++_13,S++_50,10
2,10,50,S++,S++_14,S++_27,10
2,10,50,S++,S++_14,S++_39,10
2,10,50,S++,S++_14,S++_37,10
2,10,50,S++,S++_14,S++_44,10
2,10,50,S++,S++_14,S++_19,10.3
2,10,50,S++,S++_14,S++_41,10.3
2,10,50,S++,S++_14,S++_15,10.6
2,10,50,S++,S++_14,S++_17,10.6
2,10,50,S++,S++_14,S++_20,10.6
2,10,50,S++,S++_14,S++_46,10.3
2,10,50,S++,S++_14,S++_22,10.3
2,10,50,S++,S++_14,S++_25,10.3
2,10,50,S++,S++_14,S++_34,10.3
2,10,50,S++,S++_14,S++_47,10.3
2,10,50,S++,S++_14,S++_18,10
2,10,50,S++,S++_14,S++_24,10
2,10,50,S++,S++_14,S++_31,10
2,10,50,S++,S++_14,S++_50,10
2,10,50,S++,S++_14,S++_23,10
2,10,50,S++,S++_14,S++_42,10
2,10,50,S++,S++_15,S++_20,10
2,10,50,S++,S++_15,S++_23,10
2,10,50,S++,S++_15,S++_36,10
2,10,50,S++,S++_15,S++_34,10.3
2,10,50,S++,S++_15,S++_27,10.6
2,10,50,S++,S++_15,S++_31,10.6
2,10,50,S++,S++_15,S++_39,10.6
2,10,50,S++,S++_15,S++_28,10.6
2,10,50,S++,S++_15,S++_29,10.6
2,10,50,S++,S++_15,S++_37,10.6
2,10,50,S++,S++_15,S++_19,10.3
2,10,50,S++,S++_15,S++_32,10.3
2,10,50,S++,S++_15,S++_42,10.3
2,10,50,S++,S++_15,S++_38,10.3
2,10,50,S++,S++_15,S++_40,10.3
2,10,50,S++,S++_15,S++_49,10.3
2,10,50,S++,S++_15,S++_17,10
2,10,50,S++,S++_15,S++_18,10
2,10,50,S++,S++_15,S++_26,10
2,10,50,S++,S++_15,S++_35,10
2,10,50,S++,S++_15,S++_47,10
2,10,50,S++,S++_15,S++_48,10
2,10,50,S++,S++_15,S++_50,10
2,10,50,S++,S++_16,S++_18,10
2,10,50,S++,S++_16,S++_45,10
2,10,50,S++,S++_16,S++_27,10
2,10,50,S++,S++_16,S++_25,10.3
2,10,50,S++,S++_16,S++_36,10.3
2,10,50,S++,S++_16,S++_23,10.6
2,10,50,S++,S++_16,S++_29,10.6
2,10,50,S++,S++_16,S++_32,10.6
2,10,50,S++,S++_16,S++_33,10.6
2,10,50,S++,S++_16,S++_48,10.6
2,10,50,S++,S++_16,S++_50,10.6
2,10,50,S++,S++_16,S++_20,10.3
2,10,50,S++,S++_16,S++_22,10.3
2,10,50,S++,S++_16,S++_42,10.3
2,10,50,S++,S++_16,S++_44,10.3
2,10,50,S++,S++_16,S++_46,10.3
2,10,50,S++,S++_16,S++_49,10.3
2,10,50,S++,S++_16,S++_19,10.3
2,10,50,S++,S++_16,S++_37,10.3
2,10,50,S++,S++_16,S++_40,10.3
2,10,50,S++,S++_16,S++_41,10.3
2,10,50,S++,S++_16,S++_47,9.7
2,10,50,S++,S++_16,S++_17,10
2,10,50,S++,S++_16,S++_24,10
2,10,50,S++,S++_16,S++_31,10
2,10,50,S++,S++_16,S++_43,10
2,10,50,S++,S++_16,S++_35,10
2,10,50,S++,S++_17,S++_25,9.4
2,10,50,S++,S++_17,S++_32,9.4
2,10,50,S++,S++_17,S++_36,9.4
2,10,50,S++,S++_17,S++_37,9.4
2,10,50,S++,S++_17,S++_49,9.4
2,10,50,S++,S++_17,S++_26,9.7
2,10,50,S++,S++_17,S++_39,9.7
2,10,50,S++,S++_17,S++_40,9.7
2,10,50,S++,S++_17,S++_19,9.7
2,10,50,S++,S++_17,S++_21,9.7
2,10,50,S++,S++_17,S++_44,9.7
2,10,50,S++,S++_17,S++_27,10
2,10,50,S++,S++_17,S++_22,10
2,10,50,S++,S++_17,S++_20,9.7
2,10,50,S++,S++_17,S++_38,9.7
2,10,50,S++,S++_17,S++_23,9.7
2,10,50,S++,S++_17,S++_29,9.7
2,10,50,S++,S++_17,S++_35,9.7
2,10,50,S++,S++_18,S++_49,9.4
2,10,50,S++,S++_18,S++_33,9.4
2,10,50,S++,S++_18,S++_42,9.7
2,10,50,S++,S++_18,S++_29,10
2,10,50,S++,S++_18,S++_31,10
2,10,50,S++,S++_18,S++_21,9.7
2,10,50,S++,S++_18,S++_44,9.7
2,10,50,S++,S++_18,S++_25,10
2,10,50,S++,S++_18,S++_48,10
2,10,50,S++,S++_18,S++_43,10
2,10,50,S++,S++_18,S++_27,9.7
2,10,50,S++,S++_18,S++_32,9.7
2,10,50,S++,S++_18,S++_28,10
2,10,50,S++,S++_18,S++_38,10
2,10,50,S++,S++_18,S++_41,10
2,10,50,S++,S++_18,S++_45,10
2,10,50,S++,S++_18,S++_47,10
2,10,50,S++,S++_19,S++_41,9.7
2,10,50,S++,S++_19,S++_44,9.7
2,10,50,S++,S++_19,S++_26,9.7
2,10,50,S++,S++_19,S++_20,9.7
2,10,50,S++,S++_19,S++_29,9.7
2,10,50,S++,S++_19,S++_30,9.7
2,10,50,S++,S++_19,S++_24,10
2,10,50,S++,S++_19,S++_34,10
2,10,50,S++,S++_19,S++_43,10
2,10,50,S++,S++_19,S++_50,10
2,10,50,S++,S++_19,S++_23,10.3
2,10,50,S++,S++_19,S++_46,10.3
2,10,50,S++,S++_19,S++_21,10
2,10,50,S++,S++_19,S++_25,9.7
2,10,50,S++,S++_19,S++_33,9.7
2,10,50,S++,S++_19,S++_28,9.7
2,10,50,S++,S++_19,S++_27,10
2,10,50,S++,S++_19,S++_38,10
2,10,50,S++,S++_19,S++_22,10
2,10,50,S++,S++_19,S++_48,10
2,10,50,S++,S++_19,S++_39,9.7
2,10,50,S++,S++_19,S++_40,9.7
2,10,50,S++,S++_19,S++_45,9.7
2,10,50,S++,S++_19,S++_47,9.7
2,10,50,S++,S++_19,S++_32,10
2,10,50,S++,S++_19,S++_31,10
2,10,50,S++,S++_20,S++_24,9.7
2,10,50,S++,S++_20,S++_45,9.7
2,10,50,S++,S++_20,S++_25,9.7
2,10,50,S++,S++_20,S++_36,9.7
2,10,50,S++,S++_20,S++_46,9.7
2,10,50,S++,S++_20,S++_27,9.7
2,10,50,S++,S++_20,S++_22,10
2,10,50,S++,S++_20,S++_41,10
2,10,50,S++,S++_20,S++_30,10
2,10,50,S++,S++_20,S++_42,10.3
2,10,50,S++,S++_20,S++_44,10.3
2,10,50,S++,S++_20,S++_28,10.3
2,10,50,S++,S++_20,S++_49,10
2,10,50,S++,S++_20,S++_31,10
2,10,50,S++,S++_20,S++_48,9.7
2,10,50,S++,S++_20,S++_47,9.7
2,10,50,S++,S++_20,S++_38,10
2,10,50,S++,S++_20,S++_39,10
2,10,50,S++,S++_20,S++_40,10
2,10,50,S++,S++_20,S++_43,10
2,10,50,S++,S++_20,S++_23,10
2,10,50,S++,S++_20,S++_32,10
2,10,50,S++,S++_20,S++_34,10
2,10,50,S++,S++_20,S++_37,9.7
2,10,50,S++,S++_20,S++_26,9.7
2,10,50,S++,S++_20,S++_29,10.3
2,10,50,S++,S++_20,S++_33,10.3
2,10,50,S++,S++_20,S++_50,10.3
2,10,50,S++,S++_20,S++_21,10
2,10,50,S++,S++_20,S++_35,10
2,10,50,S++,S++_21,S++_27,10.3
2,10,50,S++,S++_21,S++_42,10.3
2,10,50,S++,S++_21,S++_46,10.3
2,10,50,S++,S++_21,S++_23,10.3
2,10,50,S++,S++_21,S++_40,10.3
2,10,50,S++,S++_21,S++_28,10.3
2,10,50,S++,S++_21,S++_32,10.3
2,10,50,S++,S++_21,S++_36,10.3
2,10,50,S++,S++_21,S++_39,10.3
2,10,50,S++,S++_21,S++_49,10.3
2,10,50,S++,S++_21,S++_34,10.6
2,10,50,S++,S++_21,S++_48,10.6
2,10,50,S++,S++_21,S++_25,10.9
2,10,50,S++,S++_21,S++_22,10.3
2,10,50,S++,S++_21,S++_26,9.7
2,10,50,S++,S++_21,S++_45,9.7
2,10,50,S++,S++_21,S++_50,10
2,10,50,S++,S++_21,S++_37,10.3
2,10,50,S++,S++_21,S++_43,10.3
2,10,50,S++,S++_21,S++_24,10.3
2,10,50,S++,S++_21,S++_29,10.3
2,10,50,S++,S++_21,S++_31,10.3
2,10,50,S++,S++_21,S++_35,10
2,10,50,S++,S++_22,S++_30,9.7
2,10,50,S++,S++_22,S++_43,9.7
2,10,50,S++,S++_22,S++_49,9.7
2,10,50,S++,S++_22,S++_36,9.7
2,10,50,S++,S++_22,S++_44,9.7
2,10,50,S++,S++_22,S++_45,9.7
2,10,50,S++,S++_22,S++_33,9.7
2,10,50,S++,S++_22,S++_27,10
2,10,50,S++,S++_22,S++_41,10
2,10,50,S++,S++_22,S++_42,10.3
2,10,50,S++,S++_22,S++_25,10
2,10,50,S++,S++_22,S++_24,10
2,10,50,S++,S++_22,S++_26,10
2,10,50,S++,S++_22,S++_29,9.7
2,10,50,S++,S++_22,S++_39,9.7
2,10,50,S++,S++_22,S++_23,10
2,10,50,S++,S++_22,S++_32,10
2,10,50,S++,S++_22,S++_28,10
2,10,50,S++,S++_22,S++_35,10
2,10,50,S++,S++_22,S++_38,10.3
2,10,50,S++,S++_22,S++_50,10.3
2,10,50,S++,S++_22,S++_40,10
2,10,50,S++,S++_22,S++_46,10
2,10,50,S++,S++_22,S++_47,10
2,10,50,S++,S++_22,S++_31,10
2,10,50,S++,S++_23,S++_46,9.7
2,10,50,S++,S++_23,S++_31,9.7
2,10,50,S++,S++_23,S++_35,9.7
2,10,50,S++,S++_23,S++_27,9.7
2,10,50,S++,S++_23,S++_33,9.7
2,10,50,S++,S++_23,S++_49,9.7
2,10,50,S++,S++_23,S++_26,10
2,10,50,S++,S++_23,S++_34,10
2,10,50,S++,S++_23,S++_24,10
2,10,50,S++,S++_23,S++_38,10
2,10,50,S++,S++_23,S++_29,9.7
2,10,50,S++,S++_23,S++_47,9.7
2,10,50,S++,S++_23,S++_40,9.7
2,10,50,S++,S++_23,S++_39,10
2,10,50,S++,S++_23,S++_42,10
2,10,50,S++,S++_23,S++_45,10
2,10,50,S++,S++_23,S++_36,10
2,10,50,S++,S++_23,S++_50,10
2,10,50,S++,S++_23,S++_25,10.3
2,10,50,S++,S++_23,S++_28,10.3
2,10,50,S++,S++_23,S++_32,10.3
2,10,50,S++,S++_23,S++_37,10.3
2,10,50,S++,S++_23,S++_41,10.3
2,10,50,S++,S++_23,S++_43,10.3
2,10,50,S++,S++_23,S++_44,10
2,10,50,S++,S++_23,S++_30,10
2,10,50,S++,S++_24,S++_44,9.7
2,10,50,S++,S++_24,S++_46,9.7
2,10,50,S++,S++_24,S++_36,9.7
2,10,50,S++,S++_24,S++_45,9.7
2,10,50,S++,S++_24,S++_48,9.7
2,10,50,S++,S++_24,S++_25,9.7
2,10,50,S++,S++_24,S++_49,9.7
2,10,50,S++,S++_24,S++_34,10.3
2,10,50,S++,S++_24,S++_39,9.7
2,10,50,S++,S++_24,S++_41,9.7
2,10,50,S++,S++_24,S++_27,9.4
2,10,50,S++,S++_24,S++_29,9.4
2,10,50,S++,S++_24,S++_31,9.4
2,10,50,S++,S++_24,S++_38,9.4
2,10,50,S++,S++_24,S++_30,9.7
2,10,50,S++,S++_24,S++_47,9.7
2,10,50,S++,S++_24,S++_50,9.7
2,10,50,S++,S++_24,S++_35,10
2,10,50,S++,S++_24,S++_40,10
2,10,50,S++,S++_25,S++_31,9.4
2,10,50,S++,S++_25,S++_37,9.7
2,10,50,S++,S++_25,S++_45,9.7
2,10,50,S++,S++_25,S++_26,9.7
2,10,50,S++,S++_25,S++_27,9.7
2,10,50,S++,S++_25,S++_29,9.4
2,10,50,S++,S++_25,S++_40,9.4
2,10,50,S++,S++_25,S++_42,9.4
2,10,50,S++,S++_25,S++_38,9.4
2,10,50,S++,S++_25,S++_32,9.7
2,10,50,S++,S++_25,S++_35,9.7
2,10,50,S++,S++_25,S++_47,9.7
2,10,50,S++,S++_25,S++_48,9.7
2,10,50,S++,S++_25,S++_49,9.7
2,10,50,S++,S++_25,S++_50,10
2,10,50,S++,S++_26,S++_29,9.4
2,10,50,S++,S++_26,S++_44,9.4
2,10,50,S++,S++_26,S++_28,9.7
2,10,50,S++,S++_26,S++_40,9.7
2,10,50,S++,S++_26,S++_34,10
2,10,50,S++,S++_26,S++_43,9.7
2,10,50,S++,S++_26,S++_48,9.7
2,10,50,S++,S++_26,S++_37,9.7
2,10,50,S++,S++_26,S++_38,9.7
2,10,50,S++,S++_26,S++_36,10
2,10,50,S++,S++_26,S++_50,10
2,10,50,S++,S++_26,S++_31,10
2,10,50,S++,S++_26,S++_45,10
2,10,50,S++,S++_26,S++_46,10
2,10,50,S++,S++_26,S++_32,10
2,10,50,S++,S++_26,S++_41,10
2,10,50,S++,S++_27,S++_28,9.7
2,10,50,S++,S++_27,S++_39,9.7
2,10,50,S++,S++_27,S++_30,10
2,10,50,S++,S++_27,S++_33,10
2,10,50,S++,S++_27,S++_40,9.7
2,10,50,S++,S++_27,S++_41,9.7
2,10,50,S++,S++_27,S++_43,10
2,10,50,S++,S++_27,S++_45,10
2,10,50,S++,S++_27,S++_49,10
2,10,50,S++,S++_27,S++_38,10
2,10,50,S++,S++_27,S++_46,9.7
2,10,50,S++,S++_27,S++_36,9.7
2,10,50,S++,S++_27,S++_48,9.7
2,10,50,S++,S++_27,S++_50,9.7
2,10,50,S++,S++_27,S++_47,10
2,10,50,S++,S++_28,S++_32,9.4
2,10,50,S++,S++_28,S++_34,9.4
2,10,50,S++,S++_28,S++_36,9.4
2,10,50,S++,S++_28,S++_35,9.7
2,10,50,S++,S++_28,S++_46,9.7
2,10,50,S++,S++_28,S++_38,9.7
2,10,50,S++,S++_28,S++_41,10.3
2,10,50,S++,S++_28,S++_43,10.3
2,10,50,S++,S++_28,S++_37,10
2,10,50,S++,S++_28,S++_48,10
2,10,50,S++,S++_28,S++_31,9.7
2,10,50,S++,S++_28,S++_47,9.7
2,10,50,S++,S++_28,S++_30,10.3
2,10,50,S++,S++_28,S++_40,10.3
2,10,50,S++,S++_28,S++_50,10.3
2,10,50,S++,S++_29,S++_38,10.6
2,10,50,S++,S++_29,S++_46,11.2
2,10,50,S++,S++_29,S++_37,10.9
2,10,50,S++,S++_29,S++_41,10.9
2,10,50,S++,S++_29,S++_33,10.9
2,10,50,S++,S++_29,S++_34,10.9
2,10,50,S++,S++_29,S++_44,10.9
2,10,50,S++,S++_29,S++_30,10.6
2,10,50,S++,S++_29,S++_50,10.6
2,10,50,S++,S++_29,S++_31,10.3
2,10,50,S++,S++_29,S++_36,10.3
2,10,50,S++,S++_29,S++_47,10.3
2,10,50,S++,S++_29,S++_42,10
2,10,50,S++,S++_30,S++_43,10.6
2,10,50,S++,S++_30,S++_49,10.9
2,10,50,S++,S++_30,S++_34,10.9
2,10,50,S++,S++_30,S++_32,11.2
2,10,50,S++,S++_30,S++_42,11.2
2,10,50,S++,S++_30,S++_31,10.9
2,10,50,S++,S++_30,S++_35,10.9
2,10,50,S++,S++_30,S++_37,10.9
2,10,50,S++,S++_30,S++_39,10.9
2,10,50,S++,S++_30,S++_44,10.9
2,10,50,S++,S++_30,S++_47,10.9
2,10,50,S++,S++_30,S++_33,10.6
2,10,50,S++,S++_30,S++_40,10.3
2,10,50,S++,S++_30,S++_50,10.3
2,10,50,S++,S++_31,S++_36,10.6
2,10,50,S++,S++_31,S++_33,10.6
2,10,50,S++,S++_31,S++_47,10.9
2,10,50,S++,S++_31,S++_35,10.9
2,10,50,S++,S++_31,S++_39,10.9
2,10,50,S++,S++_31,S++_48,11.2
2,10,50,S++,S++_31,S++_49,10.6
2,10,50,S++,S++_31,S++_43,10.6
2,10,50,S++,S++_31,S++_45,10.6
2,10,50,S++,S++_31,S++_46,10.6
2,10,50,S++,S++_31,S++_40,10.3
2,10,50,S++,S++_31,S++_38,10
2,10,50,S++,S++_32,S++_47,10.6
2,10,50,S++,S++_32,S++_37,10.9
2,10,50,S++,S++_32,S++_39,10.9
2,10,50,S++,S++_32,S++_42,10.9
2,10,50,S++,S++_32,S++_33,10.6
2,10,50,S++,S++_32,S++_45,10.6
2,10,50,S++,S++_32,S++_46,10.6
2,10,50,S++,S++_32,S++_34,10.3
2,10,50,S++,S++_32,S++_36,10.3
2,10,50,S++,S++_32,S++_41,10.3
2,10,50,S++,S++_32,S++_44,10.3
2,10,50,S++,S++_32,S++_35,10.3
2,10,50,S++,S++_32,S++_48,10.3
2,10,50,S++,S++_32,S++_50,10.3
2,10,50,S++,S++_33,S++_45,10.9
2,10,50,S++,S++_33,S++_46,11.2
2,10,50,S++,S++_33,S++_37,10.6
2,10,50,S++,S++_33,S++_38,10.6
2,10,50,S++,S++_33,S++_44,10.3
2,10,50,S++,S++_33,S++_48,10.3
2,10,50,S++,S++_33,S++_49,10.3
2,10,50,S++,S++_33,S++_40,10
2,10,50,S++,S++_34,S++_38,10.6
2,10,50,S++,S++_34,S++_40,10.6
2,10,50,S++,S++_34,S++_43,10.6
2,10,50,S++,S++_34,S++_37,10.9
2,10,50,S++,S++_34,S++_42,10.9
2,10,50,S++,S++_34,S++_44,10.9
2,10,50,S++,S++_34,S++_39,10.6
2,10,50,S++,S++_34,S++_47,10.6
2,10,50,S++,S++_34,S++_36,10.6
2,10,50,S++,S++_34,S++_45,10.3
2,10,50,S++,S++_34,S++_41,10
2,10,50,S++,S++_34,S++_48,10
2,10,50,S++,S++_35,S++_46,10.9
2,10,50,S++,S++_35,S++_49,10.9
2,10,50,S++,S++_35,S++_50,10.9
2,10,50,S++,S++_35,S++_44,10.6
2,10,50,S++,S++_35,S++_41,10.3
2,10,50,S++,S++_35,S++_48,10.3
2,10,50,S++,S++_35,S++_37,10.3
2,10,50,S++,S++_35,S++_42,10.3
2,10,50,S++,S++_35,S++_36,10
2,10,50,S++,S++_35,S++_38,10
2,10,50,S++,S++_35,S++_39,10
2,10,50,S++,S++_35,S++_40,10
2,10,50,S++,S++_36,S++_47,10.6
2,10,50,S++,S++_36,S++_48,10.6
2,10,50,S++,S++_36,S++_40,10.6
2,10,50,S++,S++_36,S++_44,10.6
2,10,50,S++,S++_36,S++_45,10.6
2,10,50,S++,S++_36,S++_46,10.9
2,10,50,S++,S++_36,S++_39,11.2
2,10,50,S++,S++_36,S++_37,10.9
2,10,50,S++,S++_36,S++_42,10.6
2,10,50,S++,S++_36,S++_49,10.3
2,10,50,S++,S++_36,S++_43,10.3
2,10,50,S++,S++_37,S++_44,10.6
2,10,50,S++,S++_37,S++_45,11.5
2,10,50,S++,S++_37,S++_42,11.5
2,10,50,S++,S++_37,S++_41,11.2
2,10,50,S++,S++_37,S++_39,10.9
2,10,50,S++,S++_37,S++_48,10.9
2,10,50,S++,S++_37,S++_43,10.6
2,10,50,S++,S++_37,S++_38,10.3
2,10,50,S++,S++_37,S++_40,10.3
2,10,50,S++,S++_37,S++_47,10.3
2,10,50,S++,S++_37,S++_49,10.3
2,10,50,S++,S++_38,S++_45,10.9
2,10,50,S++,S++_38,S++_40,10.9
2,10,50,S++,S++_38,S++_42,10.9
2,10,50,S++,S++_38,S++_39,11.5
2,10,50,S++,S++_38,S++_44,11.5
2,10,50,S++,S++_38,S++_43,11.2
2,10,50,S++,S++_38,S++_41,10.9
2,10,50,S++,S++_38,S++_46,10.6
2,10,50,S++,S++_38,S++_49,10.6
2,10,50,S++,S++_38,S++_47,10.6
2,10,50,S++,S++_38,S++_48,10.3
2,10,50,S++,S++_38,S++_50,10.3
2,10,50,S++,S++_39,S++_41,10.9
2,10,50,S++,S++_39,S++_45,11.2
2,10,50,S++,S++_39,S++_49,11.5
2,10,50,S++,S++_39,S++_40,11.5
2,10,50,S++,S++_39,S++_46,11.5
2,10,50,S++,S++_39,S++_50,10.9
2,10,50,S++,S++_39,S++_47,10.6
2,10,50,S++,S++_39,S++_42,10.3
2,10,50,S++,S++_39,S++_48,10
2,10,50,S++,S++_40,S++_41,10.9
2,10,50,S++,S++_40,S++_46,11.5
2,10,50,S++,S++_40,S++_45,11.2
2,10,50,S++,S++_40,S++_43,10.9
2,10,50,S++,S++_40,S++_48,10.6
2,10,50,S++,S++_40,S++_44,10.3
2,10,50,S++,S++_40,S++_47,10.3
2,10,50,S++,S++_40,S++_50,10
2,10,50,S++,S++_40,S++_42,10
2,10,50,S++,S++_41,S++_44,10.9
2,10,50,S++,S++_41,S++_43,11.2
2,10,50,S++,S++_41,S++_45,10.9
2,10,50,S++,S++_41,S++_48,10.9
2,10,50,S++,S++_41,S++_49,10.9
2,10,50,S++,S++_41,S++_46,10.6
2,10,50,S++,S++_41,S++_47,10.3
2,10,50,S++,S++_41,S++_42,10
2,10,50,S++,S++_42,S++_50,10.9
2,10,50,S++,S++_42,S++_43,11.5
2,10,50,S++,S++_42,S++_48,11.5
2,10,50,S++,S++_42,S++_47,10.9
2,10,50,S++,S++_42,S++_44,10.6
2,10,50,S++,S++_42,S++_49,10.6
2,10,50,S++,S++_42,S++_45,10.3
2,10,50,S++,S++_43,S++_45,11.2
2,10,50,S++,S++_43,S++_46,11.5
2,10,50,S++,S++_43,S++_47,11.2
2,10,50,S++,S++_43,S++_50,10.9
2,10,50,S++,S++_43,S++_48,10.6
2,10,50,S++,S++_43,S++_49,10.3
2,10,50,S++,S++_43,S++_44,10.3
2,10,50,S++,S++_44,S++_45,10.9
2,10,50,S++,S++_44,S++_46,10.6
2,10,50,S++,S++_44,S++_49,10.6
2,10,50,S++,S++_44,S++_48,10.3
2,10,50,S++,S++_44,S++_50,10.3
2,10,50,S++,S++_45,S++_46,10.9
2,10,50,S++,S++_45,S++_48,10.9
2,10,50,S++,S++_45,S++_49,10.9
2,10,50,S++,S++_45,S++_47,10
2,10,50,S++,S++_45,S++_50,10
2,10,50,S++,S++_46,S++_50,10.3
2,10,50,S++,S++_46,S++_48,10.6
2,10,50,S++,S++_46,S++_47,10.3
2,10,50,S++,S++_46,S++_49,10.3
2,10,50,S++,S++_47,S++_49,10.3
2,10,50,S++,S++_47,S++_50,10.6
2,10,50,S++,S++_47,S++_48,10.3
2,10,50,S++,S++_48,S++_49,10.6
2,10,50,S++,S++_48,S++_50,10.3
2,10,50,S++,S++_49,S++_50,10.3
2,11,50,S++,S++_1,S++_7,10.6
2,11,50,S++,S++_1,S++_10,10.6
2,11,50,S++,S++_1,S++_24,10.6
2,11,50,S++,S++_1,S++_15,10.6
2,11,50,S++,S++_1,S++_41,10.6
2,11,50,S++,S++_1,S++_45,10.6
2,11,50,S++,S++_1,S++_28,10.9
2,11,50,S++,S++_1,S++_37,10.9
2,11,50,S++,S++_1,S++_20,10.9
2,11,50,S++,S++_1,S++_50,11.2
2,11,50,S++,S++_1,S++_3,11.2
2,11,50,S++,S++_1,S++_17,11.2
2,11,50,S++,S++_1,S++_40,11.2
2,11,50,S++,S++_1,S++_44,11.2
2,11,50,S++,S++_1,S++_33,10.9
2,11,50,S++,S++_1,S++_34,10.9
2,11,50,S++,S++_1,S++_42,10.9
2,11,50,S++,S++_1,S++_30,10.9
2,11,50,S++,S++_1,S++_36,10.9
2,11,50,S++,S++_1,S++_2,10.6
2,11,50,S++,S++_1,S++_8,10.6
2,11,50,S++,S++_1,S++_25,10.6
2,11,50,S++,S++_1,S++_43,10.6
2,11,50,S++,S++_1,S++_48,10.6
2,11,50,S++,S++_1,S++_5,10.6
2,11,50,S++,S++_1,S++_18,10
2,11,50,S++,S++_1,S++_35,10
2,11,50,S++,S++_1,S++_46,10
2,11,50,S++,S++_1,S++_16,10.3
2,11,50,S++,S++_1,S++_19,10.3
2,11,50,S++,S++_1,S++_21,10.3
2,11,50,S++,S++_1,S++_31,10.3
2,11,50,S++,S++_1,S++_12,10.3
2,11,50,S++,S++_1,S++_13,10.3
2,11,50,S++,S++_1,S++_38,10.3
2,11,50,S++,S++_1,S++_4,10.6
2,11,50,S++,S++_1,S++_22,10.6
2,11,50,S++,S++_1,S++_23,10.6
2,11,50,S++,S++_1,S++_32,10.6
2,11,50,S++,S++_1,S++_39,10.6
2,11,50,S++,S++_1,S++_49,10.6
2,11,50,S++,S++_1,S++_6,10.3
2,11,50,S++,S++_1,S++_9,10.3
2,11,50,S++,S++_1,S++_11,10.3
2,11,50,S++,S++_1,S++_14,10.3
2,11,50,S++,S++_1,S++_26,10.3
2,11,50,S++,S++_1,S++_27,10.3
2,11,50,S++,S++_1,S++_47,10.3
2,11,50,S++,S++_1,S++_29,10.3
2,11,50,S++,S++_2,S++_40,10
2,11,50,S++,S++_2,S++_47,10
2,11,50,S++,S++_2,S++_34,10
2,11,50,S++,S++_2,S++_4,10.3
2,11,50,S++,S++_2,S++_8,10.3
2,11,50,S++,S++_2,S++_17,10.3
2,11,50,S++,S++_2,S++_28,10.3
2,11,50,S++,S++_2,S++_10,10.6
2,11,50,S++,S++_2,S++_12,10.6
2,11,50,S++,S++_2,S++_46,10.6
2,11,50,S++,S++_2,S++_18,10.6
2,11,50,S++,S++_2,S++_19,10.6
2,11,50,S++,S++_2,S++_32,10.6
2,11,50,S++,S++_2,S++_36,10.6
2,11,50,S++,S++_2,S++_5,10.3
2,11,50,S++,S++_2,S++_26,10.3
2,11,50,S++,S++_2,S++_6,10.3
2,11,50,S++,S++_2,S++_13,10.3
2,11,50,S++,S++_2,S++_22,10.3
2,11,50,S++,S++_2,S++_29,10.3
2,11,50,S++,S++_2,S++_15,10
2,11,50,S++,S++_2,S++_21,10
2,11,50,S++,S++_2,S++_27,10
2,11,50,S++,S++_2,S++_49,10
2,11,50,S++,S++_2,S++_25,10
2,11,50,S++,S++_2,S++_31,10
2,11,50,S++,S++_2,S++_39,10
2,11,50,S++,S++_2,S++_43,10
2,11,50,S++,S++_2,S++_9,10.3
2,11,50,S++,S++_2,S++_11,10.3
2,11,50,S++,S++_2,S++_35,10.3
2,11,50,S++,S++_2,S++_41,10.3
2,11,50,S++,S++_2,S++_30,10.3
2,11,50,S++,S++_2,S++_42,10.3
2,11,50,S++,S++_2,S++_45,10.3
2,11,50,S++,S++_2,S++_14,10.6
2,11,50,S++,S++_2,S++_38,10.6
2,11,50,S++,S++_2,S++_44,10.6
2,11,50,S++,S++_2,S++_33,10.6
2,11,50,S++,S++_2,S++_3,10.3
2,11,50,S++,S++_2,S++_16,10.3
2,11,50,S++,S++_2,S++_23,10.3
2,11,50,S++,S++_2,S++_37,10.3
2,11,50,S++,S++_2,S++_48,10.3
2,11,50,S++,S++_2,S++_50,10.3
2,11,50,S++,S++_2,S++_7,10.3
2,11,50,S++,S++_2,S++_20,10.3
2,11,50,S++,S++_2,S++_24,10
2,11,50,S++,S++_3,S++_18,10
2,11,50,S++,S++_3,S++_29,10
2,11,50,S++,S++_3,S++_39,10
2,11,50,S++,S++_3,S++_8,10.3
2,11,50,S++,S++_3,S++_45,10.3
2,11,50,S++,S++_3,S++_35,10.6
2,11,50,S++,S++_3,S++_49,10.6
2,11,50,S++,S++_3,S++_6,10
2,11,50,S++,S++_3,S++_36,10
2,11,50,S++,S++_3,S++_50,10
2,11,50,S++,S++_3,S++_12,9.7
2,11,50,S++,S++_3,S++_23,9.7
2,11,50,S++,S++_3,S++_26,9.7
2,11,50,S++,S++_3,S++_14,9.7
2,11,50,S++,S++_3,S++_31,9.7
2,11,50,S++,S++_3,S++_4,9.4
2,11,50,S++,S++_3,S++_15,9.4
2,11,50,S++,S++_3,S++_25,9.4
2,11,50,S++,S++_3,S++_40,9.4
2,11,50,S++,S++_3,S++_47,9.4
2,11,50,S++,S++_3,S++_9,9.7
2,11,50,S++,S++_3,S++_11,9.7
2,11,50,S++,S++_3,S++_46,9.7
2,11,50,S++,S++_3,S++_13,9.7
2,11,50,S++,S++_3,S++_19,9.7
2,11,50,S++,S++_3,S++_33,9.7
2,11,50,S++,S++_3,S++_34,9.7
2,11,50,S++,S++_3,S++_32,10
2,11,50,S++,S++_3,S++_7,10
2,11,50,S++,S++_3,S++_21,10
2,11,50,S++,S++_3,S++_44,10
2,11,50,S++,S++_3,S++_22,9.7
2,11,50,S++,S++_3,S++_38,9.7
2,11,50,S++,S++_3,S++_5,9.7
2,11,50,S++,S++_3,S++_28,9.7
2,11,50,S++,S++_3,S++_37,9.7
2,11,50,S++,S++_3,S++_43,9.7
2,11,50,S++,S++_3,S++_48,9.7
2,11,50,S++,S++_3,S++_16,10
2,11,50,S++,S++_3,S++_17,10
2,11,50,S++,S++_3,S++_20,10
2,11,50,S++,S++_3,S++_24,10
2,11,50,S++,S++_3,S++_27,10
2,11,50,S++,S++_3,S++_41,10
2,11,50,S++,S++_3,S++_42,10
2,11,50,S++,S++_3,S++_10,10
2,11,50,S++,S++_4,S++_35,9.4
2,11,50,S++,S++_4,S++_41,9.4
2,11,50,S++,S++_4,S++_15,9.4
2,11,50,S++,S++_4,S++_24,9.4
2,11,50,S++,S++_4,S++_42,9.4
2,11,50,S++,S++_4,S++_26,9.7
2,11,50,S++,S++_4,S++_43,9.7
2,11,50,S++,S++_4,S++_19,9.4
2,11,50,S++,S++_4,S++_34,9.4
2,11,50,S++,S++_4,S++_29,9.4
2,11,50,S++,S++_4,S++_23,9.4
2,11,50,S++,S++_4,S++_27,9.4
2,11,50,S++,S++_4,S++_5,9.4
2,11,50,S++,S++_4,S++_18,9.4
2,11,50,S++,S++_4,S++_12,9.4
2,11,50,S++,S++_4,S++_20,9.4
2,11,50,S++,S++_4,S++_38,9.4
2,11,50,S++,S++_4,S++_39,9.4
2,11,50,S++,S++_4,S++_7,9.4
2,11,50,S++,S++_4,S++_11,9.4
2,11,50,S++,S++_4,S++_40,9.7
2,11,50,S++,S++_4,S++_46,9.7
2,11,50,S++,S++_4,S++_17,9.7
2,11,50,S++,S++_4,S++_21,9.7
2,11,50,S++,S++_4,S++_47,9.7
2,11,50,S++,S++_4,S++_16,10
2,11,50,S++,S++_4,S++_8,10
2,11,50,S++,S++_4,S++_13,10
2,11,50,S++,S++_5,S++_48,9.4
2,11,50,S++,S++_5,S++_16,9.4
2,11,50,S++,S++_5,S++_41,9.4
2,11,50,S++,S++_5,S++_17,9.7
2,11,50,S++,S++_5,S++_22,9.7
2,11,50,S++,S++_5,S++_10,10
2,11,50,S++,S++_5,S++_28,9.7
2,11,50,S++,S++_5,S++_34,9.7
2,11,50,S++,S++_5,S++_15,10
2,11,50,S++,S++_5,S++_21,10
2,11,50,S++,S++_5,S++_26,10
2,11,50,S++,S++_5,S++_37,10
2,11,50,S++,S++_5,S++_40,9.4
2,11,50,S++,S++_5,S++_13,9.4
2,11,50,S++,S++_5,S++_14,9.4
2,11,50,S++,S++_5,S++_19,9.4
2,11,50,S++,S++_5,S++_20,9.7
2,11,50,S++,S++_5,S++_32,9.7
2,11,50,S++,S++_5,S++_36,9.7
2,11,50,S++,S++_5,S++_29,9.4
2,11,50,S++,S++_5,S++_46,9.4
2,11,50,S++,S++_5,S++_23,9.4
2,11,50,S++,S++_5,S++_33,9.4
2,11,50,S++,S++_5,S++_18,9.4
2,11,50,S++,S++_5,S++_27,9.4
2,11,50,S++,S++_5,S++_31,9.4
2,11,50,S++,S++_5,S++_42,9.4
2,11,50,S++,S++_5,S++_50,9.4
2,11,50,S++,S++_5,S++_11,9.4
2,11,50,S++,S++_5,S++_12,9.7
2,11,50,S++,S++_5,S++_35,9.7
2,11,50,S++,S++_5,S++_47,10
2,11,50,S++,S++_6,S++_44,9.7
2,11,50,S++,S++_6,S++_9,10
2,11,50,S++,S++_6,S++_22,10
2,11,50,S++,S++_6,S++_29,10
2,11,50,S++,S++_6,S++_31,10
2,11,50,S++,S++_6,S++_16,9.7
2,11,50,S++,S++_6,S++_18,9.7
2,11,50,S++,S++_6,S++_37,10
2,11,50,S++,S++_6,S++_12,10
2,11,50,S++,S++_6,S++_23,10
2,11,50,S++,S++_6,S++_13,10.3
2,11,50,S++,S++_6,S++_34,10.3
2,11,50,S++,S++_6,S++_43,10.3
2,11,50,S++,S++_6,S++_46,10
2,11,50,S++,S++_6,S++_49,10
2,11,50,S++,S++_6,S++_7,10
2,11,50,S++,S++_6,S++_11,10
2,11,50,S++,S++_6,S++_32,10
2,11,50,S++,S++_6,S++_21,9.7
2,11,50,S++,S++_6,S++_35,9.7
2,11,50,S++,S++_6,S++_30,9.7
2,11,50,S++,S++_6,S++_39,9.7
2,11,50,S++,S++_6,S++_45,9.7
2,11,50,S++,S++_6,S++_33,10
2,11,50,S++,S++_6,S++_36,10
2,11,50,S++,S++_6,S++_42,10
2,11,50,S++,S++_6,S++_48,10
2,11,50,S++,S++_6,S++_10,9.7
2,11,50,S++,S++_6,S++_17,9.7
2,11,50,S++,S++_6,S++_19,9.7
2,11,50,S++,S++_6,S++_50,9.7
2,11,50,S++,S++_6,S++_24,9.7
2,11,50,S++,S++_6,S++_15,10
2,11,50,S++,S++_7,S++_12,9.7
2,11,50,S++,S++_7,S++_14,9.7
2,11,50,S++,S++_7,S++_15,9.7
2,11,50,S++,S++_7,S++_39,9.7
2,11,50,S++,S++_7,S++_16,9.7
2,11,50,S++,S++_7,S++_33,9.7
2,11,50,S++,S++_7,S++_17,10
2,11,50,S++,S++_7,S++_21,10.3
2,11,50,S++,S++_7,S++_35,10.3
2,11,50,S++,S++_7,S++_40,10.3
2,11,50,S++,S++_7,S++_44,10.3
2,11,50,S++,S++_7,S++_10,10.6
2,11,50,S++,S++_7,S++_26,10.6
2,11,50,S++,S++_7,S++_29,10.6
2,11,50,S++,S++_7,S++_36,10.6
2,11,50,S++,S++_7,S++_43,10.6
2,11,50,S++,S++_7,S++_45,10.6
2,11,50,S++,S++_7,S++_24,10.6
2,11,50,S++,S++_7,S++_28,10.9
2,11,50,S++,S++_7,S++_49,10.9
2,11,50,S++,S++_7,S++_20,10.6
2,11,50,S++,S++_7,S++_25,10.6
2,11,50,S++,S++_7,S++_32,10.6
2,11,50,S++,S++_7,S++_41,10.6
2,11,50,S++,S++_7,S++_8,10.3
2,11,50,S++,S++_7,S++_30,10.3
2,11,50,S++,S++_7,S++_31,10.3
2,11,50,S++,S++_7,S++_18,10.3
2,11,50,S++,S++_7,S++_50,10.6
2,11,50,S++,S++_7,S++_19,10.6
2,11,50,S++,S++_7,S++_37,10.6
2,11,50,S++,S++_7,S++_38,10.3
2,11,50,S++,S++_7,S++_47,10.3
2,11,50,S++,S++_7,S++_34,10
2,11,50,S++,S++_8,S++_9,10.3
2,11,50,S++,S++_8,S++_29,10.3
2,11,50,S++,S++_8,S++_35,10.3
2,11,50,S++,S++_8,S++_42,10.3
2,11,50,S++,S++_8,S++_33,10.3
2,11,50,S++,S++_8,S++_37,10.3
2,11,50,S++,S++_8,S++_50,10.3
2,11,50,S++,S++_8,S++_31,10.6
2,11,50,S++,S++_8,S++_32,10.6
2,11,50,S++,S++_8,S++_34,10.3
2,11,50,S++,S++_8,S++_16,10.6
2,11,50,S++,S++_8,S++_13,10.9
2,11,50,S++,S++_8,S++_24,10.9
2,11,50,S++,S++_8,S++_10,10.6
2,11,50,S++,S++_8,S++_18,10.6
2,11,50,S++,S++_8,S++_23,10.6
2,11,50,S++,S++_8,S++_39,10.6
2,11,50,S++,S++_8,S++_17,10.3
2,11,50,S++,S++_8,S++_20,10.3
2,11,50,S++,S++_8,S++_22,10.3
2,11,50,S++,S++_8,S++_25,9.7
2,11,50,S++,S++_8,S++_26,9.7
2,11,50,S++,S++_8,S++_36,9.7
2,11,50,S++,S++_8,S++_41,9.7
2,11,50,S++,S++_8,S++_46,9.7
2,11,50,S++,S++_8,S++_47,9.7
2,11,50,S++,S++_8,S++_48,9.7
2,11,50,S++,S++_8,S++_49,9.7
2,11,50,S++,S++_8,S++_30,9.7
2,11,50,S++,S++_8,S++_43,9.7
2,11,50,S++,S++_8,S++_38,10
2,11,50,S++,S++_8,S++_40,10
2,11,50,S++,S++_8,S++_14,10.3
2,11,50,S++,S++_8,S++_21,10.3
2,11,50,S++,S++_8,S++_45,10.3
2,11,50,S++,S++_8,S++_44,10.3
2,11,50,S++,S++_9,S++_22,9.7
2,11,50,S++,S++_9,S++_13,9.7
2,11,50,S++,S++_9,S++_16,9.7
2,11,50,S++,S++_9,S++_32,9.7
2,11,50,S++,S++_9,S++_45,9.7
2,11,50,S++,S++_9,S++_48,9.7
2,11,50,S++,S++_9,S++_25,10
2,11,50,S++,S++_9,S++_37,10.3
2,11,50,S++,S++_9,S++_33,10.3
2,11,50,S++,S++_9,S++_19,10.6
2,11,50,S++,S++_9,S++_44,10.6
2,11,50,S++,S++_9,S++_15,10.6
2,11,50,S++,S++_9,S++_39,10.6
2,11,50,S++,S++_9,S++_49,11.2
2,11,50,S++,S++_9,S++_40,10.9
2,11,50,S++,S++_9,S++_10,10
2,11,50,S++,S++_9,S++_24,10
2,11,50,S++,S++_9,S++_26,9.7
2,11,50,S++,S++_9,S++_29,9.7
2,11,50,S++,S++_9,S++_30,9.7
2,11,50,S++,S++_9,S++_14,9.7
2,11,50,S++,S++_9,S++_34,9.7
2,11,50,S++,S++_9,S++_11,9.4
2,11,50,S++,S++_9,S++_12,9.4
2,11,50,S++,S++_9,S++_20,9.4
2,11,50,S++,S++_9,S++_31,9.4
2,11,50,S++,S++_9,S++_43,9.4
2,11,50,S++,S++_9,S++_50,9.4
2,11,50,S++,S++_9,S++_23,9.4
2,11,50,S++,S++_9,S++_35,9.4
2,11,50,S++,S++_9,S++_42,9.4
2,11,50,S++,S++_9,S++_18,9.7
2,11,50,S++,S++_9,S++_41,9.7
2,11,50,S++,S++_9,S++_47,9.7
2,11,50,S++,S++_9,S++_17,10
2,11,50,S++,S++_10,S++_25,10
2,11,50,S++,S++_10,S++_41,10.3
2,11,50,S++,S++_10,S++_48,10.3
2,11,50,S++,S++_10,S++_20,10.3
2,11,50,S++,S++_10,S++_27,10.3
2,11,50,S++,S++_10,S++_21,10.6
2,11,50,S++,S++_10,S++_13,10
2,11,50,S++,S++_10,S++_15,9.7
2,11,50,S++,S++_10,S++_28,9.7
2,11,50,S++,S++_10,S++_30,9.7
2,11,50,S++,S++_10,S++_35,9.7
2,11,50,S++,S++_10,S++_36,9.7
2,11,50,S++,S++_10,S++_37,9.7
2,11,50,S++,S++_10,S++_45,9.7
2,11,50,S++,S++_10,S++_46,9.7
2,11,50,S++,S++_10,S++_40,9.7
2,11,50,S++,S++_10,S++_19,10
2,11,50,S++,S++_10,S++_43,10
2,11,50,S++,S++_10,S++_50,10
2,11,50,S++,S++_10,S++_24,10
2,11,50,S++,S++_10,S++_32,10
2,11,50,S++,S++_10,S++_44,10
2,11,50,S++,S++_10,S++_23,9.7
2,11,50,S++,S++_10,S++_39,9.7
2,11,50,S++,S++_10,S++_11,10
2,11,50,S++,S++_10,S++_33,10
2,11,50,S++,S++_10,S++_34,10
2,11,50,S++,S++_10,S++_17,10
2,11,50,S++,S++_10,S++_12,9.7
2,11,50,S++,S++_10,S++_26,10.3
2,11,50,S++,S++_10,S++_38,10.3
2,11,50,S++,S++_10,S++_47,10.3
2,11,50,S++,S++_10,S++_22,10
2,11,50,S++,S++_10,S++_29,10
2,11,50,S++,S++_10,S++_42,10
2,11,50,S++,S++_10,S++_49,10
2,11,50,S++,S++_10,S++_14,10
2,11,50,S++,S++_10,S++_16,9.7
2,11,50,S++,S++_10,S++_31,9.7
2,11,50,S++,S++_10,S++_18,10
2,11,50,S++,S++_11,S++_12,10
2,11,50,S++,S++_11,S++_44,10
2,11,50,S++,S++_11,S++_21,10
2,11,50,S++,S++_11,S++_23,10
2,11,50,S++,S++_11,S++_38,10
2,11,50,S++,S++_11,S++_34,10.3
2,11,50,S++,S++_11,S++_14,10.3
2,11,50,S++,S++_11,S++_39,10.3
2,11,50,S++,S++_11,S++_43,10.3
2,11,50,S++,S++_11,S++_13,10.6
2,11,50,S++,S++_11,S++_16,10.6
2,11,50,S++,S++_11,S++_49,10.6
2,11,50,S++,S++_11,S++_17,10.3
2,11,50,S++,S++_11,S++_25,10.3
2,11,50,S++,S++_11,S++_26,10.3
2,11,50,S++,S++_11,S++_29,10.3
2,11,50,S++,S++_11,S++_30,10.6
2,11,50,S++,S++_11,S++_32,10.6
2,11,50,S++,S++_11,S++_33,10.6
2,11,50,S++,S++_11,S++_20,10.3
2,11,50,S++,S++_11,S++_28,10.3
2,11,50,S++,S++_11,S++_22,10.3
2,11,50,S++,S++_11,S++_24,10.3
2,11,50,S++,S++_11,S++_36,10.3
2,11,50,S++,S++_11,S++_27,10.6
2,11,50,S++,S++_11,S++_40,10.6
2,11,50,S++,S++_11,S++_41,10.6
2,11,50,S++,S++_11,S++_46,10.6
2,11,50,S++,S++_11,S++_18,10.3
2,11,50,S++,S++_11,S++_45,10.3
2,11,50,S++,S++_11,S++_48,10.3
2,11,50,S++,S++_11,S++_42,10.3
2,11,50,S++,S++_11,S++_50,10.3
2,11,50,S++,S++_11,S++_19,10
2,11,50,S++,S++_11,S++_37,10
2,11,50,S++,S++_11,S++_15,10
2,11,50,S++,S++_11,S++_35,10
2,11,50,S++,S++_11,S++_31,9.7
2,11,50,S++,S++_11,S++_47,9.7
2,11,50,S++,S++_12,S++_15,10
2,11,50,S++,S++_12,S++_19,10
2,11,50,S++,S++_12,S++_35,10
2,11,50,S++,S++_12,S++_18,9.7
2,11,50,S++,S++_12,S++_27,9.7
2,11,50,S++,S++_12,S++_26,10
2,11,50,S++,S++_12,S++_28,10
2,11,50,S++,S++_12,S++_44,10
2,11,50,S++,S++_12,S++_37,9.7
2,11,50,S++,S++_12,S++_42,9.7
2,11,50,S++,S++_12,S++_14,9.7
2,11,50,S++,S++_12,S++_31,9.7
2,11,50,S++,S++_12,S++_34,9.7
2,11,50,S++,S++_12,S++_49,9.7
2,11,50,S++,S++_12,S++_21,10
2,11,50,S++,S++_12,S++_47,10
2,11,50,S++,S++_12,S++_29,9.7
2,11,50,S++,S++_12,S++_36,9.7
2,11,50,S++,S++_12,S++_43,9.7
2,11,50,S++,S++_12,S++_13,9.7
2,11,50,S++,S++_12,S++_33,10
2,11,50,S++,S++_12,S++_46,10
2,11,50,S++,S++_12,S++_23,10
2,11,50,S++,S++_12,S++_25,10
2,11,50,S++,S++_12,S++_38,10.3
2,11,50,S++,S++_12,S++_50,10.3
2,11,50,S++,S++_12,S++_16,10
2,11,50,S++,S++_12,S++_32,10
2,11,50,S++,S++_12,S++_39,10
2,11,50,S++,S++_12,S++_45,10
2,11,50,S++,S++_12,S++_20,10
2,11,50,S++,S++_12,S++_24,10
2,11,50,S++,S++_12,S++_41,10
2,11,50,S++,S++_12,S++_48,9.7
2,11,50,S++,S++_12,S++_17,9.7
2,11,50,S++,S++_12,S++_30,9.7
2,11,50,S++,S++_13,S++_14,9.7
2,11,50,S++,S++_13,S++_26,10
2,11,50,S++,S++_13,S++_29,10
2,11,50,S++,S++_13,S++_40,10
2,11,50,S++,S++_13,S++_41,10
2,11,50,S++,S++_13,S++_28,9.7
2,11,50,S++,S++_13,S++_43,9.7
2,11,50,S++,S++_13,S++_17,10
2,11,50,S++,S++_13,S++_23,10
2,11,50,S++,S++_13,S++_25,10
2,11,50,S++,S++_13,S++_38,9.7
2,11,50,S++,S++_13,S++_46,9.7
2,11,50,S++,S++_13,S++_33,10
2,11,50,S++,S++_13,S++_39,10
2,11,50,S++,S++_13,S++_45,10
2,11,50,S++,S++_13,S++_21,10
2,11,50,S++,S++_13,S++_37,10
2,11,50,S++,S++_13,S++_22,10.3
2,11,50,S++,S++_13,S++_49,10.3
2,11,50,S++,S++_13,S++_35,10.3
2,11,50,S++,S++_13,S++_16,10
2,11,50,S++,S++_13,S++_20,10
2,11,50,S++,S++_13,S++_31,10
2,11,50,S++,S++_13,S++_18,10
2,11,50,S++,S++_13,S++_19,10
2,11,50,S++,S++_13,S++_27,10
2,11,50,S++,S++_13,S++_32,10
2,11,50,S++,S++_13,S++_34,10
2,11,50,S++,S++_13,S++_42,10
2,11,50,S++,S++_13,S++_24,9.7
2,11,50,S++,S++_13,S++_36,9.7
2,11,50,S++,S++_13,S++_47,9.7
2,11,50,S++,S++_13,S++_50,9.7
2,11,50,S++,S++_13,S++_30,10
2,11,50,S++,S++_14,S++_27,9.7
2,11,50,S++,S++_14,S++_39,9.7
2,11,50,S++,S++_14,S++_37,9.7
2,11,50,S++,S++_14,S++_44,9.7
2,11,50,S++,S++_14,S++_19,10
2,11,50,S++,S++_14,S++_41,10
2,11,50,S++,S++_14,S++_15,10.3
2,11,50,S++,S++_14,S++_17,10.3
2,11,50,S++,S++_14,S++_20,10.3
2,11,50,S++,S++_14,S++_46,10
2,11,50,S++,S++_14,S++_22,10
2,11,50,S++,S++_14,S++_25,10
2,11,50,S++,S++_14,S++_34,10
2,11,50,S++,S++_14,S++_47,10
2,11,50,S++,S++_14,S++_18,9.7
2,11,50,S++,S++_14,S++_24,9.7
2,11,50,S++,S++_14,S++_31,9.7
2,11,50,S++,S++_14,S++_50,9.7
2,11,50,S++,S++_14,S++_23,9.7
2,11,50,S++,S++_14,S++_42,9.7
2,11,50,S++,S++_14,S++_48,10
2,11,50,S++,S++_15,S++_20,9.7
2,11,50,S++,S++_15,S++_23,9.7
2,11,50,S++,S++_15,S++_36,9.7
2,11,50,S++,S++_15,S++_34,10
2,11,50,S++,S++_15,S++_27,10.3
2,11,50,S++,S++_15,S++_31,10.3
2,11,50,S++,S++_15,S++_39,10.3
2,11,50,S++,S++_15,S++_28,10.3
2,11,50,S++,S++_15,S++_29,10.3
2,11,50,S++,S++_15,S++_37,10.3
2,11,50,S++,S++_15,S++_19,10
2,11,50,S++,S++_15,S++_32,10
2,11,50,S++,S++_15,S++_42,10
2,11,50,S++,S++_15,S++_38,10
2,11,50,S++,S++_15,S++_40,10
2,11,50,S++,S++_15,S++_49,10
2,11,50,S++,S++_15,S++_17,9.7
2,11,50,S++,S++_15,S++_18,9.7
2,11,50,S++,S++_15,S++_26,9.7
2,11,50,S++,S++_15,S++_35,9.7
2,11,50,S++,S++_15,S++_47,9.7
2,11,50,S++,S++_15,S++_48,9.7
2,11,50,S++,S++_15,S++_50,9.7
2,11,50,S++,S++_15,S++_44,10
2,11,50,S++,S++_16,S++_18,9.7
2,11,50,S++,S++_16,S++_45,9.7
2,11,50,S++,S++_16,S++_27,9.7
2,11,50,S++,S++_16,S++_25,10
2,11,50,S++,S++_16,S++_36,10
2,11,50,S++,S++_16,S++_23,10.3
2,11,50,S++,S++_16,S++_29,10.3
2,11,50,S++,S++_16,S++_32,10.3
2,11,50,S++,S++_16,S++_33,10.3
2,11,50,S++,S++_16,S++_48,10.3
2,11,50,S++,S++_16,S++_50,10.3
2,11,50,S++,S++_16,S++_20,10
2,11,50,S++,S++_16,S++_22,10
2,11,50,S++,S++_16,S++_42,10
2,11,50,S++,S++_16,S++_44,10
2,11,50,S++,S++_16,S++_46,10
2,11,50,S++,S++_16,S++_49,10
2,11,50,S++,S++_16,S++_19,10
2,11,50,S++,S++_16,S++_37,10
2,11,50,S++,S++_16,S++_40,10
2,11,50,S++,S++_16,S++_41,10
2,11,50,S++,S++_16,S++_47,9.4
2,11,50,S++,S++_16,S++_17,9.7
2,11,50,S++,S++_16,S++_24,9.7
2,11,50,S++,S++_16,S++_31,9.7
2,11,50,S++,S++_16,S++_43,9.7
2,11,50,S++,S++_16,S++_35,9.7
2,11,50,S++,S++_17,S++_26,9.4
2,11,50,S++,S++_17,S++_39,9.4
2,11,50,S++,S++_17,S++_40,9.4
2,11,50,S++,S++_17,S++_19,9.4
2,11,50,S++,S++_17,S++_21,9.4
2,11,50,S++,S++_17,S++_44,9.4
2,11,50,S++,S++_17,S++_27,9.7
2,11,50,S++,S++_17,S++_22,9.7
2,11,50,S++,S++_17,S++_20,9.4
2,11,50,S++,S++_17,S++_38,9.4
2,11,50,S++,S++_17,S++_23,9.4
2,11,50,S++,S++_17,S++_29,9.4
2,11,50,S++,S++_17,S++_35,9.4
2,11,50,S++,S++_17,S++_31,10
2,11,50,S++,S++_17,S++_33,10
2,11,50,S++,S++_17,S++_41,10
2,11,50,S++,S++_17,S++_42,10
2,11,50,S++,S++_17,S++_43,10
2,11,50,S++,S++_17,S++_46,10
2,11,50,S++,S++_17,S++_30,10
2,11,50,S++,S++_17,S++_47,10
2,11,50,S++,S++_18,S++_42,9.4
2,11,50,S++,S++_18,S++_29,9.7
2,11,50,S++,S++_18,S++_31,9.7
2,11,50,S++,S++_18,S++_21,9.4
2,11,50,S++,S++_18,S++_44,9.4
2,11,50,S++,S++_18,S++_25,9.7
2,11,50,S++,S++_18,S++_48,9.7
2,11,50,S++,S++_18,S++_43,9.7
2,11,50,S++,S++_18,S++_27,9.4
2,11,50,S++,S++_18,S++_32,9.4
2,11,50,S++,S++_18,S++_28,9.7
2,11,50,S++,S++_18,S++_38,9.7
2,11,50,S++,S++_18,S++_41,9.7
2,11,50,S++,S++_18,S++_45,9.7
2,11,50,S++,S++_18,S++_47,9.7
2,11,50,S++,S++_18,S++_19,10
2,11,50,S++,S++_18,S++_22,10
2,11,50,S++,S++_18,S++_26,10
2,11,50,S++,S++_19,S++_41,9.4
2,11,50,S++,S++_19,S++_44,9.4
2,11,50,S++,S++_19,S++_26,9.4
2,11,50,S++,S++_19,S++_20,9.4
2,11,50,S++,S++_19,S++_29,9.4
2,11,50,S++,S++_19,S++_30,9.4
2,11,50,S++,S++_19,S++_24,9.7
2,11,50,S++,S++_19,S++_34,9.7
2,11,50,S++,S++_19,S++_43,9.7
2,11,50,S++,S++_19,S++_50,9.7
2,11,50,S++,S++_19,S++_23,10
2,11,50,S++,S++_19,S++_46,10
2,11,50,S++,S++_19,S++_21,9.7
2,11,50,S++,S++_19,S++_25,9.4
2,11,50,S++,S++_19,S++_33,9.4
2,11,50,S++,S++_19,S++_28,9.4
2,11,50,S++,S++_19,S++_27,9.7
2,11,50,S++,S++_19,S++_38,9.7
2,11,50,S++,S++_19,S++_22,9.7
2,11,50,S++,S++_19,S++_48,9.7
2,11,50,S++,S++_19,S++_39,9.4
2,11,50,S++,S++_19,S++_40,9.4
2,11,50,S++,S++_19,S++_45,9.4
2,11,50,S++,S++_19,S++_47,9.4
2,11,50,S++,S++_19,S++_32,9.7
2,11,50,S++,S++_19,S++_31,9.7
2,11,50,S++,S++_19,S++_49,10
2,11,50,S++,S++_20,S++_24,9.4
2,11,50,S++,S++_20,S++_45,9.4
2,11,50,S++,S++_20,S++_25,9.4
2,11,50,S++,S++_20,S++_36,9.4
2,11,50,S++,S++_20,S++_46,9.4
2,11,50,S++,S++_20,S++_27,9.4
2,11,50,S++,S++_20,S++_22,9.7
2,11,50,S++,S++_20,S++_41,9.7
2,11,50,S++,S++_20,S++_30,9.7
2,11,50,S++,S++_20,S++_42,10
2,11,50,S++,S++_20,S++_44,10
2,11,50,S++,S++_20,S++_28,10
2,11,50,S++,S++_20,S++_49,9.7
2,11,50,S++,S++_20,S++_31,9.7
2,11,50,S++,S++_20,S++_48,9.4
2,11,50,S++,S++_20,S++_47,9.4
2,11,50,S++,S++_20,S++_38,9.7
2,11,50,S++,S++_20,S++_39,9.7
2,11,50,S++,S++_20,S++_40,9.7
2,11,50,S++,S++_20,S++_43,9.7
2,11,50,S++,S++_20,S++_23,9.7
2,11,50,S++,S++_20,S++_32,9.7
2,11,50,S++,S++_20,S++_34,9.7
2,11,50,S++,S++_20,S++_37,9.4
2,11,50,S++,S++_20,S++_26,9.4
2,11,50,S++,S++_20,S++_29,10
2,11,50,S++,S++_20,S++_33,10
2,11,50,S++,S++_20,S++_50,10
2,11,50,S++,S++_20,S++_21,9.7
2,11,50,S++,S++_20,S++_35,9.7
2,11,50,S++,S++_21,S++_27,10
2,11,50,S++,S++_21,S++_42,10
2,11,50,S++,S++_21,S++_46,10
2,11,50,S++,S++_21,S++_23,10
2,11,50,S++,S++_21,S++_40,10
2,11,50,S++,S++_21,S++_28,10
2,11,50,S++,S++_21,S++_32,10
2,11,50,S++,S++_21,S++_36,10
2,11,50,S++,S++_21,S++_39,10
2,11,50,S++,S++_21,S++_49,10
2,11,50,S++,S++_21,S++_34,10.3
2,11,50,S++,S++_21,S++_48,10.3
2,11,50,S++,S++_21,S++_25,10.6
2,11,50,S++,S++_21,S++_22,10
2,11,50,S++,S++_21,S++_26,9.4
2,11,50,S++,S++_21,S++_45,9.4
2,11,50,S++,S++_21,S++_50,9.7
2,11,50,S++,S++_21,S++_37,10
2,11,50,S++,S++_21,S++_43,10
2,11,50,S++,S++_21,S++_24,10
2,11,50,S++,S++_21,S++_29,10
2,11,50,S++,S++_21,S++_31,10
2,11,50,S++,S++_21,S++_35,9.7
2,11,50,S++,S++_21,S++_30,10
2,11,50,S++,S++_21,S++_33,10
2,11,50,S++,S++_21,S++_47,10
2,11,50,S++,S++_22,S++_30,9.4
2,11,50,S++,S++_22,S++_43,9.4
2,11,50,S++,S++_22,S++_49,9.4
2,11,50,S++,S++_22,S++_36,9.4
2,11,50,S++,S++_22,S++_44,9.4
2,11,50,S++,S++_22,S++_45,9.4
2,11,50,S++,S++_22,S++_33,9.4
2,11,50,S++,S++_22,S++_27,9.7
2,11,50,S++,S++_22,S++_41,9.7
2,11,50,S++,S++_22,S++_42,10
2,11,50,S++,S++_22,S++_25,9.7
2,11,50,S++,S++_22,S++_24,9.7
2,11,50,S++,S++_22,S++_26,9.7
2,11,50,S++,S++_22,S++_29,9.4
2,11,50,S++,S++_22,S++_39,9.4
2,11,50,S++,S++_22,S++_23,9.7
2,11,50,S++,S++_22,S++_32,9.7
2,11,50,S++,S++_22,S++_28,9.7
2,11,50,S++,S++_22,S++_35,9.7
2,11,50,S++,S++_22,S++_38,10
2,11,50,S++,S++_22,S++_50,10
2,11,50,S++,S++_22,S++_40,9.7
2,11,50,S++,S++_22,S++_46,9.7
2,11,50,S++,S++_22,S++_47,9.7
2,11,50,S++,S++_22,S++_31,9.7
2,11,50,S++,S++_23,S++_46,9.4
2,11,50,S++,S++_23,S++_31,9.4
2,11,50,S++,S++_23,S++_35,9.4
2,11,50,S++,S++_23,S++_27,9.4
2,11,50,S++,S++_23,S++_33,9.4
2,11,50,S++,S++_23,S++_49,9.4
2,11,50,S++,S++_23,S++_26,9.7
2,11,50,S++,S++_23,S++_34,10.3
2,11,50,S++,S++_23,S++_24,10.3
2,11,50,S++,S++_23,S++_38,10.3
2,11,50,S++,S++_23,S++_29,10
2,11,50,S++,S++_23,S++_47,10
2,11,50,S++,S++_23,S++_40,10
2,11,50,S++,S++_23,S++_39,10.3
2,11,50,S++,S++_23,S++_42,10.3
2,11,50,S++,S++_23,S++_45,10.3
2,11,50,S++,S++_23,S++_36,10.3
2,11,50,S++,S++_23,S++_50,10.3
2,11,50,S++,S++_23,S++_25,10.6
2,11,50,S++,S++_23,S++_28,10.6
2,11,50,S++,S++_23,S++_32,10.6
2,11,50,S++,S++_23,S++_37,10.6
2,11,50,S++,S++_23,S++_41,10.6
2,11,50,S++,S++_23,S++_43,10.6
2,11,50,S++,S++_23,S++_44,10.3
2,11,50,S++,S++_23,S++_30,10.3
2,11,50,S++,S++_24,S++_44,10
2,11,50,S++,S++_24,S++_46,10
2,11,50,S++,S++_24,S++_36,10
2,11,50,S++,S++_24,S++_45,10
2,11,50,S++,S++_24,S++_48,10
2,11,50,S++,S++_24,S++_25,10
2,11,50,S++,S++_24,S++_49,10
2,11,50,S++,S++_24,S++_34,10.6
2,11,50,S++,S++_24,S++_39,10
2,11,50,S++,S++_24,S++_41,10
2,11,50,S++,S++_24,S++_27,9.7
2,11,50,S++,S++_24,S++_29,9.7
2,11,50,S++,S++_24,S++_31,9.7
2,11,50,S++,S++_24,S++_38,9.7
2,11,50,S++,S++_24,S++_30,10
2,11,50,S++,S++_24,S++_47,10
2,11,50,S++,S++_24,S++_50,10
2,11,50,S++,S++_24,S++_35,10.3
2,11,50,S++,S++_24,S++_40,10.3
2,11,50,S++,S++_25,S++_31,9.7
2,11,50,S++,S++_25,S++_37,10
2,11,50,S++,S++_25,S++_45,10
2,11,50,S++,S++_25,S++_26,10
2,11,50,S++,S++_25,S++_27,10
2,11,50,S++,S++_25,S++_29,9.7
2,11,50,S++,S++_25,S++_40,9.7
2,11,50,S++,S++_25,S++_42,9.7
2,11,50,S++,S++_25,S++_38,9.7
2,11,50,S++,S++_25,S++_32,10
2,11,50,S++,S++_25,S++_35,10
2,11,50,S++,S++_25,S++_47,10
2,11,50,S++,S++_25,S++_48,10
2,11,50,S++,S++_25,S++_49,10
2,11,50,S++,S++_25,S++_50,10.3
2,11,50,S++,S++_26,S++_29,9.7
2,11,50,S++,S++_26,S++_44,9.7
2,11,50,S++,S++_26,S++_28,10
2,11,50,S++,S++_26,S++_40,10
2,11,50,S++,S++_26,S++_34,10.3
2,11,50,S++,S++_26,S++_43,10
2,11,50,S++,S++_26,S++_48,10
2,11,50,S++,S++_26,S++_37,10
2,11,50,S++,S++_26,S++_38,10
2,11,50,S++,S++_26,S++_36,10.3
2,11,50,S++,S++_26,S++_50,10.3
2,11,50,S++,S++_26,S++_31,10.3
2,11,50,S++,S++_26,S++_45,10.3
2,11,50,S++,S++_26,S++_46,10.3
2,11,50,S++,S++_26,S++_32,10.3
2,11,50,S++,S++_26,S++_41,10.3
2,11,50,S++,S++_27,S++_28,10
2,11,50,S++,S++_27,S++_39,10
2,11,50,S++,S++_27,S++_30,10.3
2,11,50,S++,S++_27,S++_33,10.3
2,11,50,S++,S++_27,S++_40,10
2,11,50,S++,S++_27,S++_41,10
2,11,50,S++,S++_27,S++_43,10.3
2,11,50,S++,S++_27,S++_45,10.3
2,11,50,S++,S++_27,S++_49,10.3
2,11,50,S++,S++_27,S++_38,10.3
2,11,50,S++,S++_27,S++_46,10
2,11,50,S++,S++_27,S++_36,10
2,11,50,S++,S++_27,S++_48,10
2,11,50,S++,S++_27,S++_50,10
2,11,50,S++,S++_27,S++_47,10.3
2,11,50,S++,S++_28,S++_32,9.7
2,11,50,S++,S++_28,S++_34,9.7
2,11,50,S++,S++_28,S++_36,9.7
2,11,50,S++,S++_28,S++_35,10
2,11,50,S++,S++_28,S++_46,10
2,11,50,S++,S++_28,S++_38,10
2,11,50,S++,S++_28,S++_41,10.6
2,11,50,S++,S++_28,S++_43,10.6
2,11,50,S++,S++_28,S++_37,10.3
2,11,50,S++,S++_28,S++_48,10.3
2,11,50,S++,S++_28,S++_31,10
2,11,50,S++,S++_28,S++_47,10
2,11,50,S++,S++_28,S++_30,10.6
2,11,50,S++,S++_28,S++_40,10.6
2,11,50,S++,S++_28,S++_50,10.6
2,11,50,S++,S++_29,S++_38,10.9
2,11,50,S++,S++_29,S++_46,11.5
2,11,50,S++,S++_29,S++_37,11.2
2,11,50,S++,S++_29,S++_41,11.2
2,11,50,S++,S++_29,S++_33,11.2
2,11,50,S++,S++_29,S++_34,11.2
2,11,50,S++,S++_29,S++_44,11.2
2,11,50,S++,S++_29,S++_30,10.9
2,11,50,S++,S++_29,S++_50,10.9
2,11,50,S++,S++_29,S++_31,10.6
2,11,50,S++,S++_29,S++_36,10.6
2,11,50,S++,S++_29,S++_47,10.6
2,11,50,S++,S++_29,S++_42,10.3
2,11,50,S++,S++_30,S++_43,10.9
2,11,50,S++,S++_30,S++_49,11.2
2,11,50,S++,S++_30,S++_34,11.2
2,11,50,S++,S++_30,S++_32,11.5
2,11,50,S++,S++_30,S++_42,11.5
2,11,50,S++,S++_30,S++_31,11.2
2,11,50,S++,S++_30,S++_35,11.2
2,11,50,S++,S++_30,S++_37,11.2
2,11,50,S++,S++_30,S++_39,11.2
2,11,50,S++,S++_30,S++_44,11.2
2,11,50,S++,S++_30,S++_47,11.2
2,11,50,S++,S++_30,S++_33,10.9
2,11,50,S++,S++_30,S++_40,10.6
2,11,50,S++,S++_30,S++_50,10.6
2,11,50,S++,S++_31,S++_36,10.9
2,11,50,S++,S++_31,S++_33,10.9
2,11,50,S++,S++_31,S++_47,11.2
2,11,50,S++,S++_31,S++_35,11.2
2,11,50,S++,S++_31,S++_39,11.2
2,11,50,S++,S++_31,S++_48,11.5
2,11,50,S++,S++_31,S++_49,10.9
2,11,50,S++,S++_31,S++_43,10.9
2,11,50,S++,S++_31,S++_45,10.9
2,11,50,S++,S++_31,S++_46,10.9
2,11,50,S++,S++_31,S++_40,10.6
2,11,50,S++,S++_31,S++_38,10.3
2,11,50,S++,S++_31,S++_41,10
2,11,50,S++,S++_32,S++_47,10.9
2,11,50,S++,S++_32,S++_37,11.2
2,11,50,S++,S++_32,S++_39,11.2
2,11,50,S++,S++_32,S++_42,11.2
2,11,50,S++,S++_32,S++_33,10.9
2,11,50,S++,S++_32,S++_45,10.9
2,11,50,S++,S++_32,S++_46,10.9
2,11,50,S++,S++_32,S++_34,10.6
2,11,50,S++,S++_32,S++_36,10.6
2,11,50,S++,S++_32,S++_41,10.6
2,11,50,S++,S++_32,S++_44,10.6
2,11,50,S++,S++_32,S++_35,10.6
2,11,50,S++,S++_32,S++_48,10.6
2,11,50,S++,S++_32,S++_50,10
2,11,50,S++,S++_33,S++_45,10.6
2,11,50,S++,S++_33,S++_46,10.9
2,11,50,S++,S++_33,S++_37,10.3
2,11,50,S++,S++_33,S++_38,10.3
2,11,50,S++,S++_33,S++_44,10
2,11,50,S++,S++_33,S++_48,10
2,11,50,S++,S++_33,S++_49,10
2,11,50,S++,S++_33,S++_40,9.7
2,11,50,S++,S++_34,S++_38,10.3
2,11,50,S++,S++_34,S++_40,10.3
2,11,50,S++,S++_34,S++_43,10.3
2,11,50,S++,S++_34,S++_37,10.6
2,11,50,S++,S++_34,S++_42,10.6
2,11,50,S++,S++_34,S++_44,10.6
2,11,50,S++,S++_34,S++_39,10.3
2,11,50,S++,S++_34,S++_47,10.3
2,11,50,S++,S++_34,S++_36,10.3
2,11,50,S++,S++_34,S++_45,10
2,11,50,S++,S++_34,S++_41,9.7
2,11,50,S++,S++_34,S++_48,9.7
2,11,50,S++,S++_35,S++_46,10.6
2,11,50,S++,S++_35,S++_49,10.6
2,11,50,S++,S++_35,S++_50,10.6
2,11,50,S++,S++_35,S++_44,10.3
2,11,50,S++,S++_35,S++_41,10
2,11,50,S++,S++_35,S++_48,10
2,11,50,S++,S++_35,S++_37,10
2,11,50,S++,S++_35,S++_42,10
2,11,50,S++,S++_35,S++_36,9.7
2,11,50,S++,S++_35,S++_38,9.7
2,11,50,S++,S++_35,S++_39,9.7
2,11,50,S++,S++_35,S++_40,9.7
2,11,50,S++,S++_35,S++_45,10
2,11,50,S++,S++_36,S++_47,10.3
2,11,50,S++,S++_36,S++_48,10.3
2,11,50,S++,S++_36,S++_40,10.3
2,11,50,S++,S++_36,S++_44,10.3
2,11,50,S++,S++_36,S++_45,10.3
2,11,50,S++,S++_36,S++_46,10.6
2,11,50,S++,S++_36,S++_39,10.9
2,11,50,S++,S++_36,S++_37,10.6
2,11,50,S++,S++_36,S++_42,10.3
2,11,50,S++,S++_36,S++_49,10
2,11,50,S++,S++_36,S++_43,10
2,11,50,S++,S++_37,S++_44,10.3
2,11,50,S++,S++_37,S++_45,11.2
2,11,50,S++,S++_37,S++_42,11.2
2,11,50,S++,S++_37,S++_41,10.9
2,11,50,S++,S++_37,S++_39,10.6
2,11,50,S++,S++_37,S++_48,10.6
2,11,50,S++,S++_37,S++_43,10.3
2,11,50,S++,S++_37,S++_38,10
2,11,50,S++,S++_37,S++_40,10
2,11,50,S++,S++_37,S++_47,10
2,11,50,S++,S++_37,S++_49,10
2,11,50,S++,S++_38,S++_45,10.6
2,11,50,S++,S++_38,S++_40,10.6
2,11,50,S++,S++_38,S++_42,10.6
2,11,50,S++,S++_38,S++_39,11.2
2,11,50,S++,S++_38,S++_44,11.2
2,11,50,S++,S++_38,S++_43,10.9
2,11,50,S++,S++_38,S++_41,10.6
2,11,50,S++,S++_38,S++_46,10.3
2,11,50,S++,S++_38,S++_49,10.3
2,11,50,S++,S++_38,S++_47,10.3
2,11,50,S++,S++_38,S++_48,10
2,11,50,S++,S++_38,S++_50,10
2,11,50,S++,S++_39,S++_41,10.6
2,11,50,S++,S++_39,S++_45,10.9
2,11,50,S++,S++_39,S++_49,11.2
2,11,50,S++,S++_39,S++_40,11.2
2,11,50,S++,S++_39,S++_46,11.2
2,11,50,S++,S++_39,S++_50,10.6
2,11,50,S++,S++_39,S++_47,10.3
2,11,50,S++,S++_39,S++_42,10
2,11,50,S++,S++_39,S++_48,9.7
2,11,50,S++,S++_40,S++_41,10.6
2,11,50,S++,S++_40,S++_46,11.2
2,11,50,S++,S++_40,S++_45,10.9
2,11,50,S++,S++_40,S++_43,10.6
2,11,50,S++,S++_40,S++_48,10.9
2,11,50,S++,S++_40,S++_44,10.6
2,11,50,S++,S++_40,S++_47,10.6
2,11,50,S++,S++_40,S++_50,10.3
2,11,50,S++,S++_40,S++_42,10.3
2,11,50,S++,S++_41,S++_44,11.2
2,11,50,S++,S++_41,S++_43,11.5
2,11,50,S++,S++_41,S++_45,11.2
2,11,50,S++,S++_41,S++_48,11.2
2,11,50,S++,S++_41,S++_49,11.2
2,11,50,S++,S++_41,S++_46,10.9
2,11,50,S++,S++_41,S++_47,10.6
2,11,50,S++,S++_41,S++_42,10.3
2,11,50,S++,S++_42,S++_50,11.2
2,11,50,S++,S++_42,S++_43,11.8
2,11,50,S++,S++_42,S++_48,11.8
2,11,50,S++,S++_42,S++_47,11.2
2,11,50,S++,S++_42,S++_44,10.9
2,11,50,S++,S++_42,S++_49,10.9
2,11,50,S++,S++_42,S++_45,10.6
2,11,50,S++,S++_43,S++_45,11.5
2,11,50,S++,S++_43,S++_46,11.8
2,11,50,S++,S++_43,S++_47,11.5
2,11,50,S++,S++_43,S++_50,11.2
2,11,50,S++,S++_43,S++_48,10.9
2,11,50,S++,S++_43,S++_49,10.6
2,11,50,S++,S++_43,S++_44,10.6
2,11,50,S++,S++_44,S++_45,11.2
2,11,50,S++,S++_44,S++_46,10.9
2,11,50,S++,S++_44,S++_49,10.9
2,11,50,S++,S++_44,S++_48,10.6
2,11,50,S++,S++_44,S++_50,10.6
2,11,50,S++,S++_45,S++_46,11.2
2,11,50,S++,S++_45,S++_48,11.2
2,11,50,S++,S++_45,S++_49,11.2
2,11,50,S++,S++_45,S++_47,10.3
2,11,50,S++,S++_45,S++_50,10.3
2,11,50,S++,S++_46,S++_50,10.6
2,11,50,S++,S++_46,S++_48,10.9
2,11,50,S++,S++_46,S++_47,10.6
2,11,50,S++,S++_46,S++_49,10.6
2,11,50,S++,S++_47,S++_49,10.6
2,11,50,S++,S++_47,S++_50,10.9
2,11,50,S++,S++_47,S++_48,10.6
2,11,50,S++,S++_48,S++_49,10.9
2,11,50,S++,S++_48,S++_50,10.6
2,11,50,S++,S++_49,S++_50,10.6
2,12,50,S++,S++_1,S++_7,10.3
2,12,50,S++,S++_1,S++_10,10.3
2,12,50,S++,S++_1,S++_24,10.3
2,12,50,S++,S++_1,S++_15,10.3
2,12,50,S++,S++_1,S++_41,10.3
2,12,50,S++,S++_1,S++_45,10.3
2,12,50,S++,S++_1,S++_28,10.6
2,12,50,S++,S++_1,S++_37,10.6
2,12,50,S++,S++_1,S++_20,10.6
2,12,50,S++,S++_1,S++_50,10.9
2,12,50,S++,S++_1,S++_3,10.9
2,12,50,S++,S++_1,S++_17,10.9
2,12,50,S++,S++_1,S++_40,10.9
2,12,50,S++,S++_1,S++_44,10.9
2,12,50,S++,S++_1,S++_33,10.6
2,12,50,S++,S++_1,S++_34,10.6
2,12,50,S++,S++_1,S++_42,10.6
2,12,50,S++,S++_1,S++_30,10.6
2,12,50,S++,S++_1,S++_36,10.6
2,12,50,S++,S++_1,S++_2,10.3
2,12,50,S++,S++_1,S++_8,10.3
2,12,50,S++,S++_1,S++_25,10.3
2,12,50,S++,S++_1,S++_43,10.3
2,12,50,S++,S++_1,S++_48,10.3
2,12,50,S++,S++_1,S++_5,10.3
2,12,50,S++,S++_1,S++_18,9.7
2,12,50,S++,S++_1,S++_35,9.7
2,12,50,S++,S++_1,S++_46,9.7
2,12,50,S++,S++_1,S++_16,10
2,12,50,S++,S++_1,S++_19,10
2,12,50,S++,S++_1,S++_21,10
2,12,50,S++,S++_1,S++_31,10
2,12,50,S++,S++_1,S++_12,10
2,12,50,S++,S++_1,S++_13,10
2,12,50,S++,S++_1,S++_38,10
2,12,50,S++,S++_1,S++_4,10.3
2,12,50,S++,S++_1,S++_22,10.3
2,12,50,S++,S++_1,S++_23,10.3
2,12,50,S++,S++_1,S++_32,10.3
2,12,50,S++,S++_1,S++_39,10.3
2,12,50,S++,S++_1,S++_49,10.3
2,12,50,S++,S++_1,S++_6,10
2,12,50,S++,S++_1,S++_9,10
2,12,50,S++,S++_1,S++_11,10
2,12,50,S++,S++_1,S++_14,10
2,12,50,S++,S++_1,S++_26,10
2,12,50,S++,S++_1,S++_27,10
2,12,50,S++,S++_1,S++_47,10
2,12,50,S++,S++_1,S++_29,10
2,12,50,S++,S++_2,S++_40,9.7
2,12,50,S++,S++_2,S++_47,9.7
2,12,50,S++,S++_2,S++_34,9.7
2,12,50,S++,S++_2,S++_4,10
2,12,50,S++,S++_2,S++_8,10
2,12,50,S++,S++_2,S++_17,10
2,12,50,S++,S++_2,S++_28,10
2,12,50,S++,S++_2,S++_10,10.3
2,12,50,S++,S++_2,S++_12,10.3
2,12,50,S++,S++_2,S++_46,10.3
2,12,50,S++,S++_2,S++_18,10.3
2,12,50,S++,S++_2,S++_19,10.3
2,12,50,S++,S++_2,S++_32,10.3
2,12,50,S++,S++_2,S++_36,10.3
2,12,50,S++,S++_2,S++_5,10
2,12,50,S++,S++_2,S++_26,10
2,12,50,S++,S++_2,S++_6,10
2,12,50,S++,S++_2,S++_13,10
2,12,50,S++,S++_2,S++_22,10
2,12,50,S++,S++_2,S++_29,10
2,12,50,S++,S++_2,S++_15,9.7
2,12,50,S++,S++_2,S++_21,9.7
2,12,50,S++,S++_2,S++_27,9.7
2,12,50,S++,S++_2,S++_49,9.7
2,12,50,S++,S++_2,S++_25,9.7
2,12,50,S++,S++_2,S++_31,9.7
2,12,50,S++,S++_2,S++_39,9.7
2,12,50,S++,S++_2,S++_43,9.7
2,12,50,S++,S++_2,S++_9,10
2,12,50,S++,S++_2,S++_11,10
2,12,50,S++,S++_2,S++_35,10
2,12,50,S++,S++_2,S++_41,10
2,12,50,S++,S++_2,S++_30,10
2,12,50,S++,S++_2,S++_42,10
2,12,50,S++,S++_2,S++_45,10
2,12,50,S++,S++_2,S++_14,10.3
2,12,50,S++,S++_2,S++_38,10.3
2,12,50,S++,S++_2,S++_44,10.3
2,12,50,S++,S++_2,S++_33,10.3
2,12,50,S++,S++_2,S++_3,10
2,12,50,S++,S++_2,S++_16,10
2,12,50,S++,S++_2,S++_23,10
2,12,50,S++,S++_2,S++_37,10
2,12,50,S++,S++_2,S++_48,10
2,12,50,S++,S++_2,S++_50,10
2,12,50,S++,S++_2,S++_7,10
2,12,50,S++,S++_2,S++_20,10
2,12,50,S++,S++_2,S++_24,9.7
2,12,50,S++,S++_3,S++_18,9.7
2,12,50,S++,S++_3,S++_29,9.7
2,12,50,S++,S++_3,S++_39,9.7
2,12,50,S++,S++_3,S++_8,10
2,12,50,S++,S++_3,S++_45,10
2,12,50,S++,S++_3,S++_35,10.3
2,12,50,S++,S++_3,S++_49,10.3
2,12,50,S++,S++_3,S++_6,9.7
2,12,50,S++,S++_3,S++_36,9.7
2,12,50,S++,S++_3,S++_50,9.7
2,12,50,S++,S++_3,S++_12,9.4
2,12,50,S++,S++_3,S++_23,9.4
2,12,50,S++,S++_3,S++_26,9.4
2,12,50,S++,S++_3,S++_14,9.4
2,12,50,S++,S++_3,S++_31,9.4
2,12,50,S++,S++_3,S++_9,9.4
2,12,50,S++,S++_3,S++_11,9.4
2,12,50,S++,S++_3,S++_46,9.4
2,12,50,S++,S++_3,S++_13,9.4
2,12,50,S++,S++_3,S++_19,9.4
2,12,50,S++,S++_3,S++_33,9.4
2,12,50,S++,S++_3,S++_34,9.4
2,12,50,S++,S++_3,S++_32,9.7
2,12,50,S++,S++_3,S++_7,9.7
2,12,50,S++,S++_3,S++_21,9.7
2,12,50,S++,S++_3,S++_44,9.7
2,12,50,S++,S++_3,S++_22,9.4
2,12,50,S++,S++_3,S++_38,9.4
2,12,50,S++,S++_3,S++_5,9.4
2,12,50,S++,S++_3,S++_28,9.4
2,12,50,S++,S++_3,S++_37,9.4
2,12,50,S++,S++_3,S++_43,9.4
2,12,50,S++,S++_3,S++_48,9.4
2,12,50,S++,S++_3,S++_16,9.7
2,12,50,S++,S++_3,S++_17,9.7
2,12,50,S++,S++_3,S++_20,9.7
2,12,50,S++,S++_3,S++_24,9.7
2,12,50,S++,S++_3,S++_27,9.7
2,12,50,S++,S++_3,S++_41,9.7
2,12,50,S++,S++_3,S++_42,9.7
2,12,50,S++,S++_3,S++_10,9.7
2,12,50,S++,S++_3,S++_30,10
2,12,50,S++,S++_4,S++_42,9.7
2,12,50,S++,S++_4,S++_26,10
2,12,50,S++,S++_4,S++_43,10
2,12,50,S++,S++_4,S++_19,9.7
2,12,50,S++,S++_4,S++_34,9.7
2,12,50,S++,S++_4,S++_29,9.7
2,12,50,S++,S++_4,S++_23,9.7
2,12,50,S++,S++_4,S++_27,9.7
2,12,50,S++,S++_4,S++_5,9.7
2,12,50,S++,S++_4,S++_18,9.7
2,12,50,S++,S++_4,S++_12,9.7
2,12,50,S++,S++_4,S++_20,9.7
2,12,50,S++,S++_4,S++_38,9.7
2,12,50,S++,S++_4,S++_39,9.7
2,12,50,S++,S++_4,S++_7,9.7
2,12,50,S++,S++_4,S++_11,9.7
2,12,50,S++,S++_4,S++_40,10
2,12,50,S++,S++_4,S++_46,10
2,12,50,S++,S++_4,S++_17,10
2,12,50,S++,S++_4,S++_21,10
2,12,50,S++,S++_4,S++_47,10
2,12,50,S++,S++_4,S++_16,10.3
2,12,50,S++,S++_4,S++_8,10.3
2,12,50,S++,S++_4,S++_13,10.3
2,12,50,S++,S++_5,S++_48,9.7
2,12,50,S++,S++_5,S++_16,9.7
2,12,50,S++,S++_5,S++_41,9.7
2,12,50,S++,S++_5,S++_17,10
2,12,50,S++,S++_5,S++_22,10
2,12,50,S++,S++_5,S++_10,10.3
2,12,50,S++,S++_5,S++_28,10
2,12,50,S++,S++_5,S++_34,10
2,12,50,S++,S++_5,S++_15,10.3
2,12,50,S++,S++_5,S++_21,10.3
2,12,50,S++,S++_5,S++_26,10.3
2,12,50,S++,S++_5,S++_37,10.3
2,12,50,S++,S++_5,S++_40,9.7
2,12,50,S++,S++_5,S++_13,9.7
2,12,50,S++,S++_5,S++_14,9.7
2,12,50,S++,S++_5,S++_19,9.7
2,12,50,S++,S++_5,S++_20,10
2,12,50,S++,S++_5,S++_32,10
2,12,50,S++,S++_5,S++_36,10
2,12,50,S++,S++_5,S++_29,9.7
2,12,50,S++,S++_5,S++_46,9.7
2,12,50,S++,S++_5,S++_23,9.7
2,12,50,S++,S++_5,S++_33,9.7
2,12,50,S++,S++_5,S++_18,9.7
2,12,50,S++,S++_5,S++_27,9.7
2,12,50,S++,S++_5,S++_31,9.7
2,12,50,S++,S++_5,S++_42,9.7
2,12,50,S++,S++_5,S++_50,9.7
2,12,50,S++,S++_5,S++_11,9.7
2,12,50,S++,S++_5,S++_12,10
2,12,50,S++,S++_5,S++_35,10
2,12,50,S++,S++_5,S++_47,10.3
2,12,50,S++,S++_6,S++_44,10
2,12,50,S++,S++_6,S++_9,10.3
2,12,50,S++,S++_6,S++_22,10.3
2,12,50,S++,S++_6,S++_29,10.3
2,12,50,S++,S++_6,S++_31,10.3
2,12,50,S++,S++_6,S++_16,10
2,12,50,S++,S++_6,S++_18,10
2,12,50,S++,S++_6,S++_37,10.3
2,12,50,S++,S++_6,S++_12,10.3
2,12,50,S++,S++_6,S++_23,10.3
2,12,50,S++,S++_6,S++_13,10.6
2,12,50,S++,S++_6,S++_34,10.6
2,12,50,S++,S++_6,S++_43,10.6
2,12,50,S++,S++_6,S++_46,10.3
2,12,50,S++,S++_6,S++_49,10.3
2,12,50,S++,S++_6,S++_7,10.3
2,12,50,S++,S++_6,S++_11,10.3
2,12,50,S++,S++_6,S++_32,9.7
2,12,50,S++,S++_6,S++_21,9.4
2,12,50,S++,S++_6,S++_35,9.4
2,12,50,S++,S++_6,S++_30,9.4
2,12,50,S++,S++_6,S++_39,9.4
2,12,50,S++,S++_6,S++_45,9.4
2,12,50,S++,S++_6,S++_33,9.7
2,12,50,S++,S++_6,S++_36,9.7
2,12,50,S++,S++_6,S++_42,9.7
2,12,50,S++,S++_6,S++_48,9.7
2,12,50,S++,S++_6,S++_10,9.4
2,12,50,S++,S++_6,S++_17,9.4
2,12,50,S++,S++_6,S++_19,9.4
2,12,50,S++,S++_6,S++_50,9.4
2,12,50,S++,S++_6,S++_24,9.4
2,12,50,S++,S++_6,S++_15,9.7
2,12,50,S++,S++_6,S++_41,10
2,12,50,S++,S++_7,S++_12,9.4
2,12,50,S++,S++_7,S++_14,9.4
2,12,50,S++,S++_7,S++_15,9.4
2,12,50,S++,S++_7,S++_39,9.4
2,12,50,S++,S++_7,S++_16,9.4
2,12,50,S++,S++_7,S++_33,9.4
2,12,50,S++,S++_7,S++_17,9.7
2,12,50,S++,S++_7,S++_21,10
2,12,50,S++,S++_7,S++_35,10
2,12,50,S++,S++_7,S++_40,10
2,12,50,S++,S++_7,S++_44,10
2,12,50,S++,S++_7,S++_10,10.3
2,12,50,S++,S++_7,S++_26,10.3
2,12,50,S++,S++_7,S++_29,10.3
2,12,50,S++,S++_7,S++_36,10.3
2,12,50,S++,S++_7,S++_43,10.3
2,12,50,S++,S++_7,S++_45,10.3
2,12,50,S++,S++_7,S++_24,10.3
2,12,50,S++,S++_7,S++_28,10.6
2,12,50,S++,S++_7,S++_49,10.6
2,12,50,S++,S++_7,S++_20,10.3
2,12,50,S++,S++_7,S++_25,10.3
2,12,50,S++,S++_7,S++_32,10.3
2,12,50,S++,S++_7,S++_41,10.3
2,12,50,S++,S++_7,S++_8,10
2,12,50,S++,S++_7,S++_30,10
2,12,50,S++,S++_7,S++_31,10
2,12,50,S++,S++_7,S++_18,10
2,12,50,S++,S++_7,S++_50,10.3
2,12,50,S++,S++_7,S++_19,10.3
2,12,50,S++,S++_7,S++_37,10.3
2,12,50,S++,S++_7,S++_38,10
2,12,50,S++,S++_7,S++_47,10
2,12,50,S++,S++_7,S++_34,9.7
2,12,50,S++,S++_8,S++_9,10
2,12,50,S++,S++_8,S++_29,10
2,12,50,S++,S++_8,S++_35,10
2,12,50,S++,S++_8,S++_42,10
2,12,50,S++,S++_8,S++_33,10
2,12,50,S++,S++_8,S++_37,10
2,12,50,S++,S++_8,S++_50,10
2,12,50,S++,S++_8,S++_31,10.3
2,12,50,S++,S++_8,S++_32,10.3
2,12,50,S++,S++_8,S++_34,10
2,12,50,S++,S++_8,S++_16,10.3
2,12,50,S++,S++_8,S++_13,10.6
2,12,50,S++,S++_8,S++_24,10.6
2,12,50,S++,S++_8,S++_10,10.3
2,12,50,S++,S++_8,S++_18,10.3
2,12,50,S++,S++_8,S++_23,10.3
2,12,50,S++,S++_8,S++_39,10.3
2,12,50,S++,S++_8,S++_17,10
2,12,50,S++,S++_8,S++_20,10
2,12,50,S++,S++_8,S++_22,10
2,12,50,S++,S++_8,S++_25,9.4
2,12,50,S++,S++_8,S++_26,9.4
2,12,50,S++,S++_8,S++_36,9.4
2,12,50,S++,S++_8,S++_41,9.4
2,12,50,S++,S++_8,S++_46,9.4
2,12,50,S++,S++_8,S++_47,9.4
2,12,50,S++,S++_8,S++_48,9.4
2,12,50,S++,S++_8,S++_49,9.4
2,12,50,S++,S++_8,S++_30,9.4
2,12,50,S++,S++_8,S++_43,9.4
2,12,50,S++,S++_8,S++_38,9.7
2,12,50,S++,S++_8,S++_40,9.7
2,12,50,S++,S++_8,S++_14,10
2,12,50,S++,S++_8,S++_21,10
2,12,50,S++,S++_8,S++_45,10
2,12,50,S++,S++_8,S++_44,10
2,12,50,S++,S++_9,S++_22,9.4
2,12,50,S++,S++_9,S++_13,9.4
2,12,50,S++,S++_9,S++_16,9.4
2,12,50,S++,S++_9,S++_32,9.4
2,12,50,S++,S++_9,S++_45,9.4
2,12,50,S++,S++_9,S++_48,9.4
2,12,50,S++,S++_9,S++_25,9.7
2,12,50,S++,S++_9,S++_37,10
2,12,50,S++,S++_9,S++_33,10
2,12,50,S++,S++_9,S++_19,10.3
2,12,50,S++,S++_9,S++_44,10.3
2,12,50,S++,S++_9,S++_15,10.3
2,12,50,S++,S++_9,S++_39,10.3
2,12,50,S++,S++_9,S++_49,10.9
2,12,50,S++,S++_9,S++_40,10.6
2,12,50,S++,S++_9,S++_10,9.7
2,12,50,S++,S++_9,S++_24,9.7
2,12,50,S++,S++_9,S++_26,9.4
2,12,50,S++,S++_9,S++_29,9.4
2,12,50,S++,S++_9,S++_30,9.4
2,12,50,S++,S++_9,S++_14,9.4
2,12,50,S++,S++_9,S++_34,9.4
2,12,50,S++,S++_9,S++_18,9.4
2,12,50,S++,S++_9,S++_41,9.4
2,12,50,S++,S++_9,S++_47,9.4
2,12,50,S++,S++_9,S++_17,9.7
2,12,50,S++,S++_10,S++_25,9.7
2,12,50,S++,S++_10,S++_41,10
2,12,50,S++,S++_10,S++_48,10
2,12,50,S++,S++_10,S++_20,10
2,12,50,S++,S++_10,S++_27,10
2,12,50,S++,S++_10,S++_21,10.3
2,12,50,S++,S++_10,S++_13,9.7
2,12,50,S++,S++_10,S++_15,9.4
2,12,50,S++,S++_10,S++_28,9.4
2,12,50,S++,S++_10,S++_30,9.4
2,12,50,S++,S++_10,S++_35,9.4
2,12,50,S++,S++_10,S++_36,9.4
2,12,50,S++,S++_10,S++_37,9.4
2,12,50,S++,S++_10,S++_45,9.4
2,12,50,S++,S++_10,S++_46,9.4
2,12,50,S++,S++_10,S++_40,9.4
2,12,50,S++,S++_10,S++_19,9.7
2,12,50,S++,S++_10,S++_43,9.7
2,12,50,S++,S++_10,S++_50,9.7
2,12,50,S++,S++_10,S++_24,9.7
2,12,50,S++,S++_10,S++_32,9.7
2,12,50,S++,S++_10,S++_44,9.7
2,12,50,S++,S++_10,S++_23,9.4
2,12,50,S++,S++_10,S++_39,9.4
2,12,50,S++,S++_10,S++_11,9.7
2,12,50,S++,S++_10,S++_33,9.7
2,12,50,S++,S++_10,S++_34,9.7
2,12,50,S++,S++_10,S++_17,9.7
2,12,50,S++,S++_10,S++_12,9.4
2,12,50,S++,S++_10,S++_26,10
2,12,50,S++,S++_10,S++_38,10
2,12,50,S++,S++_10,S++_47,10
2,12,50,S++,S++_10,S++_22,9.7
2,12,50,S++,S++_10,S++_29,9.7
2,12,50,S++,S++_10,S++_42,9.7
2,12,50,S++,S++_10,S++_49,9.7
2,12,50,S++,S++_10,S++_14,9.7
2,12,50,S++,S++_10,S++_16,9.4
2,12,50,S++,S++_10,S++_31,9.4
2,12,50,S++,S++_10,S++_18,9.7
2,12,50,S++,S++_11,S++_12,9.7
2,12,50,S++,S++_11,S++_44,9.7
2,12,50,S++,S++_11,S++_21,9.7
2,12,50,S++,S++_11,S++_23,9.7
2,12,50,S++,S++_11,S++_38,9.7
2,12,50,S++,S++_11,S++_34,10
2,12,50,S++,S++_11,S++_14,10
2,12,50,S++,S++_11,S++_39,10
2,12,50,S++,S++_11,S++_43,10
2,12,50,S++,S++_11,S++_13,10.3
2,12,50,S++,S++_11,S++_16,10.3
2,12,50,S++,S++_11,S++_49,10.3
2,12,50,S++,S++_11,S++_17,10
2,12,50,S++,S++_11,S++_25,10
2,12,50,S++,S++_11,S++_26,10
2,12,50,S++,S++_11,S++_29,10
2,12,50,S++,S++_11,S++_30,10.3
2,12,50,S++,S++_11,S++_32,10.3
2,12,50,S++,S++_11,S++_33,10.3
2,12,50,S++,S++_11,S++_20,10
2,12,50,S++,S++_11,S++_28,10
2,12,50,S++,S++_11,S++_22,10
2,12,50,S++,S++_11,S++_24,10
2,12,50,S++,S++_11,S++_36,10
2,12,50,S++,S++_11,S++_27,10.3
2,12,50,S++,S++_11,S++_40,10.3
2,12,50,S++,S++_11,S++_41,10.3
2,12,50,S++,S++_11,S++_46,10.3
2,12,50,S++,S++_11,S++_18,10
2,12,50,S++,S++_11,S++_45,10
2,12,50,S++,S++_11,S++_48,10
2,12,50,S++,S++_11,S++_42,10
2,12,50,S++,S++_11,S++_50,10
2,12,50,S++,S++_11,S++_19,9.7
2,12,50,S++,S++_11,S++_37,9.7
2,12,50,S++,S++_11,S++_15,9.7
2,12,50,S++,S++_11,S++_35,9.7
2,12,50,S++,S++_11,S++_31,9.4
2,12,50,S++,S++_11,S++_47,9.4
2,12,50,S++,S++_12,S++_15,9.7
2,12,50,S++,S++_12,S++_19,9.7
2,12,50,S++,S++_12,S++_35,9.7
2,12,50,S++,S++_12,S++_18,9.4
2,12,50,S++,S++_12,S++_27,9.4
2,12,50,S++,S++_12,S++_26,9.7
2,12,50,S++,S++_12,S++_28,9.7
2,12,50,S++,S++_12,S++_44,9.7
2,12,50,S++,S++_12,S++_37,9.4
2,12,50,S++,S++_12,S++_42,9.4
2,12,50,S++,S++_12,S++_14,9.4
2,12,50,S++,S++_12,S++_31,9.4
2,12,50,S++,S++_12,S++_34,9.4
2,12,50,S++,S++_12,S++_49,9.4
2,12,50,S++,S++_12,S++_21,9.7
2,12,50,S++,S++_12,S++_47,9.7
2,12,50,S++,S++_12,S++_29,9.4
2,12,50,S++,S++_12,S++_36,9.4
2,12,50,S++,S++_12,S++_43,9.4
2,12,50,S++,S++_12,S++_13,9.4
2,12,50,S++,S++_12,S++_33,9.7
2,12,50,S++,S++_12,S++_46,9.7
2,12,50,S++,S++_12,S++_23,9.7
2,12,50,S++,S++_12,S++_25,9.7
2,12,50,S++,S++_12,S++_38,10
2,12,50,S++,S++_12,S++_50,10
2,12,50,S++,S++_12,S++_16,9.7
2,12,50,S++,S++_12,S++_32,9.7
2,12,50,S++,S++_12,S++_39,9.7
2,12,50,S++,S++_12,S++_45,9.7
2,12,50,S++,S++_12,S++_20,9.7
2,12,50,S++,S++_12,S++_24,9.7
2,12,50,S++,S++_12,S++_41,9.7
2,12,50,S++,S++_12,S++_48,9.4
2,12,50,S++,S++_12,S++_17,9.4
2,12,50,S++,S++_12,S++_30,9.4
2,12,50,S++,S++_13,S++_14,9.4
2,12,50,S++,S++_13,S++_26,9.7
2,12,50,S++,S++_13,S++_29,9.7
2,12,50,S++,S++_13,S++_40,9.7
2,12,50,S++,S++_13,S++_41,9.7
2,12,50,S++,S++_13,S++_28,9.4
2,12,50,S++,S++_13,S++_43,9.4
2,12,50,S++,S++_13,S++_17,9.7
2,12,50,S++,S++_13,S++_23,9.7
2,12,50,S++,S++_13,S++_25,9.7
2,12,50,S++,S++_13,S++_38,9.4
2,12,50,S++,S++_13,S++_46,9.4
2,12,50,S++,S++_13,S++_33,9.7
2,12,50,S++,S++_13,S++_39,9.7
2,12,50,S++,S++_13,S++_45,9.7
2,12,50,S++,S++_13,S++_21,9.7
2,12,50,S++,S++_13,S++_37,9.7
2,12,50,S++,S++_13,S++_22,10
2,12,50,S++,S++_13,S++_49,10
2,12,50,S++,S++_13,S++_35,10
2,12,50,S++,S++_13,S++_16,9.7
2,12,50,S++,S++_13,S++_20,9.7
2,12,50,S++,S++_13,S++_31,9.7
2,12,50,S++,S++_13,S++_18,9.7
2,12,50,S++,S++_13,S++_19,9.7
2,12,50,S++,S++_13,S++_27,9.7
2,12,50,S++,S++_13,S++_32,9.7
2,12,50,S++,S++_13,S++_34,9.7
2,12,50,S++,S++_13,S++_42,9.7
2,12,50,S++,S++_13,S++_24,9.4
2,12,50,S++,S++_13,S++_36,9.4
2,12,50,S++,S++_13,S++_47,9.4
2,12,50,S++,S++_13,S++_50,9.4
2,12,50,S++,S++_13,S++_30,9.7
2,12,50,S++,S++_14,S++_27,9.4
2,12,50,S++,S++_14,S++_39,9.4
2,12,50,S++,S++_14,S++_37,9.4
2,12,50,S++,S++_14,S++_44,9.4
2,12,50,S++,S++_14,S++_19,9.7
2,12,50,S++,S++_14,S++_41,9.7
2,12,50,S++,S++_14,S++_15,10
2,12,50,S++,S++_14,S++_17,10
2,12,50,S++,S++_14,S++_20,10
2,12,50,S++,S++_14,S++_46,9.7
2,12,50,S++,S++_14,S++_22,9.7
2,12,50,S++,S++_14,S++_25,9.7
2,12,50,S++,S++_14,S++_34,9.7
2,12,50,S++,S++_14,S++_47,9.7
2,12,50,S++,S++_14,S++_18,9.4
2,12,50,S++,S++_14,S++_24,9.4
2,12,50,S++,S++_14,S++_31,9.4
2,12,50,S++,S++_14,S++_50,9.4
2,12,50,S++,S++_14,S++_23,9.4
2,12,50,S++,S++_14,S++_42,9.4
2,12,50,S++,S++_14,S++_48,9.7
2,12,50,S++,S++_15,S++_20,9.4
2,12,50,S++,S++_15,S++_23,9.4
2,12,50,S++,S++_15,S++_36,9.4
2,12,50,S++,S++_15,S++_34,9.7
2,12,50,S++,S++_15,S++_27,10
2,12,50,S++,S++_15,S++_31,10
2,12,50,S++,S++_15,S++_39,10
2,12,50,S++,S++_15,S++_28,10
2,12,50,S++,S++_15,S++_29,10
2,12,50,S++,S++_15,S++_37,10
2,12,50,S++,S++_15,S++_19,9.7
2,12,50,S++,S++_15,S++_32,9.7
2,12,50,S++,S++_15,S++_42,9.7
2,12,50,S++,S++_15,S++_38,9.7
2,12,50,S++,S++_15,S++_40,9.7
2,12,50,S++,S++_15,S++_49,9.7
2,12,50,S++,S++_15,S++_17,10
2,12,50,S++,S++_15,S++_18,10
2,12,50,S++,S++_15,S++_26,10
2,12,50,S++,S++_15,S++_35,10
2,12,50,S++,S++_15,S++_47,10
2,12,50,S++,S++_15,S++_48,10
2,12,50,S++,S++_15,S++_50,10
2,12,50,S++,S++_15,S++_44,10.3
2,12,50,S++,S++_15,S++_45,10
2,12,50,S++,S++_16,S++_18,10
2,12,50,S++,S++_16,S++_45,10
2,12,50,S++,S++_16,S++_27,10
2,12,50,S++,S++_16,S++_25,10.3
2,12,50,S++,S++_16,S++_36,10.3
2,12,50,S++,S++_16,S++_23,10.6
2,12,50,S++,S++_16,S++_29,10.6
2,12,50,S++,S++_16,S++_32,10.6
2,12,50,S++,S++_16,S++_33,10.6
2,12,50,S++,S++_16,S++_48,10.6
2,12,50,S++,S++_16,S++_50,10.6
2,12,50,S++,S++_16,S++_20,10.3
2,12,50,S++,S++_16,S++_22,10.3
2,12,50,S++,S++_16,S++_42,10.3
2,12,50,S++,S++_16,S++_44,10.3
2,12,50,S++,S++_16,S++_46,10.3
2,12,50,S++,S++_16,S++_49,10.3
2,12,50,S++,S++_16,S++_19,10.3
2,12,50,S++,S++_16,S++_37,10.3
2,12,50,S++,S++_16,S++_40,10.3
2,12,50,S++,S++_16,S++_41,10.3
2,12,50,S++,S++_16,S++_47,9.7
2,12,50,S++,S++_16,S++_17,10
2,12,50,S++,S++_16,S++_24,10
2,12,50,S++,S++_16,S++_31,10
2,12,50,S++,S++_16,S++_43,10
2,12,50,S++,S++_16,S++_35,10
2,12,50,S++,S++_16,S++_30,10
2,12,50,S++,S++_17,S++_26,9.7
2,12,50,S++,S++_17,S++_39,9.7
2,12,50,S++,S++_17,S++_40,9.7
2,12,50,S++,S++_17,S++_19,9.7
2,12,50,S++,S++_17,S++_21,9.7
2,12,50,S++,S++_17,S++_44,9.7
2,12,50,S++,S++_17,S++_27,10
2,12,50,S++,S++_17,S++_22,10
2,12,50,S++,S++_17,S++_20,9.7
2,12,50,S++,S++_17,S++_38,9.7
2,12,50,S++,S++_17,S++_23,9.7
2,12,50,S++,S++_17,S++_29,9.7
2,12,50,S++,S++_17,S++_35,9.7
2,12,50,S++,S++_17,S++_31,10.3
2,12,50,S++,S++_17,S++_33,10.3
2,12,50,S++,S++_17,S++_41,10.3
2,12,50,S++,S++_17,S++_42,10.3
2,12,50,S++,S++_17,S++_43,10.3
2,12,50,S++,S++_17,S++_46,10.3
2,12,50,S++,S++_17,S++_30,10.3
2,12,50,S++,S++_17,S++_47,10.3
2,12,50,S++,S++_18,S++_42,9.7
2,12,50,S++,S++_18,S++_29,10
2,12,50,S++,S++_18,S++_31,10
2,12,50,S++,S++_18,S++_21,9.7
2,12,50,S++,S++_18,S++_44,9.7
2,12,50,S++,S++_18,S++_25,10
2,12,50,S++,S++_18,S++_48,10
2,12,50,S++,S++_18,S++_43,10
2,12,50,S++,S++_18,S++_27,9.7
2,12,50,S++,S++_18,S++_32,9.7
2,12,50,S++,S++_18,S++_28,10
2,12,50,S++,S++_18,S++_38,10
2,12,50,S++,S++_18,S++_41,10
2,12,50,S++,S++_18,S++_45,10
2,12,50,S++,S++_18,S++_47,10
2,12,50,S++,S++_18,S++_19,10.3
2,12,50,S++,S++_18,S++_22,10.3
2,12,50,S++,S++_18,S++_26,10.3
2,12,50,S++,S++_18,S++_20,10
2,12,50,S++,S++_19,S++_41,9.7
2,12,50,S++,S++_19,S++_44,9.7
2,12,50,S++,S++_19,S++_26,9.7
2,12,50,S++,S++_19,S++_20,9.7
2,12,50,S++,S++_19,S++_29,9.7
2,12,50,S++,S++_19,S++_30,9.7
2,12,50,S++,S++_19,S++_24,10
2,12,50,S++,S++_19,S++_34,10
2,12,50,S++,S++_19,S++_43,10
2,12,50,S++,S++_19,S++_50,10
2,12,50,S++,S++_19,S++_23,10.3
2,12,50,S++,S++_19,S++_46,10.3
2,12,50,S++,S++_19,S++_21,10
2,12,50,S++,S++_19,S++_25,9.7
2,12,50,S++,S++_19,S++_33,9.7
2,12,50,S++,S++_19,S++_28,9.7
2,12,50,S++,S++_19,S++_27,10
2,12,50,S++,S++_19,S++_38,10
2,12,50,S++,S++_19,S++_22,10
2,12,50,S++,S++_19,S++_48,10
2,12,50,S++,S++_19,S++_39,9.7
2,12,50,S++,S++_19,S++_40,9.7
2,12,50,S++,S++_19,S++_45,9.7
2,12,50,S++,S++_19,S++_47,9.7
2,12,50,S++,S++_19,S++_32,10
2,12,50,S++,S++_19,S++_31,10
2,12,50,S++,S++_19,S++_49,10.3
2,12,50,S++,S++_20,S++_24,9.7
2,12,50,S++,S++_20,S++_45,9.7
2,12,50,S++,S++_20,S++_25,9.7
2,12,50,S++,S++_20,S++_36,9.7
2,12,50,S++,S++_20,S++_46,9.7
2,12,50,S++,S++_20,S++_27,9.7
2,12,50,S++,S++_20,S++_22,10
2,12,50,S++,S++_20,S++_41,10
2,12,50,S++,S++_20,S++_30,10
2,12,50,S++,S++_20,S++_42,10.3
2,12,50,S++,S++_20,S++_44,10.3
2,12,50,S++,S++_20,S++_28,10.3
2,12,50,S++,S++_20,S++_49,10
2,12,50,S++,S++_20,S++_31,10
2,12,50,S++,S++_20,S++_48,9.7
2,12,50,S++,S++_20,S++_47,9.7
2,12,50,S++,S++_20,S++_38,10
2,12,50,S++,S++_20,S++_39,10
2,12,50,S++,S++_20,S++_40,10
2,12,50,S++,S++_20,S++_43,10
2,12,50,S++,S++_20,S++_23,10
2,12,50,S++,S++_20,S++_32,10
2,12,50,S++,S++_20,S++_34,10
2,12,50,S++,S++_20,S++_37,9.7
2,12,50,S++,S++_20,S++_26,9.7
2,12,50,S++,S++_20,S++_29,10.3
2,12,50,S++,S++_20,S++_33,10.3
2,12,50,S++,S++_20,S++_50,10.3
2,12,50,S++,S++_20,S++_21,10
2,12,50,S++,S++_20,S++_35,10
2,12,50,S++,S++_21,S++_27,10.3
2,12,50,S++,S++_21,S++_42,10.3
2,12,50,S++,S++_21,S++_46,10.3
2,12,50,S++,S++_21,S++_23,10.3
2,12,50,S++,S++_21,S++_40,10.3
2,12,50,S++,S++_21,S++_28,10.3
2,12,50,S++,S++_21,S++_32,10.3
2,12,50,S++,S++_21,S++_36,10.3
2,12,50,S++,S++_21,S++_39,10.3
2,12,50,S++,S++_21,S++_49,10.3
2,12,50,S++,S++_21,S++_34,10.6
2,12,50,S++,S++_21,S++_48,10.6
2,12,50,S++,S++_21,S++_25,10.9
2,12,50,S++,S++_21,S++_22,10.3
2,12,50,S++,S++_21,S++_26,9.7
2,12,50,S++,S++_21,S++_45,9.7
2,12,50,S++,S++_21,S++_50,10
2,12,50,S++,S++_21,S++_37,10.3
2,12,50,S++,S++_21,S++_43,10.3
2,12,50,S++,S++_21,S++_24,10.3
2,12,50,S++,S++_21,S++_29,10.3
2,12,50,S++,S++_21,S++_31,10.3
2,12,50,S++,S++_21,S++_35,10
2,12,50,S++,S++_21,S++_30,9.7
2,12,50,S++,S++_21,S++_33,9.7
2,12,50,S++,S++_21,S++_47,9.7
2,12,50,S++,S++_22,S++_27,9.4
2,12,50,S++,S++_22,S++_41,9.4
2,12,50,S++,S++_22,S++_42,9.7
2,12,50,S++,S++_22,S++_25,9.4
2,12,50,S++,S++_22,S++_24,9.4
2,12,50,S++,S++_22,S++_26,9.4
2,12,50,S++,S++_22,S++_23,9.4
2,12,50,S++,S++_22,S++_32,9.4
2,12,50,S++,S++_22,S++_28,9.4
2,12,50,S++,S++_22,S++_35,9.4
2,12,50,S++,S++_22,S++_38,9.7
2,12,50,S++,S++_22,S++_50,9.7
2,12,50,S++,S++_22,S++_40,9.4
2,12,50,S++,S++_22,S++_46,9.4
2,12,50,S++,S++_22,S++_47,9.4
2,12,50,S++,S++_22,S++_31,9.4
2,12,50,S++,S++_23,S++_26,9.4
2,12,50,S++,S++_23,S++_34,10
2,12,50,S++,S++_23,S++_24,10
2,12,50,S++,S++_23,S++_38,10
2,12,50,S++,S++_23,S++_29,9.7
2,12,50,S++,S++_23,S++_47,9.7
2,12,50,S++,S++_23,S++_40,9.7
2,12,50,S++,S++_23,S++_39,10
2,12,50,S++,S++_23,S++_42,10
2,12,50,S++,S++_23,S++_45,10
2,12,50,S++,S++_23,S++_36,10
2,12,50,S++,S++_23,S++_50,10
2,12,50,S++,S++_23,S++_25,10.3
2,12,50,S++,S++_23,S++_28,10.3
2,12,50,S++,S++_23,S++_32,10.3
2,12,50,S++,S++_23,S++_37,10.3
2,12,50,S++,S++_23,S++_41,10.3
2,12,50,S++,S++_23,S++_43,10.3
2,12,50,S++,S++_23,S++_44,10
2,12,50,S++,S++_23,S++_30,10
2,12,50,S++,S++_24,S++_44,9.7
2,12,50,S++,S++_24,S++_46,9.7
2,12,50,S++,S++_24,S++_36,9.7
2,12,50,S++,S++_24,S++_45,9.7
2,12,50,S++,S++_24,S++_48,9.7
2,12,50,S++,S++_24,S++_25,9.7
2,12,50,S++,S++_24,S++_49,9.7
2,12,50,S++,S++_24,S++_34,10.3
2,12,50,S++,S++_24,S++_39,9.7
2,12,50,S++,S++_24,S++_41,9.7
2,12,50,S++,S++_24,S++_27,9.4
2,12,50,S++,S++_24,S++_29,9.4
2,12,50,S++,S++_24,S++_31,9.4
2,12,50,S++,S++_24,S++_38,9.4
2,12,50,S++,S++_24,S++_30,9.7
2,12,50,S++,S++_24,S++_47,9.7
2,12,50,S++,S++_24,S++_50,9.7
2,12,50,S++,S++_24,S++_35,10
2,12,50,S++,S++_24,S++_40,10
2,12,50,S++,S++_24,S++_37,10
2,12,50,S++,S++_25,S++_31,9.4
2,12,50,S++,S++_25,S++_37,9.7
2,12,50,S++,S++_25,S++_45,9.7
2,12,50,S++,S++_25,S++_26,10.3
2,12,50,S++,S++_25,S++_27,10.3
2,12,50,S++,S++_25,S++_29,10
2,12,50,S++,S++_25,S++_40,10
2,12,50,S++,S++_25,S++_42,10
2,12,50,S++,S++_25,S++_38,10
2,12,50,S++,S++_25,S++_32,10.3
2,12,50,S++,S++_25,S++_35,10.3
2,12,50,S++,S++_25,S++_47,10.3
2,12,50,S++,S++_25,S++_48,10.3
2,12,50,S++,S++_25,S++_49,10.3
2,12,50,S++,S++_25,S++_50,10.6
2,12,50,S++,S++_26,S++_29,10
2,12,50,S++,S++_26,S++_44,10
2,12,50,S++,S++_26,S++_28,10.3
2,12,50,S++,S++_26,S++_40,10.3
2,12,50,S++,S++_26,S++_34,10.6
2,12,50,S++,S++_26,S++_43,10.3
2,12,50,S++,S++_26,S++_48,10.3
2,12,50,S++,S++_26,S++_37,10.3
2,12,50,S++,S++_26,S++_38,10.3
2,12,50,S++,S++_26,S++_36,10.6
2,12,50,S++,S++_26,S++_50,10.6
2,12,50,S++,S++_26,S++_31,10.6
2,12,50,S++,S++_26,S++_45,10.6
2,12,50,S++,S++_26,S++_46,10.6
2,12,50,S++,S++_26,S++_32,10.6
2,12,50,S++,S++_26,S++_41,10.6
2,12,50,S++,S++_27,S++_28,10.3
2,12,50,S++,S++_27,S++_39,10.3
2,12,50,S++,S++_27,S++_30,10.6
2,12,50,S++,S++_27,S++_33,10.6
2,12,50,S++,S++_27,S++_40,10.3
2,12,50,S++,S++_27,S++_41,10.3
2,12,50,S++,S++_27,S++_43,10.6
2,12,50,S++,S++_27,S++_45,10.6
2,12,50,S++,S++_27,S++_49,10.6
2,12,50,S++,S++_27,S++_38,10.6
2,12,50,S++,S++_27,S++_46,10.3
2,12,50,S++,S++_27,S++_36,10.3
2,12,50,S++,S++_27,S++_48,10.3
2,12,50,S++,S++_27,S++_50,10.3
2,12,50,S++,S++_27,S++_47,10.6
2,12,50,S++,S++_28,S++_32,10
2,12,50,S++,S++_28,S++_34,10
2,12,50,S++,S++_28,S++_36,10
2,12,50,S++,S++_28,S++_35,10.3
2,12,50,S++,S++_28,S++_46,10.3
2,12,50,S++,S++_28,S++_38,10.3
2,12,50,S++,S++_28,S++_41,10.9
2,12,50,S++,S++_28,S++_43,10.9
2,12,50,S++,S++_28,S++_37,10.6
2,12,50,S++,S++_28,S++_48,10.6
2,12,50,S++,S++_28,S++_31,10.3
2,12,50,S++,S++_28,S++_47,10.3
2,12,50,S++,S++_28,S++_30,10.9
2,12,50,S++,S++_28,S++_40,10.9
2,12,50,S++,S++_28,S++_50,10.9
2,12,50,S++,S++_29,S++_38,11.2
2,12,50,S++,S++_29,S++_46,11.8
2,12,50,S++,S++_29,S++_37,11.5
2,12,50,S++,S++_29,S++_41,11.5
2,12,50,S++,S++_29,S++_33,11.5
2,12,50,S++,S++_29,S++_34,11.5
2,12,50,S++,S++_29,S++_44,11.5
2,12,50,S++,S++_29,S++_30,11.2
2,12,50,S++,S++_29,S++_50,11.2
2,12,50,S++,S++_29,S++_31,10.9
2,12,50,S++,S++_29,S++_36,10.9
2,12,50,S++,S++_29,S++_47,10.9
2,12,50,S++,S++_29,S++_42,10.6
2,12,50,S++,S++_30,S++_43,11.2
2,12,50,S++,S++_30,S++_49,11.5
2,12,50,S++,S++_30,S++_34,11.5
2,12,50,S++,S++_30,S++_32,11.8
2,12,50,S++,S++_30,S++_42,11.8
2,12,50,S++,S++_30,S++_31,11.5
2,12,50,S++,S++_30,S++_35,11.5
2,12,50,S++,S++_30,S++_37,11.5
2,12,50,S++,S++_30,S++_39,11.5
2,12,50,S++,S++_30,S++_44,11.5
2,12,50,S++,S++_30,S++_47,11.5
2,12,50,S++,S++_30,S++_33,11.2
2,12,50,S++,S++_30,S++_40,10.9
2,12,50,S++,S++_30,S++_50,10.9
2,12,50,S++,S++_31,S++_36,11.2
2,12,50,S++,S++_31,S++_33,11.2
2,12,50,S++,S++_31,S++_47,11.5
2,12,50,S++,S++_31,S++_35,11.5
2,12,50,S++,S++_31,S++_39,11.5
2,12,50,S++,S++_31,S++_48,11.8
2,12,50,S++,S++_31,S++_49,11.2
2,12,50,S++,S++_31,S++_43,11.2
2,12,50,S++,S++_31,S++_45,11.2
2,12,50,S++,S++_31,S++_46,11.2
2,12,50,S++,S++_31,S++_40,10.9
2,12,50,S++,S++_31,S++_38,10.6
2,12,50,S++,S++_31,S++_41,10.3
2,12,50,S++,S++_32,S++_47,11.2
2,12,50,S++,S++_32,S++_37,11.5
2,12,50,S++,S++_32,S++_39,11.5
2,12,50,S++,S++_32,S++_42,11.5
2,12,50,S++,S++_32,S++_33,11.2
2,12,50,S++,S++_32,S++_45,11.2
2,12,50,S++,S++_32,S++_46,11.2
2,12,50,S++,S++_32,S++_34,10.9
2,12,50,S++,S++_32,S++_36,10.9
2,12,50,S++,S++_32,S++_41,10.9
2,12,50,S++,S++_32,S++_44,10.9
2,12,50,S++,S++_32,S++_35,10.9
2,12,50,S++,S++_32,S++_48,10.9
2,12,50,S++,S++_32,S++_50,10.3
2,12,50,S++,S++_33,S++_45,10.9
2,12,50,S++,S++_33,S++_46,11.2
2,12,50,S++,S++_33,S++_37,10.6
2,12,50,S++,S++_33,S++_38,10.6
2,12,50,S++,S++_33,S++_44,10.3
2,12,50,S++,S++_33,S++_48,10.3
2,12,50,S++,S++_33,S++_49,10.3
2,12,50,S++,S++_33,S++_40,10
2,12,50,S++,S++_34,S++_38,10.6
2,12,50,S++,S++_34,S++_40,10.6
2,12,50,S++,S++_34,S++_43,10.6
2,12,50,S++,S++_34,S++_37,10.9
2,12,50,S++,S++_34,S++_42,10.9
2,12,50,S++,S++_34,S++_44,10.9
2,12,50,S++,S++_34,S++_39,10.6
2,12,50,S++,S++_34,S++_47,10.6
2,12,50,S++,S++_34,S++_36,10.6
2,12,50,S++,S++_34,S++_45,10.3
2,12,50,S++,S++_34,S++_41,10
2,12,50,S++,S++_34,S++_48,10
2,12,50,S++,S++_35,S++_46,10.9
2,12,50,S++,S++_35,S++_49,10.9
2,12,50,S++,S++_35,S++_50,10.9
2,12,50,S++,S++_35,S++_44,10.6
2,12,50,S++,S++_35,S++_41,10.3
2,12,50,S++,S++_35,S++_48,10.3
2,12,50,S++,S++_35,S++_37,10.3
2,12,50,S++,S++_35,S++_42,10.3
2,12,50,S++,S++_35,S++_36,10
2,12,50,S++,S++_35,S++_38,10
2,12,50,S++,S++_35,S++_39,10
2,12,50,S++,S++_35,S++_40,10
2,12,50,S++,S++_35,S++_45,10.3
2,12,50,S++,S++_36,S++_47,10.6
2,12,50,S++,S++_36,S++_48,10.6
2,12,50,S++,S++_36,S++_40,10.6
2,12,50,S++,S++_36,S++_44,10.6
2,12,50,S++,S++_36,S++_45,10.6
2,12,50,S++,S++_36,S++_46,10.9
2,12,50,S++,S++_36,S++_39,11.2
2,12,50,S++,S++_36,S++_37,10.9
2,12,50,S++,S++_36,S++_42,10.6
2,12,50,S++,S++_36,S++_49,10.3
2,12,50,S++,S++_36,S++_43,10.3
2,12,50,S++,S++_37,S++_44,10.6
2,12,50,S++,S++_37,S++_45,11.5
2,12,50,S++,S++_37,S++_42,11.5
2,12,50,S++,S++_37,S++_41,11.2
2,12,50,S++,S++_37,S++_39,10.9
2,12,50,S++,S++_37,S++_48,10.9
2,12,50,S++,S++_37,S++_43,10.6
2,12,50,S++,S++_37,S++_38,10.3
2,12,50,S++,S++_37,S++_40,10.3
2,12,50,S++,S++_37,S++_47,10.3
2,12,50,S++,S++_37,S++_49,10.3
2,12,50,S++,S++_38,S++_45,10.9
2,12,50,S++,S++_38,S++_40,10.9
2,12,50,S++,S++_38,S++_42,10.9
2,12,50,S++,S++_38,S++_39,11.5
2,12,50,S++,S++_38,S++_44,11.5
2,12,50,S++,S++_38,S++_43,11.2
2,12,50,S++,S++_38,S++_41,10.9
2,12,50,S++,S++_38,S++_46,10.6
2,12,50,S++,S++_38,S++_49,10.6
2,12,50,S++,S++_38,S++_47,10.6
2,12,50,S++,S++_38,S++_48,10.3
2,12,50,S++,S++_38,S++_50,10.3
2,12,50,S++,S++_39,S++_41,10.9
2,12,50,S++,S++_39,S++_45,11.2
2,12,50,S++,S++_39,S++_49,11.5
2,12,50,S++,S++_39,S++_40,11.5
2,12,50,S++,S++_39,S++_46,11.5
2,12,50,S++,S++_39,S++_50,10.9
2,12,50,S++,S++_39,S++_47,10.6
2,12,50,S++,S++_39,S++_42,10.3
2,12,50,S++,S++_39,S++_48,10
2,12,50,S++,S++_40,S++_41,10.9
2,12,50,S++,S++_40,S++_46,11.5
2,12,50,S++,S++_40,S++_45,11.2
2,12,50,S++,S++_40,S++_43,10.9
2,12,50,S++,S++_40,S++_48,11.2
2,12,50,S++,S++_40,S++_44,10.9
2,12,50,S++,S++_40,S++_47,10.9
2,12,50,S++,S++_40,S++_50,10.6
2,12,50,S++,S++_40,S++_42,10.6
2,12,50,S++,S++_41,S++_44,11.5
2,12,50,S++,S++_41,S++_43,11.8
2,12,50,S++,S++_41,S++_45,11.5
2,12,50,S++,S++_41,S++_48,11.5
2,12,50,S++,S++_41,S++_49,11.5
2,12,50,S++,S++_41,S++_46,11.2
2,12,50,S++,S++_41,S++_47,10.9
2,12,50,S++,S++_41,S++_42,10.6
2,12,50,S++,S++_42,S++_50,11.5
2,12,50,S++,S++_42,S++_43,12.1
2,12,50,S++,S++_42,S++_48,12.1
2,12,50,S++,S++_42,S++_47,11.5
2,12,50,S++,S++_42,S++_44,11.2
2,12,50,S++,S++_42,S++_49,11.2
2,12,50,S++,S++_42,S++_45,10.9
2,12,50,S++,S++_43,S++_45,11.8
2,12,50,S++,S++_43,S++_46,12.1
2,12,50,S++,S++_43,S++_47,11.8
2,12,50,S++,S++_43,S++_50,11.5
2,12,50,S++,S++_43,S++_48,11.2
2,12,50,S++,S++_43,S++_49,10.9
2,12,50,S++,S++_43,S++_44,10.9
2,12,50,S++,S++_44,S++_45,11.5
2,12,50,S++,S++_44,S++_46,11.2
2,12,50,S++,S++_44,S++_49,11.2
2,12,50,S++,S++_44,S++_48,10.9
2,12,50,S++,S++_44,S++_50,10.9
2,12,50,S++,S++_44,S++_47,10
2,12,50,S++,S++_45,S++_46,11.5
2,12,50,S++,S++_45,S++_48,11.5
2,12,50,S++,S++_45,S++_49,11.5
2,12,50,S++,S++_45,S++_47,10.6
2,12,50,S++,S++_45,S++_50,10.6
2,12,50,S++,S++_46,S++_50,10.9
2,12,50,S++,S++_46,S++_48,11.2
2,12,50,S++,S++_46,S++_47,10.9
2,12,50,S++,S++_46,S++_49,10.9
2,12,50,S++,S++_47,S++_49,10.9
2,12,50,S++,S++_47,S++_50,11.2
2,12,50,S++,S++_47,S++_48,10.3
2,12,50,S++,S++_48,S++_49,10.6
2,12,50,S++,S++_48,S++_50,10.3
2,12,50,S++,S++_49,S++_50,10.3
2,13,50,S++,S++_1,S++_7,10
2,13,50,S++,S++_1,S++_10,10
2,13,50,S++,S++_1,S++_24,10
2,13,50,S++,S++_1,S++_15,10
2,13,50,S++,S++_1,S++_41,10
2,13,50,S++,S++_1,S++_45,10
2,13,50,S++,S++_1,S++_28,10.3
2,13,50,S++,S++_1,S++_37,10.3
2,13,50,S++,S++_1,S++_20,10.3
2,13,50,S++,S++_1,S++_50,10.6
2,13,50,S++,S++_1,S++_3,10.6
2,13,50,S++,S++_1,S++_17,10.6
2,13,50,S++,S++_1,S++_40,10.6
2,13,50,S++,S++_1,S++_44,10.6
2,13,50,S++,S++_1,S++_33,10.3
2,13,50,S++,S++_1,S++_34,10.3
2,13,50,S++,S++_1,S++_42,10.3
2,13,50,S++,S++_1,S++_30,10.3
2,13,50,S++,S++_1,S++_36,10.3
2,13,50,S++,S++_1,S++_2,10
2,13,50,S++,S++_1,S++_8,10
2,13,50,S++,S++_1,S++_25,10
2,13,50,S++,S++_1,S++_43,10
2,13,50,S++,S++_1,S++_48,10
2,13,50,S++,S++_1,S++_5,10
2,13,50,S++,S++_1,S++_18,9.4
2,13,50,S++,S++_1,S++_35,9.4
2,13,50,S++,S++_1,S++_46,9.4
2,13,50,S++,S++_1,S++_16,9.7
2,13,50,S++,S++_1,S++_19,9.7
2,13,50,S++,S++_1,S++_21,9.7
2,13,50,S++,S++_1,S++_31,9.7
2,13,50,S++,S++_1,S++_12,9.7
2,13,50,S++,S++_1,S++_13,9.7
2,13,50,S++,S++_1,S++_38,9.7
2,13,50,S++,S++_1,S++_4,10
2,13,50,S++,S++_1,S++_22,10
2,13,50,S++,S++_1,S++_23,10
2,13,50,S++,S++_1,S++_32,10
2,13,50,S++,S++_1,S++_39,10
2,13,50,S++,S++_1,S++_49,10
2,13,50,S++,S++_1,S++_6,9.7
2,13,50,S++,S++_1,S++_9,9.7
2,13,50,S++,S++_1,S++_11,9.7
2,13,50,S++,S++_1,S++_14,9.7
2,13,50,S++,S++_1,S++_26,9.7
2,13,50,S++,S++_1,S++_27,9.7
2,13,50,S++,S++_1,S++_47,9.7
2,13,50,S++,S++_1,S++_29,9.7
2,13,50,S++,S++_2,S++_40,9.4
2,13,50,S++,S++_2,S++_47,9.4
2,13,50,S++,S++_2,S++_34,9.4
2,13,50,S++,S++_2,S++_4,9.7
2,13,50,S++,S++_2,S++_8,9.7
2,13,50,S++,S++_2,S++_17,9.7
2,13,50,S++,S++_2,S++_28,9.7
2,13,50,S++,S++_2,S++_10,10
2,13,50,S++,S++_2,S++_12,10
2,13,50,S++,S++_2,S++_46,10
2,13,50,S++,S++_2,S++_18,10
2,13,50,S++,S++_2,S++_19,10
2,13,50,S++,S++_2,S++_32,10
2,13,50,S++,S++_2,S++_36,10
2,13,50,S++,S++_2,S++_5,9.7
2,13,50,S++,S++_2,S++_26,9.7
2,13,50,S++,S++_2,S++_6,9.7
2,13,50,S++,S++_2,S++_13,9.7
2,13,50,S++,S++_2,S++_22,9.7
2,13,50,S++,S++_2,S++_29,9.7
2,13,50,S++,S++_2,S++_15,9.4
2,13,50,S++,S++_2,S++_21,9.4
2,13,50,S++,S++_2,S++_27,9.4
2,13,50,S++,S++_2,S++_49,9.4
2,13,50,S++,S++_2,S++_25,9.4
2,13,50,S++,S++_2,S++_31,9.4
2,13,50,S++,S++_2,S++_39,9.4
2,13,50,S++,S++_2,S++_43,9.4
2,13,50,S++,S++_2,S++_9,9.7
2,13,50,S++,S++_2,S++_11,9.7
2,13,50,S++,S++_2,S++_35,9.7
2,13,50,S++,S++_2,S++_41,9.7
2,13,50,S++,S++_2,S++_30,9.7
2,13,50,S++,S++_2,S++_42,9.7
2,13,50,S++,S++_2,S++_45,9.7
2,13,50,S++,S++_2,S++_14,10
2,13,50,S++,S++_2,S++_38,10
2,13,50,S++,S++_2,S++_44,10
2,13,50,S++,S++_2,S++_33,10
2,13,50,S++,S++_2,S++_3,9.7
2,13,50,S++,S++_2,S++_16,9.7
2,13,50,S++,S++_2,S++_23,9.7
2,13,50,S++,S++_2,S++_37,9.7
2,13,50,S++,S++_2,S++_48,9.7
2,13,50,S++,S++_2,S++_50,9.7
2,13,50,S++,S++_2,S++_7,9.7
2,13,50,S++,S++_2,S++_20,9.7
2,13,50,S++,S++_2,S++_24,9.4
2,13,50,S++,S++_3,S++_18,9.4
2,13,50,S++,S++_3,S++_29,9.4
2,13,50,S++,S++_3,S++_39,9.4
2,13,50,S++,S++_3,S++_8,9.7
2,13,50,S++,S++_3,S++_45,9.7
2,13,50,S++,S++_3,S++_35,10
2,13,50,S++,S++_3,S++_49,10
2,13,50,S++,S++_3,S++_6,9.4
2,13,50,S++,S++_3,S++_36,9.4
2,13,50,S++,S++_3,S++_50,9.4
2,13,50,S++,S++_3,S++_32,9.4
2,13,50,S++,S++_3,S++_7,9.4
2,13,50,S++,S++_3,S++_21,9.4
2,13,50,S++,S++_3,S++_44,9.4
2,13,50,S++,S++_3,S++_16,9.4
2,13,50,S++,S++_3,S++_17,9.4
2,13,50,S++,S++_3,S++_20,9.4
2,13,50,S++,S++_3,S++_24,9.4
2,13,50,S++,S++_3,S++_27,9.4
2,13,50,S++,S++_3,S++_41,9.4
2,13,50,S++,S++_3,S++_42,9.4
2,13,50,S++,S++_3,S++_10,9.4
2,13,50,S++,S++_3,S++_30,9.7
2,13,50,S++,S++_3,S++_13,10
2,13,50,S++,S++_3,S++_22,10
2,13,50,S++,S++_3,S++_28,10
2,13,50,S++,S++_3,S++_33,10
2,13,50,S++,S++_3,S++_37,10
2,13,50,S++,S++_3,S++_43,10
2,13,50,S++,S++_4,S++_42,9.4
2,13,50,S++,S++_4,S++_26,9.7
2,13,50,S++,S++_4,S++_43,9.7
2,13,50,S++,S++_4,S++_19,9.4
2,13,50,S++,S++_4,S++_34,9.4
2,13,50,S++,S++_4,S++_29,9.4
2,13,50,S++,S++_4,S++_23,9.4
2,13,50,S++,S++_4,S++_27,9.4
2,13,50,S++,S++_4,S++_5,9.4
2,13,50,S++,S++_4,S++_18,9.4
2,13,50,S++,S++_4,S++_12,9.4
2,13,50,S++,S++_4,S++_20,9.4
2,13,50,S++,S++_4,S++_38,9.4
2,13,50,S++,S++_4,S++_39,9.4
2,13,50,S++,S++_4,S++_7,9.4
2,13,50,S++,S++_4,S++_11,9.4
2,13,50,S++,S++_4,S++_40,9.7
2,13,50,S++,S++_4,S++_46,9.7
2,13,50,S++,S++_4,S++_17,9.7
2,13,50,S++,S++_4,S++_21,9.7
2,13,50,S++,S++_4,S++_47,9.7
2,13,50,S++,S++_4,S++_16,10
2,13,50,S++,S++_4,S++_8,10
2,13,50,S++,S++_4,S++_13,10
2,13,50,S++,S++_5,S++_48,9.4
2,13,50,S++,S++_5,S++_16,9.4
2,13,50,S++,S++_5,S++_41,9.4
2,13,50,S++,S++_5,S++_17,9.7
2,13,50,S++,S++_5,S++_22,9.7
2,13,50,S++,S++_5,S++_10,10
2,13,50,S++,S++_5,S++_28,9.7
2,13,50,S++,S++_5,S++_34,9.7
2,13,50,S++,S++_5,S++_15,10
2,13,50,S++,S++_5,S++_21,10
2,13,50,S++,S++_5,S++_26,10
2,13,50,S++,S++_5,S++_37,10
2,13,50,S++,S++_5,S++_40,9.4
2,13,50,S++,S++_5,S++_13,9.4
2,13,50,S++,S++_5,S++_14,9.4
2,13,50,S++,S++_5,S++_19,9.4
2,13,50,S++,S++_5,S++_20,9.7
2,13,50,S++,S++_5,S++_32,9.7
2,13,50,S++,S++_5,S++_36,9.7
2,13,50,S++,S++_5,S++_29,9.4
2,13,50,S++,S++_5,S++_46,9.4
2,13,50,S++,S++_5,S++_23,9.4
2,13,50,S++,S++_5,S++_33,9.4
2,13,50,S++,S++_5,S++_18,9.4
2,13,50,S++,S++_5,S++_27,9.4
2,13,50,S++,S++_5,S++_31,9.4
2,13,50,S++,S++_5,S++_42,9.4
2,13,50,S++,S++_5,S++_50,9.4
2,13,50,S++,S++_5,S++_11,9.4
2,13,50,S++,S++_5,S++_12,9.7
2,13,50,S++,S++_5,S++_35,9.7
2,13,50,S++,S++_5,S++_47,10
2,13,50,S++,S++_6,S++_44,9.7
2,13,50,S++,S++_6,S++_9,10
2,13,50,S++,S++_6,S++_22,10
2,13,50,S++,S++_6,S++_29,10
2,13,50,S++,S++_6,S++_31,10
2,13,50,S++,S++_6,S++_16,9.7
2,13,50,S++,S++_6,S++_18,9.7
2,13,50,S++,S++_6,S++_37,10
2,13,50,S++,S++_6,S++_12,10
2,13,50,S++,S++_6,S++_23,10
2,13,50,S++,S++_6,S++_13,10.3
2,13,50,S++,S++_6,S++_34,10.3
2,13,50,S++,S++_6,S++_43,10.3
2,13,50,S++,S++_6,S++_46,10
2,13,50,S++,S++_6,S++_49,10
2,13,50,S++,S++_6,S++_7,10
2,13,50,S++,S++_6,S++_11,10
2,13,50,S++,S++_6,S++_32,9.4
2,13,50,S++,S++_6,S++_33,9.4
2,13,50,S++,S++_6,S++_36,9.4
2,13,50,S++,S++_6,S++_42,9.4
2,13,50,S++,S++_6,S++_48,9.4
2,13,50,S++,S++_6,S++_15,9.4
2,13,50,S++,S++_6,S++_41,9.7
2,13,50,S++,S++_6,S++_10,10
2,13,50,S++,S++_6,S++_24,10
2,13,50,S++,S++_7,S++_17,9.4
2,13,50,S++,S++_7,S++_21,9.7
2,13,50,S++,S++_7,S++_35,9.7
2,13,50,S++,S++_7,S++_40,9.7
2,13,50,S++,S++_7,S++_44,9.7
2,13,50,S++,S++_7,S++_10,10
2,13,50,S++,S++_7,S++_26,10
2,13,50,S++,S++_7,S++_29,10
2,13,50,S++,S++_7,S++_36,10
2,13,50,S++,S++_7,S++_43,10
2,13,50,S++,S++_7,S++_45,10
2,13,50,S++,S++_7,S++_24,10
2,13,50,S++,S++_7,S++_28,10.3
2,13,50,S++,S++_7,S++_49,10.3
2,13,50,S++,S++_7,S++_20,10
2,13,50,S++,S++_7,S++_25,10
2,13,50,S++,S++_7,S++_32,10
2,13,50,S++,S++_7,S++_41,10
2,13,50,S++,S++_7,S++_8,9.7
2,13,50,S++,S++_7,S++_30,9.7
2,13,50,S++,S++_7,S++_31,9.7
2,13,50,S++,S++_7,S++_18,9.7
2,13,50,S++,S++_7,S++_50,10
2,13,50,S++,S++_7,S++_19,10
2,13,50,S++,S++_7,S++_37,10
2,13,50,S++,S++_7,S++_38,9.7
2,13,50,S++,S++_7,S++_47,9.7
2,13,50,S++,S++_7,S++_34,9.4
2,13,50,S++,S++_8,S++_9,9.7
2,13,50,S++,S++_8,S++_29,9.7
2,13,50,S++,S++_8,S++_35,9.7
2,13,50,S++,S++_8,S++_42,9.7
2,13,50,S++,S++_8,S++_33,9.7
2,13,50,S++,S++_8,S++_37,9.7
2,13,50,S++,S++_8,S++_50,9.7
2,13,50,S++,S++_8,S++_31,10
2,13,50,S++,S++_8,S++_32,10
2,13,50,S++,S++_8,S++_34,9.7
2,13,50,S++,S++_8,S++_16,10
2,13,50,S++,S++_8,S++_13,10.3
2,13,50,S++,S++_8,S++_24,10.3
2,13,50,S++,S++_8,S++_10,10
2,13,50,S++,S++_8,S++_18,10
2,13,50,S++,S++_8,S++_23,10
2,13,50,S++,S++_8,S++_39,10
2,13,50,S++,S++_8,S++_17,9.7
2,13,50,S++,S++_8,S++_20,9.7
2,13,50,S++,S++_8,S++_22,9.7
2,13,50,S++,S++_8,S++_38,9.4
2,13,50,S++,S++_8,S++_40,9.4
2,13,50,S++,S++_8,S++_14,9.7
2,13,50,S++,S++_8,S++_21,9.7
2,13,50,S++,S++_8,S++_45,9.7
2,13,50,S++,S++_8,S++_44,9.7
2,13,50,S++,S++_9,S++_25,9.4
2,13,50,S++,S++_9,S++_37,9.7
2,13,50,S++,S++_9,S++_33,9.7
2,13,50,S++,S++_9,S++_19,10
2,13,50,S++,S++_9,S++_44,10
2,13,50,S++,S++_9,S++_15,10
2,13,50,S++,S++_9,S++_39,10
2,13,50,S++,S++_9,S++_49,10.6
2,13,50,S++,S++_9,S++_40,10.3
2,13,50,S++,S++_9,S++_10,9.4
2,13,50,S++,S++_9,S++_24,9.4
2,13,50,S++,S++_9,S++_17,9.4
2,13,50,S++,S++_10,S++_25,9.4
2,13,50,S++,S++_10,S++_41,9.7
2,13,50,S++,S++_10,S++_48,9.7
2,13,50,S++,S++_10,S++_20,9.7
2,13,50,S++,S++_10,S++_27,9.7
2,13,50,S++,S++_10,S++_21,10
2,13,50,S++,S++_10,S++_13,9.4
2,13,50,S++,S++_10,S++_19,9.4
2,13,50,S++,S++_10,S++_43,9.4
2,13,50,S++,S++_10,S++_50,9.4
2,13,50,S++,S++_10,S++_24,9.4
2,13,50,S++,S++_10,S++_32,9.4
2,13,50,S++,S++_10,S++_44,9.4
2,13,50,S++,S++_10,S++_11,9.4
2,13,50,S++,S++_10,S++_33,9.4
2,13,50,S++,S++_10,S++_34,9.4
2,13,50,S++,S++_10,S++_17,9.4
2,13,50,S++,S++_10,S++_26,9.7
2,13,50,S++,S++_10,S++_38,9.7
2,13,50,S++,S++_10,S++_47,9.7
2,13,50,S++,S++_10,S++_22,9.4
2,13,50,S++,S++_10,S++_29,9.4
2,13,50,S++,S++_10,S++_42,9.4
2,13,50,S++,S++_10,S++_49,9.4
2,13,50,S++,S++_10,S++_14,9.4
2,13,50,S++,S++_10,S++_18,9.4
2,13,50,S++,S++_11,S++_12,9.4
2,13,50,S++,S++_11,S++_44,9.4
2,13,50,S++,S++_11,S++_21,9.4
2,13,50,S++,S++_11,S++_23,9.4
2,13,50,S++,S++_11,S++_38,9.4
2,13,50,S++,S++_11,S++_34,9.7
2,13,50,S++,S++_11,S++_14,9.7
2,13,50,S++,S++_11,S++_39,9.7
2,13,50,S++,S++_11,S++_43,9.7
2,13,50,S++,S++_11,S++_13,10
2,13,50,S++,S++_11,S++_16,10
2,13,50,S++,S++_11,S++_49,10
2,13,50,S++,S++_11,S++_17,9.7
2,13,50,S++,S++_11,S++_25,9.7
2,13,50,S++,S++_11,S++_26,9.7
2,13,50,S++,S++_11,S++_29,9.7
2,13,50,S++,S++_11,S++_30,10
2,13,50,S++,S++_11,S++_32,10
2,13,50,S++,S++_11,S++_33,10
2,13,50,S++,S++_11,S++_20,9.7
2,13,50,S++,S++_11,S++_28,9.7
2,13,50,S++,S++_11,S++_22,9.7
2,13,50,S++,S++_11,S++_24,9.7
2,13,50,S++,S++_11,S++_36,9.7
2,13,50,S++,S++_11,S++_27,10
2,13,50,S++,S++_11,S++_40,10
2,13,50,S++,S++_11,S++_41,10
2,13,50,S++,S++_11,S++_46,10
2,13,50,S++,S++_11,S++_18,9.7
2,13,50,S++,S++_11,S++_45,9.7
2,13,50,S++,S++_11,S++_48,9.7
2,13,50,S++,S++_11,S++_42,9.7
2,13,50,S++,S++_11,S++_50,9.7
2,13,50,S++,S++_11,S++_19,9.4
2,13,50,S++,S++_11,S++_37,9.4
2,13,50,S++,S++_11,S++_15,9.4
2,13,50,S++,S++_11,S++_35,9.4
2,13,50,S++,S++_11,S++_47,10
2,13,50,S++,S++_12,S++_15,9.4
2,13,50,S++,S++_12,S++_19,9.4
2,13,50,S++,S++_12,S++_35,9.4
2,13,50,S++,S++_12,S++_26,9.4
2,13,50,S++,S++_12,S++_28,9.4
2,13,50,S++,S++_12,S++_44,9.4
2,13,50,S++,S++_12,S++_21,9.4
2,13,50,S++,S++_12,S++_47,9.4
2,13,50,S++,S++_12,S++_33,10
2,13,50,S++,S++_12,S++_46,10
2,13,50,S++,S++_12,S++_23,10
2,13,50,S++,S++_12,S++_25,10
2,13,50,S++,S++_12,S++_38,10.3
2,13,50,S++,S++_12,S++_50,10.3
2,13,50,S++,S++_12,S++_16,10
2,13,50,S++,S++_12,S++_32,10
2,13,50,S++,S++_12,S++_39,10
2,13,50,S++,S++_12,S++_45,10
2,13,50,S++,S++_12,S++_20,10
2,13,50,S++,S++_12,S++_24,10
2,13,50,S++,S++_12,S++_41,10
2,13,50,S++,S++_12,S++_48,9.7
2,13,50,S++,S++_12,S++_17,9.7
2,13,50,S++,S++_12,S++_30,9.7
2,13,50,S++,S++_13,S++_14,9.7
2,13,50,S++,S++_13,S++_26,10
2,13,50,S++,S++_13,S++_29,10
2,13,50,S++,S++_13,S++_40,10
2,13,50,S++,S++_13,S++_41,10
2,13,50,S++,S++_13,S++_28,9.7
2,13,50,S++,S++_13,S++_43,9.7
2,13,50,S++,S++_13,S++_17,10
2,13,50,S++,S++_13,S++_23,10
2,13,50,S++,S++_13,S++_25,10
2,13,50,S++,S++_13,S++_38,9.7
2,13,50,S++,S++_13,S++_46,9.7
2,13,50,S++,S++_13,S++_33,10
2,13,50,S++,S++_13,S++_39,10
2,13,50,S++,S++_13,S++_45,10
2,13,50,S++,S++_13,S++_21,10
2,13,50,S++,S++_13,S++_37,10
2,13,50,S++,S++_13,S++_22,10.3
2,13,50,S++,S++_13,S++_49,10.3
2,13,50,S++,S++_13,S++_35,10.3
2,13,50,S++,S++_13,S++_16,10
2,13,50,S++,S++_13,S++_20,10
2,13,50,S++,S++_13,S++_31,10
2,13,50,S++,S++_13,S++_18,10
2,13,50,S++,S++_13,S++_19,10
2,13,50,S++,S++_13,S++_27,10
2,13,50,S++,S++_13,S++_32,10
2,13,50,S++,S++_13,S++_34,10
2,13,50,S++,S++_13,S++_42,10
2,13,50,S++,S++_13,S++_24,9.7
2,13,50,S++,S++_13,S++_36,9.7
2,13,50,S++,S++_13,S++_47,9.7
2,13,50,S++,S++_13,S++_50,9.7
2,13,50,S++,S++_13,S++_30,10
2,13,50,S++,S++_14,S++_27,9.7
2,13,50,S++,S++_14,S++_39,9.7
2,13,50,S++,S++_14,S++_37,9.7
2,13,50,S++,S++_14,S++_44,9.7
2,13,50,S++,S++_14,S++_19,10
2,13,50,S++,S++_14,S++_41,10
2,13,50,S++,S++_14,S++_15,10.3
2,13,50,S++,S++_14,S++_17,10.3
2,13,50,S++,S++_14,S++_20,10.3
2,13,50,S++,S++_14,S++_46,10
2,13,50,S++,S++_14,S++_22,10
2,13,50,S++,S++_14,S++_25,10
2,13,50,S++,S++_14,S++_34,10
2,13,50,S++,S++_14,S++_47,10
2,13,50,S++,S++_14,S++_18,9.7
2,13,50,S++,S++_14,S++_24,9.7
2,13,50,S++,S++_14,S++_31,9.7
2,13,50,S++,S++_14,S++_50,9.7
2,13,50,S++,S++_14,S++_23,9.7
2,13,50,S++,S++_14,S++_42,9.7
2,13,50,S++,S++_14,S++_48,10
2,13,50,S++,S++_15,S++_20,9.7
2,13,50,S++,S++_15,S++_23,9.7
2,13,50,S++,S++_15,S++_36,9.7
2,13,50,S++,S++_15,S++_34,10
2,13,50,S++,S++_15,S++_27,10.3
2,13,50,S++,S++_15,S++_31,10.3
2,13,50,S++,S++_15,S++_39,10.3
2,13,50,S++,S++_15,S++_28,10.3
2,13,50,S++,S++_15,S++_29,10.3
2,13,50,S++,S++_15,S++_37,10.3
2,13,50,S++,S++_15,S++_19,10
2,13,50,S++,S++_15,S++_32,9.4
2,13,50,S++,S++_15,S++_42,9.4
2,13,50,S++,S++_15,S++_38,9.4
2,13,50,S++,S++_15,S++_40,9.4
2,13,50,S++,S++_15,S++_49,9.4
2,13,50,S++,S++_15,S++_17,9.7
2,13,50,S++,S++_15,S++_18,9.7
2,13,50,S++,S++_15,S++_26,9.7
2,13,50,S++,S++_15,S++_35,9.7
2,13,50,S++,S++_15,S++_47,9.7
2,13,50,S++,S++_15,S++_48,9.7
2,13,50,S++,S++_15,S++_50,9.7
2,13,50,S++,S++_15,S++_44,10
2,13,50,S++,S++_15,S++_45,9.7
2,13,50,S++,S++_16,S++_18,9.7
2,13,50,S++,S++_16,S++_45,9.7
2,13,50,S++,S++_16,S++_27,9.7
2,13,50,S++,S++_16,S++_25,10
2,13,50,S++,S++_16,S++_36,10
2,13,50,S++,S++_16,S++_23,10.3
2,13,50,S++,S++_16,S++_29,10.3
2,13,50,S++,S++_16,S++_32,10.3
2,13,50,S++,S++_16,S++_33,10.3
2,13,50,S++,S++_16,S++_48,10.3
2,13,50,S++,S++_16,S++_50,10.3
2,13,50,S++,S++_16,S++_20,10
2,13,50,S++,S++_16,S++_22,10
2,13,50,S++,S++_16,S++_42,10
2,13,50,S++,S++_16,S++_44,10
2,13,50,S++,S++_16,S++_46,10
2,13,50,S++,S++_16,S++_49,10
2,13,50,S++,S++_16,S++_19,10
2,13,50,S++,S++_16,S++_37,10
2,13,50,S++,S++_16,S++_40,10
2,13,50,S++,S++_16,S++_41,10
2,13,50,S++,S++_16,S++_47,9.4
2,13,50,S++,S++_16,S++_17,9.7
2,13,50,S++,S++_16,S++_24,9.7
2,13,50,S++,S++_16,S++_31,9.7
2,13,50,S++,S++_16,S++_43,9.7
2,13,50,S++,S++_16,S++_35,9.7
2,13,50,S++,S++_16,S++_30,9.7
2,13,50,S++,S++_17,S++_26,9.4
2,13,50,S++,S++_17,S++_39,9.4
2,13,50,S++,S++_17,S++_40,9.4
2,13,50,S++,S++_17,S++_19,9.4
2,13,50,S++,S++_17,S++_21,9.4
2,13,50,S++,S++_17,S++_44,9.4
2,13,50,S++,S++_17,S++_27,9.7
2,13,50,S++,S++_17,S++_22,9.7
2,13,50,S++,S++_17,S++_20,9.4
2,13,50,S++,S++_17,S++_38,9.4
2,13,50,S++,S++_17,S++_23,9.4
2,13,50,S++,S++_17,S++_29,9.4
2,13,50,S++,S++_17,S++_35,9.4
2,13,50,S++,S++_17,S++_31,10
2,13,50,S++,S++_17,S++_33,10
2,13,50,S++,S++_17,S++_41,10
2,13,50,S++,S++_17,S++_42,10
2,13,50,S++,S++_17,S++_43,10
2,13,50,S++,S++_17,S++_46,10
2,13,50,S++,S++_17,S++_30,10
2,13,50,S++,S++_17,S++_47,10
2,13,50,S++,S++_18,S++_42,9.4
2,13,50,S++,S++_18,S++_29,9.7
2,13,50,S++,S++_18,S++_31,9.7
2,13,50,S++,S++_18,S++_21,9.4
2,13,50,S++,S++_18,S++_44,9.4
2,13,50,S++,S++_18,S++_25,9.7
2,13,50,S++,S++_18,S++_48,9.7
2,13,50,S++,S++_18,S++_43,9.7
2,13,50,S++,S++_18,S++_27,9.4
2,13,50,S++,S++_18,S++_32,9.4
2,13,50,S++,S++_18,S++_28,9.7
2,13,50,S++,S++_18,S++_38,9.7
2,13,50,S++,S++_18,S++_41,9.7
2,13,50,S++,S++_18,S++_45,9.7
2,13,50,S++,S++_18,S++_47,9.7
2,13,50,S++,S++_18,S++_19,10
2,13,50,S++,S++_18,S++_22,10
2,13,50,S++,S++_18,S++_26,10
2,13,50,S++,S++_18,S++_20,9.7
2,13,50,S++,S++_19,S++_41,9.4
2,13,50,S++,S++_19,S++_44,9.4
2,13,50,S++,S++_19,S++_26,9.4
2,13,50,S++,S++_19,S++_20,9.4
2,13,50,S++,S++_19,S++_29,9.4
2,13,50,S++,S++_19,S++_30,9.4
2,13,50,S++,S++_19,S++_24,9.7
2,13,50,S++,S++_19,S++_34,9.7
2,13,50,S++,S++_19,S++_43,9.7
2,13,50,S++,S++_19,S++_50,9.7
2,13,50,S++,S++_19,S++_23,10
2,13,50,S++,S++_19,S++_46,10
2,13,50,S++,S++_19,S++_21,9.7
2,13,50,S++,S++_19,S++_25,9.4
2,13,50,S++,S++_19,S++_33,9.4
2,13,50,S++,S++_19,S++_28,9.4
2,13,50,S++,S++_19,S++_27,9.7
2,13,50,S++,S++_19,S++_38,9.7
2,13,50,S++,S++_19,S++_22,9.7
2,13,50,S++,S++_19,S++_48,9.7
2,13,50,S++,S++_19,S++_39,9.4
2,13,50,S++,S++_19,S++_40,9.4
2,13,50,S++,S++_19,S++_45,9.4
2,13,50,S++,S++_19,S++_47,9.4
2,13,50,S++,S++_19,S++_32,9.7
2,13,50,S++,S++_19,S++_31,9.7
2,13,50,S++,S++_19,S++_49,10
2,13,50,S++,S++_20,S++_24,9.4
2,13,50,S++,S++_20,S++_45,9.4
2,13,50,S++,S++_20,S++_25,9.4
2,13,50,S++,S++_20,S++_36,9.4
2,13,50,S++,S++_20,S++_46,9.4
2,13,50,S++,S++_20,S++_27,9.4
2,13,50,S++,S++_20,S++_22,9.7
2,13,50,S++,S++_20,S++_41,9.7
2,13,50,S++,S++_20,S++_30,9.7
2,13,50,S++,S++_20,S++_42,10
2,13,50,S++,S++_20,S++_44,10
2,13,50,S++,S++_20,S++_28,10
2,13,50,S++,S++_20,S++_49,9.7
2,13,50,S++,S++_20,S++_31,9.7
2,13,50,S++,S++_20,S++_48,9.4
2,13,50,S++,S++_20,S++_47,9.4
2,13,50,S++,S++_20,S++_38,9.7
2,13,50,S++,S++_20,S++_39,9.7
2,13,50,S++,S++_20,S++_40,9.7
2,13,50,S++,S++_20,S++_43,9.7
2,13,50,S++,S++_20,S++_23,9.7
2,13,50,S++,S++_20,S++_32,9.7
2,13,50,S++,S++_20,S++_34,9.7
2,13,50,S++,S++_20,S++_37,9.4
2,13,50,S++,S++_20,S++_26,9.4
2,13,50,S++,S++_20,S++_29,10
2,13,50,S++,S++_20,S++_33,10
2,13,50,S++,S++_20,S++_50,10
2,13,50,S++,S++_20,S++_21,9.7
2,13,50,S++,S++_20,S++_35,9.7
2,13,50,S++,S++_21,S++_27,10
2,13,50,S++,S++_21,S++_42,10
2,13,50,S++,S++_21,S++_46,10
2,13,50,S++,S++_21,S++_23,10
2,13,50,S++,S++_21,S++_40,10
2,13,50,S++,S++_21,S++_28,10
2,13,50,S++,S++_21,S++_32,10
2,13,50,S++,S++_21,S++_36,10
2,13,50,S++,S++_21,S++_39,10
2,13,50,S++,S++_21,S++_49,10
2,13,50,S++,S++_21,S++_34,10.3
2,13,50,S++,S++_21,S++_48,10.3
2,13,50,S++,S++_21,S++_25,10.6
2,13,50,S++,S++_21,S++_22,10
2,13,50,S++,S++_21,S++_26,9.4
2,13,50,S++,S++_21,S++_45,9.4
2,13,50,S++,S++_21,S++_50,9.7
2,13,50,S++,S++_21,S++_37,10
2,13,50,S++,S++_21,S++_43,10
2,13,50,S++,S++_21,S++_24,10
2,13,50,S++,S++_21,S++_29,10
2,13,50,S++,S++_21,S++_31,10
2,13,50,S++,S++_21,S++_35,9.7
2,13,50,S++,S++_21,S++_30,9.4
2,13,50,S++,S++_21,S++_33,9.4
2,13,50,S++,S++_21,S++_47,9.4
2,13,50,S++,S++_22,S++_42,9.4
2,13,50,S++,S++_22,S++_38,9.4
2,13,50,S++,S++_22,S++_50,9.4
2,13,50,S++,S++_23,S++_34,9.7
2,13,50,S++,S++_23,S++_24,9.7
2,13,50,S++,S++_23,S++_38,9.7
2,13,50,S++,S++_23,S++_29,9.4
2,13,50,S++,S++_23,S++_47,9.4
2,13,50,S++,S++_23,S++_40,9.4
2,13,50,S++,S++_23,S++_39,9.7
2,13,50,S++,S++_23,S++_42,9.7
2,13,50,S++,S++_23,S++_45,9.7
2,13,50,S++,S++_23,S++_36,9.7
2,13,50,S++,S++_23,S++_50,9.7
2,13,50,S++,S++_23,S++_25,10
2,13,50,S++,S++_23,S++_28,10
2,13,50,S++,S++_23,S++_32,10
2,13,50,S++,S++_23,S++_37,10
2,13,50,S++,S++_23,S++_41,10
2,13,50,S++,S++_23,S++_43,10
2,13,50,S++,S++_23,S++_44,9.7
2,13,50,S++,S++_23,S++_30,9.7
2,13,50,S++,S++_24,S++_44,9.4
2,13,50,S++,S++_24,S++_46,9.4
2,13,50,S++,S++_24,S++_36,9.4
2,13,50,S++,S++_24,S++_45,9.4
2,13,50,S++,S++_24,S++_48,9.4
2,13,50,S++,S++_24,S++_25,9.4
2,13,50,S++,S++_24,S++_49,9.4
2,13,50,S++,S++_24,S++_34,10
2,13,50,S++,S++_24,S++_39,9.4
2,13,50,S++,S++_24,S++_41,9.4
2,13,50,S++,S++_24,S++_30,9.4
2,13,50,S++,S++_24,S++_47,9.4
2,13,50,S++,S++_24,S++_50,9.4
2,13,50,S++,S++_24,S++_35,9.7
2,13,50,S++,S++_24,S++_40,9.7
2,13,50,S++,S++_24,S++_37,9.7
2,13,50,S++,S++_25,S++_37,9.4
2,13,50,S++,S++_25,S++_45,9.4
2,13,50,S++,S++_25,S++_26,10
2,13,50,S++,S++_25,S++_27,10
2,13,50,S++,S++_25,S++_29,9.7
2,13,50,S++,S++_25,S++_40,9.7
2,13,50,S++,S++_25,S++_42,9.7
2,13,50,S++,S++_25,S++_38,9.7
2,13,50,S++,S++_25,S++_32,10
2,13,50,S++,S++_25,S++_35,10
2,13,50,S++,S++_25,S++_47,10
2,13,50,S++,S++_25,S++_48,10
2,13,50,S++,S++_25,S++_49,10
2,13,50,S++,S++_25,S++_50,10.3
2,13,50,S++,S++_26,S++_29,9.7
2,13,50,S++,S++_26,S++_44,9.7
2,13,50,S++,S++_26,S++_28,10
2,13,50,S++,S++_26,S++_40,10
2,13,50,S++,S++_26,S++_34,10.3
2,13,50,S++,S++_26,S++_43,10
2,13,50,S++,S++_26,S++_48,10
2,13,50,S++,S++_26,S++_37,10
2,13,50,S++,S++_26,S++_38,10
2,13,50,S++,S++_26,S++_36,10.3
2,13,50,S++,S++_26,S++_50,10.3
2,13,50,S++,S++_26,S++_31,10.3
2,13,50,S++,S++_26,S++_45,10.3
2,13,50,S++,S++_26,S++_46,10.3
2,13,50,S++,S++_26,S++_32,10.3
2,13,50,S++,S++_26,S++_41,10.3
2,13,50,S++,S++_27,S++_28,10
2,13,50,S++,S++_27,S++_39,10
2,13,50,S++,S++_27,S++_30,10.3
2,13,50,S++,S++_27,S++_33,10.3
2,13,50,S++,S++_27,S++_40,10
2,13,50,S++,S++_27,S++_41,10
2,13,50,S++,S++_27,S++_43,10.3
2,13,50,S++,S++_27,S++_45,10.3
2,13,50,S++,S++_27,S++_49,10.3
2,13,50,S++,S++_27,S++_38,10.3
2,13,50,S++,S++_27,S++_46,10
2,13,50,S++,S++_27,S++_36,10
2,13,50,S++,S++_27,S++_48,10
2,13,50,S++,S++_27,S++_50,10
2,13,50,S++,S++_27,S++_47,10.3
2,13,50,S++,S++_28,S++_32,9.7
2,13,50,S++,S++_28,S++_34,9.7
2,13,50,S++,S++_28,S++_36,9.7
2,13,50,S++,S++_28,S++_35,10
2,13,50,S++,S++_28,S++_46,10
2,13,50,S++,S++_28,S++_38,10
2,13,50,S++,S++_28,S++_41,10.6
2,13,50,S++,S++_28,S++_43,10.6
2,13,50,S++,S++_28,S++_37,10.3
2,13,50,S++,S++_28,S++_48,10.3
2,13,50,S++,S++_28,S++_31,10
2,13,50,S++,S++_28,S++_47,10
2,13,50,S++,S++_28,S++_30,10.6
2,13,50,S++,S++_28,S++_40,10.6
2,13,50,S++,S++_28,S++_50,10.6
2,13,50,S++,S++_29,S++_38,10.9
2,13,50,S++,S++_29,S++_46,11.5
2,13,50,S++,S++_29,S++_37,11.2
2,13,50,S++,S++_29,S++_41,11.2
2,13,50,S++,S++_29,S++_33,11.2
2,13,50,S++,S++_29,S++_34,11.2
2,13,50,S++,S++_29,S++_44,11.2
2,13,50,S++,S++_29,S++_30,10.9
2,13,50,S++,S++_29,S++_50,10.9
2,13,50,S++,S++_29,S++_31,10.6
2,13,50,S++,S++_29,S++_36,10.6
2,13,50,S++,S++_29,S++_47,10.6
2,13,50,S++,S++_29,S++_42,10.3
2,13,50,S++,S++_30,S++_43,10.9
2,13,50,S++,S++_30,S++_49,11.2
2,13,50,S++,S++_30,S++_34,11.2
2,13,50,S++,S++_30,S++_32,11.5
2,13,50,S++,S++_30,S++_42,11.5
2,13,50,S++,S++_30,S++_31,11.2
2,13,50,S++,S++_30,S++_35,11.2
2,13,50,S++,S++_30,S++_37,11.2
2,13,50,S++,S++_30,S++_39,11.2
2,13,50,S++,S++_30,S++_44,11.2
2,13,50,S++,S++_30,S++_47,11.2
2,13,50,S++,S++_30,S++_33,10.9
2,13,50,S++,S++_30,S++_40,10.6
2,13,50,S++,S++_30,S++_50,10.6
2,13,50,S++,S++_31,S++_36,10.9
2,13,50,S++,S++_31,S++_33,10.9
2,13,50,S++,S++_31,S++_47,11.2
2,13,50,S++,S++_31,S++_35,11.2
2,13,50,S++,S++_31,S++_39,11.2
2,13,50,S++,S++_31,S++_48,11.5
2,13,50,S++,S++_31,S++_49,10.9
2,13,50,S++,S++_31,S++_43,10.9
2,13,50,S++,S++_31,S++_45,10.9
2,13,50,S++,S++_31,S++_46,10.9
2,13,50,S++,S++_31,S++_40,10.6
2,13,50,S++,S++_31,S++_38,10.3
2,13,50,S++,S++_31,S++_41,10
2,13,50,S++,S++_32,S++_47,10.9
2,13,50,S++,S++_32,S++_37,11.2
2,13,50,S++,S++_32,S++_39,11.2
2,13,50,S++,S++_32,S++_42,11.2
2,13,50,S++,S++_32,S++_33,10.9
2,13,50,S++,S++_32,S++_45,10.9
2,13,50,S++,S++_32,S++_46,10.9
2,13,50,S++,S++_32,S++_34,10.6
2,13,50,S++,S++_32,S++_36,10.6
2,13,50,S++,S++_32,S++_41,10.6
2,13,50,S++,S++_32,S++_44,10.6
2,13,50,S++,S++_32,S++_35,10.6
2,13,50,S++,S++_32,S++_48,10.6
2,13,50,S++,S++_32,S++_50,10
2,13,50,S++,S++_33,S++_45,10.6
2,13,50,S++,S++_33,S++_46,10.9
2,13,50,S++,S++_33,S++_37,10.3
2,13,50,S++,S++_33,S++_38,10.3
2,13,50,S++,S++_33,S++_44,10
2,13,50,S++,S++_33,S++_48,10
2,13,50,S++,S++_33,S++_49,10
2,13,50,S++,S++_33,S++_40,9.7
2,13,50,S++,S++_34,S++_38,10.3
2,13,50,S++,S++_34,S++_40,10.3
2,13,50,S++,S++_34,S++_43,10.3
2,13,50,S++,S++_34,S++_37,10.6
2,13,50,S++,S++_34,S++_42,10.6
2,13,50,S++,S++_34,S++_44,10.6
2,13,50,S++,S++_34,S++_39,10.3
2,13,50,S++,S++_34,S++_47,10.3
2,13,50,S++,S++_34,S++_36,10.3
2,13,50,S++,S++_34,S++_45,10
2,13,50,S++,S++_34,S++_41,9.7
2,13,50,S++,S++_34,S++_48,9.7
2,13,50,S++,S++_35,S++_46,10.6
2,13,50,S++,S++_35,S++_49,10.6
2,13,50,S++,S++_35,S++_50,10.6
2,13,50,S++,S++_35,S++_44,10.3
2,13,50,S++,S++_35,S++_41,10
2,13,50,S++,S++_35,S++_48,10
2,13,50,S++,S++_35,S++_37,10
2,13,50,S++,S++_35,S++_42,10
2,13,50,S++,S++_35,S++_36,9.7
2,13,50,S++,S++_35,S++_38,9.7
2,13,50,S++,S++_35,S++_39,9.7
2,13,50,S++,S++_35,S++_40,9.7
2,13,50,S++,S++_35,S++_45,10
2,13,50,S++,S++_36,S++_47,10.3
2,13,50,S++,S++_36,S++_48,10.3
2,13,50,S++,S++_36,S++_40,10.3
2,13,50,S++,S++_36,S++_44,10.3
2,13,50,S++,S++_36,S++_45,10.3
2,13,50,S++,S++_36,S++_46,10.6
2,13,50,S++,S++_36,S++_39,10.9
2,13,50,S++,S++_36,S++_37,10.6
2,13,50,S++,S++_36,S++_42,10.3
2,13,50,S++,S++_36,S++_49,10
2,13,50,S++,S++_36,S++_43,10
2,13,50,S++,S++_37,S++_44,10.3
2,13,50,S++,S++_37,S++_45,11.2
2,13,50,S++,S++_37,S++_42,11.2
2,13,50,S++,S++_37,S++_41,10.9
2,13,50,S++,S++_37,S++_39,10.6
2,13,50,S++,S++_37,S++_48,10.6
2,13,50,S++,S++_37,S++_43,10.3
2,13,50,S++,S++_37,S++_38,10
2,13,50,S++,S++_37,S++_40,10
2,13,50,S++,S++_37,S++_47,10
2,13,50,S++,S++_37,S++_49,10
2,13,50,S++,S++_38,S++_45,10.6
2,13,50,S++,S++_38,S++_40,10.6
2,13,50,S++,S++_38,S++_42,10.6
2,13,50,S++,S++_38,S++_39,11.2
2,13,50,S++,S++_38,S++_44,11.2
2,13,50,S++,S++_38,S++_43,10.9
2,13,50,S++,S++_38,S++_41,10.6
2,13,50,S++,S++_38,S++_46,10.3
2,13,50,S++,S++_38,S++_49,10.3
2,13,50,S++,S++_38,S++_47,10.3
2,13,50,S++,S++_38,S++_48,10
2,13,50,S++,S++_38,S++_50,10
2,13,50,S++,S++_39,S++_41,10.6
2,13,50,S++,S++_39,S++_45,10.9
2,13,50,S++,S++_39,S++_49,11.2
2,13,50,S++,S++_39,S++_40,11.2
2,13,50,S++,S++_39,S++_46,11.2
2,13,50,S++,S++_39,S++_50,10.6
2,13,50,S++,S++_39,S++_47,10.3
2,13,50,S++,S++_39,S++_42,10
2,13,50,S++,S++_39,S++_48,9.7
2,13,50,S++,S++_40,S++_41,10.6
2,13,50,S++,S++_40,S++_46,11.2
2,13,50,S++,S++_40,S++_45,10.9
2,13,50,S++,S++_40,S++_43,10.6
2,13,50,S++,S++_40,S++_48,10.9
2,13,50,S++,S++_40,S++_44,10.6
2,13,50,S++,S++_40,S++_47,10.6
2,13,50,S++,S++_40,S++_50,10.3
2,13,50,S++,S++_40,S++_42,10.3
2,13,50,S++,S++_41,S++_44,11.2
2,13,50,S++,S++_41,S++_43,11.5
2,13,50,S++,S++_41,S++_45,11.2
2,13,50,S++,S++_41,S++_48,11.2
2,13,50,S++,S++_41,S++_49,11.2
2,13,50,S++,S++_41,S++_46,10.9
2,13,50,S++,S++_41,S++_47,10.6
2,13,50,S++,S++_41,S++_42,10.3
2,13,50,S++,S++_42,S++_50,11.2
2,13,50,S++,S++_42,S++_43,11.8
2,13,50,S++,S++_42,S++_48,11.8
2,13,50,S++,S++_42,S++_47,11.2
2,13,50,S++,S++_42,S++_44,10.9
2,13,50,S++,S++_42,S++_49,10.9
2,13,50,S++,S++_42,S++_45,10.6
2,13,50,S++,S++_43,S++_45,11.5
2,13,50,S++,S++_43,S++_46,11.8
2,13,50,S++,S++_43,S++_47,11.5
2,13,50,S++,S++_43,S++_50,11.2
2,13,50,S++,S++_43,S++_48,10.9
2,13,50,S++,S++_43,S++_49,10.6
2,13,50,S++,S++_43,S++_44,10.6
2,13,50,S++,S++_44,S++_45,11.2
2,13,50,S++,S++_44,S++_46,10.9
2,13,50,S++,S++_44,S++_49,10.9
2,13,50,S++,S++_44,S++_48,10.6
2,13,50,S++,S++_44,S++_50,10.6
2,13,50,S++,S++_44,S++_47,9.7
2,13,50,S++,S++_45,S++_46,11.2
2,13,50,S++,S++_45,S++_48,11.2
2,13,50,S++,S++_45,S++_49,11.2
2,13,50,S++,S++_45,S++_47,10.3
2,13,50,S++,S++_45,S++_50,10.3
2,13,50,S++,S++_46,S++_50,10.6
2,13,50,S++,S++_46,S++_48,10.9
2,13,50,S++,S++_46,S++_47,10.6
2,13,50,S++,S++_46,S++_49,10.6
2,13,50,S++,S++_47,S++_49,10.6
2,13,50,S++,S++_47,S++_50,10.9
2,13,50,S++,S++_47,S++_48,10
2,13,50,S++,S++_48,S++_49,10.3
2,13,50,S++,S++_48,S++_50,10
2,13,50,S++,S++_49,S++_50,10
2,14,50,S++,S++_1,S++_7,9.7
2,14,50,S++,S++_1,S++_10,9.7
2,14,50,S++,S++_1,S++_24,9.7
2,14,50,S++,S++_1,S++_15,9.7
2,14,50,S++,S++_1,S++_41,9.7
2,14,50,S++,S++_1,S++_45,9.7
2,14,50,S++,S++_1,S++_28,10
2,14,50,S++,S++_1,S++_37,10
2,14,50,S++,S++_1,S++_20,10
2,14,50,S++,S++_1,S++_50,10.3
2,14,50,S++,S++_1,S++_3,10.3
2,14,50,S++,S++_1,S++_17,10.3
2,14,50,S++,S++_1,S++_40,10.3
2,14,50,S++,S++_1,S++_44,10.3
2,14,50,S++,S++_1,S++_33,10
2,14,50,S++,S++_1,S++_34,10
2,14,50,S++,S++_1,S++_42,10
2,14,50,S++,S++_1,S++_30,10
2,14,50,S++,S++_1,S++_36,10
2,14,50,S++,S++_1,S++_2,9.7
2,14,50,S++,S++_1,S++_8,9.7
2,14,50,S++,S++_1,S++_25,9.7
2,14,50,S++,S++_1,S++_43,9.7
2,14,50,S++,S++_1,S++_48,9.7
2,14,50,S++,S++_1,S++_5,9.7
2,14,50,S++,S++_1,S++_16,9.4
2,14,50,S++,S++_1,S++_19,9.4
2,14,50,S++,S++_1,S++_21,9.4
2,14,50,S++,S++_1,S++_31,9.4
2,14,50,S++,S++_1,S++_12,9.4
2,14,50,S++,S++_1,S++_13,9.4
2,14,50,S++,S++_1,S++_38,9.4
2,14,50,S++,S++_1,S++_4,9.7
2,14,50,S++,S++_1,S++_22,9.7
2,14,50,S++,S++_1,S++_23,9.7
2,14,50,S++,S++_1,S++_32,9.7
2,14,50,S++,S++_1,S++_39,9.7
2,14,50,S++,S++_1,S++_49,9.7
2,14,50,S++,S++_1,S++_6,9.4
2,14,50,S++,S++_1,S++_9,9.4
2,14,50,S++,S++_1,S++_11,9.4
2,14,50,S++,S++_1,S++_14,9.4
2,14,50,S++,S++_1,S++_26,9.4
2,14,50,S++,S++_1,S++_27,9.4
2,14,50,S++,S++_1,S++_47,9.4
2,14,50,S++,S++_1,S++_29,9.4
2,14,50,S++,S++_2,S++_4,9.4
2,14,50,S++,S++_2,S++_8,9.4
2,14,50,S++,S++_2,S++_17,9.4
2,14,50,S++,S++_2,S++_28,9.4
2,14,50,S++,S++_2,S++_10,9.7
2,14,50,S++,S++_2,S++_12,9.7
2,14,50,S++,S++_2,S++_46,9.7
2,14,50,S++,S++_2,S++_18,9.7
2,14,50,S++,S++_2,S++_19,9.7
2,14,50,S++,S++_2,S++_32,9.7
2,14,50,S++,S++_2,S++_36,9.7
2,14,50,S++,S++_2,S++_5,9.4
2,14,50,S++,S++_2,S++_26,9.4
2,14,50,S++,S++_2,S++_6,9.4
2,14,50,S++,S++_2,S++_13,9.4
2,14,50,S++,S++_2,S++_22,9.4
2,14,50,S++,S++_2,S++_29,9.4
2,14,50,S++,S++_2,S++_9,9.4
2,14,50,S++,S++_2,S++_11,9.4
2,14,50,S++,S++_2,S++_35,9.4
2,14,50,S++,S++_2,S++_41,9.4
2,14,50,S++,S++_2,S++_30,9.4
2,14,50,S++,S++_2,S++_42,9.4
2,14,50,S++,S++_2,S++_45,9.4
2,14,50,S++,S++_2,S++_14,9.7
2,14,50,S++,S++_2,S++_38,9.7
2,14,50,S++,S++_2,S++_44,9.7
2,14,50,S++,S++_2,S++_33,9.7
2,14,50,S++,S++_2,S++_3,9.4
2,14,50,S++,S++_2,S++_16,9.4
2,14,50,S++,S++_2,S++_23,9.4
2,14,50,S++,S++_2,S++_37,9.4
2,14,50,S++,S++_2,S++_48,9.4
2,14,50,S++,S++_2,S++_50,9.4
2,14,50,S++,S++_2,S++_7,9.4
2,14,50,S++,S++_2,S++_20,9.4
2,14,50,S++,S++_3,S++_8,9.4
2,14,50,S++,S++_3,S++_45,9.4
2,14,50,S++,S++_3,S++_35,9.7
2,14,50,S++,S++_3,S++_49,9.7
2,14,50,S++,S++_3,S++_30,9.4
2,14,50,S++,S++_3,S++_13,9.7
2,14,50,S++,S++_3,S++_22,9.7
2,14,50,S++,S++_3,S++_28,9.7
2,14,50,S++,S++_3,S++_33,9.7
2,14,50,S++,S++_3,S++_37,9.7
2,14,50,S++,S++_3,S++_43,9.7
2,14,50,S++,S++_3,S++_5,10
2,14,50,S++,S++_3,S++_9,10
2,14,50,S++,S++_3,S++_11,10
2,14,50,S++,S++_3,S++_19,10
2,14,50,S++,S++_3,S++_10,10
2,14,50,S++,S++_3,S++_16,10
2,14,50,S++,S++_3,S++_32,10
2,14,50,S++,S++_3,S++_34,10
2,14,50,S++,S++_3,S++_38,10
2,14,50,S++,S++_4,S++_26,9.4
2,14,50,S++,S++_4,S++_43,9.4
2,14,50,S++,S++_4,S++_40,9.4
2,14,50,S++,S++_4,S++_46,9.4
2,14,50,S++,S++_4,S++_17,9.4
2,14,50,S++,S++_4,S++_21,9.4
2,14,50,S++,S++_4,S++_47,9.4
2,14,50,S++,S++_4,S++_16,9.7
2,14,50,S++,S++_4,S++_8,9.7
2,14,50,S++,S++_4,S++_13,9.7
2,14,50,S++,S++_4,S++_37,10
2,14,50,S++,S++_5,S++_17,9.4
2,14,50,S++,S++_5,S++_22,9.4
2,14,50,S++,S++_5,S++_10,9.7
2,14,50,S++,S++_5,S++_28,9.4
2,14,50,S++,S++_5,S++_34,9.4
2,14,50,S++,S++_5,S++_15,9.7
2,14,50,S++,S++_5,S++_21,9.7
2,14,50,S++,S++_5,S++_26,9.7
2,14,50,S++,S++_5,S++_37,9.7
2,14,50,S++,S++_5,S++_20,9.4
2,14,50,S++,S++_5,S++_32,9.4
2,14,50,S++,S++_5,S++_36,9.4
2,14,50,S++,S++_5,S++_12,9.4
2,14,50,S++,S++_5,S++_35,9.4
2,14,50,S++,S++_5,S++_47,9.7
2,14,50,S++,S++_6,S++_44,9.4
2,14,50,S++,S++_6,S++_9,9.7
2,14,50,S++,S++_6,S++_22,9.7
2,14,50,S++,S++_6,S++_29,9.7
2,14,50,S++,S++_6,S++_31,9.7
2,14,50,S++,S++_6,S++_16,9.4
2,14,50,S++,S++_6,S++_18,9.4
2,14,50,S++,S++_6,S++_37,9.7
2,14,50,S++,S++_6,S++_12,9.7
2,14,50,S++,S++_6,S++_23,9.7
2,14,50,S++,S++_6,S++_13,10
2,14,50,S++,S++_6,S++_34,10
2,14,50,S++,S++_6,S++_43,10
2,14,50,S++,S++_6,S++_46,9.7
2,14,50,S++,S++_6,S++_49,9.7
2,14,50,S++,S++_6,S++_7,9.7
2,14,50,S++,S++_6,S++_11,9.7
2,14,50,S++,S++_6,S++_41,9.4
2,14,50,S++,S++_6,S++_10,9.7
2,14,50,S++,S++_6,S++_24,9.7
2,14,50,S++,S++_6,S++_17,10
2,14,50,S++,S++_6,S++_19,10
2,14,50,S++,S++_7,S++_21,9.4
2,14,50,S++,S++_7,S++_35,9.4
2,14,50,S++,S++_7,S++_40,9.4
2,14,50,S++,S++_7,S++_44,9.4
2,14,50,S++,S++_7,S++_10,9.7
2,14,50,S++,S++_7,S++_26,9.7
2,14,50,S++,S++_7,S++_29,9.7
2,14,50,S++,S++_7,S++_36,9.7
2,14,50,S++,S++_7,S++_43,9.7
2,14,50,S++,S++_7,S++_45,9.7
2,14,50,S++,S++_7,S++_24,9.7
2,14,50,S++,S++_7,S++_28,10
2,14,50,S++,S++_7,S++_49,10
2,14,50,S++,S++_7,S++_20,9.7
2,14,50,S++,S++_7,S++_25,9.7
2,14,50,S++,S++_7,S++_32,9.7
2,14,50,S++,S++_7,S++_41,9.7
2,14,50,S++,S++_7,S++_8,9.4
2,14,50,S++,S++_7,S++_30,9.4
2,14,50,S++,S++_7,S++_31,9.4
2,14,50,S++,S++_7,S++_18,9.4
2,14,50,S++,S++_7,S++_50,9.7
2,14,50,S++,S++_7,S++_19,9.7
2,14,50,S++,S++_7,S++_37,9.7
2,14,50,S++,S++_7,S++_38,9.4
2,14,50,S++,S++_7,S++_47,9.4
2,14,50,S++,S++_8,S++_9,9.4
2,14,50,S++,S++_8,S++_29,9.4
2,14,50,S++,S++_8,S++_35,9.4
2,14,50,S++,S++_8,S++_42,9.4
2,14,50,S++,S++_8,S++_33,9.4
2,14,50,S++,S++_8,S++_37,9.4
2,14,50,S++,S++_8,S++_50,9.4
2,14,50,S++,S++_8,S++_31,9.7
2,14,50,S++,S++_8,S++_32,9.7
2,14,50,S++,S++_8,S++_34,9.4
2,14,50,S++,S++_8,S++_16,9.7
2,14,50,S++,S++_8,S++_13,10
2,14,50,S++,S++_8,S++_24,10
2,14,50,S++,S++_8,S++_10,9.7
2,14,50,S++,S++_8,S++_18,9.7
2,14,50,S++,S++_8,S++_23,9.7
2,14,50,S++,S++_8,S++_39,9.7
2,14,50,S++,S++_8,S++_17,9.4
2,14,50,S++,S++_8,S++_20,9.4
2,14,50,S++,S++_8,S++_22,9.4
2,14,50,S++,S++_8,S++_40,9.7
2,14,50,S++,S++_8,S++_14,10
2,14,50,S++,S++_8,S++_21,10
2,14,50,S++,S++_8,S++_45,10
2,14,50,S++,S++_8,S++_44,10
2,14,50,S++,S++_9,S++_25,9.7
2,14,50,S++,S++_9,S++_37,10
2,14,50,S++,S++_9,S++_33,10
2,14,50,S++,S++_9,S++_19,10.3
2,14,50,S++,S++_9,S++_44,10.3
2,14,50,S++,S++_9,S++_15,10.3
2,14,50,S++,S++_9,S++_39,10.3
2,14,50,S++,S++_9,S++_49,10.9
2,14,50,S++,S++_9,S++_40,10.6
2,14,50,S++,S++_9,S++_10,9.7
2,14,50,S++,S++_9,S++_24,9.7
2,14,50,S++,S++_9,S++_17,9.7
2,14,50,S++,S++_10,S++_25,9.7
2,14,50,S++,S++_10,S++_41,10
2,14,50,S++,S++_10,S++_48,10
2,14,50,S++,S++_10,S++_20,10
2,14,50,S++,S++_10,S++_27,10
2,14,50,S++,S++_10,S++_21,10.3
2,14,50,S++,S++_10,S++_13,9.7
2,14,50,S++,S++_10,S++_19,9.7
2,14,50,S++,S++_10,S++_43,9.7
2,14,50,S++,S++_10,S++_50,9.7
2,14,50,S++,S++_10,S++_24,9.7
2,14,50,S++,S++_10,S++_32,9.7
2,14,50,S++,S++_10,S++_44,9.7
2,14,50,S++,S++_10,S++_11,9.7
2,14,50,S++,S++_10,S++_33,9.7
2,14,50,S++,S++_10,S++_34,9.7
2,14,50,S++,S++_10,S++_17,9.7
2,14,50,S++,S++_10,S++_26,10
2,14,50,S++,S++_10,S++_38,10
2,14,50,S++,S++_10,S++_47,10
2,14,50,S++,S++_10,S++_22,9.7
2,14,50,S++,S++_10,S++_29,9.7
2,14,50,S++,S++_10,S++_42,9.7
2,14,50,S++,S++_10,S++_49,9.7
2,14,50,S++,S++_10,S++_14,9.7
2,14,50,S++,S++_10,S++_18,9.7
2,14,50,S++,S++_10,S++_31,10
2,14,50,S++,S++_10,S++_16,10
2,14,50,S++,S++_11,S++_12,9.7
2,14,50,S++,S++_11,S++_44,9.7
2,14,50,S++,S++_11,S++_21,9.7
2,14,50,S++,S++_11,S++_23,9.7
2,14,50,S++,S++_11,S++_38,9.7
2,14,50,S++,S++_11,S++_34,10
2,14,50,S++,S++_11,S++_14,10
2,14,50,S++,S++_11,S++_39,10
2,14,50,S++,S++_11,S++_43,10
2,14,50,S++,S++_11,S++_13,10.3
2,14,50,S++,S++_11,S++_16,10.3
2,14,50,S++,S++_11,S++_49,10.3
2,14,50,S++,S++_11,S++_17,10
2,14,50,S++,S++_11,S++_25,10
2,14,50,S++,S++_11,S++_26,10
2,14,50,S++,S++_11,S++_29,10
2,14,50,S++,S++_11,S++_30,10.3
2,14,50,S++,S++_11,S++_32,10.3
2,14,50,S++,S++_11,S++_33,10.3
2,14,50,S++,S++_11,S++_20,10
2,14,50,S++,S++_11,S++_28,10
2,14,50,S++,S++_11,S++_22,10
2,14,50,S++,S++_11,S++_24,10
2,14,50,S++,S++_11,S++_36,10
2,14,50,S++,S++_11,S++_27,10.3
2,14,50,S++,S++_11,S++_40,10.3
2,14,50,S++,S++_11,S++_41,10.3
2,14,50,S++,S++_11,S++_46,10.3
2,14,50,S++,S++_11,S++_18,10
2,14,50,S++,S++_11,S++_45,10
2,14,50,S++,S++_11,S++_48,10
2,14,50,S++,S++_11,S++_42,10
2,14,50,S++,S++_11,S++_50,10
2,14,50,S++,S++_11,S++_47,9.7
2,14,50,S++,S++_11,S++_31,10
2,14,50,S++,S++_12,S++_33,9.7
2,14,50,S++,S++_12,S++_46,9.7
2,14,50,S++,S++_12,S++_23,9.7
2,14,50,S++,S++_12,S++_25,9.7
2,14,50,S++,S++_12,S++_38,10
2,14,50,S++,S++_12,S++_50,10
2,14,50,S++,S++_12,S++_16,9.7
2,14,50,S++,S++_12,S++_32,9.7
2,14,50,S++,S++_12,S++_39,9.7
2,14,50,S++,S++_12,S++_45,9.7
2,14,50,S++,S++_12,S++_20,9.7
2,14,50,S++,S++_12,S++_24,9.7
2,14,50,S++,S++_12,S++_41,9.7
2,14,50,S++,S++_12,S++_48,9.4
2,14,50,S++,S++_12,S++_17,9.4
2,14,50,S++,S++_12,S++_30,9.4
2,14,50,S++,S++_13,S++_14,9.4
2,14,50,S++,S++_13,S++_26,9.7
2,14,50,S++,S++_13,S++_29,9.7
2,14,50,S++,S++_13,S++_40,9.7
2,14,50,S++,S++_13,S++_41,9.7
2,14,50,S++,S++_13,S++_28,9.4
2,14,50,S++,S++_13,S++_43,9.4
2,14,50,S++,S++_13,S++_17,9.7
2,14,50,S++,S++_13,S++_23,9.7
2,14,50,S++,S++_13,S++_25,9.7
2,14,50,S++,S++_13,S++_38,9.4
2,14,50,S++,S++_13,S++_46,9.4
2,14,50,S++,S++_13,S++_33,9.7
2,14,50,S++,S++_13,S++_39,9.7
2,14,50,S++,S++_13,S++_45,9.7
2,14,50,S++,S++_13,S++_21,9.7
2,14,50,S++,S++_13,S++_37,9.7
2,14,50,S++,S++_13,S++_22,10
2,14,50,S++,S++_13,S++_49,10
2,14,50,S++,S++_13,S++_35,10
2,14,50,S++,S++_13,S++_16,9.7
2,14,50,S++,S++_13,S++_20,9.7
2,14,50,S++,S++_13,S++_31,9.7
2,14,50,S++,S++_13,S++_18,9.7
2,14,50,S++,S++_13,S++_19,9.7
2,14,50,S++,S++_13,S++_27,9.7
2,14,50,S++,S++_13,S++_32,9.7
2,14,50,S++,S++_13,S++_34,9.7
2,14,50,S++,S++_13,S++_42,9.7
2,14,50,S++,S++_13,S++_24,9.4
2,14,50,S++,S++_13,S++_36,9.4
2,14,50,S++,S++_13,S++_47,9.4
2,14,50,S++,S++_13,S++_50,9.4
2,14,50,S++,S++_13,S++_30,9.7
2,14,50,S++,S++_14,S++_27,9.4
2,14,50,S++,S++_14,S++_39,9.4
2,14,50,S++,S++_14,S++_37,9.4
2,14,50,S++,S++_14,S++_44,9.4
2,14,50,S++,S++_14,S++_19,9.7
2,14,50,S++,S++_14,S++_41,9.7
2,14,50,S++,S++_14,S++_15,10
2,14,50,S++,S++_14,S++_17,10
2,14,50,S++,S++_14,S++_20,10
2,14,50,S++,S++_14,S++_46,9.7
2,14,50,S++,S++_14,S++_22,9.7
2,14,50,S++,S++_14,S++_25,9.7
2,14,50,S++,S++_14,S++_34,9.7
2,14,50,S++,S++_14,S++_47,9.7
2,14,50,S++,S++_14,S++_18,9.4
2,14,50,S++,S++_14,S++_24,9.4
2,14,50,S++,S++_14,S++_31,9.4
2,14,50,S++,S++_14,S++_50,9.4
2,14,50,S++,S++_14,S++_23,9.4
2,14,50,S++,S++_14,S++_42,9.4
2,14,50,S++,S++_14,S++_48,9.7
2,14,50,S++,S++_15,S++_20,9.4
2,14,50,S++,S++_15,S++_23,9.4
2,14,50,S++,S++_15,S++_36,9.4
2,14,50,S++,S++_15,S++_34,9.7
2,14,50,S++,S++_15,S++_27,10
2,14,50,S++,S++_15,S++_31,10
2,14,50,S++,S++_15,S++_39,10
2,14,50,S++,S++_15,S++_28,10
2,14,50,S++,S++_15,S++_29,10
2,14,50,S++,S++_15,S++_37,10
2,14,50,S++,S++_15,S++_19,9.7
2,14,50,S++,S++_15,S++_17,9.4
2,14,50,S++,S++_15,S++_18,9.4
2,14,50,S++,S++_15,S++_26,9.4
2,14,50,S++,S++_15,S++_35,9.4
2,14,50,S++,S++_15,S++_47,9.4
2,14,50,S++,S++_15,S++_48,9.4
2,14,50,S++,S++_15,S++_50,9.4
2,14,50,S++,S++_15,S++_44,9.7
2,14,50,S++,S++_15,S++_45,9.4
2,14,50,S++,S++_16,S++_18,9.4
2,14,50,S++,S++_16,S++_45,9.4
2,14,50,S++,S++_16,S++_27,9.4
2,14,50,S++,S++_16,S++_25,9.7
2,14,50,S++,S++_16,S++_36,9.7
2,14,50,S++,S++_16,S++_23,10
2,14,50,S++,S++_16,S++_29,10
2,14,50,S++,S++_16,S++_32,10
2,14,50,S++,S++_16,S++_33,10
2,14,50,S++,S++_16,S++_48,10
2,14,50,S++,S++_16,S++_50,10
2,14,50,S++,S++_16,S++_20,9.7
2,14,50,S++,S++_16,S++_22,9.7
2,14,50,S++,S++_16,S++_42,9.7
2,14,50,S++,S++_16,S++_44,9.7
2,14,50,S++,S++_16,S++_46,9.7
2,14,50,S++,S++_16,S++_49,9.7
2,14,50,S++,S++_16,S++_19,9.7
2,14,50,S++,S++_16,S++_37,9.7
2,14,50,S++,S++_16,S++_40,9.7
2,14,50,S++,S++_16,S++_41,9.7
2,14,50,S++,S++_16,S++_17,9.4
2,14,50,S++,S++_16,S++_24,9.4
2,14,50,S++,S++_16,S++_31,9.4
2,14,50,S++,S++_16,S++_43,9.4
2,14,50,S++,S++_16,S++_35,9.4
2,14,50,S++,S++_16,S++_30,9.4
2,14,50,S++,S++_17,S++_27,9.4
2,14,50,S++,S++_17,S++_22,9.4
2,14,50,S++,S++_17,S++_31,9.7
2,14,50,S++,S++_17,S++_33,9.7
2,14,50,S++,S++_17,S++_41,9.7
2,14,50,S++,S++_17,S++_42,9.7
2,14,50,S++,S++_17,S++_43,9.7
2,14,50,S++,S++_17,S++_46,9.7
2,14,50,S++,S++_17,S++_30,9.7
2,14,50,S++,S++_17,S++_47,9.7
2,14,50,S++,S++_18,S++_29,9.4
2,14,50,S++,S++_18,S++_31,9.4
2,14,50,S++,S++_18,S++_25,9.4
2,14,50,S++,S++_18,S++_48,9.4
2,14,50,S++,S++_18,S++_43,9.4
2,14,50,S++,S++_18,S++_28,9.4
2,14,50,S++,S++_18,S++_38,9.4
2,14,50,S++,S++_18,S++_41,9.4
2,14,50,S++,S++_18,S++_45,9.4
2,14,50,S++,S++_18,S++_47,9.4
2,14,50,S++,S++_18,S++_19,9.7
2,14,50,S++,S++_18,S++_22,9.7
2,14,50,S++,S++_18,S++_26,9.7
2,14,50,S++,S++_18,S++_20,9.4
2,14,50,S++,S++_19,S++_24,9.4
2,14,50,S++,S++_19,S++_34,9.4
2,14,50,S++,S++_19,S++_43,9.4
2,14,50,S++,S++_19,S++_50,9.4
2,14,50,S++,S++_19,S++_23,9.7
2,14,50,S++,S++_19,S++_46,9.7
2,14,50,S++,S++_19,S++_21,9.4
2,14,50,S++,S++_19,S++_27,9.4
2,14,50,S++,S++_19,S++_38,9.4
2,14,50,S++,S++_19,S++_22,9.4
2,14,50,S++,S++_19,S++_48,9.4
2,14,50,S++,S++_19,S++_32,9.4
2,14,50,S++,S++_19,S++_31,9.4
2,14,50,S++,S++_19,S++_49,9.7
2,14,50,S++,S++_20,S++_22,9.4
2,14,50,S++,S++_20,S++_41,9.4
2,14,50,S++,S++_20,S++_30,9.4
2,14,50,S++,S++_20,S++_42,9.7
2,14,50,S++,S++_20,S++_44,9.7
2,14,50,S++,S++_20,S++_28,9.7
2,14,50,S++,S++_20,S++_49,9.4
2,14,50,S++,S++_20,S++_31,9.4
2,14,50,S++,S++_20,S++_38,9.4
2,14,50,S++,S++_20,S++_39,9.4
2,14,50,S++,S++_20,S++_40,9.4
2,14,50,S++,S++_20,S++_43,9.4
2,14,50,S++,S++_20,S++_23,9.4
2,14,50,S++,S++_20,S++_32,9.4
2,14,50,S++,S++_20,S++_34,10
2,14,50,S++,S++_20,S++_37,9.7
2,14,50,S++,S++_20,S++_26,9.7
2,14,50,S++,S++_20,S++_29,10.3
2,14,50,S++,S++_20,S++_33,10.3
2,14,50,S++,S++_20,S++_50,10.3
2,14,50,S++,S++_20,S++_21,10
2,14,50,S++,S++_20,S++_35,10
2,14,50,S++,S++_21,S++_27,10.3
2,14,50,S++,S++_21,S++_42,10.3
2,14,50,S++,S++_21,S++_46,10.3
2,14,50,S++,S++_21,S++_23,10.3
2,14,50,S++,S++_21,S++_40,10.3
2,14,50,S++,S++_21,S++_28,10.3
2,14,50,S++,S++_21,S++_32,10.3
2,14,50,S++,S++_21,S++_36,10.3
2,14,50,S++,S++_21,S++_39,10.3
2,14,50,S++,S++_21,S++_49,10.3
2,14,50,S++,S++_21,S++_34,10.6
2,14,50,S++,S++_21,S++_48,10.6
2,14,50,S++,S++_21,S++_25,10.9
2,14,50,S++,S++_21,S++_22,10.3
2,14,50,S++,S++_21,S++_26,9.7
2,14,50,S++,S++_21,S++_45,9.7
2,14,50,S++,S++_21,S++_50,10
2,14,50,S++,S++_21,S++_37,10.3
2,14,50,S++,S++_21,S++_43,10.3
2,14,50,S++,S++_21,S++_24,10.3
2,14,50,S++,S++_21,S++_29,10.3
2,14,50,S++,S++_21,S++_31,10.3
2,14,50,S++,S++_21,S++_35,10
2,14,50,S++,S++_21,S++_30,9.7
2,14,50,S++,S++_21,S++_33,9.7
2,14,50,S++,S++_21,S++_47,9.7
2,14,50,S++,S++_22,S++_42,9.7
2,14,50,S++,S++_22,S++_38,9.7
2,14,50,S++,S++_22,S++_50,9.7
2,14,50,S++,S++_23,S++_34,10
2,14,50,S++,S++_23,S++_24,10
2,14,50,S++,S++_23,S++_38,10
2,14,50,S++,S++_23,S++_29,9.7
2,14,50,S++,S++_23,S++_47,9.7
2,14,50,S++,S++_23,S++_40,9.7
2,14,50,S++,S++_23,S++_39,10
2,14,50,S++,S++_23,S++_42,10
2,14,50,S++,S++_23,S++_45,10
2,14,50,S++,S++_23,S++_36,10
2,14,50,S++,S++_23,S++_50,10
2,14,50,S++,S++_23,S++_25,10.3
2,14,50,S++,S++_23,S++_28,10.3
2,14,50,S++,S++_23,S++_32,10.3
2,14,50,S++,S++_23,S++_37,10.3
2,14,50,S++,S++_23,S++_41,10.3
2,14,50,S++,S++_23,S++_43,10.3
2,14,50,S++,S++_23,S++_44,10
2,14,50,S++,S++_23,S++_30,10
2,14,50,S++,S++_24,S++_44,9.7
2,14,50,S++,S++_24,S++_46,9.7
2,14,50,S++,S++_24,S++_36,9.7
2,14,50,S++,S++_24,S++_45,9.7
2,14,50,S++,S++_24,S++_48,9.7
2,14,50,S++,S++_24,S++_25,9.7
2,14,50,S++,S++_24,S++_49,9.7
2,14,50,S++,S++_24,S++_34,10.3
2,14,50,S++,S++_24,S++_39,9.7
2,14,50,S++,S++_24,S++_41,9.7
2,14,50,S++,S++_24,S++_30,9.7
2,14,50,S++,S++_24,S++_47,9.7
2,14,50,S++,S++_24,S++_50,9.7
2,14,50,S++,S++_24,S++_35,10
2,14,50,S++,S++_24,S++_40,10
2,14,50,S++,S++_24,S++_37,10
2,14,50,S++,S++_25,S++_37,9.7
2,14,50,S++,S++_25,S++_45,9.7
2,14,50,S++,S++_25,S++_26,10.3
2,14,50,S++,S++_25,S++_27,10.3
2,14,50,S++,S++_25,S++_29,9.4
2,14,50,S++,S++_25,S++_40,9.4
2,14,50,S++,S++_25,S++_42,9.4
2,14,50,S++,S++_25,S++_38,9.4
2,14,50,S++,S++_25,S++_32,9.7
2,14,50,S++,S++_25,S++_35,9.7
2,14,50,S++,S++_25,S++_47,9.7
2,14,50,S++,S++_25,S++_48,9.7
2,14,50,S++,S++_25,S++_49,9.7
2,14,50,S++,S++_25,S++_50,10
2,14,50,S++,S++_26,S++_29,9.4
2,14,50,S++,S++_26,S++_44,9.4
2,14,50,S++,S++_26,S++_28,9.7
2,14,50,S++,S++_26,S++_40,9.7
2,14,50,S++,S++_26,S++_34,10
2,14,50,S++,S++_26,S++_43,9.7
2,14,50,S++,S++_26,S++_48,9.7
2,14,50,S++,S++_26,S++_37,9.7
2,14,50,S++,S++_26,S++_38,9.7
2,14,50,S++,S++_26,S++_36,10
2,14,50,S++,S++_26,S++_50,10
2,14,50,S++,S++_26,S++_31,10
2,14,50,S++,S++_26,S++_45,10
2,14,50,S++,S++_26,S++_46,10
2,14,50,S++,S++_26,S++_32,10
2,14,50,S++,S++_26,S++_41,10
2,14,50,S++,S++_27,S++_28,9.7
2,14,50,S++,S++_27,S++_39,9.7
2,14,50,S++,S++_27,S++_30,10
2,14,50,S++,S++_27,S++_33,10
2,14,50,S++,S++_27,S++_40,9.7
2,14,50,S++,S++_27,S++_41,9.7
2,14,50,S++,S++_27,S++_43,10
2,14,50,S++,S++_27,S++_45,10
2,14,50,S++,S++_27,S++_49,10
2,14,50,S++,S++_27,S++_38,10
2,14,50,S++,S++_27,S++_46,9.7
2,14,50,S++,S++_27,S++_36,9.7
2,14,50,S++,S++_27,S++_48,9.7
2,14,50,S++,S++_27,S++_50,9.7
2,14,50,S++,S++_27,S++_47,10
2,14,50,S++,S++_28,S++_32,9.4
2,14,50,S++,S++_28,S++_34,9.4
2,14,50,S++,S++_28,S++_36,9.4
2,14,50,S++,S++_28,S++_35,9.7
2,14,50,S++,S++_28,S++_46,9.7
2,14,50,S++,S++_28,S++_38,9.7
2,14,50,S++,S++_28,S++_41,10.3
2,14,50,S++,S++_28,S++_43,10.3
2,14,50,S++,S++_28,S++_37,10
2,14,50,S++,S++_28,S++_48,10
2,14,50,S++,S++_28,S++_31,9.7
2,14,50,S++,S++_28,S++_47,9.7
2,14,50,S++,S++_28,S++_30,10.3
2,14,50,S++,S++_28,S++_40,10.3
2,14,50,S++,S++_28,S++_50,10.3
2,14,50,S++,S++_29,S++_38,10.6
2,14,50,S++,S++_29,S++_46,11.2
2,14,50,S++,S++_29,S++_37,10.9
2,14,50,S++,S++_29,S++_41,10.9
2,14,50,S++,S++_29,S++_33,10.9
2,14,50,S++,S++_29,S++_34,10.9
2,14,50,S++,S++_29,S++_44,10.9
2,14,50,S++,S++_29,S++_30,10.6
2,14,50,S++,S++_29,S++_50,10.6
2,14,50,S++,S++_29,S++_31,10.3
2,14,50,S++,S++_29,S++_36,10.3
2,14,50,S++,S++_29,S++_47,10.3
2,14,50,S++,S++_29,S++_42,10
2,14,50,S++,S++_30,S++_43,10.6
2,14,50,S++,S++_30,S++_49,10.9
2,14,50,S++,S++_30,S++_34,10.9
2,14,50,S++,S++_30,S++_32,11.2
2,14,50,S++,S++_30,S++_42,11.2
2,14,50,S++,S++_30,S++_31,10.9
2,14,50,S++,S++_30,S++_35,10.9
2,14,50,S++,S++_30,S++_37,10.9
2,14,50,S++,S++_30,S++_39,10.9
2,14,50,S++,S++_30,S++_44,10.9
2,14,50,S++,S++_30,S++_47,10.9
2,14,50,S++,S++_30,S++_33,10.6
2,14,50,S++,S++_30,S++_40,10.3
2,14,50,S++,S++_30,S++_50,10.3
2,14,50,S++,S++_31,S++_36,10.6
2,14,50,S++,S++_31,S++_33,10.6
2,14,50,S++,S++_31,S++_47,10.9
2,14,50,S++,S++_31,S++_35,10.9
2,14,50,S++,S++_31,S++_39,10.9
2,14,50,S++,S++_31,S++_48,11.2
2,14,50,S++,S++_31,S++_49,10.6
2,14,50,S++,S++_31,S++_43,10.6
2,14,50,S++,S++_31,S++_45,10.6
2,14,50,S++,S++_31,S++_46,10.6
2,14,50,S++,S++_31,S++_40,10.3
2,14,50,S++,S++_31,S++_38,10
2,14,50,S++,S++_31,S++_41,9.7
2,14,50,S++,S++_31,S++_44,10
2,14,50,S++,S++_32,S++_47,10.6
2,14,50,S++,S++_32,S++_37,10.9
2,14,50,S++,S++_32,S++_39,10.9
2,14,50,S++,S++_32,S++_42,10.9
2,14,50,S++,S++_32,S++_33,10.6
2,14,50,S++,S++_32,S++_45,10.6
2,14,50,S++,S++_32,S++_46,10.6
2,14,50,S++,S++_32,S++_34,10.3
2,14,50,S++,S++_32,S++_36,10.3
2,14,50,S++,S++_32,S++_41,10.3
2,14,50,S++,S++_32,S++_44,10.3
2,14,50,S++,S++_32,S++_35,10.3
2,14,50,S++,S++_32,S++_48,10.3
2,14,50,S++,S++_32,S++_50,9.7
2,14,50,S++,S++_33,S++_45,10.3
2,14,50,S++,S++_33,S++_46,10.6
2,14,50,S++,S++_33,S++_37,10
2,14,50,S++,S++_33,S++_38,10
2,14,50,S++,S++_33,S++_44,9.7
2,14,50,S++,S++_33,S++_48,9.7
2,14,50,S++,S++_33,S++_49,9.7
2,14,50,S++,S++_33,S++_40,9.4
2,14,50,S++,S++_34,S++_38,10
2,14,50,S++,S++_34,S++_40,10
2,14,50,S++,S++_34,S++_43,10
2,14,50,S++,S++_34,S++_37,10.3
2,14,50,S++,S++_34,S++_42,10.3
2,14,50,S++,S++_34,S++_44,10.3
2,14,50,S++,S++_34,S++_39,10
2,14,50,S++,S++_34,S++_47,10
2,14,50,S++,S++_34,S++_36,10
2,14,50,S++,S++_34,S++_45,9.7
2,14,50,S++,S++_34,S++_41,9.4
2,14,50,S++,S++_34,S++_48,9.4
2,14,50,S++,S++_35,S++_46,10.3
2,14,50,S++,S++_35,S++_49,10.3
2,14,50,S++,S++_35,S++_50,10.3
2,14,50,S++,S++_35,S++_44,10
2,14,50,S++,S++_35,S++_41,9.7
2,14,50,S++,S++_35,S++_48,9.7
2,14,50,S++,S++_35,S++_37,9.7
2,14,50,S++,S++_35,S++_42,9.7
2,14,50,S++,S++_35,S++_36,9.4
2,14,50,S++,S++_35,S++_38,9.4
2,14,50,S++,S++_35,S++_39,9.4
2,14,50,S++,S++_35,S++_40,9.4
2,14,50,S++,S++_35,S++_45,9.7
2,14,50,S++,S++_36,S++_47,10
2,14,50,S++,S++_36,S++_48,10
2,14,50,S++,S++_36,S++_40,10
2,14,50,S++,S++_36,S++_44,10
2,14,50,S++,S++_36,S++_45,10
2,14,50,S++,S++_36,S++_46,10.3
2,14,50,S++,S++_36,S++_39,10.6
2,14,50,S++,S++_36,S++_37,10.3
2,14,50,S++,S++_36,S++_42,10
2,14,50,S++,S++_36,S++_49,9.7
2,14,50,S++,S++_36,S++_43,9.7
2,14,50,S++,S++_37,S++_44,10
2,14,50,S++,S++_37,S++_45,10.9
2,14,50,S++,S++_37,S++_42,10.9
2,14,50,S++,S++_37,S++_41,10.6
2,14,50,S++,S++_37,S++_39,10.3
2,14,50,S++,S++_37,S++_48,10.3
2,14,50,S++,S++_37,S++_43,10
2,14,50,S++,S++_37,S++_38,9.7
2,14,50,S++,S++_37,S++_40,9.7
2,14,50,S++,S++_37,S++_47,9.7
2,14,50,S++,S++_37,S++_49,9.7
2,14,50,S++,S++_38,S++_45,10.3
2,14,50,S++,S++_38,S++_40,10.3
2,14,50,S++,S++_38,S++_42,10.3
2,14,50,S++,S++_38,S++_39,10.9
2,14,50,S++,S++_38,S++_44,10.9
2,14,50,S++,S++_38,S++_43,10.6
2,14,50,S++,S++_38,S++_41,10.3
2,14,50,S++,S++_38,S++_46,10
2,14,50,S++,S++_38,S++_49,10
2,14,50,S++,S++_38,S++_47,10
2,14,50,S++,S++_38,S++_48,9.7
2,14,50,S++,S++_38,S++_50,9.7
2,14,50,S++,S++_39,S++_41,10.3
2,14,50,S++,S++_39,S++_45,10.6
2,14,50,S++,S++_39,S++_49,10.9
2,14,50,S++,S++_39,S++_40,10.9
2,14,50,S++,S++_39,S++_46,10.9
2,14,50,S++,S++_39,S++_50,10.3
2,14,50,S++,S++_39,S++_47,10
2,14,50,S++,S++_39,S++_42,9.7
2,14,50,S++,S++_39,S++_48,9.4
2,14,50,S++,S++_40,S++_41,10.3
2,14,50,S++,S++_40,S++_46,10.9
2,14,50,S++,S++_40,S++_45,10.6
2,14,50,S++,S++_40,S++_43,10.3
2,14,50,S++,S++_40,S++_48,10.6
2,14,50,S++,S++_40,S++_44,10.3
2,14,50,S++,S++_40,S++_47,10.3
2,14,50,S++,S++_40,S++_50,10
2,14,50,S++,S++_40,S++_42,10
2,14,50,S++,S++_41,S++_44,10.9
2,14,50,S++,S++_41,S++_43,11.2
2,14,50,S++,S++_41,S++_45,10.9
2,14,50,S++,S++_41,S++_48,10.9
2,14,50,S++,S++_41,S++_49,10.9
2,14,50,S++,S++_41,S++_46,10.6
2,14,50,S++,S++_41,S++_47,10.3
2,14,50,S++,S++_41,S++_42,10
2,14,50,S++,S++_42,S++_50,10.9
2,14,50,S++,S++_42,S++_43,11.5
2,14,50,S++,S++_42,S++_48,11.5
2,14,50,S++,S++_42,S++_47,10.9
2,14,50,S++,S++_42,S++_44,10.6
2,14,50,S++,S++_42,S++_49,10.6
2,14,50,S++,S++_42,S++_45,10.3
2,14,50,S++,S++_43,S++_45,11.2
2,14,50,S++,S++_43,S++_46,11.5
2,14,50,S++,S++_43,S++_47,11.2
2,14,50,S++,S++_43,S++_50,10.9
2,14,50,S++,S++_43,S++_48,10.6
2,14,50,S++,S++_43,S++_49,10.3
2,14,50,S++,S++_43,S++_44,10.3
2,14,50,S++,S++_44,S++_45,10.9
2,14,50,S++,S++_44,S++_46,10.6
2,14,50,S++,S++_44,S++_49,10.6
2,14,50,S++,S++_44,S++_48,10.3
2,14,50,S++,S++_44,S++_50,10.3
2,14,50,S++,S++_44,S++_47,9.4
2,14,50,S++,S++_45,S++_46,10.9
2,14,50,S++,S++_45,S++_48,10.9
2,14,50,S++,S++_45,S++_49,10.9
2,14,50,S++,S++_45,S++_47,10
2,14,50,S++,S++_45,S++_50,10
2,14,50,S++,S++_46,S++_50,10.3
2,14,50,S++,S++_46,S++_48,10.6
2,14,50,S++,S++_46,S++_47,10.3
2,14,50,S++,S++_46,S++_49,10.3
2,14,50,S++,S++_47,S++_49,10.3
2,14,50,S++,S++_47,S++_50,10.6
2,14,50,S++,S++_47,S++_48,9.7
2,14,50,S++,S++_48,S++_49,10
2,14,50,S++,S++_48,S++_50,9.7
2,14,50,S++,S++_49,S++_50,9.7
2,15,50,S++,S++_1,S++_7,9.4
2,15,50,S++,S++_1,S++_10,9.4
2,15,50,S++,S++_1,S++_24,9.4
2,15,50,S++,S++_1,S++_15,9.4
2,15,50,S++,S++_1,S++_41,9.4
2,15,50,S++,S++_1,S++_45,9.4
2,15,50,S++,S++_1,S++_28,9.7
2,15,50,S++,S++_1,S++_37,9.7
2,15,50,S++,S++_1,S++_20,9.7
2,15,50,S++,S++_1,S++_50,10
2,15,50,S++,S++_1,S++_3,10
2,15,50,S++,S++_1,S++_17,10
2,15,50,S++,S++_1,S++_40,10
2,15,50,S++,S++_1,S++_44,10
2,15,50,S++,S++_1,S++_33,9.7
2,15,50,S++,S++_1,S++_34,9.7
2,15,50,S++,S++_1,S++_42,9.7
2,15,50,S++,S++_1,S++_30,9.7
2,15,50,S++,S++_1,S++_36,9.7
2,15,50,S++,S++_1,S++_2,9.4
2,15,50,S++,S++_1,S++_8,9.4
2,15,50,S++,S++_1,S++_25,9.4
2,15,50,S++,S++_1,S++_43,9.4
2,15,50,S++,S++_1,S++_48,9.4
2,15,50,S++,S++_1,S++_5,9.4
2,15,50,S++,S++_1,S++_4,9.4
2,15,50,S++,S++_1,S++_22,9.4
2,15,50,S++,S++_1,S++_23,9.4
2,15,50,S++,S++_1,S++_32,9.4
2,15,50,S++,S++_1,S++_39,9.4
2,15,50,S++,S++_1,S++_49,9.4
2,15,50,S++,S++_2,S++_10,9.4
2,15,50,S++,S++_2,S++_12,9.4
2,15,50,S++,S++_2,S++_46,9.4
2,15,50,S++,S++_2,S++_18,9.4
2,15,50,S++,S++_2,S++_19,9.4
2,15,50,S++,S++_2,S++_32,9.4
2,15,50,S++,S++_2,S++_36,9.4
2,15,50,S++,S++_2,S++_14,9.4
2,15,50,S++,S++_2,S++_38,9.4
2,15,50,S++,S++_2,S++_44,9.4
2,15,50,S++,S++_2,S++_33,9.4
2,15,50,S++,S++_3,S++_35,9.4
2,15,50,S++,S++_3,S++_49,9.4
2,15,50,S++,S++_3,S++_13,9.4
2,15,50,S++,S++_3,S++_22,9.4
2,15,50,S++,S++_3,S++_28,9.4
2,15,50,S++,S++_3,S++_33,9.4
2,15,50,S++,S++_3,S++_37,9.4
2,15,50,S++,S++_3,S++_43,9.4
2,15,50,S++,S++_3,S++_5,9.7
2,15,50,S++,S++_3,S++_9,9.7
2,15,50,S++,S++_3,S++_11,9.7
2,15,50,S++,S++_3,S++_19,9.7
2,15,50,S++,S++_3,S++_10,9.7
2,15,50,S++,S++_3,S++_16,9.7
2,15,50,S++,S++_3,S++_32,9.7
2,15,50,S++,S++_3,S++_34,9.7
2,15,50,S++,S++_3,S++_38,9.7
2,15,50,S++,S++_3,S++_21,10
2,15,50,S++,S++_3,S++_41,10
2,15,50,S++,S++_3,S++_7,10
2,15,50,S++,S++_3,S++_17,10
2,15,50,S++,S++_3,S++_24,10
2,15,50,S++,S++_4,S++_16,9.4
2,15,50,S++,S++_4,S++_8,9.4
2,15,50,S++,S++_4,S++_13,9.4
2,15,50,S++,S++_4,S++_37,9.7
2,15,50,S++,S++_5,S++_10,9.4
2,15,50,S++,S++_5,S++_15,9.4
2,15,50,S++,S++_5,S++_21,9.4
2,15,50,S++,S++_5,S++_26,9.4
2,15,50,S++,S++_5,S++_37,9.4
2,15,50,S++,S++_5,S++_47,9.4
2,15,50,S++,S++_6,S++_9,9.4
2,15,50,S++,S++_6,S++_22,9.4
2,15,50,S++,S++_6,S++_29,9.4
2,15,50,S++,S++_6,S++_31,9.4
2,15,50,S++,S++_6,S++_37,9.4
2,15,50,S++,S++_6,S++_12,9.4
2,15,50,S++,S++_6,S++_23,9.4
2,15,50,S++,S++_6,S++_13,9.7
2,15,50,S++,S++_6,S++_34,9.7
2,15,50,S++,S++_6,S++_43,9.7
2,15,50,S++,S++_6,S++_46,9.4
2,15,50,S++,S++_6,S++_49,9.4
2,15,50,S++,S++_6,S++_7,9.4
2,15,50,S++,S++_6,S++_11,9.4
2,15,50,S++,S++_6,S++_10,9.4
2,15,50,S++,S++_6,S++_24,9.4
2,15,50,S++,S++_6,S++_17,9.7
2,15,50,S++,S++_6,S++_19,9.7
2,15,50,S++,S++_6,S++_50,10
2,15,50,S++,S++_7,S++_10,9.4
2,15,50,S++,S++_7,S++_26,9.4
2,15,50,S++,S++_7,S++_29,9.4
2,15,50,S++,S++_7,S++_36,9.4
2,15,50,S++,S++_7,S++_43,9.4
2,15,50,S++,S++_7,S++_45,9.4
2,15,50,S++,S++_7,S++_24,9.4
2,15,50,S++,S++_7,S++_28,9.7
2,15,50,S++,S++_7,S++_49,9.7
2,15,50,S++,S++_7,S++_20,9.4
2,15,50,S++,S++_7,S++_25,9.4
2,15,50,S++,S++_7,S++_32,9.4
2,15,50,S++,S++_7,S++_41,9.4
2,15,50,S++,S++_7,S++_50,9.4
2,15,50,S++,S++_7,S++_19,9.4
2,15,50,S++,S++_7,S++_37,9.4
2,15,50,S++,S++_8,S++_31,9.4
2,15,50,S++,S++_8,S++_32,9.4
2,15,50,S++,S++_8,S++_16,9.4
2,15,50,S++,S++_8,S++_13,9.7
2,15,50,S++,S++_8,S++_24,9.7
2,15,50,S++,S++_8,S++_10,9.4
2,15,50,S++,S++_8,S++_18,9.4
2,15,50,S++,S++_8,S++_23,9.4
2,15,50,S++,S++_8,S++_39,9.4
2,15,50,S++,S++_8,S++_40,9.4
2,15,50,S++,S++_8,S++_14,9.7
2,15,50,S++,S++_8,S++_21,9.7
2,15,50,S++,S++_8,S++_45,9.7
2,15,50,S++,S++_8,S++_44,9.7
2,15,50,S++,S++_8,S++_11,10
2,15,50,S++,S++_9,S++_25,9.4
2,15,50,S++,S++_9,S++_37,9.7
2,15,50,S++,S++_9,S++_33,9.7
2,15,50,S++,S++_9,S++_19,10
2,15,50,S++,S++_9,S++_44,10
2,15,50,S++,S++_9,S++_15,10
2,15,50,S++,S++_9,S++_39,10
2,15,50,S++,S++_9,S++_49,10.6
2,15,50,S++,S++_9,S++_40,10.3
2,15,50,S++,S++_9,S++_10,9.4
2,15,50,S++,S++_9,S++_24,9.4
2,15,50,S++,S++_9,S++_17,9.4
2,15,50,S++,S++_10,S++_25,9.4
2,15,50,S++,S++_10,S++_41,9.7
2,15,50,S++,S++_10,S++_48,9.7
2,15,50,S++,S++_10,S++_20,9.7
2,15,50,S++,S++_10,S++_27,9.7
2,15,50,S++,S++_10,S++_21,10
2,15,50,S++,S++_10,S++_13,9.4
2,15,50,S++,S++_10,S++_19,9.4
2,15,50,S++,S++_10,S++_43,9.4
2,15,50,S++,S++_10,S++_50,9.4
2,15,50,S++,S++_10,S++_24,9.4
2,15,50,S++,S++_10,S++_32,9.4
2,15,50,S++,S++_10,S++_44,9.4
2,15,50,S++,S++_10,S++_11,9.4
2,15,50,S++,S++_10,S++_33,9.4
2,15,50,S++,S++_10,S++_34,9.4
2,15,50,S++,S++_10,S++_17,9.4
2,15,50,S++,S++_10,S++_26,9.7
2,15,50,S++,S++_10,S++_38,9.7
2,15,50,S++,S++_10,S++_47,9.7
2,15,50,S++,S++_10,S++_22,9.4
2,15,50,S++,S++_10,S++_29,9.4
2,15,50,S++,S++_10,S++_42,9.4
2,15,50,S++,S++_10,S++_49,9.4
2,15,50,S++,S++_10,S++_14,9.4
2,15,50,S++,S++_10,S++_18,9.4
2,15,50,S++,S++_10,S++_31,9.7
2,15,50,S++,S++_10,S++_16,9.7
2,15,50,S++,S++_11,S++_12,9.4
2,15,50,S++,S++_11,S++_44,9.4
2,15,50,S++,S++_11,S++_21,9.4
2,15,50,S++,S++_11,S++_23,9.4
2,15,50,S++,S++_11,S++_38,9.4
2,15,50,S++,S++_11,S++_34,9.7
2,15,50,S++,S++_11,S++_14,9.7
2,15,50,S++,S++_11,S++_39,9.7
2,15,50,S++,S++_11,S++_43,9.7
2,15,50,S++,S++_11,S++_13,10
2,15,50,S++,S++_11,S++_16,10
2,15,50,S++,S++_11,S++_49,10
2,15,50,S++,S++_11,S++_17,9.7
2,15,50,S++,S++_11,S++_25,9.7
2,15,50,S++,S++_11,S++_26,10.3
2,15,50,S++,S++_11,S++_29,10.3
2,15,50,S++,S++_11,S++_30,10.6
2,15,50,S++,S++_11,S++_32,10.6
2,15,50,S++,S++_11,S++_33,10.6
2,15,50,S++,S++_11,S++_20,10.3
2,15,50,S++,S++_11,S++_28,10.3
2,15,50,S++,S++_11,S++_22,10.3
2,15,50,S++,S++_11,S++_24,10.3
2,15,50,S++,S++_11,S++_36,10.3
2,15,50,S++,S++_11,S++_27,10.6
2,15,50,S++,S++_11,S++_40,10.6
2,15,50,S++,S++_11,S++_41,10.6
2,15,50,S++,S++_11,S++_46,10.6
2,15,50,S++,S++_11,S++_18,10.3
2,15,50,S++,S++_11,S++_45,10.3
2,15,50,S++,S++_11,S++_48,10.3
2,15,50,S++,S++_11,S++_42,10.3
2,15,50,S++,S++_11,S++_50,10.3
2,15,50,S++,S++_11,S++_47,10
2,15,50,S++,S++_11,S++_31,10.3
2,15,50,S++,S++_12,S++_33,10
2,15,50,S++,S++_12,S++_46,10
2,15,50,S++,S++_12,S++_23,10
2,15,50,S++,S++_12,S++_25,10
2,15,50,S++,S++_12,S++_38,10.3
2,15,50,S++,S++_12,S++_50,10.3
2,15,50,S++,S++_12,S++_16,10
2,15,50,S++,S++_12,S++_32,10
2,15,50,S++,S++_12,S++_39,10
2,15,50,S++,S++_12,S++_45,10
2,15,50,S++,S++_12,S++_20,10
2,15,50,S++,S++_12,S++_24,10
2,15,50,S++,S++_12,S++_41,10
2,15,50,S++,S++_12,S++_48,9.7
2,15,50,S++,S++_12,S++_17,9.7
2,15,50,S++,S++_12,S++_30,9.7
2,15,50,S++,S++_13,S++_14,9.7
2,15,50,S++,S++_13,S++_26,10
2,15,50,S++,S++_13,S++_29,10
2,15,50,S++,S++_13,S++_40,10
2,15,50,S++,S++_13,S++_41,10
2,15,50,S++,S++_13,S++_28,9.7
2,15,50,S++,S++_13,S++_43,9.7
2,15,50,S++,S++_13,S++_17,10
2,15,50,S++,S++_13,S++_23,10
2,15,50,S++,S++_13,S++_25,10
2,15,50,S++,S++_13,S++_38,9.7
2,15,50,S++,S++_13,S++_46,9.7
2,15,50,S++,S++_13,S++_33,10
2,15,50,S++,S++_13,S++_39,10
2,15,50,S++,S++_13,S++_45,10
2,15,50,S++,S++_13,S++_21,10
2,15,50,S++,S++_13,S++_37,10
2,15,50,S++,S++_13,S++_22,10.3
2,15,50,S++,S++_13,S++_49,10.3
2,15,50,S++,S++_13,S++_35,10.3
2,15,50,S++,S++_13,S++_16,10
2,15,50,S++,S++_13,S++_20,10
2,15,50,S++,S++_13,S++_31,10
2,15,50,S++,S++_13,S++_18,10
2,15,50,S++,S++_13,S++_19,10
2,15,50,S++,S++_13,S++_27,10
2,15,50,S++,S++_13,S++_32,10
2,15,50,S++,S++_13,S++_34,10
2,15,50,S++,S++_13,S++_42,10
2,15,50,S++,S++_13,S++_24,9.7
2,15,50,S++,S++_13,S++_36,9.7
2,15,50,S++,S++_13,S++_47,9.7
2,15,50,S++,S++_13,S++_50,9.7
2,15,50,S++,S++_13,S++_30,10
2,15,50,S++,S++_14,S++_27,9.7
2,15,50,S++,S++_14,S++_39,9.7
2,15,50,S++,S++_14,S++_37,9.7
2,15,50,S++,S++_14,S++_44,9.7
2,15,50,S++,S++_14,S++_19,10
2,15,50,S++,S++_14,S++_41,10
2,15,50,S++,S++_14,S++_15,10.3
2,15,50,S++,S++_14,S++_17,10.3
2,15,50,S++,S++_14,S++_20,10.3
2,15,50,S++,S++_14,S++_46,10
2,15,50,S++,S++_14,S++_22,10
2,15,50,S++,S++_14,S++_25,10
2,15,50,S++,S++_14,S++_34,10
2,15,50,S++,S++_14,S++_47,10
2,15,50,S++,S++_14,S++_18,9.7
2,15,50,S++,S++_14,S++_24,9.7
2,15,50,S++,S++_14,S++_31,9.7
2,15,50,S++,S++_14,S++_50,9.7
2,15,50,S++,S++_14,S++_23,9.7
2,15,50,S++,S++_14,S++_42,9.7
2,15,50,S++,S++_14,S++_48,10
2,15,50,S++,S++_15,S++_20,9.7
2,15,50,S++,S++_15,S++_23,9.7
2,15,50,S++,S++_15,S++_36,9.7
2,15,50,S++,S++_15,S++_34,10
2,15,50,S++,S++_15,S++_27,10.3
2,15,50,S++,S++_15,S++_31,10.3
2,15,50,S++,S++_15,S++_39,10.3
2,15,50,S++,S++_15,S++_28,10.3
2,15,50,S++,S++_15,S++_29,10.3
2,15,50,S++,S++_15,S++_37,10.3
2,15,50,S++,S++_15,S++_19,10
2,15,50,S++,S++_15,S++_17,9.7
2,15,50,S++,S++_15,S++_18,9.7
2,15,50,S++,S++_15,S++_26,9.7
2,15,50,S++,S++_15,S++_35,9.7
2,15,50,S++,S++_15,S++_47,9.7
2,15,50,S++,S++_15,S++_48,9.7
2,15,50,S++,S++_15,S++_50,9.7
2,15,50,S++,S++_15,S++_44,10
2,15,50,S++,S++_15,S++_45,9.7
2,15,50,S++,S++_16,S++_18,9.7
2,15,50,S++,S++_16,S++_45,9.7
2,15,50,S++,S++_16,S++_27,9.7
2,15,50,S++,S++_16,S++_25,10
2,15,50,S++,S++_16,S++_36,10
2,15,50,S++,S++_16,S++_23,10.3
2,15,50,S++,S++_16,S++_29,10.3
2,15,50,S++,S++_16,S++_32,10.3
2,15,50,S++,S++_16,S++_33,10.3
2,15,50,S++,S++_16,S++_48,10.3
2,15,50,S++,S++_16,S++_50,10.3
2,15,50,S++,S++_16,S++_20,10
2,15,50,S++,S++_16,S++_22,10
2,15,50,S++,S++_16,S++_42,10
2,15,50,S++,S++_16,S++_44,10
2,15,50,S++,S++_16,S++_46,10
2,15,50,S++,S++_16,S++_49,10
2,15,50,S++,S++_16,S++_19,10
2,15,50,S++,S++_16,S++_37,10
2,15,50,S++,S++_16,S++_40,10
2,15,50,S++,S++_16,S++_41,10
2,15,50,S++,S++_16,S++_17,9.7
2,15,50,S++,S++_16,S++_24,9.7
2,15,50,S++,S++_16,S++_31,9.7
2,15,50,S++,S++_16,S++_43,9.7
2,15,50,S++,S++_16,S++_35,9.7
2,15,50,S++,S++_16,S++_30,9.7
2,15,50,S++,S++_17,S++_27,9.7
2,15,50,S++,S++_17,S++_22,9.7
2,15,50,S++,S++_17,S++_31,10
2,15,50,S++,S++_17,S++_33,10
2,15,50,S++,S++_17,S++_41,10
2,15,50,S++,S++_17,S++_42,10
2,15,50,S++,S++_17,S++_43,10
2,15,50,S++,S++_17,S++_46,10
2,15,50,S++,S++_17,S++_30,10
2,15,50,S++,S++_17,S++_47,10
2,15,50,S++,S++_18,S++_29,9.7
2,15,50,S++,S++_18,S++_31,9.7
2,15,50,S++,S++_18,S++_25,9.7
2,15,50,S++,S++_18,S++_48,9.7
2,15,50,S++,S++_18,S++_43,9.7
2,15,50,S++,S++_18,S++_28,9.7
2,15,50,S++,S++_18,S++_38,9.7
2,15,50,S++,S++_18,S++_41,9.7
2,15,50,S++,S++_18,S++_45,9.7
2,15,50,S++,S++_18,S++_47,9.7
2,15,50,S++,S++_18,S++_19,10
2,15,50,S++,S++_18,S++_22,10
2,15,50,S++,S++_18,S++_26,10
2,15,50,S++,S++_18,S++_20,9.7
2,15,50,S++,S++_19,S++_24,9.7
2,15,50,S++,S++_19,S++_34,9.7
2,15,50,S++,S++_19,S++_43,9.7
2,15,50,S++,S++_19,S++_50,9.7
2,15,50,S++,S++_19,S++_23,10
2,15,50,S++,S++_19,S++_46,10
2,15,50,S++,S++_19,S++_21,9.7
2,15,50,S++,S++_19,S++_27,9.7
2,15,50,S++,S++_19,S++_38,9.7
2,15,50,S++,S++_19,S++_22,9.7
2,15,50,S++,S++_19,S++_48,9.7
2,15,50,S++,S++_19,S++_32,9.7
2,15,50,S++,S++_19,S++_31,9.7
2,15,50,S++,S++_19,S++_49,10
2,15,50,S++,S++_20,S++_22,9.7
2,15,50,S++,S++_20,S++_41,9.7
2,15,50,S++,S++_20,S++_30,9.7
2,15,50,S++,S++_20,S++_42,10
2,15,50,S++,S++_20,S++_44,10
2,15,50,S++,S++_20,S++_28,10
2,15,50,S++,S++_20,S++_49,9.7
2,15,50,S++,S++_20,S++_31,9.7
2,15,50,S++,S++_20,S++_38,9.7
2,15,50,S++,S++_20,S++_39,9.7
2,15,50,S++,S++_20,S++_40,9.7
2,15,50,S++,S++_20,S++_43,9.7
2,15,50,S++,S++_20,S++_23,9.7
2,15,50,S++,S++_20,S++_32,9.7
2,15,50,S++,S++_20,S++_34,10.3
2,15,50,S++,S++_20,S++_37,10
2,15,50,S++,S++_20,S++_26,10
2,15,50,S++,S++_20,S++_29,10.6
2,15,50,S++,S++_20,S++_33,10.6
2,15,50,S++,S++_20,S++_50,10.6
2,15,50,S++,S++_20,S++_21,10.3
2,15,50,S++,S++_20,S++_35,10.3
2,15,50,S++,S++_21,S++_27,10.6
2,15,50,S++,S++_21,S++_42,10.6
2,15,50,S++,S++_21,S++_46,10.6
2,15,50,S++,S++_21,S++_23,10.6
2,15,50,S++,S++_21,S++_40,10.6
2,15,50,S++,S++_21,S++_28,10.6
2,15,50,S++,S++_21,S++_32,10.6
2,15,50,S++,S++_21,S++_36,10.6
2,15,50,S++,S++_21,S++_39,10.6
2,15,50,S++,S++_21,S++_49,10.6
2,15,50,S++,S++_21,S++_34,10.9
2,15,50,S++,S++_21,S++_48,10.9
2,15,50,S++,S++_21,S++_25,11.2
2,15,50,S++,S++_21,S++_22,10.6
2,15,50,S++,S++_21,S++_26,10
2,15,50,S++,S++_21,S++_45,10
2,15,50,S++,S++_21,S++_50,10.3
2,15,50,S++,S++_21,S++_37,10.6
2,15,50,S++,S++_21,S++_43,10.6
2,15,50,S++,S++_21,S++_24,10.6
2,15,50,S++,S++_21,S++_29,10.6
2,15,50,S++,S++_21,S++_31,10.6
2,15,50,S++,S++_21,S++_35,10.3
2,15,50,S++,S++_21,S++_30,10
2,15,50,S++,S++_21,S++_33,10
2,15,50,S++,S++_21,S++_47,10
2,15,50,S++,S++_22,S++_42,10
2,15,50,S++,S++_22,S++_38,10
2,15,50,S++,S++_22,S++_50,10
2,15,50,S++,S++_23,S++_34,10.3
2,15,50,S++,S++_23,S++_24,10.3
2,15,50,S++,S++_23,S++_38,10.3
2,15,50,S++,S++_23,S++_29,10
2,15,50,S++,S++_23,S++_47,9.4
2,15,50,S++,S++_23,S++_40,9.4
2,15,50,S++,S++_23,S++_39,9.7
2,15,50,S++,S++_23,S++_42,9.7
2,15,50,S++,S++_23,S++_45,9.7
2,15,50,S++,S++_23,S++_36,9.7
2,15,50,S++,S++_23,S++_50,9.7
2,15,50,S++,S++_23,S++_25,10
2,15,50,S++,S++_23,S++_28,10
2,15,50,S++,S++_23,S++_32,10
2,15,50,S++,S++_23,S++_37,10
2,15,50,S++,S++_23,S++_41,10
2,15,50,S++,S++_23,S++_43,10
2,15,50,S++,S++_23,S++_44,9.7
2,15,50,S++,S++_23,S++_30,9.7
2,15,50,S++,S++_24,S++_44,9.4
2,15,50,S++,S++_24,S++_46,9.4
2,15,50,S++,S++_24,S++_36,9.4
2,15,50,S++,S++_24,S++_45,9.4
2,15,50,S++,S++_24,S++_48,9.4
2,15,50,S++,S++_24,S++_25,9.4
2,15,50,S++,S++_24,S++_49,9.4
2,15,50,S++,S++_24,S++_34,10
2,15,50,S++,S++_24,S++_39,9.4
2,15,50,S++,S++_24,S++_41,9.4
2,15,50,S++,S++_24,S++_30,9.4
2,15,50,S++,S++_24,S++_47,9.4
2,15,50,S++,S++_24,S++_50,9.4
2,15,50,S++,S++_24,S++_35,9.7
2,15,50,S++,S++_24,S++_40,9.7
2,15,50,S++,S++_24,S++_37,9.7
2,15,50,S++,S++_25,S++_37,9.4
2,15,50,S++,S++_25,S++_45,9.4
2,15,50,S++,S++_25,S++_26,10
2,15,50,S++,S++_25,S++_27,10
2,15,50,S++,S++_25,S++_32,9.4
2,15,50,S++,S++_25,S++_35,9.4
2,15,50,S++,S++_25,S++_47,9.4
2,15,50,S++,S++_25,S++_48,9.4
2,15,50,S++,S++_25,S++_49,9.4
2,15,50,S++,S++_25,S++_50,9.7
2,15,50,S++,S++_26,S++_28,9.4
2,15,50,S++,S++_26,S++_40,9.4
2,15,50,S++,S++_26,S++_34,9.7
2,15,50,S++,S++_26,S++_43,9.4
2,15,50,S++,S++_26,S++_48,9.4
2,15,50,S++,S++_26,S++_37,9.4
2,15,50,S++,S++_26,S++_38,9.4
2,15,50,S++,S++_26,S++_36,9.7
2,15,50,S++,S++_26,S++_50,9.7
2,15,50,S++,S++_26,S++_31,9.7
2,15,50,S++,S++_26,S++_45,9.7
2,15,50,S++,S++_26,S++_46,9.7
2,15,50,S++,S++_26,S++_32,9.7
2,15,50,S++,S++_26,S++_41,9.7
2,15,50,S++,S++_27,S++_28,9.4
2,15,50,S++,S++_27,S++_39,9.4
2,15,50,S++,S++_27,S++_30,9.7
2,15,50,S++,S++_27,S++_33,9.7
2,15,50,S++,S++_27,S++_40,9.4
2,15,50,S++,S++_27,S++_41,9.4
2,15,50,S++,S++_27,S++_43,9.7
2,15,50,S++,S++_27,S++_45,9.7
2,15,50,S++,S++_27,S++_49,9.7
2,15,50,S++,S++_27,S++_38,9.7
2,15,50,S++,S++_27,S++_46,9.4
2,15,50,S++,S++_27,S++_36,9.4
2,15,50,S++,S++_27,S++_48,9.4
2,15,50,S++,S++_27,S++_50,9.4
2,15,50,S++,S++_27,S++_47,10.3
2,15,50,S++,S++_28,S++_32,9.7
2,15,50,S++,S++_28,S++_34,9.7
2,15,50,S++,S++_28,S++_36,9.7
2,15,50,S++,S++_28,S++_35,10
2,15,50,S++,S++_28,S++_46,10
2,15,50,S++,S++_28,S++_38,10
2,15,50,S++,S++_28,S++_41,10.6
2,15,50,S++,S++_28,S++_43,10.6
2,15,50,S++,S++_28,S++_37,10.3
2,15,50,S++,S++_28,S++_48,10.3
2,15,50,S++,S++_28,S++_31,10
2,15,50,S++,S++_28,S++_47,10
2,15,50,S++,S++_28,S++_30,10.6
2,15,50,S++,S++_28,S++_40,10.6
2,15,50,S++,S++_28,S++_50,10.6
2,15,50,S++,S++_29,S++_38,10.9
2,15,50,S++,S++_29,S++_46,11.5
2,15,50,S++,S++_29,S++_37,11.2
2,15,50,S++,S++_29,S++_41,11.2
2,15,50,S++,S++_29,S++_33,11.2
2,15,50,S++,S++_29,S++_34,11.2
2,15,50,S++,S++_29,S++_44,11.2
2,15,50,S++,S++_29,S++_30,10.9
2,15,50,S++,S++_29,S++_50,10.9
2,15,50,S++,S++_29,S++_31,10.6
2,15,50,S++,S++_29,S++_36,10.6
2,15,50,S++,S++_29,S++_47,10.6
2,15,50,S++,S++_29,S++_42,10.3
2,15,50,S++,S++_30,S++_43,10.9
2,15,50,S++,S++_30,S++_49,11.2
2,15,50,S++,S++_30,S++_34,11.2
2,15,50,S++,S++_30,S++_32,11.5
2,15,50,S++,S++_30,S++_42,11.5
2,15,50,S++,S++_30,S++_31,11.2
2,15,50,S++,S++_30,S++_35,11.2
2,15,50,S++,S++_30,S++_37,11.2
2,15,50,S++,S++_30,S++_39,11.2
2,15,50,S++,S++_30,S++_44,11.2
2,15,50,S++,S++_30,S++_47,11.2
2,15,50,S++,S++_30,S++_33,10.9
2,15,50,S++,S++_30,S++_40,10.6
2,15,50,S++,S++_30,S++_50,10.6
2,15,50,S++,S++_31,S++_36,10.9
2,15,50,S++,S++_31,S++_33,10.9
2,15,50,S++,S++_31,S++_47,11.2
2,15,50,S++,S++_31,S++_35,11.2
2,15,50,S++,S++_31,S++_39,11.2
2,15,50,S++,S++_31,S++_48,11.5
2,15,50,S++,S++_31,S++_49,10.9
2,15,50,S++,S++_31,S++_43,10.9
2,15,50,S++,S++_31,S++_45,10.9
2,15,50,S++,S++_31,S++_46,10.9
2,15,50,S++,S++_31,S++_40,10.6
2,15,50,S++,S++_31,S++_38,10.3
2,15,50,S++,S++_31,S++_41,10
2,15,50,S++,S++_31,S++_44,10.3
2,15,50,S++,S++_32,S++_47,10.9
2,15,50,S++,S++_32,S++_37,11.2
2,15,50,S++,S++_32,S++_39,11.2
2,15,50,S++,S++_32,S++_42,11.2
2,15,50,S++,S++_32,S++_33,10.9
2,15,50,S++,S++_32,S++_45,10.9
2,15,50,S++,S++_32,S++_46,10.9
2,15,50,S++,S++_32,S++_34,10.6
2,15,50,S++,S++_32,S++_36,10.6
2,15,50,S++,S++_32,S++_41,10.6
2,15,50,S++,S++_32,S++_44,10.6
2,15,50,S++,S++_32,S++_35,10.6
2,15,50,S++,S++_32,S++_48,10.6
2,15,50,S++,S++_32,S++_50,10
2,15,50,S++,S++_33,S++_45,10.6
2,15,50,S++,S++_33,S++_46,10.9
2,15,50,S++,S++_33,S++_37,10.3
2,15,50,S++,S++_33,S++_38,10.3
2,15,50,S++,S++_33,S++_44,9.4
2,15,50,S++,S++_33,S++_48,9.4
2,15,50,S++,S++_33,S++_49,9.4
2,15,50,S++,S++_34,S++_38,9.7
2,15,50,S++,S++_34,S++_40,9.7
2,15,50,S++,S++_34,S++_43,9.7
2,15,50,S++,S++_34,S++_37,10
2,15,50,S++,S++_34,S++_42,10
2,15,50,S++,S++_34,S++_44,10
2,15,50,S++,S++_34,S++_39,9.7
2,15,50,S++,S++_34,S++_47,9.7
2,15,50,S++,S++_34,S++_36,9.7
2,15,50,S++,S++_34,S++_45,9.4
2,15,50,S++,S++_35,S++_46,10
2,15,50,S++,S++_35,S++_49,10
2,15,50,S++,S++_35,S++_50,10
2,15,50,S++,S++_35,S++_44,9.7
2,15,50,S++,S++_35,S++_41,9.4
2,15,50,S++,S++_35,S++_48,9.4
2,15,50,S++,S++_35,S++_37,9.4
2,15,50,S++,S++_35,S++_42,9.4
2,15,50,S++,S++_35,S++_45,9.4
2,15,50,S++,S++_36,S++_47,9.7
2,15,50,S++,S++_36,S++_48,9.7
2,15,50,S++,S++_36,S++_40,9.7
2,15,50,S++,S++_36,S++_44,9.7
2,15,50,S++,S++_36,S++_45,9.7
2,15,50,S++,S++_36,S++_46,10
2,15,50,S++,S++_36,S++_39,10.3
2,15,50,S++,S++_36,S++_37,10
2,15,50,S++,S++_36,S++_42,9.7
2,15,50,S++,S++_36,S++_49,9.4
2,15,50,S++,S++_36,S++_43,9.4
2,15,50,S++,S++_37,S++_44,9.7
2,15,50,S++,S++_37,S++_45,10.6
2,15,50,S++,S++_37,S++_42,10.6
2,15,50,S++,S++_37,S++_41,10.3
2,15,50,S++,S++_37,S++_39,10
2,15,50,S++,S++_37,S++_48,10
2,15,50,S++,S++_37,S++_43,9.7
2,15,50,S++,S++_37,S++_38,9.4
2,15,50,S++,S++_37,S++_40,9.4
2,15,50,S++,S++_37,S++_47,9.4
2,15,50,S++,S++_37,S++_49,9.4
2,15,50,S++,S++_38,S++_45,10
2,15,50,S++,S++_38,S++_40,10
2,15,50,S++,S++_38,S++_42,10
2,15,50,S++,S++_38,S++_39,10.6
2,15,50,S++,S++_38,S++_44,10.6
2,15,50,S++,S++_38,S++_43,10.3
2,15,50,S++,S++_38,S++_41,10
2,15,50,S++,S++_38,S++_46,9.7
2,15,50,S++,S++_38,S++_49,9.7
2,15,50,S++,S++_38,S++_47,9.7
2,15,50,S++,S++_38,S++_48,9.4
2,15,50,S++,S++_38,S++_50,9.4
2,15,50,S++,S++_39,S++_41,10
2,15,50,S++,S++_39,S++_45,10.3
2,15,50,S++,S++_39,S++_49,10.6
2,15,50,S++,S++_39,S++_40,10.6
2,15,50,S++,S++_39,S++_46,10.6
2,15,50,S++,S++_39,S++_50,10
2,15,50,S++,S++_39,S++_47,9.7
2,15,50,S++,S++_39,S++_42,9.4
2,15,50,S++,S++_40,S++_41,10
2,15,50,S++,S++_40,S++_46,10.6
2,15,50,S++,S++_40,S++_45,10.3
2,15,50,S++,S++_40,S++_43,10
2,15,50,S++,S++_40,S++_48,10.3
2,15,50,S++,S++_40,S++_44,10
2,15,50,S++,S++_40,S++_47,10
2,15,50,S++,S++_40,S++_50,9.7
2,15,50,S++,S++_40,S++_42,9.7
2,15,50,S++,S++_41,S++_44,10.6
2,15,50,S++,S++_41,S++_43,10.9
2,15,50,S++,S++_41,S++_45,10.6
2,15,50,S++,S++_41,S++_48,10.6
2,15,50,S++,S++_41,S++_49,10.6
2,15,50,S++,S++_41,S++_46,10.3
2,15,50,S++,S++_41,S++_47,10
2,15,50,S++,S++_41,S++_42,9.7
2,15,50,S++,S++_42,S++_50,10.6
2,15,50,S++,S++_42,S++_43,11.2
2,15,50,S++,S++_42,S++_48,11.2
2,15,50,S++,S++_42,S++_47,10.6
2,15,50,S++,S++_42,S++_44,10.3
2,15,50,S++,S++_42,S++_49,10.3
2,15,50,S++,S++_42,S++_45,10
2,15,50,S++,S++_43,S++_45,10.9
2,15,50,S++,S++_43,S++_46,11.2
2,15,50,S++,S++_43,S++_47,10.9
2,15,50,S++,S++_43,S++_50,10.6
2,15,50,S++,S++_43,S++_48,10.3
2,15,50,S++,S++_43,S++_49,10
2,15,50,S++,S++_43,S++_44,10
2,15,50,S++,S++_44,S++_45,10.6
2,15,50,S++,S++_44,S++_46,10.3
2,15,50,S++,S++_44,S++_49,10.3
2,15,50,S++,S++_44,S++_48,10
2,15,50,S++,S++_44,S++_50,10
2,15,50,S++,S++_45,S++_46,10.6
2,15,50,S++,S++_45,S++_48,10.6
2,15,50,S++,S++_45,S++_49,10.6
2,15,50,S++,S++_45,S++_47,9.7
2,15,50,S++,S++_45,S++_50,9.7
2,15,50,S++,S++_46,S++_50,10
2,15,50,S++,S++_46,S++_48,10.3
2,15,50,S++,S++_46,S++_47,10
2,15,50,S++,S++_46,S++_49,10
2,15,50,S++,S++_47,S++_49,10
2,15,50,S++,S++_47,S++_50,10.3
2,15,50,S++,S++_47,S++_48,9.4
2,15,50,S++,S++_48,S++_49,9.7
2,15,50,S++,S++_48,S++_50,9.4
2,15,50,S++,S++_49,S++_50,9.4
2,16,50,S++,S++_1,S++_28,9.4
2,16,50,S++,S++_1,S++_37,9.4
2,16,50,S++,S++_1,S++_20,9.4
2,16,50,S++,S++_1,S++_50,9.7
2,16,50,S++,S++_1,S++_3,9.7
2,16,50,S++,S++_1,S++_17,9.7
2,16,50,S++,S++_1,S++_40,9.7
2,16,50,S++,S++_1,S++_44,9.7
2,16,50,S++,S++_1,S++_33,9.4
2,16,50,S++,S++_1,S++_34,9.4
2,16,50,S++,S++_1,S++_42,9.4
2,16,50,S++,S++_1,S++_30,9.4
2,16,50,S++,S++_1,S++_36,9.4
2,16,50,S++,S++_3,S++_5,9.4
2,16,50,S++,S++_3,S++_9,9.4
2,16,50,S++,S++_3,S++_11,9.4
2,16,50,S++,S++_3,S++_19,9.4
2,16,50,S++,S++_3,S++_10,9.4
2,16,50,S++,S++_3,S++_16,9.4
2,16,50,S++,S++_3,S++_32,9.4
2,16,50,S++,S++_3,S++_34,9.4
2,16,50,S++,S++_3,S++_38,9.4
2,16,50,S++,S++_3,S++_21,9.7
2,16,50,S++,S++_3,S++_41,9.7
2,16,50,S++,S++_3,S++_7,9.7
2,16,50,S++,S++_3,S++_17,9.7
2,16,50,S++,S++_3,S++_24,9.7
2,16,50,S++,S++_3,S++_20,10
2,16,50,S++,S++_3,S++_42,10
2,16,50,S++,S++_4,S++_37,9.4
2,16,50,S++,S++_6,S++_13,9.4
2,16,50,S++,S++_6,S++_34,9.4
2,16,50,S++,S++_6,S++_43,9.4
2,16,50,S++,S++_6,S++_17,9.4
2,16,50,S++,S++_6,S++_19,9.4
2,16,50,S++,S++_6,S++_50,9.7
2,16,50,S++,S++_7,S++_28,9.4
2,16,50,S++,S++_7,S++_49,9.4
2,16,50,S++,S++_8,S++_13,9.4
2,16,50,S++,S++_8,S++_24,9.4
2,16,50,S++,S++_8,S++_14,9.4
2,16,50,S++,S++_8,S++_21,9.4
2,16,50,S++,S++_8,S++_45,9.4
2,16,50,S++,S++_8,S++_44,9.4
2,16,50,S++,S++_8,S++_11,9.7
2,16,50,S++,S++_9,S++_37,9.4
2,16,50,S++,S++_9,S++_33,9.4
2,16,50,S++,S++_9,S++_19,9.7
2,16,50,S++,S++_9,S++_44,9.7
2,16,50,S++,S++_9,S++_15,9.7
2,16,50,S++,S++_9,S++_39,9.7
2,16,50,S++,S++_9,S++_49,10.3
2,16,50,S++,S++_9,S++_40,10
2,16,50,S++,S++_10,S++_41,9.4
2,16,50,S++,S++_10,S++_48,9.4
2,16,50,S++,S++_10,S++_20,9.4
2,16,50,S++,S++_10,S++_27,9.4
2,16,50,S++,S++_10,S++_21,9.7
2,16,50,S++,S++_10,S++_26,9.4
2,16,50,S++,S++_10,S++_38,9.4
2,16,50,S++,S++_10,S++_47,9.4
2,16,50,S++,S++_10,S++_31,9.4
2,16,50,S++,S++_10,S++_16,9.4
2,16,50,S++,S++_11,S++_34,9.4
2,16,50,S++,S++_11,S++_14,9.4
2,16,50,S++,S++_11,S++_39,9.4
2,16,50,S++,S++_11,S++_43,9.4
2,16,50,S++,S++_11,S++_13,9.7
2,16,50,S++,S++_11,S++_16,9.7
2,16,50,S++,S++_11,S++_49,9.7
2,16,50,S++,S++_11,S++_17,9.4
2,16,50,S++,S++_11,S++_25,9.4
2,16,50,S++,S++_11,S++_26,10
2,16,50,S++,S++_11,S++_29,10
2,16,50,S++,S++_11,S++_30,10.3
2,16,50,S++,S++_11,S++_32,10.3
2,16,50,S++,S++_11,S++_33,10.3
2,16,50,S++,S++_11,S++_20,10
2,16,50,S++,S++_11,S++_28,10
2,16,50,S++,S++_11,S++_22,10
2,16,50,S++,S++_11,S++_24,10
2,16,50,S++,S++_11,S++_36,10
2,16,50,S++,S++_11,S++_27,10.3
2,16,50,S++,S++_11,S++_40,10.3
2,16,50,S++,S++_11,S++_41,10.3
2,16,50,S++,S++_11,S++_46,10.3
2,16,50,S++,S++_11,S++_18,10
2,16,50,S++,S++_11,S++_45,10
2,16,50,S++,S++_11,S++_48,10
2,16,50,S++,S++_11,S++_42,10
2,16,50,S++,S++_11,S++_50,10
2,16,50,S++,S++_11,S++_47,9.7
2,16,50,S++,S++_11,S++_31,10
2,16,50,S++,S++_12,S++_33,9.7
2,16,50,S++,S++_12,S++_46,9.7
2,16,50,S++,S++_12,S++_23,9.7
2,16,50,S++,S++_12,S++_25,9.7
2,16,50,S++,S++_12,S++_38,10
2,16,50,S++,S++_12,S++_50,10
2,16,50,S++,S++_12,S++_16,9.7
2,16,50,S++,S++_12,S++_32,9.7
2,16,50,S++,S++_12,S++_39,9.7
2,16,50,S++,S++_12,S++_45,9.7
2,16,50,S++,S++_12,S++_20,9.7
2,16,50,S++,S++_12,S++_24,9.7
2,16,50,S++,S++_12,S++_41,9.7
2,16,50,S++,S++_12,S++_48,9.4
2,16,50,S++,S++_12,S++_17,9.4
2,16,50,S++,S++_12,S++_30,9.4
2,16,50,S++,S++_13,S++_14,9.4
2,16,50,S++,S++_13,S++_26,9.7
2,16,50,S++,S++_13,S++_29,9.7
2,16,50,S++,S++_13,S++_40,9.7
2,16,50,S++,S++_13,S++_41,9.7
2,16,50,S++,S++_13,S++_28,9.4
2,16,50,S++,S++_13,S++_43,9.4
2,16,50,S++,S++_13,S++_17,9.7
2,16,50,S++,S++_13,S++_23,9.7
2,16,50,S++,S++_13,S++_25,9.7
2,16,50,S++,S++_13,S++_38,9.4
2,16,50,S++,S++_13,S++_46,9.4
2,16,50,S++,S++_13,S++_33,9.7
2,16,50,S++,S++_13,S++_39,9.7
2,16,50,S++,S++_13,S++_45,9.7
2,16,50,S++,S++_13,S++_21,9.7
2,16,50,S++,S++_13,S++_37,9.7
2,16,50,S++,S++_13,S++_22,10
2,16,50,S++,S++_13,S++_49,10
2,16,50,S++,S++_13,S++_35,10
2,16,50,S++,S++_13,S++_16,9.7
2,16,50,S++,S++_13,S++_20,9.7
2,16,50,S++,S++_13,S++_31,9.7
2,16,50,S++,S++_13,S++_18,9.7
2,16,50,S++,S++_13,S++_19,9.7
2,16,50,S++,S++_13,S++_27,9.7
2,16,50,S++,S++_13,S++_32,9.7
2,16,50,S++,S++_13,S++_34,9.7
2,16,50,S++,S++_13,S++_42,9.7
2,16,50,S++,S++_13,S++_24,9.4
2,16,50,S++,S++_13,S++_36,9.4
2,16,50,S++,S++_13,S++_47,9.4
2,16,50,S++,S++_13,S++_50,9.4
2,16,50,S++,S++_13,S++_30,9.7
2,16,50,S++,S++_14,S++_27,9.4
2,16,50,S++,S++_14,S++_39,9.4
2,16,50,S++,S++_14,S++_37,9.4
2,16,50,S++,S++_14,S++_44,9.4
2,16,50,S++,S++_14,S++_19,9.7
2,16,50,S++,S++_14,S++_41,9.7
2,16,50,S++,S++_14,S++_15,10
2,16,50,S++,S++_14,S++_17,10
2,16,50,S++,S++_14,S++_20,10
2,16,50,S++,S++_14,S++_46,9.7
2,16,50,S++,S++_14,S++_22,9.7
2,16,50,S++,S++_14,S++_25,9.7
2,16,50,S++,S++_14,S++_34,9.7
2,16,50,S++,S++_14,S++_47,9.7
2,16,50,S++,S++_14,S++_18,9.4
2,16,50,S++,S++_14,S++_24,9.4
2,16,50,S++,S++_14,S++_31,9.4
2,16,50,S++,S++_14,S++_50,9.4
2,16,50,S++,S++_14,S++_23,9.4
2,16,50,S++,S++_14,S++_42,9.4
2,16,50,S++,S++_14,S++_48,9.7
2,16,50,S++,S++_15,S++_20,9.4
2,16,50,S++,S++_15,S++_23,9.4
2,16,50,S++,S++_15,S++_36,9.4
2,16,50,S++,S++_15,S++_34,9.7
2,16,50,S++,S++_15,S++_27,10
2,16,50,S++,S++_15,S++_31,10
2,16,50,S++,S++_15,S++_39,10
2,16,50,S++,S++_15,S++_28,10
2,16,50,S++,S++_15,S++_29,10
2,16,50,S++,S++_15,S++_37,10
2,16,50,S++,S++_15,S++_19,9.7
2,16,50,S++,S++_15,S++_17,9.4
2,16,50,S++,S++_15,S++_18,9.4
2,16,50,S++,S++_15,S++_26,9.4
2,16,50,S++,S++_15,S++_35,9.4
2,16,50,S++,S++_15,S++_47,9.4
2,16,50,S++,S++_15,S++_48,9.4
2,16,50,S++,S++_15,S++_50,9.4
2,16,50,S++,S++_15,S++_44,9.7
2,16,50,S++,S++_15,S++_45,9.4
2,16,50,S++,S++_16,S++_18,9.4
2,16,50,S++,S++_16,S++_45,10
2,16,50,S++,S++_16,S++_27,10
2,16,50,S++,S++_16,S++_25,10.3
2,16,50,S++,S++_16,S++_36,10.3
2,16,50,S++,S++_16,S++_23,10.6
2,16,50,S++,S++_16,S++_29,10.6
2,16,50,S++,S++_16,S++_32,10.6
2,16,50,S++,S++_16,S++_33,10.6
2,16,50,S++,S++_16,S++_48,10.6
2,16,50,S++,S++_16,S++_50,10.6
2,16,50,S++,S++_16,S++_20,10.3
2,16,50,S++,S++_16,S++_22,10.3
2,16,50,S++,S++_16,S++_42,10.3
2,16,50,S++,S++_16,S++_44,10.3
2,16,50,S++,S++_16,S++_46,10.3
2,16,50,S++,S++_16,S++_49,10.3
2,16,50,S++,S++_16,S++_19,10.3
2,16,50,S++,S++_16,S++_37,10.3
2,16,50,S++,S++_16,S++_40,10.3
2,16,50,S++,S++_16,S++_41,10.3
2,16,50,S++,S++_16,S++_17,10
2,16,50,S++,S++_16,S++_24,10
2,16,50,S++,S++_16,S++_31,10
2,16,50,S++,S++_16,S++_43,10
2,16,50,S++,S++_16,S++_35,10
2,16,50,S++,S++_16,S++_30,10
2,16,50,S++,S++_17,S++_27,10
2,16,50,S++,S++_17,S++_22,10
2,16,50,S++,S++_17,S++_31,10.3
2,16,50,S++,S++_17,S++_33,10.3
2,16,50,S++,S++_17,S++_41,10.3
2,16,50,S++,S++_17,S++_42,10.3
2,16,50,S++,S++_17,S++_43,10.3
2,16,50,S++,S++_17,S++_46,10.3
2,16,50,S++,S++_17,S++_30,10.3
2,16,50,S++,S++_17,S++_47,10.3
2,16,50,S++,S++_18,S++_29,10
2,16,50,S++,S++_18,S++_31,10
2,16,50,S++,S++_18,S++_25,10
2,16,50,S++,S++_18,S++_48,10
2,16,50,S++,S++_18,S++_43,10
2,16,50,S++,S++_18,S++_28,10
2,16,50,S++,S++_18,S++_38,10
2,16,50,S++,S++_18,S++_41,10
2,16,50,S++,S++_18,S++_45,10
2,16,50,S++,S++_18,S++_47,10
2,16,50,S++,S++_18,S++_19,10.3
2,16,50,S++,S++_18,S++_22,10.3
2,16,50,S++,S++_18,S++_26,10.3
2,16,50,S++,S++_18,S++_20,10
2,16,50,S++,S++_19,S++_24,10
2,16,50,S++,S++_19,S++_34,10
2,16,50,S++,S++_19,S++_43,10
2,16,50,S++,S++_19,S++_50,10
2,16,50,S++,S++_19,S++_23,10.3
2,16,50,S++,S++_19,S++_46,10.3
2,16,50,S++,S++_19,S++_21,10
2,16,50,S++,S++_19,S++_27,10
2,16,50,S++,S++_19,S++_38,10
2,16,50,S++,S++_19,S++_22,10
2,16,50,S++,S++_19,S++_48,10
2,16,50,S++,S++_19,S++_32,10
2,16,50,S++,S++_19,S++_31,10
2,16,50,S++,S++_19,S++_49,10.3
2,16,50,S++,S++_20,S++_22,10
2,16,50,S++,S++_20,S++_41,10
2,16,50,S++,S++_20,S++_30,10
2,16,50,S++,S++_20,S++_42,10.3
2,16,50,S++,S++_20,S++_44,10.3
2,16,50,S++,S++_20,S++_28,10.3
2,16,50,S++,S++_20,S++_49,10
2,16,50,S++,S++_20,S++_31,10
2,16,50,S++,S++_20,S++_38,10
2,16,50,S++,S++_20,S++_39,9.4
2,16,50,S++,S++_20,S++_40,9.4
2,16,50,S++,S++_20,S++_43,9.4
2,16,50,S++,S++_20,S++_23,9.4
2,16,50,S++,S++_20,S++_32,9.4
2,16,50,S++,S++_20,S++_34,10
2,16,50,S++,S++_20,S++_37,9.7
2,16,50,S++,S++_20,S++_26,9.7
2,16,50,S++,S++_20,S++_29,10.3
2,16,50,S++,S++_20,S++_33,10.3
2,16,50,S++,S++_20,S++_50,10.3
2,16,50,S++,S++_20,S++_21,10
2,16,50,S++,S++_20,S++_35,10
2,16,50,S++,S++_21,S++_27,10.3
2,16,50,S++,S++_21,S++_42,10.3
2,16,50,S++,S++_21,S++_46,10.3
2,16,50,S++,S++_21,S++_23,10.3
2,16,50,S++,S++_21,S++_40,10.3
2,16,50,S++,S++_21,S++_28,10.3
2,16,50,S++,S++_21,S++_32,10.3
2,16,50,S++,S++_21,S++_36,10.3
2,16,50,S++,S++_21,S++_39,10.3
2,16,50,S++,S++_21,S++_49,10.3
2,16,50,S++,S++_21,S++_34,10.6
2,16,50,S++,S++_21,S++_48,10.6
2,16,50,S++,S++_21,S++_25,10.9
2,16,50,S++,S++_21,S++_22,10.3
2,16,50,S++,S++_21,S++_26,9.7
2,16,50,S++,S++_21,S++_45,9.7
2,16,50,S++,S++_21,S++_50,10
2,16,50,S++,S++_21,S++_37,10.3
2,16,50,S++,S++_21,S++_43,10.3
2,16,50,S++,S++_21,S++_24,10.3
2,16,50,S++,S++_21,S++_29,10.3
2,16,50,S++,S++_21,S++_31,10.3
2,16,50,S++,S++_21,S++_35,10
2,16,50,S++,S++_21,S++_30,9.7
2,16,50,S++,S++_21,S++_33,9.7
2,16,50,S++,S++_21,S++_47,9.7
2,16,50,S++,S++_22,S++_42,9.7
2,16,50,S++,S++_22,S++_38,9.7
2,16,50,S++,S++_22,S++_50,9.7
2,16,50,S++,S++_23,S++_34,10
2,16,50,S++,S++_23,S++_24,10
2,16,50,S++,S++_23,S++_38,10
2,16,50,S++,S++_23,S++_29,9.7
2,16,50,S++,S++_23,S++_39,9.4
2,16,50,S++,S++_23,S++_42,9.4
2,16,50,S++,S++_23,S++_45,9.4
2,16,50,S++,S++_23,S++_36,9.4
2,16,50,S++,S++_23,S++_50,9.4
2,16,50,S++,S++_23,S++_25,9.7
2,16,50,S++,S++_23,S++_28,9.7
2,16,50,S++,S++_23,S++_32,9.7
2,16,50,S++,S++_23,S++_37,9.7
2,16,50,S++,S++_23,S++_41,9.7
2,16,50,S++,S++_23,S++_43,9.7
2,16,50,S++,S++_23,S++_44,9.4
2,16,50,S++,S++_23,S++_30,9.4
2,16,50,S++,S++_24,S++_34,9.7
2,16,50,S++,S++_24,S++_35,9.4
2,16,50,S++,S++_24,S++_40,9.4
2,16,50,S++,S++_24,S++_37,9.4
2,16,50,S++,S++_25,S++_26,9.7
2,16,50,S++,S++_25,S++_27,9.7
2,16,50,S++,S++_25,S++_50,9.4
2,16,50,S++,S++_26,S++_34,9.4
2,16,50,S++,S++_26,S++_36,9.4
2,16,50,S++,S++_26,S++_50,9.4
2,16,50,S++,S++_26,S++_31,9.4
2,16,50,S++,S++_26,S++_45,9.4
2,16,50,S++,S++_26,S++_46,9.4
2,16,50,S++,S++_26,S++_32,9.4
2,16,50,S++,S++_26,S++_41,9.4
2,16,50,S++,S++_27,S++_30,9.4
2,16,50,S++,S++_27,S++_33,9.4
2,16,50,S++,S++_27,S++_43,9.4
2,16,50,S++,S++_27,S++_45,9.4
2,16,50,S++,S++_27,S++_49,9.4
2,16,50,S++,S++_27,S++_38,9.4
2,16,50,S++,S++_27,S++_47,10
2,16,50,S++,S++_28,S++_32,9.4
2,16,50,S++,S++_28,S++_34,9.4
2,16,50,S++,S++_28,S++_36,9.4
2,16,50,S++,S++_28,S++_35,9.7
2,16,50,S++,S++_28,S++_46,9.7
2,16,50,S++,S++_28,S++_38,9.7
2,16,50,S++,S++_28,S++_41,10.3
2,16,50,S++,S++_28,S++_43,10.3
2,16,50,S++,S++_28,S++_37,10
2,16,50,S++,S++_28,S++_48,10
2,16,50,S++,S++_28,S++_31,9.7
2,16,50,S++,S++_28,S++_47,9.7
2,16,50,S++,S++_28,S++_30,10.3
2,16,50,S++,S++_28,S++_40,10.3
2,16,50,S++,S++_28,S++_50,10.3
2,16,50,S++,S++_29,S++_38,10.6
2,16,50,S++,S++_29,S++_46,11.2
2,16,50,S++,S++_29,S++_37,10.9
2,16,50,S++,S++_29,S++_41,10.9
2,16,50,S++,S++_29,S++_33,10.9
2,16,50,S++,S++_29,S++_34,10.9
2,16,50,S++,S++_29,S++_44,10.9
2,16,50,S++,S++_29,S++_30,10.6
2,16,50,S++,S++_29,S++_50,10.6
2,16,50,S++,S++_29,S++_31,10.3
2,16,50,S++,S++_29,S++_36,10.9
2,16,50,S++,S++_29,S++_47,10.9
2,16,50,S++,S++_29,S++_42,10.6
2,16,50,S++,S++_30,S++_43,11.2
2,16,50,S++,S++_30,S++_49,11.5
2,16,50,S++,S++_30,S++_34,11.5
2,16,50,S++,S++_30,S++_32,11.8
2,16,50,S++,S++_30,S++_42,11.8
2,16,50,S++,S++_30,S++_31,11.5
2,16,50,S++,S++_30,S++_35,11.5
2,16,50,S++,S++_30,S++_37,11.5
2,16,50,S++,S++_30,S++_39,11.5
2,16,50,S++,S++_30,S++_44,11.5
2,16,50,S++,S++_30,S++_47,11.5
2,16,50,S++,S++_30,S++_33,11.2
2,16,50,S++,S++_30,S++_40,10.9
2,16,50,S++,S++_30,S++_50,10.9
2,16,50,S++,S++_31,S++_36,11.2
2,16,50,S++,S++_31,S++_33,11.2
2,16,50,S++,S++_31,S++_47,11.5
2,16,50,S++,S++_31,S++_35,11.5
2,16,50,S++,S++_31,S++_39,11.5
2,16,50,S++,S++_31,S++_48,11.8
2,16,50,S++,S++_31,S++_49,11.2
2,16,50,S++,S++_31,S++_43,11.2
2,16,50,S++,S++_31,S++_45,11.2
2,16,50,S++,S++_31,S++_46,11.2
2,16,50,S++,S++_31,S++_40,10.9
2,16,50,S++,S++_31,S++_38,10.6
2,16,50,S++,S++_31,S++_41,10.3
2,16,50,S++,S++_31,S++_44,10.6
2,16,50,S++,S++_32,S++_47,11.2
2,16,50,S++,S++_32,S++_37,11.5
2,16,50,S++,S++_32,S++_39,11.5
2,16,50,S++,S++_32,S++_42,11.5
2,16,50,S++,S++_32,S++_33,11.2
2,16,50,S++,S++_32,S++_45,11.2
2,16,50,S++,S++_32,S++_46,11.2
2,16,50,S++,S++_32,S++_34,10.9
2,16,50,S++,S++_32,S++_36,10.9
2,16,50,S++,S++_32,S++_41,10.9
2,16,50,S++,S++_32,S++_44,10.9
2,16,50,S++,S++_32,S++_35,10.9
2,16,50,S++,S++_32,S++_48,10.9
2,16,50,S++,S++_32,S++_50,10.3
2,16,50,S++,S++_33,S++_45,10.9
2,16,50,S++,S++_33,S++_46,11.2
2,16,50,S++,S++_33,S++_37,10.6
2,16,50,S++,S++_33,S++_38,10.6
2,16,50,S++,S++_33,S++_44,9.7
2,16,50,S++,S++_33,S++_48,9.7
2,16,50,S++,S++_33,S++_49,9.7
2,16,50,S++,S++_34,S++_38,10
2,16,50,S++,S++_34,S++_40,10
2,16,50,S++,S++_34,S++_43,10
2,16,50,S++,S++_34,S++_37,10.3
2,16,50,S++,S++_34,S++_42,10.3
2,16,50,S++,S++_34,S++_44,10.3
2,16,50,S++,S++_34,S++_39,10
2,16,50,S++,S++_34,S++_47,10
2,16,50,S++,S++_34,S++_36,10
2,16,50,S++,S++_34,S++_45,9.7
2,16,50,S++,S++_35,S++_46,10.3
2,16,50,S++,S++_35,S++_49,10.3
2,16,50,S++,S++_35,S++_50,10.3
2,16,50,S++,S++_35,S++_44,10
2,16,50,S++,S++_35,S++_41,9.7
2,16,50,S++,S++_35,S++_48,9.7
2,16,50,S++,S++_35,S++_37,9.7
2,16,50,S++,S++_35,S++_42,9.7
2,16,50,S++,S++_36,S++_47,9.4
2,16,50,S++,S++_36,S++_48,9.4
2,16,50,S++,S++_36,S++_40,9.4
2,16,50,S++,S++_36,S++_44,9.4
2,16,50,S++,S++_36,S++_45,9.4
2,16,50,S++,S++_36,S++_46,9.7
2,16,50,S++,S++_36,S++_39,10
2,16,50,S++,S++_36,S++_37,9.7
2,16,50,S++,S++_36,S++_42,9.4
2,16,50,S++,S++_37,S++_44,9.4
2,16,50,S++,S++_37,S++_45,10.3
2,16,50,S++,S++_37,S++_42,10.3
2,16,50,S++,S++_37,S++_41,10
2,16,50,S++,S++_37,S++_39,9.7
2,16,50,S++,S++_37,S++_48,9.7
2,16,50,S++,S++_37,S++_43,9.4
2,16,50,S++,S++_38,S++_45,9.7
2,16,50,S++,S++_38,S++_40,9.7
2,16,50,S++,S++_38,S++_42,9.7
2,16,50,S++,S++_38,S++_39,10.3
2,16,50,S++,S++_38,S++_44,10.3
2,16,50,S++,S++_38,S++_43,10
2,16,50,S++,S++_38,S++_41,9.7
2,16,50,S++,S++_38,S++_46,9.4
2,16,50,S++,S++_38,S++_49,9.4
2,16,50,S++,S++_38,S++_47,9.4
2,16,50,S++,S++_39,S++_41,9.7
2,16,50,S++,S++_39,S++_45,10
2,16,50,S++,S++_39,S++_49,10.3
2,16,50,S++,S++_39,S++_40,10.3
2,16,50,S++,S++_39,S++_46,10.3
2,16,50,S++,S++_39,S++_50,9.7
2,16,50,S++,S++_39,S++_47,9.4
2,16,50,S++,S++_40,S++_41,9.7
2,16,50,S++,S++_40,S++_46,10.3
2,16,50,S++,S++_40,S++_45,10
2,16,50,S++,S++_40,S++_43,9.7
2,16,50,S++,S++_40,S++_48,10
2,16,50,S++,S++_40,S++_44,9.7
2,16,50,S++,S++_40,S++_47,9.7
2,16,50,S++,S++_40,S++_50,9.4
2,16,50,S++,S++_40,S++_42,9.4
2,16,50,S++,S++_41,S++_44,10.3
2,16,50,S++,S++_41,S++_43,10.6
2,16,50,S++,S++_41,S++_45,10.3
2,16,50,S++,S++_41,S++_48,10.3
2,16,50,S++,S++_41,S++_49,10.3
2,16,50,S++,S++_41,S++_46,10
2,16,50,S++,S++_41,S++_47,9.7
2,16,50,S++,S++_41,S++_42,9.4
2,16,50,S++,S++_42,S++_50,10.3
2,16,50,S++,S++_42,S++_43,10.9
2,16,50,S++,S++_42,S++_48,10.9
2,16,50,S++,S++_42,S++_47,10.3
2,16,50,S++,S++_42,S++_44,10
2,16,50,S++,S++_42,S++_49,10
2,16,50,S++,S++_42,S++_45,9.7
2,16,50,S++,S++_43,S++_45,10.6
2,16,50,S++,S++_43,S++_46,10.9
2,16,50,S++,S++_43,S++_47,10.6
2,16,50,S++,S++_43,S++_50,10.3
2,16,50,S++,S++_43,S++_48,10
2,16,50,S++,S++_43,S++_49,9.7
2,16,50,S++,S++_43,S++_44,9.7
2,16,50,S++,S++_44,S++_45,10.3
2,16,50,S++,S++_44,S++_46,10
2,16,50,S++,S++_44,S++_49,10
2,16,50,S++,S++_44,S++_48,9.7
2,16,50,S++,S++_44,S++_50,9.7
2,16,50,S++,S++_45,S++_46,10.3
2,16,50,S++,S++_45,S++_48,10.3
2,16,50,S++,S++_45,S++_49,10.3
2,16,50,S++,S++_45,S++_47,9.4
2,16,50,S++,S++_45,S++_50,9.4
2,16,50,S++,S++_46,S++_50,9.7
2,16,50,S++,S++_46,S++_48,10
2,16,50,S++,S++_46,S++_47,9.7
2,16,50,S++,S++_46,S++_49,9.7
2,16,50,S++,S++_47,S++_49,9.7
2,16,50,S++,S++_47,S++_50,10
2,16,50,S++,S++_48,S++_49,9.4
2,17,50,S++,S++_1,S++_50,9.4
2,17,50,S++,S++_1,S++_3,9.4
2,17,50,S++,S++_1,S++_17,9.4
2,17,50,S++,S++_1,S++_40,9.4
2,17,50,S++,S++_1,S++_44,9.4
2,17,50,S++,S++_1,S++_34,9.7
2,17,50,S++,S++_1,S++_42,9.7
2,17,50,S++,S++_1,S++_30,9.7
2,17,50,S++,S++_1,S++_36,9.7
2,17,50,S++,S++_3,S++_5,9.7
2,17,50,S++,S++_3,S++_9,9.7
2,17,50,S++,S++_3,S++_11,9.7
2,17,50,S++,S++_3,S++_19,9.7
2,17,50,S++,S++_3,S++_10,9.7
2,17,50,S++,S++_3,S++_16,9.7
2,17,50,S++,S++_3,S++_32,9.7
2,17,50,S++,S++_3,S++_34,9.7
2,17,50,S++,S++_3,S++_38,9.7
2,17,50,S++,S++_3,S++_21,10
2,17,50,S++,S++_3,S++_41,10
2,17,50,S++,S++_3,S++_7,10
2,17,50,S++,S++_3,S++_17,10
2,17,50,S++,S++_3,S++_24,10
2,17,50,S++,S++_3,S++_20,10.3
2,17,50,S++,S++_3,S++_42,10.3
2,17,50,S++,S++_4,S++_37,9.7
2,17,50,S++,S++_6,S++_13,9.7
2,17,50,S++,S++_6,S++_34,9.7
2,17,50,S++,S++_6,S++_43,9.7
2,17,50,S++,S++_6,S++_17,9.7
2,17,50,S++,S++_6,S++_19,9.7
2,17,50,S++,S++_6,S++_50,10
2,17,50,S++,S++_7,S++_28,9.7
2,17,50,S++,S++_7,S++_49,9.7
2,17,50,S++,S++_8,S++_13,9.7
2,17,50,S++,S++_8,S++_24,9.7
2,17,50,S++,S++_8,S++_14,9.7
2,17,50,S++,S++_8,S++_21,9.7
2,17,50,S++,S++_8,S++_45,9.7
2,17,50,S++,S++_8,S++_44,9.7
2,17,50,S++,S++_8,S++_11,10
2,17,50,S++,S++_9,S++_37,9.7
2,17,50,S++,S++_9,S++_33,9.7
2,17,50,S++,S++_9,S++_19,10
2,17,50,S++,S++_9,S++_44,10
2,17,50,S++,S++_9,S++_15,10
2,17,50,S++,S++_9,S++_39,10
2,17,50,S++,S++_9,S++_49,10.6
2,17,50,S++,S++_9,S++_40,10.3
2,17,50,S++,S++_10,S++_41,9.7
2,17,50,S++,S++_10,S++_48,9.7
2,17,50,S++,S++_10,S++_20,9.7
2,17,50,S++,S++_10,S++_27,9.7
2,17,50,S++,S++_10,S++_21,10
2,17,50,S++,S++_10,S++_26,9.7
2,17,50,S++,S++_10,S++_38,9.7
2,17,50,S++,S++_10,S++_47,9.7
2,17,50,S++,S++_10,S++_31,9.7
2,17,50,S++,S++_10,S++_16,9.7
2,17,50,S++,S++_11,S++_34,9.7
2,17,50,S++,S++_11,S++_14,9.7
2,17,50,S++,S++_11,S++_39,9.7
2,17,50,S++,S++_11,S++_43,9.7
2,17,50,S++,S++_11,S++_13,10
2,17,50,S++,S++_11,S++_16,10
2,17,50,S++,S++_11,S++_49,10
2,17,50,S++,S++_11,S++_17,9.7
2,17,50,S++,S++_11,S++_25,9.7
2,17,50,S++,S++_11,S++_26,10.3
2,17,50,S++,S++_11,S++_29,10.3
2,17,50,S++,S++_11,S++_30,10.6
2,17,50,S++,S++_11,S++_32,10.6
2,17,50,S++,S++_11,S++_33,10.6
2,17,50,S++,S++_11,S++_20,10.3
2,17,50,S++,S++_11,S++_28,10.3
2,17,50,S++,S++_11,S++_22,9.7
2,17,50,S++,S++_11,S++_24,9.7
2,17,50,S++,S++_11,S++_36,9.7
2,17,50,S++,S++_11,S++_27,10
2,17,50,S++,S++_11,S++_40,10
2,17,50,S++,S++_11,S++_41,10
2,17,50,S++,S++_11,S++_46,10
2,17,50,S++,S++_11,S++_18,9.7
2,17,50,S++,S++_11,S++_45,9.7
2,17,50,S++,S++_11,S++_48,9.7
2,17,50,S++,S++_11,S++_42,9.7
2,17,50,S++,S++_11,S++_50,9.7
2,17,50,S++,S++_11,S++_47,9.4
2,17,50,S++,S++_11,S++_31,9.7
2,17,50,S++,S++_12,S++_33,9.4
2,17,50,S++,S++_12,S++_46,9.4
2,17,50,S++,S++_12,S++_23,9.4
2,17,50,S++,S++_12,S++_25,9.4
2,17,50,S++,S++_12,S++_38,9.7
2,17,50,S++,S++_12,S++_50,9.7
2,17,50,S++,S++_12,S++_16,9.4
2,17,50,S++,S++_12,S++_32,9.4
2,17,50,S++,S++_12,S++_39,9.4
2,17,50,S++,S++_12,S++_45,9.4
2,17,50,S++,S++_12,S++_20,9.4
2,17,50,S++,S++_12,S++_24,9.4
2,17,50,S++,S++_12,S++_41,9.4
2,17,50,S++,S++_13,S++_26,9.4
2,17,50,S++,S++_13,S++_29,9.4
2,17,50,S++,S++_13,S++_40,9.4
2,17,50,S++,S++_13,S++_41,9.4
2,17,50,S++,S++_13,S++_17,9.4
2,17,50,S++,S++_13,S++_23,9.4
2,17,50,S++,S++_13,S++_25,9.4
2,17,50,S++,S++_13,S++_33,9.4
2,17,50,S++,S++_13,S++_39,9.4
2,17,50,S++,S++_13,S++_45,9.4
2,17,50,S++,S++_13,S++_21,9.4
2,17,50,S++,S++_13,S++_37,9.4
2,17,50,S++,S++_13,S++_22,9.7
2,17,50,S++,S++_13,S++_49,9.7
2,17,50,S++,S++_13,S++_35,9.7
2,17,50,S++,S++_13,S++_16,9.4
2,17,50,S++,S++_13,S++_20,9.4
2,17,50,S++,S++_13,S++_31,9.4
2,17,50,S++,S++_13,S++_18,9.4
2,17,50,S++,S++_13,S++_19,9.4
2,17,50,S++,S++_13,S++_27,9.4
2,17,50,S++,S++_13,S++_32,9.4
2,17,50,S++,S++_13,S++_34,9.4
2,17,50,S++,S++_13,S++_42,9.4
2,17,50,S++,S++_13,S++_30,9.4
2,17,50,S++,S++_14,S++_19,9.4
2,17,50,S++,S++_14,S++_41,9.4
2,17,50,S++,S++_14,S++_15,9.7
2,17,50,S++,S++_14,S++_17,10.3
2,17,50,S++,S++_14,S++_20,10.3
2,17,50,S++,S++_14,S++_46,10
2,17,50,S++,S++_14,S++_22,10
2,17,50,S++,S++_14,S++_25,10
2,17,50,S++,S++_14,S++_34,10
2,17,50,S++,S++_14,S++_47,10
2,17,50,S++,S++_14,S++_18,9.7
2,17,50,S++,S++_14,S++_24,9.7
2,17,50,S++,S++_14,S++_31,9.7
2,17,50,S++,S++_14,S++_50,9.7
2,17,50,S++,S++_14,S++_23,9.7
2,17,50,S++,S++_14,S++_42,9.7
2,17,50,S++,S++_14,S++_48,10
2,17,50,S++,S++_15,S++_20,9.7
2,17,50,S++,S++_15,S++_23,9.7
2,17,50,S++,S++_15,S++_36,9.7
2,17,50,S++,S++_15,S++_34,10
2,17,50,S++,S++_15,S++_27,10.3
2,17,50,S++,S++_15,S++_31,10.3
2,17,50,S++,S++_15,S++_39,10.3
2,17,50,S++,S++_15,S++_28,10.3
2,17,50,S++,S++_15,S++_29,10.3
2,17,50,S++,S++_15,S++_37,10.3
2,17,50,S++,S++_15,S++_19,10
2,17,50,S++,S++_15,S++_17,9.7
2,17,50,S++,S++_15,S++_18,9.7
2,17,50,S++,S++_15,S++_26,9.7
2,17,50,S++,S++_15,S++_35,9.7
2,17,50,S++,S++_15,S++_47,9.7
2,17,50,S++,S++_15,S++_48,9.7
2,17,50,S++,S++_15,S++_50,9.7
2,17,50,S++,S++_15,S++_44,10
2,17,50,S++,S++_15,S++_45,9.7
2,17,50,S++,S++_16,S++_18,9.7
2,17,50,S++,S++_16,S++_45,10.3
2,17,50,S++,S++_16,S++_27,10.3
2,17,50,S++,S++_16,S++_25,10.6
2,17,50,S++,S++_16,S++_36,10.6
2,17,50,S++,S++_16,S++_23,10.9
2,17,50,S++,S++_16,S++_29,10.9
2,17,50,S++,S++_16,S++_32,10.9
2,17,50,S++,S++_16,S++_33,10.9
2,17,50,S++,S++_16,S++_48,10.9
2,17,50,S++,S++_16,S++_50,10.9
2,17,50,S++,S++_16,S++_20,10.6
2,17,50,S++,S++_16,S++_22,10.6
2,17,50,S++,S++_16,S++_42,10.6
2,17,50,S++,S++_16,S++_44,10.6
2,17,50,S++,S++_16,S++_46,10.6
2,17,50,S++,S++_16,S++_49,10.6
2,17,50,S++,S++_16,S++_19,10.6
2,17,50,S++,S++_16,S++_37,10.6
2,17,50,S++,S++_16,S++_40,10.6
2,17,50,S++,S++_16,S++_41,10.6
2,17,50,S++,S++_16,S++_17,10.3
2,17,50,S++,S++_16,S++_24,10.3
2,17,50,S++,S++_16,S++_31,10.3
2,17,50,S++,S++_16,S++_43,10.3
2,17,50,S++,S++_16,S++_35,10.3
2,17,50,S++,S++_16,S++_30,10.3
2,17,50,S++,S++_17,S++_27,10.3
2,17,50,S++,S++_17,S++_22,10.3
2,17,50,S++,S++_17,S++_31,10.6
2,17,50,S++,S++_17,S++_33,10.6
2,17,50,S++,S++_17,S++_41,10.6
2,17,50,S++,S++_17,S++_42,10.6
2,17,50,S++,S++_17,S++_43,10.6
2,17,50,S++,S++_17,S++_46,10.6
2,17,50,S++,S++_17,S++_30,10.6
2,17,50,S++,S++_17,S++_47,10
2,17,50,S++,S++_18,S++_29,9.7
2,17,50,S++,S++_18,S++_31,9.7
2,17,50,S++,S++_18,S++_25,9.7
2,17,50,S++,S++_18,S++_48,9.7
2,17,50,S++,S++_18,S++_43,9.7
2,17,50,S++,S++_18,S++_28,9.7
2,17,50,S++,S++_18,S++_38,9.7
2,17,50,S++,S++_18,S++_41,9.7
2,17,50,S++,S++_18,S++_45,9.7
2,17,50,S++,S++_18,S++_47,9.7
2,17,50,S++,S++_18,S++_19,10
2,17,50,S++,S++_18,S++_22,10
2,17,50,S++,S++_18,S++_26,10
2,17,50,S++,S++_18,S++_20,9.7
2,17,50,S++,S++_19,S++_24,9.7
2,17,50,S++,S++_19,S++_34,9.7
2,17,50,S++,S++_19,S++_43,9.7
2,17,50,S++,S++_19,S++_50,9.7
2,17,50,S++,S++_19,S++_23,10
2,17,50,S++,S++_19,S++_46,10
2,17,50,S++,S++_19,S++_21,9.7
2,17,50,S++,S++_19,S++_27,9.7
2,17,50,S++,S++_19,S++_38,9.7
2,17,50,S++,S++_19,S++_22,9.7
2,17,50,S++,S++_19,S++_48,9.7
2,17,50,S++,S++_19,S++_32,9.7
2,17,50,S++,S++_19,S++_31,9.7
2,17,50,S++,S++_19,S++_49,10
2,17,50,S++,S++_20,S++_22,9.7
2,17,50,S++,S++_20,S++_41,9.7
2,17,50,S++,S++_20,S++_30,9.7
2,17,50,S++,S++_20,S++_42,10
2,17,50,S++,S++_20,S++_44,10
2,17,50,S++,S++_20,S++_28,10
2,17,50,S++,S++_20,S++_49,9.7
2,17,50,S++,S++_20,S++_31,9.7
2,17,50,S++,S++_20,S++_38,9.7
2,17,50,S++,S++_20,S++_34,9.7
2,17,50,S++,S++_20,S++_37,9.4
2,17,50,S++,S++_20,S++_26,9.4
2,17,50,S++,S++_20,S++_29,10
2,17,50,S++,S++_20,S++_33,10
2,17,50,S++,S++_20,S++_50,10
2,17,50,S++,S++_20,S++_21,9.7
2,17,50,S++,S++_20,S++_35,9.7
2,17,50,S++,S++_21,S++_27,10
2,17,50,S++,S++_21,S++_42,10
2,17,50,S++,S++_21,S++_46,10
2,17,50,S++,S++_21,S++_23,10
2,17,50,S++,S++_21,S++_40,10
2,17,50,S++,S++_21,S++_28,10
2,17,50,S++,S++_21,S++_32,10
2,17,50,S++,S++_21,S++_36,10
2,17,50,S++,S++_21,S++_39,10
2,17,50,S++,S++_21,S++_49,10
2,17,50,S++,S++_21,S++_34,10.3
2,17,50,S++,S++_21,S++_48,10.3
2,17,50,S++,S++_21,S++_25,10.6
2,17,50,S++,S++_21,S++_22,10
2,17,50,S++,S++_21,S++_26,9.4
2,17,50,S++,S++_21,S++_45,9.4
2,17,50,S++,S++_21,S++_50,9.7
2,17,50,S++,S++_21,S++_37,10
2,17,50,S++,S++_21,S++_43,10
2,17,50,S++,S++_21,S++_24,10
2,17,50,S++,S++_21,S++_29,10
2,17,50,S++,S++_21,S++_31,10
2,17,50,S++,S++_21,S++_35,9.7
2,17,50,S++,S++_21,S++_30,9.4
2,17,50,S++,S++_21,S++_33,9.4
2,17,50,S++,S++_21,S++_47,9.4
2,17,50,S++,S++_22,S++_42,9.4
2,17,50,S++,S++_22,S++_38,9.4
2,17,50,S++,S++_22,S++_50,9.4
2,17,50,S++,S++_23,S++_34,9.7
2,17,50,S++,S++_23,S++_24,9.7
2,17,50,S++,S++_23,S++_38,9.7
2,17,50,S++,S++_23,S++_29,9.4
2,17,50,S++,S++_23,S++_25,9.4
2,17,50,S++,S++_23,S++_28,9.4
2,17,50,S++,S++_23,S++_32,9.4
2,17,50,S++,S++_23,S++_37,9.4
2,17,50,S++,S++_23,S++_41,9.4
2,17,50,S++,S++_23,S++_43,9.4
2,17,50,S++,S++_24,S++_34,9.4
2,17,50,S++,S++_25,S++_26,9.4
2,17,50,S++,S++_25,S++_27,9.4
2,17,50,S++,S++_27,S++_47,9.7
2,17,50,S++,S++_28,S++_35,9.4
2,17,50,S++,S++_28,S++_46,9.4
2,17,50,S++,S++_28,S++_38,9.4
2,17,50,S++,S++_28,S++_41,10
2,17,50,S++,S++_28,S++_43,10
2,17,50,S++,S++_28,S++_37,9.7
2,17,50,S++,S++_28,S++_48,9.7
2,17,50,S++,S++_28,S++_31,9.4
2,17,50,S++,S++_28,S++_47,9.4
2,17,50,S++,S++_28,S++_30,10
2,17,50,S++,S++_28,S++_40,10
2,17,50,S++,S++_28,S++_50,10
2,17,50,S++,S++_29,S++_38,10.3
2,17,50,S++,S++_29,S++_46,10.9
2,17,50,S++,S++_29,S++_37,10.6
2,17,50,S++,S++_29,S++_41,10.6
2,17,50,S++,S++_29,S++_33,10.6
2,17,50,S++,S++_29,S++_34,10.6
2,17,50,S++,S++_29,S++_44,10.6
2,17,50,S++,S++_29,S++_30,10.3
2,17,50,S++,S++_29,S++_50,10.3
2,17,50,S++,S++_29,S++_31,10
2,17,50,S++,S++_29,S++_36,10.6
2,17,50,S++,S++_29,S++_47,11.2
2,17,50,S++,S++_29,S++_42,10.9
2,17,50,S++,S++_30,S++_43,11.5
2,17,50,S++,S++_30,S++_49,11.8
2,17,50,S++,S++_30,S++_34,11.8
2,17,50,S++,S++_30,S++_32,12.1
2,17,50,S++,S++_30,S++_42,12.1
2,17,50,S++,S++_30,S++_31,11.8
2,17,50,S++,S++_30,S++_35,11.8
2,17,50,S++,S++_30,S++_37,11.8
2,17,50,S++,S++_30,S++_39,11.8
2,17,50,S++,S++_30,S++_44,11.8
2,17,50,S++,S++_30,S++_47,11.8
2,17,50,S++,S++_30,S++_33,11.5
2,17,50,S++,S++_30,S++_40,11.2
2,17,50,S++,S++_30,S++_50,11.2
2,17,50,S++,S++_31,S++_36,11.5
2,17,50,S++,S++_31,S++_33,11.5
2,17,50,S++,S++_31,S++_47,11.8
2,17,50,S++,S++_31,S++_35,11.8
2,17,50,S++,S++_31,S++_39,11.8
2,17,50,S++,S++_31,S++_48,12.1
2,17,50,S++,S++_31,S++_49,11.5
2,17,50,S++,S++_31,S++_43,11.5
2,17,50,S++,S++_31,S++_45,11.5
2,17,50,S++,S++_31,S++_46,11.5
2,17,50,S++,S++_31,S++_40,11.2
2,17,50,S++,S++_31,S++_38,10.9
2,17,50,S++,S++_31,S++_41,10.6
2,17,50,S++,S++_31,S++_44,10.9
2,17,50,S++,S++_32,S++_47,11.5
2,17,50,S++,S++_32,S++_37,11.8
2,17,50,S++,S++_32,S++_39,11.8
2,17,50,S++,S++_32,S++_42,11.8
2,17,50,S++,S++_32,S++_33,11.5
2,17,50,S++,S++_32,S++_45,11.5
2,17,50,S++,S++_32,S++_46,11.5
2,17,50,S++,S++_32,S++_34,11.2
2,17,50,S++,S++_32,S++_36,11.2
2,17,50,S++,S++_32,S++_41,11.2
2,17,50,S++,S++_32,S++_44,11.2
2,17,50,S++,S++_32,S++_35,11.2
2,17,50,S++,S++_32,S++_48,11.2
2,17,50,S++,S++_32,S++_50,10.6
2,17,50,S++,S++_33,S++_45,11.2
2,17,50,S++,S++_33,S++_46,11.5
2,17,50,S++,S++_33,S++_37,10.9
2,17,50,S++,S++_33,S++_38,10.9
2,17,50,S++,S++_33,S++_44,10
2,17,50,S++,S++_33,S++_48,10
2,17,50,S++,S++_33,S++_49,10
2,17,50,S++,S++_34,S++_38,10.3
2,17,50,S++,S++_34,S++_40,10.3
2,17,50,S++,S++_34,S++_43,10.3
2,17,50,S++,S++_34,S++_37,10.6
2,17,50,S++,S++_34,S++_42,10.6
2,17,50,S++,S++_34,S++_44,10.6
2,17,50,S++,S++_34,S++_39,10.3
2,17,50,S++,S++_34,S++_47,10.3
2,17,50,S++,S++_34,S++_36,10.3
2,17,50,S++,S++_34,S++_45,10
2,17,50,S++,S++_35,S++_46,10.6
2,17,50,S++,S++_35,S++_49,10.6
2,17,50,S++,S++_35,S++_50,10.6
2,17,50,S++,S++_35,S++_44,10.3
2,17,50,S++,S++_35,S++_41,10
2,17,50,S++,S++_35,S++_48,10
2,17,50,S++,S++_35,S++_37,10
2,17,50,S++,S++_35,S++_42,10
2,17,50,S++,S++_36,S++_47,9.7
2,17,50,S++,S++_36,S++_46,9.4
2,17,50,S++,S++_36,S++_39,9.7
2,17,50,S++,S++_36,S++_37,9.4
2,17,50,S++,S++_37,S++_45,10
2,17,50,S++,S++_37,S++_42,10
2,17,50,S++,S++_37,S++_41,9.7
2,17,50,S++,S++_37,S++_39,9.4
2,17,50,S++,S++_37,S++_48,9.4
2,17,50,S++,S++_38,S++_45,9.4
2,17,50,S++,S++_38,S++_40,9.4
2,17,50,S++,S++_38,S++_42,9.4
2,17,50,S++,S++_38,S++_39,10
2,17,50,S++,S++_38,S++_44,10
2,17,50,S++,S++_38,S++_43,9.7
2,17,50,S++,S++_38,S++_41,9.4
2,17,50,S++,S++_39,S++_41,9.4
2,17,50,S++,S++_39,S++_45,9.7
2,17,50,S++,S++_39,S++_49,10
2,17,50,S++,S++_39,S++_40,10
2,17,50,S++,S++_39,S++_46,10
2,17,50,S++,S++_39,S++_50,9.4
2,17,50,S++,S++_40,S++_41,9.4
2,17,50,S++,S++_40,S++_46,10
2,17,50,S++,S++_40,S++_45,9.7
2,17,50,S++,S++_40,S++_43,9.4
2,17,50,S++,S++_40,S++_48,9.7
2,17,50,S++,S++_40,S++_44,9.4
2,17,50,S++,S++_40,S++_47,9.4
2,17,50,S++,S++_41,S++_44,10
2,17,50,S++,S++_41,S++_43,10.3
2,17,50,S++,S++_41,S++_45,10
2,17,50,S++,S++_41,S++_48,10
2,17,50,S++,S++_41,S++_49,10
2,17,50,S++,S++_41,S++_46,9.7
2,17,50,S++,S++_41,S++_47,9.4
2,17,50,S++,S++_42,S++_50,10
2,17,50,S++,S++_42,S++_43,10.6
2,17,50,S++,S++_42,S++_48,10.6
2,17,50,S++,S++_42,S++_47,10
2,17,50,S++,S++_42,S++_44,9.7
2,17,50,S++,S++_42,S++_49,9.7
2,17,50,S++,S++_42,S++_45,9.4
2,17,50,S++,S++_43,S++_45,10.3
2,17,50,S++,S++_43,S++_46,10.6
2,17,50,S++,S++_43,S++_47,10.3
2,17,50,S++,S++_43,S++_50,10
2,17,50,S++,S++_43,S++_48,9.7
2,17,50,S++,S++_43,S++_49,9.4
2,17,50,S++,S++_43,S++_44,9.4
2,17,50,S++,S++_44,S++_45,10
2,17,50,S++,S++_44,S++_46,9.7
2,17,50,S++,S++_44,S++_49,9.7
2,17,50,S++,S++_44,S++_48,9.4
2,17,50,S++,S++_44,S++_50,9.4
2,17,50,S++,S++_45,S++_46,10
2,17,50,S++,S++_45,S++_48,10
2,17,50,S++,S++_45,S++_49,10
2,17,50,S++,S++_45,S++_47,9.7
2,17,50,S++,S++_45,S++_50,9.7
2,17,50,S++,S++_46,S++_50,10
2,17,50,S++,S++_46,S++_48,10.3
2,17,50,S++,S++_46,S++_47,10
2,17,50,S++,S++_46,S++_49,10
2,17,50,S++,S++_47,S++_49,10
2,17,50,S++,S++_47,S++_50,10.3
2,17,50,S++,S++_48,S++_49,9.7
2,18,50,S++,S++_1,S++_50,9.7
2,18,50,S++,S++_1,S++_3,9.7
2,18,50,S++,S++_1,S++_17,9.7
2,18,50,S++,S++_1,S++_40,9.7
2,18,50,S++,S++_1,S++_44,9.7
2,18,50,S++,S++_1,S++_34,10
2,18,50,S++,S++_1,S++_42,10
2,18,50,S++,S++_1,S++_30,10
2,18,50,S++,S++_1,S++_36,10
2,18,50,S++,S++_3,S++_5,10
2,18,50,S++,S++_3,S++_9,10
2,18,50,S++,S++_3,S++_11,10
2,18,50,S++,S++_3,S++_19,10
2,18,50,S++,S++_3,S++_10,10
2,18,50,S++,S++_3,S++_16,10
2,18,50,S++,S++_3,S++_32,10
2,18,50,S++,S++_3,S++_34,10
2,18,50,S++,S++_3,S++_38,10
2,18,50,S++,S++_3,S++_21,10.3
2,18,50,S++,S++_3,S++_41,10.3
2,18,50,S++,S++_3,S++_7,10.3
2,18,50,S++,S++_3,S++_17,10.3
2,18,50,S++,S++_3,S++_24,10.3
2,18,50,S++,S++_3,S++_20,10.6
2,18,50,S++,S++_3,S++_42,10.6
2,18,50,S++,S++_4,S++_37,10
2,18,50,S++,S++_6,S++_13,10
2,18,50,S++,S++_6,S++_34,10
2,18,50,S++,S++_6,S++_43,10
2,18,50,S++,S++_6,S++_17,10
2,18,50,S++,S++_6,S++_19,10
2,18,50,S++,S++_6,S++_50,10.3
2,18,50,S++,S++_7,S++_28,10
2,18,50,S++,S++_7,S++_49,10
2,18,50,S++,S++_8,S++_13,10
2,18,50,S++,S++_8,S++_24,10
2,18,50,S++,S++_8,S++_14,10
2,18,50,S++,S++_8,S++_21,10
2,18,50,S++,S++_8,S++_45,10
2,18,50,S++,S++_8,S++_44,10
2,18,50,S++,S++_8,S++_11,10.3
2,18,50,S++,S++_9,S++_37,10
2,18,50,S++,S++_9,S++_33,10
2,18,50,S++,S++_9,S++_19,10.3
2,18,50,S++,S++_9,S++_44,10.3
2,18,50,S++,S++_9,S++_15,10.3
2,18,50,S++,S++_9,S++_39,10.3
2,18,50,S++,S++_9,S++_49,10.9
2,18,50,S++,S++_9,S++_40,10.6
2,18,50,S++,S++_10,S++_41,10
2,18,50,S++,S++_10,S++_48,10
2,18,50,S++,S++_10,S++_20,10
2,18,50,S++,S++_10,S++_27,10
2,18,50,S++,S++_10,S++_21,10.3
2,18,50,S++,S++_10,S++_26,10
2,18,50,S++,S++_10,S++_38,10
2,18,50,S++,S++_10,S++_47,10
2,18,50,S++,S++_10,S++_31,10
2,18,50,S++,S++_10,S++_16,10
2,18,50,S++,S++_11,S++_34,10
2,18,50,S++,S++_11,S++_14,10
2,18,50,S++,S++_11,S++_39,10
2,18,50,S++,S++_11,S++_43,10
2,18,50,S++,S++_11,S++_13,10.3
2,18,50,S++,S++_11,S++_16,10.3
2,18,50,S++,S++_11,S++_49,10.3
2,18,50,S++,S++_11,S++_17,10
2,18,50,S++,S++_11,S++_25,10
2,18,50,S++,S++_11,S++_26,10.6
2,18,50,S++,S++_11,S++_29,10.6
2,18,50,S++,S++_11,S++_30,10.9
2,18,50,S++,S++_11,S++_32,10.9
2,18,50,S++,S++_11,S++_33,10.9
2,18,50,S++,S++_11,S++_20,10.6
2,18,50,S++,S++_11,S++_28,10.6
2,18,50,S++,S++_11,S++_22,10
2,18,50,S++,S++_11,S++_24,10
2,18,50,S++,S++_11,S++_36,10
2,18,50,S++,S++_11,S++_27,10.3
2,18,50,S++,S++_11,S++_40,10.3
2,18,50,S++,S++_11,S++_41,10.3
2,18,50,S++,S++_11,S++_46,10.3
2,18,50,S++,S++_11,S++_18,10
2,18,50,S++,S++_11,S++_45,10
2,18,50,S++,S++_11,S++_48,10
2,18,50,S++,S++_11,S++_42,10
2,18,50,S++,S++_11,S++_50,10
2,18,50,S++,S++_11,S++_47,9.7
2,18,50,S++,S++_11,S++_31,10
2,18,50,S++,S++_12,S++_33,9.7
2,18,50,S++,S++_12,S++_46,9.7
2,18,50,S++,S++_12,S++_23,9.7
2,18,50,S++,S++_12,S++_25,9.7
2,18,50,S++,S++_12,S++_38,10
2,18,50,S++,S++_12,S++_50,10
2,18,50,S++,S++_12,S++_16,9.7
2,18,50,S++,S++_12,S++_32,9.7
2,18,50,S++,S++_12,S++_39,9.7
2,18,50,S++,S++_12,S++_45,9.7
2,18,50,S++,S++_12,S++_20,9.7
2,18,50,S++,S++_12,S++_24,9.7
2,18,50,S++,S++_12,S++_41,9.7
2,18,50,S++,S++_13,S++_26,9.7
2,18,50,S++,S++_13,S++_29,9.7
2,18,50,S++,S++_13,S++_40,9.7
2,18,50,S++,S++_13,S++_41,9.7
2,18,50,S++,S++_13,S++_22,9.4
2,18,50,S++,S++_13,S++_49,9.4
2,18,50,S++,S++_13,S++_35,9.4
2,18,50,S++,S++_14,S++_15,9.4
2,18,50,S++,S++_14,S++_17,10
2,18,50,S++,S++_14,S++_20,10
2,18,50,S++,S++_14,S++_46,9.7
2,18,50,S++,S++_14,S++_22,9.7
2,18,50,S++,S++_14,S++_25,9.7
2,18,50,S++,S++_14,S++_34,9.7
2,18,50,S++,S++_14,S++_47,9.7
2,18,50,S++,S++_14,S++_18,9.4
2,18,50,S++,S++_14,S++_24,9.4
2,18,50,S++,S++_14,S++_31,9.4
2,18,50,S++,S++_14,S++_50,9.4
2,18,50,S++,S++_14,S++_23,9.4
2,18,50,S++,S++_14,S++_42,9.4
2,18,50,S++,S++_14,S++_48,9.7
2,18,50,S++,S++_15,S++_20,9.4
2,18,50,S++,S++_15,S++_23,9.4
2,18,50,S++,S++_15,S++_36,9.4
2,18,50,S++,S++_15,S++_34,9.7
2,18,50,S++,S++_15,S++_27,10
2,18,50,S++,S++_15,S++_31,10
2,18,50,S++,S++_15,S++_39,10
2,18,50,S++,S++_15,S++_28,10
2,18,50,S++,S++_15,S++_29,10
2,18,50,S++,S++_15,S++_37,10
2,18,50,S++,S++_15,S++_19,9.7
2,18,50,S++,S++_15,S++_17,9.4
2,18,50,S++,S++_15,S++_18,9.4
2,18,50,S++,S++_15,S++_26,9.4
2,18,50,S++,S++_15,S++_35,9.4
2,18,50,S++,S++_15,S++_47,9.4
2,18,50,S++,S++_15,S++_48,9.4
2,18,50,S++,S++_15,S++_50,9.4
2,18,50,S++,S++_15,S++_44,9.7
2,18,50,S++,S++_15,S++_45,9.4
2,18,50,S++,S++_16,S++_18,9.4
2,18,50,S++,S++_16,S++_45,10
2,18,50,S++,S++_16,S++_27,10
2,18,50,S++,S++_16,S++_25,10.3
2,18,50,S++,S++_16,S++_36,10.3
2,18,50,S++,S++_16,S++_23,10.6
2,18,50,S++,S++_16,S++_29,10.6
2,18,50,S++,S++_16,S++_32,10.6
2,18,50,S++,S++_16,S++_33,10.6
2,18,50,S++,S++_16,S++_48,10.6
2,18,50,S++,S++_16,S++_50,10.6
2,18,50,S++,S++_16,S++_20,10.3
2,18,50,S++,S++_16,S++_22,10.3
2,18,50,S++,S++_16,S++_42,10.3
2,18,50,S++,S++_16,S++_44,10.3
2,18,50,S++,S++_16,S++_46,10.3
2,18,50,S++,S++_16,S++_49,10.3
2,18,50,S++,S++_16,S++_19,10.3
2,18,50,S++,S++_16,S++_37,10.3
2,18,50,S++,S++_16,S++_40,10.3
2,18,50,S++,S++_16,S++_41,10.3
2,18,50,S++,S++_16,S++_17,10
2,18,50,S++,S++_16,S++_24,10
2,18,50,S++,S++_16,S++_31,10
2,18,50,S++,S++_16,S++_43,10
2,18,50,S++,S++_16,S++_35,10
2,18,50,S++,S++_16,S++_30,10
2,18,50,S++,S++_17,S++_27,10
2,18,50,S++,S++_17,S++_22,10
2,18,50,S++,S++_17,S++_31,10.3
2,18,50,S++,S++_17,S++_33,10.3
2,18,50,S++,S++_17,S++_41,10.3
2,18,50,S++,S++_17,S++_42,10.3
2,18,50,S++,S++_17,S++_43,10.3
2,18,50,S++,S++_17,S++_46,10.3
2,18,50,S++,S++_17,S++_30,10.3
2,18,50,S++,S++_17,S++_47,9.7
2,18,50,S++,S++_18,S++_29,9.4
2,18,50,S++,S++_18,S++_31,9.4
2,18,50,S++,S++_18,S++_25,9.4
2,18,50,S++,S++_18,S++_48,9.4
2,18,50,S++,S++_18,S++_43,9.4
2,18,50,S++,S++_18,S++_28,9.4
2,18,50,S++,S++_18,S++_38,9.4
2,18,50,S++,S++_18,S++_41,9.4
2,18,50,S++,S++_18,S++_45,9.4
2,18,50,S++,S++_18,S++_47,9.4
2,18,50,S++,S++_18,S++_19,9.7
2,18,50,S++,S++_18,S++_22,9.7
2,18,50,S++,S++_18,S++_26,9.7
2,18,50,S++,S++_18,S++_20,9.4
2,18,50,S++,S++_19,S++_24,9.4
2,18,50,S++,S++_19,S++_34,9.4
2,18,50,S++,S++_19,S++_43,9.4
2,18,50,S++,S++_19,S++_50,9.4
2,18,50,S++,S++_19,S++_23,9.7
2,18,50,S++,S++_19,S++_46,9.7
2,18,50,S++,S++_19,S++_21,9.4
2,18,50,S++,S++_19,S++_27,9.4
2,18,50,S++,S++_19,S++_38,9.4
2,18,50,S++,S++_19,S++_22,9.4
2,18,50,S++,S++_19,S++_48,9.4
2,18,50,S++,S++_19,S++_32,9.4
2,18,50,S++,S++_19,S++_31,9.4
2,18,50,S++,S++_19,S++_49,9.7
2,18,50,S++,S++_20,S++_22,9.4
2,18,50,S++,S++_20,S++_41,9.4
2,18,50,S++,S++_20,S++_30,9.4
2,18,50,S++,S++_20,S++_42,9.7
2,18,50,S++,S++_20,S++_44,9.7
2,18,50,S++,S++_20,S++_28,9.7
2,18,50,S++,S++_20,S++_49,9.4
2,18,50,S++,S++_20,S++_31,9.4
2,18,50,S++,S++_20,S++_38,9.4
2,18,50,S++,S++_20,S++_34,9.4
2,18,50,S++,S++_20,S++_29,9.7
2,18,50,S++,S++_20,S++_33,9.7
2,18,50,S++,S++_20,S++_50,9.7
2,18,50,S++,S++_20,S++_21,9.4
2,18,50,S++,S++_20,S++_35,9.4
2,18,50,S++,S++_21,S++_27,9.7
2,18,50,S++,S++_21,S++_42,9.7
2,18,50,S++,S++_21,S++_46,9.7
2,18,50,S++,S++_21,S++_23,9.7
2,18,50,S++,S++_21,S++_40,9.7
2,18,50,S++,S++_21,S++_28,9.7
2,18,50,S++,S++_21,S++_32,9.7
2,18,50,S++,S++_21,S++_36,9.7
2,18,50,S++,S++_21,S++_39,9.7
2,18,50,S++,S++_21,S++_49,9.7
2,18,50,S++,S++_21,S++_34,10
2,18,50,S++,S++_21,S++_48,10
2,18,50,S++,S++_21,S++_25,10.3
2,18,50,S++,S++_21,S++_22,9.7
2,18,50,S++,S++_21,S++_50,9.4
2,18,50,S++,S++_21,S++_37,9.7
2,18,50,S++,S++_21,S++_43,9.7
2,18,50,S++,S++_21,S++_24,9.7
2,18,50,S++,S++_21,S++_29,9.7
2,18,50,S++,S++_21,S++_31,9.7
2,18,50,S++,S++_21,S++_35,9.4
2,18,50,S++,S++_23,S++_34,9.4
2,18,50,S++,S++_23,S++_24,9.4
2,18,50,S++,S++_23,S++_38,9.4
2,18,50,S++,S++_27,S++_47,9.4
2,18,50,S++,S++_28,S++_41,9.7
2,18,50,S++,S++_28,S++_43,9.7
2,18,50,S++,S++_28,S++_37,9.4
2,18,50,S++,S++_28,S++_48,9.4
2,18,50,S++,S++_28,S++_30,9.7
2,18,50,S++,S++_28,S++_40,9.7
2,18,50,S++,S++_28,S++_50,9.7
2,18,50,S++,S++_29,S++_38,10
2,18,50,S++,S++_29,S++_46,10.6
2,18,50,S++,S++_29,S++_37,10.3
2,18,50,S++,S++_29,S++_41,10.3
2,18,50,S++,S++_29,S++_33,10.3
2,18,50,S++,S++_29,S++_34,10.3
2,18,50,S++,S++_29,S++_44,10.3
2,18,50,S++,S++_29,S++_30,10
2,18,50,S++,S++_29,S++_50,10
2,18,50,S++,S++_29,S++_31,9.7
2,18,50,S++,S++_29,S++_36,10.3
2,18,50,S++,S++_29,S++_47,10.9
2,18,50,S++,S++_29,S++_42,10.6
2,18,50,S++,S++_30,S++_43,11.2
2,18,50,S++,S++_30,S++_49,11.5
2,18,50,S++,S++_30,S++_34,11.5
2,18,50,S++,S++_30,S++_32,11.8
2,18,50,S++,S++_30,S++_42,11.8
2,18,50,S++,S++_30,S++_31,11.5
2,18,50,S++,S++_30,S++_35,11.5
2,18,50,S++,S++_30,S++_37,11.5
2,18,50,S++,S++_30,S++_39,11.5
2,18,50,S++,S++_30,S++_44,11.5
2,18,50,S++,S++_30,S++_47,11.5
2,18,50,S++,S++_30,S++_33,11.2
2,18,50,S++,S++_30,S++_40,10.9
2,18,50,S++,S++_30,S++_50,10.9
2,18,50,S++,S++_31,S++_36,11.2
2,18,50,S++,S++_31,S++_33,11.2
2,18,50,S++,S++_31,S++_47,11.5
2,18,50,S++,S++_31,S++_35,11.5
2,18,50,S++,S++_31,S++_39,11.5
2,18,50,S++,S++_31,S++_48,11.8
2,18,50,S++,S++_31,S++_49,11.2
2,18,50,S++,S++_31,S++_43,11.2
2,18,50,S++,S++_31,S++_45,11.2
2,18,50,S++,S++_31,S++_46,11.2
2,18,50,S++,S++_31,S++_40,10.9
2,18,50,S++,S++_31,S++_38,10.6
2,18,50,S++,S++_31,S++_41,10.3
2,18,50,S++,S++_31,S++_44,10.6
2,18,50,S++,S++_32,S++_47,11.2
2,18,50,S++,S++_32,S++_37,11.5
2,18,50,S++,S++_32,S++_39,11.5
2,18,50,S++,S++_32,S++_42,11.5
2,18,50,S++,S++_32,S++_33,11.2
2,18,50,S++,S++_32,S++_45,11.2
2,18,50,S++,S++_32,S++_46,11.2
2,18,50,S++,S++_32,S++_34,10.9
2,18,50,S++,S++_32,S++_36,10.9
2,18,50,S++,S++_32,S++_41,10.9
2,18,50,S++,S++_32,S++_44,10.9
2,18,50,S++,S++_32,S++_35,10.9
2,18,50,S++,S++_32,S++_48,10.9
2,18,50,S++,S++_32,S++_50,10.3
2,18,50,S++,S++_33,S++_45,10.9
2,18,50,S++,S++_33,S++_46,11.2
2,18,50,S++,S++_33,S++_37,10.6
2,18,50,S++,S++_33,S++_38,10.6
2,18,50,S++,S++_33,S++_44,9.7
2,18,50,S++,S++_33,S++_48,9.7
2,18,50,S++,S++_33,S++_49,9.7
2,18,50,S++,S++_34,S++_38,10
2,18,50,S++,S++_34,S++_40,10
2,18,50,S++,S++_34,S++_43,10
2,18,50,S++,S++_34,S++_37,10.3
2,18,50,S++,S++_34,S++_42,10.3
2,18,50,S++,S++_34,S++_44,10.3
2,18,50,S++,S++_34,S++_39,10
2,18,50,S++,S++_34,S++_47,10
2,18,50,S++,S++_34,S++_36,10
2,18,50,S++,S++_34,S++_45,9.7
2,18,50,S++,S++_35,S++_46,10.3
2,18,50,S++,S++_35,S++_49,10.3
2,18,50,S++,S++_35,S++_50,10.3
2,18,50,S++,S++_35,S++_44,10
2,18,50,S++,S++_35,S++_41,9.7
2,18,50,S++,S++_35,S++_48,9.7
2,18,50,S++,S++_35,S++_37,9.7
2,18,50,S++,S++_35,S++_42,9.7
2,18,50,S++,S++_36,S++_47,9.4
2,18,50,S++,S++_36,S++_39,9.4
2,18,50,S++,S++_37,S++_45,9.7
2,18,50,S++,S++_37,S++_42,9.7
2,18,50,S++,S++_37,S++_41,9.4
2,18,50,S++,S++_38,S++_39,9.7
2,18,50,S++,S++_38,S++_44,9.7
2,18,50,S++,S++_38,S++_43,9.4
2,18,50,S++,S++_39,S++_45,9.4
2,18,50,S++,S++_39,S++_49,9.7
2,18,50,S++,S++_39,S++_40,9.7
2,18,50,S++,S++_39,S++_46,9.7
2,18,50,S++,S++_40,S++_46,9.7
2,18,50,S++,S++_40,S++_45,9.4
2,18,50,S++,S++_40,S++_48,9.4
2,18,50,S++,S++_41,S++_44,9.7
2,18,50,S++,S++_41,S++_43,10
2,18,50,S++,S++_41,S++_45,9.7
2,18,50,S++,S++_41,S++_48,9.7
2,18,50,S++,S++_41,S++_49,9.7
2,18,50,S++,S++_41,S++_46,9.4
2,18,50,S++,S++_42,S++_50,9.7
2,18,50,S++,S++_42,S++_43,10.3
2,18,50,S++,S++_42,S++_48,10.3
2,18,50,S++,S++_42,S++_47,9.7
2,18,50,S++,S++_42,S++_44,9.4
2,18,50,S++,S++_42,S++_49,9.4
2,18,50,S++,S++_43,S++_45,10
2,18,50,S++,S++_43,S++_46,10.3
2,18,50,S++,S++_43,S++_47,10
2,18,50,S++,S++_43,S++_50,9.7
2,18,50,S++,S++_43,S++_48,9.4
2,18,50,S++,S++_44,S++_45,9.7
2,18,50,S++,S++_44,S++_46,9.4
2,18,50,S++,S++_44,S++_49,9.4
2,18,50,S++,S++_45,S++_46,9.7
2,18,50,S++,S++_45,S++_48,9.7
2,18,50,S++,S++_45,S++_49,9.7
2,18,50,S++,S++_45,S++_47,9.4
2,18,50,S++,S++_45,S++_50,9.4
2,18,50,S++,S++_46,S++_50,9.7
2,18,50,S++,S++_46,S++_48,10
2,18,50,S++,S++_46,S++_47,9.7
2,18,50,S++,S++_46,S++_49,9.7
2,18,50,S++,S++_47,S++_49,9.7
2,18,50,S++,S++_47,S++_50,10
2,18,50,S++,S++_48,S++_49,9.4
2,19,50,S++,S++_1,S++_50,9.4
2,19,50,S++,S++_1,S++_3,9.4
2,19,50,S++,S++_1,S++_17,9.4
2,19,50,S++,S++_1,S++_40,9.4
2,19,50,S++,S++_1,S++_44,9.4
2,19,50,S++,S++_1,S++_34,9.7
2,19,50,S++,S++_1,S++_42,9.7
2,19,50,S++,S++_1,S++_30,9.7
2,19,50,S++,S++_1,S++_36,9.7
2,19,50,S++,S++_3,S++_5,9.7
2,19,50,S++,S++_3,S++_9,9.7
2,19,50,S++,S++_3,S++_11,9.7
2,19,50,S++,S++_3,S++_19,9.7
2,19,50,S++,S++_3,S++_10,9.7
2,19,50,S++,S++_3,S++_16,9.7
2,19,50,S++,S++_3,S++_32,9.7
2,19,50,S++,S++_3,S++_34,9.7
2,19,50,S++,S++_3,S++_38,9.7
2,19,50,S++,S++_3,S++_21,10
2,19,50,S++,S++_3,S++_41,10
2,19,50,S++,S++_3,S++_7,10
2,19,50,S++,S++_3,S++_17,10
2,19,50,S++,S++_3,S++_24,10
2,19,50,S++,S++_3,S++_20,10.3
2,19,50,S++,S++_3,S++_42,10.3
2,19,50,S++,S++_4,S++_37,9.7
2,19,50,S++,S++_6,S++_13,9.7
2,19,50,S++,S++_6,S++_34,9.7
2,19,50,S++,S++_6,S++_43,9.7
2,19,50,S++,S++_6,S++_17,9.7
2,19,50,S++,S++_6,S++_19,9.7
2,19,50,S++,S++_6,S++_50,10
2,19,50,S++,S++_7,S++_28,9.7
2,19,50,S++,S++_7,S++_49,9.7
2,19,50,S++,S++_8,S++_13,9.7
2,19,50,S++,S++_8,S++_24,9.7
2,19,50,S++,S++_8,S++_14,9.7
2,19,50,S++,S++_8,S++_21,9.7
2,19,50,S++,S++_8,S++_45,9.7
2,19,50,S++,S++_8,S++_44,9.7
2,19,50,S++,S++_8,S++_11,10
2,19,50,S++,S++_9,S++_37,9.7
2,19,50,S++,S++_9,S++_33,9.7
2,19,50,S++,S++_9,S++_19,10
2,19,50,S++,S++_9,S++_44,10
2,19,50,S++,S++_9,S++_15,10
2,19,50,S++,S++_9,S++_39,10
2,19,50,S++,S++_9,S++_49,10.6
2,19,50,S++,S++_9,S++_40,10.3
2,19,50,S++,S++_10,S++_41,9.7
2,19,50,S++,S++_10,S++_48,9.7
2,19,50,S++,S++_10,S++_20,9.7
2,19,50,S++,S++_10,S++_27,9.7
2,19,50,S++,S++_10,S++_21,10
2,19,50,S++,S++_10,S++_26,9.7
2,19,50,S++,S++_10,S++_38,9.7
2,19,50,S++,S++_10,S++_47,9.7
2,19,50,S++,S++_10,S++_31,9.7
2,19,50,S++,S++_10,S++_16,9.7
2,19,50,S++,S++_11,S++_34,9.7
2,19,50,S++,S++_11,S++_14,9.7
2,19,50,S++,S++_11,S++_39,9.7
2,19,50,S++,S++_11,S++_43,9.7
2,19,50,S++,S++_11,S++_13,10
2,19,50,S++,S++_11,S++_16,10
2,19,50,S++,S++_11,S++_49,10
2,19,50,S++,S++_11,S++_17,9.7
2,19,50,S++,S++_11,S++_25,9.7
2,19,50,S++,S++_11,S++_26,10.3
2,19,50,S++,S++_11,S++_29,10.3
2,19,50,S++,S++_11,S++_30,10.6
2,19,50,S++,S++_11,S++_32,10.6
2,19,50,S++,S++_11,S++_33,10.6
2,19,50,S++,S++_11,S++_20,10.3
2,19,50,S++,S++_11,S++_28,10.3
2,19,50,S++,S++_11,S++_22,9.7
2,19,50,S++,S++_11,S++_24,9.7
2,19,50,S++,S++_11,S++_36,10.3
2,19,50,S++,S++_11,S++_27,10.6
2,19,50,S++,S++_11,S++_40,10.6
2,19,50,S++,S++_11,S++_41,10.6
2,19,50,S++,S++_11,S++_46,10.6
2,19,50,S++,S++_11,S++_18,10.3
2,19,50,S++,S++_11,S++_45,10.3
2,19,50,S++,S++_11,S++_48,10.3
2,19,50,S++,S++_11,S++_42,10.3
2,19,50,S++,S++_11,S++_50,10.3
2,19,50,S++,S++_11,S++_47,10
2,19,50,S++,S++_11,S++_31,10.3
2,19,50,S++,S++_12,S++_33,10
2,19,50,S++,S++_12,S++_46,10
2,19,50,S++,S++_12,S++_23,10
2,19,50,S++,S++_12,S++_25,10
2,19,50,S++,S++_12,S++_38,10.3
2,19,50,S++,S++_12,S++_50,10.3
2,19,50,S++,S++_12,S++_16,10
2,19,50,S++,S++_12,S++_32,10
2,19,50,S++,S++_12,S++_39,10
2,19,50,S++,S++_12,S++_45,10
2,19,50,S++,S++_12,S++_20,10
2,19,50,S++,S++_12,S++_24,10
2,19,50,S++,S++_12,S++_41,10
2,19,50,S++,S++_13,S++_26,10
2,19,50,S++,S++_13,S++_29,10
2,19,50,S++,S++_13,S++_40,10
2,19,50,S++,S++_13,S++_41,10
2,19,50,S++,S++_13,S++_22,9.7
2,19,50,S++,S++_13,S++_49,9.7
2,19,50,S++,S++_13,S++_35,9.7
2,19,50,S++,S++_14,S++_15,9.7
2,19,50,S++,S++_14,S++_17,10.3
2,19,50,S++,S++_14,S++_20,10.3
2,19,50,S++,S++_14,S++_46,10
2,19,50,S++,S++_14,S++_22,10
2,19,50,S++,S++_14,S++_25,10
2,19,50,S++,S++_14,S++_34,10
2,19,50,S++,S++_14,S++_47,10
2,19,50,S++,S++_14,S++_18,9.7
2,19,50,S++,S++_14,S++_24,9.7
2,19,50,S++,S++_14,S++_31,9.7
2,19,50,S++,S++_14,S++_50,9.7
2,19,50,S++,S++_14,S++_23,9.7
2,19,50,S++,S++_14,S++_42,9.7
2,19,50,S++,S++_14,S++_48,10
2,19,50,S++,S++_15,S++_20,9.7
2,19,50,S++,S++_15,S++_23,9.7
2,19,50,S++,S++_15,S++_36,9.7
2,19,50,S++,S++_15,S++_34,10
2,19,50,S++,S++_15,S++_27,10.3
2,19,50,S++,S++_15,S++_31,10.3
2,19,50,S++,S++_15,S++_39,10.3
2,19,50,S++,S++_15,S++_28,10.3
2,19,50,S++,S++_15,S++_29,10.3
2,19,50,S++,S++_15,S++_37,10.3
2,19,50,S++,S++_15,S++_19,10
2,19,50,S++,S++_15,S++_17,9.7
2,19,50,S++,S++_15,S++_18,9.7
2,19,50,S++,S++_15,S++_26,9.7
2,19,50,S++,S++_15,S++_35,9.7
2,19,50,S++,S++_15,S++_47,9.7
2,19,50,S++,S++_15,S++_48,9.7
2,19,50,S++,S++_15,S++_50,9.7
2,19,50,S++,S++_15,S++_44,10
2,19,50,S++,S++_15,S++_45,9.7
2,19,50,S++,S++_16,S++_18,9.7
2,19,50,S++,S++_16,S++_45,10.3
2,19,50,S++,S++_16,S++_27,10.3
2,19,50,S++,S++_16,S++_25,10.6
2,19,50,S++,S++_16,S++_36,10.6
2,19,50,S++,S++_16,S++_23,10.9
2,19,50,S++,S++_16,S++_29,10.9
2,19,50,S++,S++_16,S++_32,10.9
2,19,50,S++,S++_16,S++_33,10.9
2,19,50,S++,S++_16,S++_48,10.3
2,19,50,S++,S++_16,S++_50,10.3
2,19,50,S++,S++_16,S++_20,10
2,19,50,S++,S++_16,S++_22,10
2,19,50,S++,S++_16,S++_42,10
2,19,50,S++,S++_16,S++_44,10
2,19,50,S++,S++_16,S++_46,10
2,19,50,S++,S++_16,S++_49,10
2,19,50,S++,S++_16,S++_19,10
2,19,50,S++,S++_16,S++_37,10
2,19,50,S++,S++_16,S++_40,10
2,19,50,S++,S++_16,S++_41,10
2,19,50,S++,S++_16,S++_17,9.7
2,19,50,S++,S++_16,S++_24,9.7
2,19,50,S++,S++_16,S++_31,9.7
2,19,50,S++,S++_16,S++_43,9.7
2,19,50,S++,S++_16,S++_35,9.7
2,19,50,S++,S++_16,S++_30,9.7
2,19,50,S++,S++_17,S++_27,9.7
2,19,50,S++,S++_17,S++_22,9.7
2,19,50,S++,S++_17,S++_31,10
2,19,50,S++,S++_17,S++_33,10
2,19,50,S++,S++_17,S++_41,10
2,19,50,S++,S++_17,S++_42,10
2,19,50,S++,S++_17,S++_43,10
2,19,50,S++,S++_17,S++_46,10
2,19,50,S++,S++_17,S++_30,10
2,19,50,S++,S++_17,S++_47,9.4
2,19,50,S++,S++_18,S++_19,9.4
2,19,50,S++,S++_18,S++_22,9.4
2,19,50,S++,S++_18,S++_26,9.4
2,19,50,S++,S++_19,S++_23,9.4
2,19,50,S++,S++_19,S++_46,9.4
2,19,50,S++,S++_19,S++_49,9.4
2,19,50,S++,S++_20,S++_42,9.4
2,19,50,S++,S++_20,S++_44,9.4
2,19,50,S++,S++_20,S++_28,9.4
2,19,50,S++,S++_20,S++_29,9.4
2,19,50,S++,S++_20,S++_33,9.4
2,19,50,S++,S++_20,S++_50,9.4
2,19,50,S++,S++_21,S++_27,9.4
2,19,50,S++,S++_21,S++_42,9.4
2,19,50,S++,S++_21,S++_46,9.4
2,19,50,S++,S++_21,S++_23,9.4
2,19,50,S++,S++_21,S++_40,9.4
2,19,50,S++,S++_21,S++_28,9.4
2,19,50,S++,S++_21,S++_32,9.4
2,19,50,S++,S++_21,S++_36,9.4
2,19,50,S++,S++_21,S++_39,9.4
2,19,50,S++,S++_21,S++_49,9.4
2,19,50,S++,S++_21,S++_34,9.7
2,19,50,S++,S++_21,S++_48,9.7
2,19,50,S++,S++_21,S++_25,10
2,19,50,S++,S++_21,S++_22,9.4
2,19,50,S++,S++_21,S++_37,9.4
2,19,50,S++,S++_21,S++_43,9.4
2,19,50,S++,S++_21,S++_24,9.4
2,19,50,S++,S++_21,S++_29,9.4
2,19,50,S++,S++_21,S++_31,9.4
2,19,50,S++,S++_28,S++_41,9.4
2,19,50,S++,S++_28,S++_43,9.4
2,19,50,S++,S++_28,S++_30,9.4
2,19,50,S++,S++_28,S++_40,9.4
2,19,50,S++,S++_28,S++_50,9.4
2,19,50,S++,S++_29,S++_38,9.7
2,19,50,S++,S++_29,S++_46,10.3
2,19,50,S++,S++_29,S++_37,10
2,19,50,S++,S++_29,S++_41,10
2,19,50,S++,S++_29,S++_33,10
2,19,50,S++,S++_29,S++_34,10
2,19,50,S++,S++_29,S++_44,10
2,19,50,S++,S++_29,S++_30,9.7
2,19,50,S++,S++_29,S++_50,9.7
2,19,50,S++,S++_29,S++_31,9.4
2,19,50,S++,S++_29,S++_36,10
2,19,50,S++,S++_29,S++_47,10.6
2,19,50,S++,S++_29,S++_42,10.3
2,19,50,S++,S++_30,S++_43,10.9
2,19,50,S++,S++_30,S++_49,11.2
2,19,50,S++,S++_30,S++_34,11.2
2,19,50,S++,S++_30,S++_32,11.5
2,19,50,S++,S++_30,S++_42,11.5
2,19,50,S++,S++_30,S++_31,11.2
2,19,50,S++,S++_30,S++_35,11.2
2,19,50,S++,S++_30,S++_37,11.2
2,19,50,S++,S++_30,S++_39,11.2
2,19,50,S++,S++_30,S++_44,11.2
2,19,50,S++,S++_30,S++_47,11.2
2,19,50,S++,S++_30,S++_33,10.9
2,19,50,S++,S++_30,S++_40,10.6
2,19,50,S++,S++_30,S++_50,10.6
2,19,50,S++,S++_31,S++_36,10.9
2,19,50,S++,S++_31,S++_33,10.9
2,19,50,S++,S++_31,S++_47,11.2
2,19,50,S++,S++_31,S++_35,11.2
2,19,50,S++,S++_31,S++_39,11.2
2,19,50,S++,S++_31,S++_48,11.5
2,19,50,S++,S++_31,S++_49,10.9
2,19,50,S++,S++_31,S++_43,10.9
2,19,50,S++,S++_31,S++_45,10.9
2,19,50,S++,S++_31,S++_46,10.9
2,19,50,S++,S++_31,S++_40,10.6
2,19,50,S++,S++_31,S++_38,10.3
2,19,50,S++,S++_31,S++_41,10
2,19,50,S++,S++_31,S++_44,10.3
2,19,50,S++,S++_32,S++_47,10.9
2,19,50,S++,S++_32,S++_37,11.2
2,19,50,S++,S++_32,S++_39,11.2
2,19,50,S++,S++_32,S++_42,11.2
2,19,50,S++,S++_32,S++_33,10.9
2,19,50,S++,S++_32,S++_45,10.9
2,19,50,S++,S++_32,S++_46,10.9
2,19,50,S++,S++_32,S++_34,10.6
2,19,50,S++,S++_32,S++_36,10.6
2,19,50,S++,S++_32,S++_41,10.6
2,19,50,S++,S++_32,S++_44,10.6
2,19,50,S++,S++_32,S++_35,10.6
2,19,50,S++,S++_32,S++_48,10.6
2,19,50,S++,S++_32,S++_50,10
2,19,50,S++,S++_33,S++_45,10.6
2,19,50,S++,S++_33,S++_46,10.9
2,19,50,S++,S++_33,S++_37,10.3
2,19,50,S++,S++_33,S++_38,10.3
2,19,50,S++,S++_33,S++_44,9.4
2,19,50,S++,S++_33,S++_48,9.4
2,19,50,S++,S++_33,S++_49,9.4
2,19,50,S++,S++_34,S++_38,9.7
2,19,50,S++,S++_34,S++_40,9.7
2,19,50,S++,S++_34,S++_43,9.7
2,19,50,S++,S++_34,S++_37,10
2,19,50,S++,S++_34,S++_42,10
2,19,50,S++,S++_34,S++_44,10
2,19,50,S++,S++_34,S++_39,9.7
2,19,50,S++,S++_34,S++_47,9.7
2,19,50,S++,S++_34,S++_36,9.7
2,19,50,S++,S++_34,S++_45,9.4
2,19,50,S++,S++_35,S++_46,10
2,19,50,S++,S++_35,S++_49,10
2,19,50,S++,S++_35,S++_50,10
2,19,50,S++,S++_35,S++_44,9.7
2,19,50,S++,S++_35,S++_41,9.4
2,19,50,S++,S++_35,S++_48,9.4
2,19,50,S++,S++_35,S++_37,9.4
2,19,50,S++,S++_35,S++_42,9.4
2,19,50,S++,S++_37,S++_45,9.4
2,19,50,S++,S++_37,S++_42,9.4
2,19,50,S++,S++_38,S++_39,9.4
2,19,50,S++,S++_38,S++_44,9.4
2,19,50,S++,S++_39,S++_49,9.4
2,19,50,S++,S++_39,S++_40,9.4
2,19,50,S++,S++_39,S++_46,9.4
2,19,50,S++,S++_40,S++_46,9.4
2,19,50,S++,S++_41,S++_44,9.4
2,19,50,S++,S++_41,S++_43,9.7
2,19,50,S++,S++_41,S++_45,9.4
2,19,50,S++,S++_41,S++_48,9.4
2,19,50,S++,S++_41,S++_49,9.4
2,19,50,S++,S++_42,S++_50,9.4
2,19,50,S++,S++_42,S++_43,10
2,19,50,S++,S++_42,S++_48,10
2,19,50,S++,S++_42,S++_47,9.4
2,19,50,S++,S++_43,S++_45,9.7
2,19,50,S++,S++_43,S++_46,10
2,19,50,S++,S++_43,S++_47,9.7
2,19,50,S++,S++_43,S++_50,9.4
2,19,50,S++,S++_44,S++_45,9.4
2,19,50,S++,S++_45,S++_46,9.4
2,19,50,S++,S++_45,S++_48,10
2,19,50,S++,S++_45,S++_49,10
2,19,50,S++,S++_45,S++_47,9.7
2,19,50,S++,S++_45,S++_50,9.7
2,19,50,S++,S++_46,S++_50,10
2,19,50,S++,S++_46,S++_48,10.3
2,19,50,S++,S++_46,S++_47,10
2,19,50,S++,S++_46,S++_49,10
2,19,50,S++,S++_47,S++_49,10
2,19,50,S++,S++_47,S++_50,10.3
2,19,50,S++,S++_48,S++_49,9.7
2,20,50,S++,S++_1,S++_50,9.7
2,20,50,S++,S++_1,S++_3,9.7
2,20,50,S++,S++_1,S++_17,9.7
2,20,50,S++,S++_1,S++_40,9.7
2,20,50,S++,S++_1,S++_44,9.7
2,20,50,S++,S++_1,S++_34,10
2,20,50,S++,S++_1,S++_42,10
2,20,50,S++,S++_1,S++_30,10
2,20,50,S++,S++_1,S++_36,10
2,20,50,S++,S++_3,S++_5,10
2,20,50,S++,S++_3,S++_9,10
2,20,50,S++,S++_3,S++_11,10
2,20,50,S++,S++_3,S++_19,10
2,20,50,S++,S++_3,S++_10,10
2,20,50,S++,S++_3,S++_16,10
2,20,50,S++,S++_3,S++_32,10
2,20,50,S++,S++_3,S++_34,10
2,20,50,S++,S++_3,S++_38,10
2,20,50,S++,S++_3,S++_21,10.3
2,20,50,S++,S++_3,S++_41,10.3
2,20,50,S++,S++_3,S++_7,10.3
2,20,50,S++,S++_3,S++_17,10.3
2,20,50,S++,S++_3,S++_24,10.3
2,20,50,S++,S++_3,S++_20,10.6
2,20,50,S++,S++_3,S++_42,10.6
2,20,50,S++,S++_4,S++_37,10
2,20,50,S++,S++_6,S++_13,10
2,20,50,S++,S++_6,S++_34,10
2,20,50,S++,S++_6,S++_43,10
2,20,50,S++,S++_6,S++_17,10
2,20,50,S++,S++_6,S++_19,9.4
2,20,50,S++,S++_6,S++_50,9.7
2,20,50,S++,S++_7,S++_28,9.4
2,20,50,S++,S++_7,S++_49,9.4
2,20,50,S++,S++_8,S++_13,9.4
2,20,50,S++,S++_8,S++_24,9.4
2,20,50,S++,S++_8,S++_14,9.4
2,20,50,S++,S++_8,S++_21,9.4
2,20,50,S++,S++_8,S++_45,9.4
2,20,50,S++,S++_8,S++_44,9.4
2,20,50,S++,S++_8,S++_11,9.7
2,20,50,S++,S++_9,S++_37,9.4
2,20,50,S++,S++_9,S++_33,9.4
2,20,50,S++,S++_9,S++_19,9.7
2,20,50,S++,S++_9,S++_44,9.7
2,20,50,S++,S++_9,S++_15,9.7
2,20,50,S++,S++_9,S++_39,9.7
2,20,50,S++,S++_9,S++_49,10.3
2,20,50,S++,S++_9,S++_40,10
2,20,50,S++,S++_10,S++_41,9.4
2,20,50,S++,S++_10,S++_48,9.4
2,20,50,S++,S++_10,S++_20,9.4
2,20,50,S++,S++_10,S++_27,9.4
2,20,50,S++,S++_10,S++_21,9.7
2,20,50,S++,S++_10,S++_26,9.4
2,20,50,S++,S++_10,S++_38,9.4
2,20,50,S++,S++_10,S++_47,9.4
2,20,50,S++,S++_10,S++_31,9.4
2,20,50,S++,S++_10,S++_16,9.4
2,20,50,S++,S++_11,S++_34,9.4
2,20,50,S++,S++_11,S++_14,9.4
2,20,50,S++,S++_11,S++_39,9.4
2,20,50,S++,S++_11,S++_43,9.4
2,20,50,S++,S++_11,S++_13,9.7
2,20,50,S++,S++_11,S++_16,9.7
2,20,50,S++,S++_11,S++_49,9.7
2,20,50,S++,S++_11,S++_17,9.4
2,20,50,S++,S++_11,S++_25,9.4
2,20,50,S++,S++_11,S++_26,10
2,20,50,S++,S++_11,S++_29,10
2,20,50,S++,S++_11,S++_30,10.3
2,20,50,S++,S++_11,S++_32,10.3
2,20,50,S++,S++_11,S++_33,10.3
2,20,50,S++,S++_11,S++_20,10
2,20,50,S++,S++_11,S++_28,10
2,20,50,S++,S++_11,S++_22,9.4
2,20,50,S++,S++_11,S++_24,9.4
2,20,50,S++,S++_11,S++_36,10
2,20,50,S++,S++_11,S++_27,10.3
2,20,50,S++,S++_11,S++_40,10.3
2,20,50,S++,S++_11,S++_41,10.3
2,20,50,S++,S++_11,S++_46,10.3
2,20,50,S++,S++_11,S++_18,10
2,20,50,S++,S++_11,S++_45,10
2,20,50,S++,S++_11,S++_48,10
2,20,50,S++,S++_11,S++_42,10
2,20,50,S++,S++_11,S++_50,10
2,20,50,S++,S++_11,S++_47,9.7
2,20,50,S++,S++_11,S++_31,10
2,20,50,S++,S++_12,S++_33,9.7
2,20,50,S++,S++_12,S++_46,9.7
2,20,50,S++,S++_12,S++_23,9.7
2,20,50,S++,S++_12,S++_25,9.7
2,20,50,S++,S++_12,S++_38,10
2,20,50,S++,S++_12,S++_50,10
2,20,50,S++,S++_12,S++_16,9.7
2,20,50,S++,S++_12,S++_32,9.7
2,20,50,S++,S++_12,S++_39,9.7
2,20,50,S++,S++_12,S++_45,9.7
2,20,50,S++,S++_12,S++_20,9.7
2,20,50,S++,S++_12,S++_24,9.7
2,20,50,S++,S++_12,S++_41,9.7
2,20,50,S++,S++_13,S++_26,9.7
2,20,50,S++,S++_13,S++_29,9.7
2,20,50,S++,S++_13,S++_40,9.7
2,20,50,S++,S++_13,S++_41,9.7
2,20,50,S++,S++_13,S++_22,9.4
2,20,50,S++,S++_13,S++_49,9.4
2,20,50,S++,S++_13,S++_35,9.4
2,20,50,S++,S++_14,S++_15,9.4
2,20,50,S++,S++_14,S++_17,10
2,20,50,S++,S++_14,S++_20,10
2,20,50,S++,S++_14,S++_46,9.7
2,20,50,S++,S++_14,S++_22,9.7
2,20,50,S++,S++_14,S++_25,9.7
2,20,50,S++,S++_14,S++_34,9.7
2,20,50,S++,S++_14,S++_47,9.7
2,20,50,S++,S++_14,S++_18,9.4
2,20,50,S++,S++_14,S++_24,9.4
2,20,50,S++,S++_14,S++_31,9.4
2,20,50,S++,S++_14,S++_50,9.4
2,20,50,S++,S++_14,S++_23,9.4
2,20,50,S++,S++_14,S++_42,9.4
2,20,50,S++,S++_14,S++_48,9.7
2,20,50,S++,S++_15,S++_20,9.4
2,20,50,S++,S++_15,S++_23,9.4
2,20,50,S++,S++_15,S++_36,9.4
2,20,50,S++,S++_15,S++_34,9.7
2,20,50,S++,S++_15,S++_27,10
2,20,50,S++,S++_15,S++_31,10
2,20,50,S++,S++_15,S++_39,10
2,20,50,S++,S++_15,S++_28,10
2,20,50,S++,S++_15,S++_29,10
2,20,50,S++,S++_15,S++_37,10
2,20,50,S++,S++_15,S++_19,9.7
2,20,50,S++,S++_15,S++_17,9.4
2,20,50,S++,S++_15,S++_18,9.4
2,20,50,S++,S++_15,S++_26,9.4
2,20,50,S++,S++_15,S++_35,9.4
2,20,50,S++,S++_15,S++_47,9.4
2,20,50,S++,S++_15,S++_48,9.4
2,20,50,S++,S++_15,S++_50,9.4
2,20,50,S++,S++_15,S++_44,9.7
2,20,50,S++,S++_15,S++_45,9.4
2,20,50,S++,S++_16,S++_18,9.4
2,20,50,S++,S++_16,S++_45,10
2,20,50,S++,S++_16,S++_27,10
2,20,50,S++,S++_16,S++_25,10.3
2,20,50,S++,S++_16,S++_36,10.3
2,20,50,S++,S++_16,S++_23,10.6
2,20,50,S++,S++_16,S++_29,10.6
2,20,50,S++,S++_16,S++_32,10.6
2,20,50,S++,S++_16,S++_33,10.6
2,20,50,S++,S++_16,S++_48,10
2,20,50,S++,S++_16,S++_50,10
2,20,50,S++,S++_16,S++_20,9.7
2,20,50,S++,S++_16,S++_22,9.7
2,20,50,S++,S++_16,S++_42,9.7
2,20,50,S++,S++_16,S++_44,9.7
2,20,50,S++,S++_16,S++_46,9.7
2,20,50,S++,S++_16,S++_49,9.7
2,20,50,S++,S++_16,S++_19,9.7
2,20,50,S++,S++_16,S++_37,9.7
2,20,50,S++,S++_16,S++_40,9.7
2,20,50,S++,S++_16,S++_41,9.7
2,20,50,S++,S++_16,S++_17,9.4
2,20,50,S++,S++_16,S++_24,9.4
2,20,50,S++,S++_16,S++_31,9.4
2,20,50,S++,S++_16,S++_43,9.4
2,20,50,S++,S++_16,S++_35,9.4
2,20,50,S++,S++_16,S++_30,9.4
2,20,50,S++,S++_17,S++_27,9.4
2,20,50,S++,S++_17,S++_22,9.4
2,20,50,S++,S++_17,S++_31,9.7
2,20,50,S++,S++_17,S++_33,9.7
2,20,50,S++,S++_17,S++_41,9.7
2,20,50,S++,S++_17,S++_42,9.7
2,20,50,S++,S++_17,S++_43,9.7
2,20,50,S++,S++_17,S++_46,10.3
2,20,50,S++,S++_17,S++_30,10.3
2,20,50,S++,S++_17,S++_47,9.7
2,20,50,S++,S++_18,S++_19,9.7
2,20,50,S++,S++_18,S++_22,9.7
2,20,50,S++,S++_18,S++_26,9.7
2,20,50,S++,S++_19,S++_23,9.7
2,20,50,S++,S++_19,S++_46,9.7
2,20,50,S++,S++_19,S++_49,9.7
2,20,50,S++,S++_20,S++_42,9.7
2,20,50,S++,S++_20,S++_44,9.7
2,20,50,S++,S++_20,S++_28,9.7
2,20,50,S++,S++_20,S++_29,9.7
2,20,50,S++,S++_20,S++_33,9.7
2,20,50,S++,S++_20,S++_50,9.7
2,20,50,S++,S++_21,S++_27,9.7
2,20,50,S++,S++_21,S++_42,9.7
2,20,50,S++,S++_21,S++_46,9.7
2,20,50,S++,S++_21,S++_23,9.7
2,20,50,S++,S++_21,S++_40,9.7
2,20,50,S++,S++_21,S++_28,9.7
2,20,50,S++,S++_21,S++_32,9.7
2,20,50,S++,S++_21,S++_36,9.7
2,20,50,S++,S++_21,S++_39,9.7
2,20,50,S++,S++_21,S++_49,9.7
2,20,50,S++,S++_21,S++_34,10
2,20,50,S++,S++_21,S++_48,10
2,20,50,S++,S++_21,S++_25,10.3
2,20,50,S++,S++_21,S++_22,9.7
2,20,50,S++,S++_21,S++_37,9.7
2,20,50,S++,S++_21,S++_43,9.7
2,20,50,S++,S++_21,S++_24,9.7
2,20,50,S++,S++_21,S++_29,9.7
2,20,50,S++,S++_21,S++_31,9.7
2,20,50,S++,S++_28,S++_41,9.7
2,20,50,S++,S++_28,S++_43,9.7
2,20,50,S++,S++_28,S++_30,9.7
2,20,50,S++,S++_28,S++_40,9.7
2,20,50,S++,S++_28,S++_50,9.7
2,20,50,S++,S++_29,S++_38,10
2,20,50,S++,S++_29,S++_46,10.6
2,20,50,S++,S++_29,S++_37,10.3
2,20,50,S++,S++_29,S++_41,10.3
2,20,50,S++,S++_29,S++_33,10.3
2,20,50,S++,S++_29,S++_34,10.3
2,20,50,S++,S++_29,S++_44,10.3
2,20,50,S++,S++_29,S++_30,10
2,20,50,S++,S++_29,S++_50,10
2,20,50,S++,S++_29,S++_31,9.7
2,20,50,S++,S++_29,S++_36,10.3
2,20,50,S++,S++_29,S++_47,10.9
2,20,50,S++,S++_29,S++_42,10.6
2,20,50,S++,S++_30,S++_43,11.2
2,20,50,S++,S++_30,S++_49,11.5
2,20,50,S++,S++_30,S++_34,11.5
2,20,50,S++,S++_30,S++_32,11.8
2,20,50,S++,S++_30,S++_42,11.8
2,20,50,S++,S++_30,S++_31,11.5
2,20,50,S++,S++_30,S++_35,11.5
2,20,50,S++,S++_30,S++_37,11.5
2,20,50,S++,S++_30,S++_39,11.5
2,20,50,S++,S++_30,S++_44,11.5
2,20,50,S++,S++_30,S++_47,11.5
2,20,50,S++,S++_30,S++_33,11.2
2,20,50,S++,S++_30,S++_40,10.9
2,20,50,S++,S++_30,S++_50,10.9
2,20,50,S++,S++_31,S++_36,11.2
2,20,50,S++,S++_31,S++_33,11.2
2,20,50,S++,S++_31,S++_47,11.5
2,20,50,S++,S++_31,S++_35,11.5
2,20,50,S++,S++_31,S++_39,11.5
2,20,50,S++,S++_31,S++_48,11.8
2,20,50,S++,S++_31,S++_49,11.2
2,20,50,S++,S++_31,S++_43,11.2
2,20,50,S++,S++_31,S++_45,11.2
2,20,50,S++,S++_31,S++_46,11.2
2,20,50,S++,S++_31,S++_40,10.9
2,20,50,S++,S++_31,S++_38,10.6
2,20,50,S++,S++_31,S++_41,10.3
2,20,50,S++,S++_31,S++_44,10.6
2,20,50,S++,S++_32,S++_47,11.2
2,20,50,S++,S++_32,S++_37,11.5
2,20,50,S++,S++_32,S++_39,11.5
2,20,50,S++,S++_32,S++_42,11.5
2,20,50,S++,S++_32,S++_33,11.2
2,20,50,S++,S++_32,S++_45,11.2
2,20,50,S++,S++_32,S++_46,11.2
2,20,50,S++,S++_32,S++_34,10.9
2,20,50,S++,S++_32,S++_36,10.9
2,20,50,S++,S++_32,S++_41,10.9
2,20,50,S++,S++_32,S++_44,10.9
2,20,50,S++,S++_32,S++_35,10.9
2,20,50,S++,S++_32,S++_48,10.9
2,20,50,S++,S++_32,S++_50,10.3
2,20,50,S++,S++_33,S++_45,10.9
2,20,50,S++,S++_33,S++_46,11.2
2,20,50,S++,S++_33,S++_37,10.6
2,20,50,S++,S++_33,S++_38,10.6
2,20,50,S++,S++_33,S++_44,9.7
2,20,50,S++,S++_33,S++_48,9.7
2,20,50,S++,S++_33,S++_49,9.7
2,20,50,S++,S++_34,S++_38,10
2,20,50,S++,S++_34,S++_40,10
2,20,50,S++,S++_34,S++_43,10
2,20,50,S++,S++_34,S++_37,10.3
2,20,50,S++,S++_34,S++_42,10.3
2,20,50,S++,S++_34,S++_44,10.3
2,20,50,S++,S++_34,S++_39,10
2,20,50,S++,S++_34,S++_47,10
2,20,50,S++,S++_34,S++_36,10
2,20,50,S++,S++_34,S++_45,9.7
2,20,50,S++,S++_35,S++_46,10.3
2,20,50,S++,S++_35,S++_49,10.3
2,20,50,S++,S++_35,S++_50,10.3
2,20,50,S++,S++_35,S++_44,10
2,20,50,S++,S++_35,S++_41,9.7
2,20,50,S++,S++_35,S++_48,9.7
2,20,50,S++,S++_35,S++_37,9.7
2,20,50,S++,S++_35,S++_42,9.7
2,20,50,S++,S++_37,S++_45,9.7
2,20,50,S++,S++_37,S++_42,9.7
2,20,50,S++,S++_38,S++_39,9.7
2,20,50,S++,S++_38,S++_44,9.7
2,20,50,S++,S++_39,S++_49,9.7
2,20,50,S++,S++_39,S++_40,9.7
2,20,50,S++,S++_39,S++_46,9.7
2,20,50,S++,S++_40,S++_46,9.7
2,20,50,S++,S++_41,S++_44,9.7
2,20,50,S++,S++_41,S++_43,10
2,20,50,S++,S++_41,S++_45,9.7
2,20,50,S++,S++_41,S++_48,9.7
2,20,50,S++,S++_41,S++_49,9.7
2,20,50,S++,S++_42,S++_50,9.7
2,20,50,S++,S++_42,S++_43,10.3
2,20,50,S++,S++_42,S++_48,10.3
2,20,50,S++,S++_42,S++_47,9.7
2,20,50,S++,S++_43,S++_45,10
2,20,50,S++,S++_43,S++_46,10.3
2,20,50,S++,S++_43,S++_47,10
2,20,50,S++,S++_43,S++_50,9.7
2,20,50,S++,S++_44,S++_45,9.7
2,20,50,S++,S++_45,S++_46,9.7
2,20,50,S++,S++_45,S++_48,10.3
2,20,50,S++,S++_45,S++_49,10.3
2,20,50,S++,S++_45,S++_47,10
2,20,50,S++,S++_45,S++_50,10
2,20,50,S++,S++_46,S++_50,10.3
2,20,50,S++,S++_46,S++_48,10.6
2,20,50,S++,S++_46,S++_47,10.3
2,20,50,S++,S++_46,S++_49,10.3
2,20,50,S++,S++_47,S++_49,10.3
2,20,50,S++,S++_47,S++_50,10
2,20,50,S++,S++_48,S++_49,9.4
